Ins Auto Telemetry Data Record
Record Time: 2026-06-23T21:36:24.271485
============================================================

Trajectory Points: 1009
Waypoints: 398

Trajectory Points (x, y, mode, timestamp):
  -0.48, 0.00, 4, 1782221472.1441488
  -2.77, 0.01, 4, 1782221472.1647668
  -4.22, 0.04, 4, 1782221472.249861
  -3.97, 0.03, 4, 1782221472.3678682
  -3.33, 0.02, 4, 1782221472.3990803
  -2.82, 0.01, 4, 1782221472.5794156
  -2.75, 0.01, 4, 1782221472.5796196
  -2.67, 0.01, 4, 1782221472.643019
  -2.40, 0.00, 4, 1782221472.8000486
  -1.94, -0.01, 4, 1782221472.802213
  -1.74, -0.01, 4, 1782221472.8974385
  -1.73, -0.01, 4, 1782221473.0204809
  -1.73, -0.01, 4, 1782221473.0413337
  -1.73, -0.01, 4, 1782221473.1189842
  -1.73, -0.01, 4, 1782221473.2359862
  -1.73, -0.01, 4, 1782221473.2793887
  -1.73, -0.01, 4, 1782221473.4586527
  -1.73, -0.01, 4, 1782221473.458802
  -1.73, -0.01, 4, 1782221473.5213835
  -1.73, -0.01, 4, 1782221473.6706965
  -1.73, -0.01, 4, 1782221473.6814404
  -1.73, -0.01, 4, 1782221473.777066
  -1.73, -0.01, 4, 1782221473.8851898
  -1.73, -0.01, 4, 1782221473.9175394
  -1.66, -0.01, 4, 1782221474.102823
  -1.66, -0.01, 4, 1782221474.1030962
  -1.66, -0.01, 4, 1782221474.1657093
  -1.66, -0.01, 4, 1782221474.31847
  -1.66, -0.01, 4, 1782221474.3187299
  -1.63, -0.01, 4, 1782221474.40296
  -1.63, -0.01, 4, 1782221474.547724
  -1.66, -0.01, 4, 1782221474.558498
  -1.66, -0.01, 4, 1782221474.652812
  -1.66, -0.01, 4, 1782221474.7567692
  -1.65, -0.01, 4, 1782221474.798834
  -1.66, -0.01, 4, 1782221474.9807913
  -1.68, -0.01, 4, 1782221474.981234
  -1.68, -0.01, 4, 1782221475.0469398
  -1.63, -0.01, 4, 1782221475.1947825
  -1.66, -0.01, 4, 1782221475.2057366
  -1.68, -0.01, 4, 1782221475.2787507
  -1.68, -0.01, 4, 1782221475.4129817
  -1.68, -0.01, 4, 1782221475.4448566
  -1.68, -0.01, 4, 1782221475.5205965
  -1.68, -0.01, 5, 1782221475.6284559
  -1.63, -0.01, 5, 1782221475.6814492
  -1.63, -0.01, 5, 1782221475.8508239
  -1.63, -0.01, 5, 1782221475.8515933
  -1.63, -0.01, 5, 1782221475.9254577
  -1.63, -0.01, 5, 1782221476.0639625
  -1.63, -0.01, 5, 1782221476.0850255
  -1.63, -0.01, 5, 1782221476.1688313
  -1.63, -0.01, 5, 1782221476.2809587
  -1.63, -0.01, 5, 1782221476.3240232
  -1.63, -0.01, 5, 1782221476.5209448
  -1.63, -0.01, 5, 1782221476.521157
  -1.63, -0.01, 5, 1782221476.5638208
  -1.63, -0.01, 5, 1782221476.7216377
  -1.63, -0.01, 5, 1782221476.7241578
  -1.63, -0.01, 5, 1782221476.7980485
  -1.63, -0.01, 5, 1782221476.939361
  -1.63, -0.01, 5, 1782221476.9607768
  -1.63, -0.01, 5, 1782221477.044723
  -1.63, -0.01, 5, 1782221477.1584954
  -1.63, -0.01, 5, 1782221477.2008631
  -1.63, -0.01, 5, 1782221477.3841293
  -1.63, -0.01, 5, 1782221477.384284
  -1.63, -0.01, 5, 1782221477.4479165
  -1.63, -0.01, 5, 1782221477.6063263
  -1.63, -0.01, 5, 1782221477.60854
  -1.63, -0.01, 5, 1782221477.6815681
  -1.63, -0.01, 5, 1782221477.8198462
  -1.63, -0.01, 5, 1782221477.841702
  -1.63, -0.01, 5, 1782221477.9220881
  -1.63, -0.01, 5, 1782221478.0377955
  -1.63, -0.01, 5, 1782221478.080549
  -1.63, -0.01, 5, 1782221478.2601519
  -1.63, -0.01, 5, 1782221478.2605047
  -1.63, -0.01, 5, 1782221478.324377
  -1.63, -0.01, 5, 1782221478.4698892
  -1.63, -0.01, 5, 1782221478.480758
  -1.63, -0.01, 5, 1782221478.6871178
  -1.63, -0.01, 5, 1782221478.6889827
  -1.63, -0.01, 5, 1782221478.7209914
  -1.63, -0.01, 5, 1782221478.8991084
  -1.63, -0.01, 5, 1782221478.8992655
  -1.63, -0.01, 5, 1782221478.9640338
  -1.63, -0.01, 5, 1782221479.1197705
  -1.63, -0.01, 5, 1782221479.119973
  -1.66, -0.01, 5, 1782221479.2033012
  -1.76, -0.01, 5, 1782221479.3321369
  -1.78, -0.01, 5, 1782221479.3641403
  -1.76, -0.01, 5, 1782221479.4443724
  -1.82, -0.01, 5, 1782221479.561632
  -1.84, -0.00, 5, 1782221479.60396
  -2.03, 0.00, 5, 1782221479.7895002
  -2.18, 0.01, 5, 1782221479.7895598
  -2.11, 0.01, 5, 1782221479.842007
  -1.87, -0.01, 5, 1782221479.9976902
  -1.84, -0.01, 5, 1782221480.0086296
  -2.37, 0.03, 5, 1782221480.0820024
  -3.01, 0.07, 5, 1782221480.2213938
  -3.96, 0.15, 5, 1782221480.242968
  -4.95, 0.23, 5, 1782221480.4319098
  -5.38, 0.27, 5, 1782221480.4341443
  -5.40, 0.27, 5, 1782221480.4859555
  -5.40, 0.27, 5, 1782221480.6474917
  -5.46, 0.27, 5, 1782221480.6477695
  -5.51, 0.28, 5, 1782221480.721336
  -5.51, 0.28, 5, 1782221480.872466
  -5.51, 0.28, 5, 1782221480.8832564
  -5.51, 0.28, 5, 1782221480.9741123
  -5.51, 0.28, 5, 1782221481.097878
  -5.51, 0.28, 5, 1782221481.1185665
  -5.51, 0.28, 5, 1782221481.3114264
  5.54, 0.00, 4, 1782221491.5622444
  4.34, 0.01, 4, 1782221491.5623584
  2.18, 0.04, 4, 1782221491.604144
  1.55, 0.05, 4, 1782221491.780476
  1.41, 0.05, 4, 1782221491.7806294
  1.04, 0.05, 4, 1782221491.8448477
  0.74, 0.05, 4, 1782221491.988522
  0.69, 0.05, 4, 1782221492.009582
  0.75, 0.05, 4, 1782221492.2176707
  0.75, 0.05, 4, 1782221492.219724
  0.75, 0.05, 4, 1782221492.2514396
  0.75, 0.05, 4, 1782221492.4205263
  0.75, 0.05, 4, 1782221492.4205823
  0.75, 0.05, 4, 1782221492.4841142
  0.75, 0.05, 4, 1782221492.6415958
  0.75, 0.05, 4, 1782221492.6524858
  0.75, 0.05, 4, 1782221492.7259235
  0.75, 0.05, 4, 1782221492.8572083
  0.75, 0.05, 4, 1782221492.888907
  0.75, 0.05, 4, 1782221493.088574
  0.75, 0.05, 4, 1782221493.0906632
  0.75, 0.05, 4, 1782221493.1335368
  0.75, 0.05, 4, 1782221493.302337
  0.75, 0.05, 4, 1782221493.3025613
  0.75, 0.05, 4, 1782221493.3655505
  0.75, 0.05, 4, 1782221493.5131423
  0.75, 0.05, 4, 1782221493.5241413
  0.75, 0.05, 4, 1782221493.620586
  0.75, 0.05, 4, 1782221493.7308319
  0.75, 0.05, 4, 1782221493.7740042
  0.75, 0.05, 4, 1782221493.94704
  0.75, 0.05, 5, 1782221493.947207
  0.75, 0.05, 5, 1782221494.0102136
  0.75, 0.05, 5, 1782221494.1687703
  0.75, 0.05, 5, 1782221494.1690512
  0.75, 0.05, 5, 1782221494.2524283
  0.75, 0.05, 5, 1782221494.3910575
  0.75, 0.05, 5, 1782221494.4126368
  0.75, 0.05, 5, 1782221494.5981643
  0.75, 0.05, 5, 1782221494.5986154
  0.75, 0.05, 5, 1782221494.6509612
  0.75, 0.05, 5, 1782221494.8017898
  0.75, 0.05, 5, 1782221494.8123906
  0.75, 0.05, 5, 1782221494.88556
  0.75, 0.05, 5, 1782221495.019378
  0.72, 0.05, 5, 1782221495.0510128
  0.66, 0.06, 5, 1782221495.129571
  0.66, 0.06, 5, 1782221495.2452517
  0.66, 0.06, 5, 1782221495.2881198
  0.72, 0.05, 5, 1782221495.4588013
  -2.72, 0.15, 5, 1782221495.4607716
  0.03, 0.00, 4, 1782221508.4768481
  4.50, 0.03, 4, 1782221508.6970696
  2.80, 0.02, 4, 1782221508.6992495
  1.17, 0.05, 4, 1782221508.720515
  0.05, 0.06, 4, 1782221508.795471
  -0.29, 0.07, 4, 1782221508.9134266
  -0.27, 0.07, 4, 1782221508.9563122
  -0.11, 0.07, 4, 1782221509.1287785
  -0.11, 0.07, 4, 1782221509.129369
  -0.48, 0.07, 4, 1782221509.191762
  -0.82, 0.07, 4, 1782221509.350073
  -0.83, 0.07, 4, 1782221509.3503063
  -0.83, 0.07, 4, 1782221509.4438496
  -0.83, 0.07, 4, 1782221509.56262
  -0.83, 0.07, 4, 1782221509.594154
  -0.66, 0.07, 4, 1782221509.7703576
  -0.27, 0.06, 4, 1782221509.770517
  -0.06, 0.06, 4, 1782221509.8343024
  -0.06, 0.06, 4, 1782221510.0033052
  -0.06, 0.06, 4, 1782221510.0036714
  -0.06, 0.06, 4, 1782221510.07654
  -0.06, 0.06, 4, 1782221510.2150297
  -0.06, 0.06, 4, 1782221510.2365532
  -0.06, 0.06, 4, 1782221510.3249097
  -0.06, 0.06, 4, 1782221510.4359727
  -0.06, 0.06, 4, 1782221510.4781892
  -0.06, 0.06, 4, 1782221510.6619034
  -0.06, 0.06, 4, 1782221510.6623476
  -0.06, 0.06, 4, 1782221510.7149692
  -0.10, 0.06, 4, 1782221510.883478
  -0.10, 0.06, 4, 1782221510.8836842
  -0.10, 0.06, 4, 1782221510.9578452
  -0.10, 0.06, 4, 1782221511.0899615
  -0.08, 0.06, 4, 1782221511.1113682
  -0.08, 0.06, 4, 1782221511.1955113
  -0.06, 0.06, 4, 1782221511.3100348
  -0.06, 0.06, 4, 1782221511.3527822
  -0.06, 0.06, 4, 1782221511.5261211
  1.22, 0.02, 4, 1782221511.5287786
  8.83, -0.22, 4, 1782221511.5929158
  10.75, -0.27, 4, 1782221511.7463953
  10.52, -0.26, 4, 1782221511.7570117
  9.96, -0.23, 4, 1782221511.8522897
  9.79, -0.23, 4, 1782221511.9615505
  9.66, -0.22, 4, 1782221511.9941578
  9.66, -0.22, 4, 1782221512.1951919
  9.66, -0.22, 4, 1782221512.1954954
  9.63, -0.22, 4, 1782221512.23754
  9.47, -0.22, 4, 1782221512.4033396
  9.13, -0.21, 4, 1782221512.4035118
  9.04, -0.21, 4, 1782221512.4775357
  9.23, -0.21, 4, 1782221512.622379
  9.42, -0.22, 4, 1782221512.633669
  9.29, -0.21, 4, 1782221512.8288279
  8.97, -0.21, 4, 1782221512.828902
  8.65, -0.21, 4, 1782221512.8819072
  8.28, -0.20, 4, 1782221513.0560431
  7.90, -0.19, 4, 1782221513.0561914
  7.36, -0.17, 4, 1782221513.1190982
  6.97, -0.16, 4, 1782221513.2690501
  6.65, -0.15, 4, 1782221513.3213706
  6.61, -0.15, 4, 1782221513.3528855
  6.69, -0.15, 4, 1782221513.4968507
  6.45, -0.14, 4, 1782221513.5183516
  6.46, -0.14, 4, 1782221513.5927682
  6.54, -0.14, 4, 1782221513.7091928
  6.70, -0.15, 4, 1782221513.7515268
  6.70, -0.15, 4, 1782221513.9227405
  6.89, -0.16, 4, 1782221513.9229507
  7.39, -0.19, 4, 1782221513.9966514
  8.32, -0.23, 4, 1782221514.147533
  10.51, -0.28, 4, 1782221514.1580813
  14.54, -0.37, 4, 1782221514.2432754
  19.99, -0.54, 4, 1782221514.3581202
  26.38, -0.88, 4, 1782221514.3997529
  33.36, -1.47, 4, 1782221514.5830436
  41.13, -2.24, 4, 1782221514.5855584
  49.69, -3.05, 4, 1782221514.6387231
  58.86, -3.83, 4, 1782221514.8061929
  68.64, -4.57, 4, 1782221514.80831
  78.76, -5.19, 4, 1782221514.882042
  89.23, -5.64, 4, 1782221515.0145671
  100.29, -5.78, 4, 1782221515.0361388
  111.58, -5.70, 4, 1782221515.1259518
  123.45, -5.62, 4, 1782221515.2396715
  135.74, -5.66, 4, 1782221515.281762
  148.24, -5.79, 4, 1782221515.4607656
  161.24, -5.91, 4, 1782221515.4654706
  174.15, -5.99, 4, 1782221515.5189965
  187.15, -6.10, 4, 1782221515.7110922
  199.77, -6.16, 4, 1782221515.713596
  212.11, -6.09, 4, 1782221515.755829
  224.34, -5.88, 4, 1782221515.9224668
  236.36, -5.71, 4, 1782221515.9247558
  248.71, -5.58, 4, 1782221515.998396
  261.03, -5.43, 4, 1782221516.1598275
  273.63, -5.19, 4, 1782221516.162437
  286.92, -4.80, 4, 1782221516.2537081
  300.71, -4.41, 4, 1782221516.3849814
  315.22, -4.09, 4, 1782221516.3959618
  330.02, -3.82, 4, 1782221516.4877334
  345.12, -3.58, 4, 1782221516.62327
  359.79, -3.50, 4, 1782221516.6342258
  374.05, -3.61, 4, 1782221516.7268996
  387.71, -3.88, 4, 1782221516.855722
  401.46, -4.34, 4, 1782221516.878764
  415.07, -4.88, 4, 1782221516.9661515
  428.80, -5.31, 4, 1782221517.0920238
  442.21, -5.45, 4, 1782221517.1130545
  455.89, -5.47, 4, 1782221517.2137897
  469.86, -5.42, 4, 1782221517.342002
  484.37, -5.14, 4, 1782221517.3633902
  499.55, -4.36, 4, 1782221517.4697967
  515.21, -2.99, 4, 1782221517.620521
  531.10, -1.11, 4, 1782221517.6227849
  547.03, 1.23, 4, 1782221517.7182693
  562.74, 3.85, 4, 1782221517.8742418
  578.63, 6.72, 4, 1782221517.88077
  594.46, 9.63, 4, 1782221517.9123256
  610.21, 12.89, 4, 1782221518.0992737
  625.59, 16.74, 4, 1782221518.1018398
  640.85, 21.43, 4, 1782221518.155214
  656.31, 26.66, 4, 1782221518.3537674
  672.02, 32.34, 4, 1782221518.3562803
  687.81, 38.83, 4, 1782221518.398811
  703.87, 46.51, 4, 1782221518.4801226
  719.64, 55.21, 4, 1782221518.6274974
  734.66, 64.92, 4, 1782221518.6384737
  748.61, 75.52, 4, 1782221518.7435107
  762.12, 87.16, 4, 1782221518.92217
  774.96, 99.64, 4, 1782221518.9246175
  786.63, 113.23, 4, 1782221519.1468818
  796.93, 127.83, 4, 1782221519.151183
  805.94, 143.11, 4, 1782221519.1533277
  813.61, 158.98, 4, 1782221519.196334
  819.90, 175.38, 4, 1782221519.2764452
  825.24, 192.62, 4, 1782221519.4409466
  829.74, 210.62, 4, 1782221519.4432828
  833.23, 229.30, 4, 1782221519.6896198
  835.45, 248.36, 4, 1782221519.6933906
  836.54, 267.72, 4, 1782221519.6956556
  836.57, 287.30, 4, 1782221519.8135383
  835.50, 307.14, 4, 1782221519.97797
  833.36, 326.99, 4, 1782221519.9830344
  830.18, 345.92, 4, 1782221519.9939198
  825.63, 364.07, 4, 1782221520.0946498
  819.70, 381.57, 4, 1782221520.2460766
  812.72, 398.52, 4, 1782221520.2592168
  804.63, 414.91, 4, 1782221520.52649
  795.61, 430.53, 4, 1782221520.53084
  785.67, 445.85, 4, 1782221520.5329452
  774.91, 460.91, 4, 1782221520.5549881
  762.95, 475.57, 4, 1782221520.6640513
  749.67, 489.50, 4, 1782221520.8206902
  735.21, 502.75, 4, 1782221520.8234732
  719.97, 515.36, 4, 1782221520.9508076
  704.36, 527.58, 4, 1782221521.1201022
  688.13, 539.72, 4, 1782221521.124546
  671.46, 551.36, 4, 1782221521.127389
  654.23, 562.00, 4, 1782221521.241008
  636.24, 571.92, 4, 1782221521.3966796
  617.77, 581.28, 4, 1782221521.3987386
  598.73, 590.17, 4, 1782221521.522953
  579.26, 598.55, 4, 1782221521.7095766
  559.71, 606.46, 4, 1782221521.7127454
  540.55, 613.63, 4, 1782221521.7152755
  521.67, 620.27, 4, 1782221521.805133
  503.02, 626.31, 4, 1782221521.978011
  484.24, 631.38, 4, 1782221521.9818275
  465.12, 635.20, 4, 1782221522.0032096
  446.13, 638.03, 4, 1782221522.2445915
  427.37, 640.35, 4, 1782221522.2485847
  408.56, 642.79, 4, 1782221522.2506864
  389.93, 645.67, 4, 1782221522.4005294
  371.90, 649.03, 4, 1782221522.5857193
  355.35, 652.77, 4, 1782221522.588268
  340.60, 656.89, 4, 1782221522.5905826
  328.05, 660.99, 4, 1782221522.7019541
  317.67, 664.69, 4, 1782221522.869657
  308.95, 667.82, 4, 1782221522.8718615
  302.15, 670.19, 4, 1782221523.2044594
  297.00, 671.82, 4, 1782221523.2105186
  293.30, 672.81, 4, 1782221523.3162713
  290.70, 673.34, 4, 1782221523.5110576
  289.40, 673.50, 4, 1782221523.5156398
  289.18, 673.51, 4, 1782221523.6269612
  289.73, 673.55, 4, 1782221523.8010635
  290.80, 673.69, 4, 1782221523.8032846
  292.25, 673.95, 4, 1782221523.8053102
  294.07, 674.32, 4, 1782221523.8073301
  295.77, 674.68, 4, 1782221523.8093705
  297.45, 675.08, 4, 1782221523.8118222
  299.04, 675.46, 4, 1782221523.9543755
  300.40, 675.81, 4, 1782221524.141048
  301.44, 676.10, 4, 1782221524.1467533
  302.08, 676.29, 4, 1782221524.149118
  302.40, 676.40, 4, 1782221524.4491699
  302.44, 676.41, 4, 1782221524.4551024
  302.38, 676.39, 4, 1782221524.4571004
  302.19, 676.33, 4, 1782221524.4589367
  301.94, 676.25, 4, 1782221524.4808538
  301.77, 676.19, 4, 1782221524.5968275
  301.68, 676.17, 4, 1782221524.78361
  301.59, 676.14, 4, 1782221524.785904
  301.38, 676.07, 4, 1782221524.9076009
  301.18, 676.01, 4, 1782221525.0893412
  301.09, 675.98, 4, 1782221525.0929477
  300.98, 675.95, 4, 1782221525.0951355
  300.69, 675.87, 4, 1782221525.244332
  300.30, 675.76, 4, 1782221525.5677202
  300.10, 675.70, 4, 1782221525.5706234
  300.09, 675.70, 4, 1782221525.7624774
  300.12, 675.71, 4, 1782221525.7669268
  300.04, 675.69, 4, 1782221525.9011424
  300.04, 675.69, 4, 1782221526.075878
  300.04, 675.69, 4, 1782221526.0784664
  300.07, 675.70, 4, 1782221526.0808277
  300.05, 675.69, 4, 1782221526.083194
  299.98, 675.67, 4, 1782221526.0855267
  299.81, 675.63, 4, 1782221526.0878313
  299.35, 675.53, 4, 1782221526.0901182
  298.63, 675.39, 4, 1782221526.258501
  297.87, 675.27, 4, 1782221526.930569
  297.51, 675.21, 4, 1782221527.1213527
  297.38, 675.20, 4, 1782221527.1238213
  297.37, 675.19, 4, 1782221527.1265633
  297.35, 675.19, 4, 1782221527.1297328
  297.40, 675.20, 4, 1782221527.2745576
  297.43, 675.20, 4, 1782221527.4615512
  297.43, 675.20, 4, 1782221527.4635897
  297.44, 675.21, 4, 1782221527.4655888
  297.57, 675.23, 4, 1782221527.4682243
  298.04, 675.30, 4, 1782221527.4710355
  298.09, 675.31, 4, 1782221527.4733849
  297.89, 675.28, 4, 1782221527.6319025
  297.35, 675.20, 4, 1782221527.8196087
  296.49, 675.09, 4, 1782221527.821862
  295.24, 674.95, 4, 1782221527.8240483
  294.70, 674.88, 4, 1782221527.8260503
  295.08, 674.93, 4, 1782221527.829076
  295.76, 675.00, 4, 1782221527.8312693
  295.74, 675.00, 4, 1782221527.988449
  295.73, 675.00, 4, 1782221528.1809163
  295.89, 675.01, 4, 1782221528.1832235
  296.03, 675.03, 4, 1782221528.1865122
  295.97, 675.02, 4, 1782221528.352671
  295.95, 675.02, 4, 1782221528.536886
  295.89, 675.01, 4, 1782221528.539185
  295.82, 675.01, 4, 1782221528.541787
  295.82, 675.01, 4, 1782221528.5449464
  295.82, 675.01, 4, 1782221528.5474918
  295.82, 675.01, 4, 1782221528.7316172
  295.82, 675.01, 4, 1782221528.9204662
  295.79, 675.00, 4, 1782221528.9229567
  295.78, 675.00, 4, 1782221528.9252563
  295.78, 675.00, 4, 1782221528.9277322
  295.78, 675.00, 4, 1782221529.128416
  295.76, 675.00, 4, 1782221529.3225443
  295.76, 675.00, 4, 1782221529.32713
  295.71, 674.99, 4, 1782221529.92416
  295.71, 674.99, 4, 1782221530.6865401
  295.71, 674.99, 4, 1782221531.456082
  295.71, 674.99, 4, 1782221532.2815332
  295.71, 674.99, 4, 1782221533.0844111
  295.70, 674.99, 4, 1782221533.871399
  295.71, 674.99, 4, 1782221534.3226237
  295.84, 675.01, 4, 1782221534.7302542
  295.84, 675.01, 4, 1782221535.5225053
  295.84, 675.01, 4, 1782221535.929394
  295.84, 675.01, 4, 1782221536.7660673
  295.84, 675.01, 4, 1782221537.144835
  295.84, 675.01, 4, 1782221537.1473114
  295.89, 675.02, 4, 1782221537.5354335
  295.90, 675.02, 4, 1782221537.5831537
  295.82, 675.01, 4, 1782221537.5853708
  295.67, 674.99, 4, 1782221537.5875185
  295.67, 674.99, 4, 1782221538.3509614
  295.70, 674.99, 4, 1782221538.7830436
  295.75, 675.00, 4, 1782221538.7852736
  295.63, 674.98, 4, 1782221539.2012727
  295.54, 674.97, 4, 1782221539.2044241
  295.22, 674.94, 4, 1782221539.614703
  295.00, 674.92, 4, 1782221539.621698
  294.89, 674.91, 4, 1782221539.6237276
  294.82, 674.91, 4, 1782221540.0440917
  294.33, 674.85, 4, 1782221540.0525258
  293.93, 674.81, 4, 1782221540.4993753
  293.93, 674.81, 4, 1782221540.5081024
  293.87, 674.80, 4, 1782221540.9618273
  293.87, 674.80, 4, 1782221540.9642067
  293.87, 674.80, 4, 1782221540.9670212
  293.87, 674.80, 4, 1782221540.970938
  293.87, 674.80, 4, 1782221540.9737744
  -0.02, -0.00, 4, 1782221669.4343002
  -0.13, -0.00, 4, 1782221669.465908
  -0.29, -0.00, 4, 1782221669.7019403
  -0.30, -0.00, 4, 1782221669.8636956
  -0.30, -0.00, 4, 1782221669.8659241
  -0.30, -0.00, 4, 1782221669.8659651
  -0.30, -0.00, 4, 1782221669.8660114
  -0.29, -0.00, 4, 1782221670.2809362
  -0.16, -0.00, 4, 1782221670.2827175
  -0.06, -0.00, 4, 1782221670.2827692
  -0.13, -0.00, 4, 1782221670.2828012
  -0.13, -0.00, 4, 1782221670.2828329
  -0.13, -0.00, 4, 1782221670.5787392
  -0.13, -0.00, 4, 1782221670.7490404
  -0.13, -0.00, 4, 1782221670.7490902
  -0.13, -0.00, 4, 1782221670.7491765
  -7.74, 0.01, 4, 1782221670.7494235
  -12.91, 0.01, 4, 1782221670.7495232
  -12.64, 0.01, 4, 1782221671.0242505
  -10.61, 0.04, 4, 1782221671.1743066
  -8.66, 0.07, 4, 1782221671.1763697
  -7.74, 0.08, 4, 1782221671.1765528
  -7.79, 0.08, 4, 1782221671.1765954
  -7.95, 0.07, 4, 1782221671.2180688
  -7.95, 0.07, 4, 1782221671.5879967
  -7.97, 0.07, 4, 1782221671.5898397
  -8.11, 0.07, 4, 1782221671.589967
  -8.19, 0.07, 4, 1782221671.5899982
  -8.19, 0.07, 4, 1782221671.6213024
  -8.19, 0.07, 4, 1782221671.882636
  -8.19, 0.07, 4, 1782221671.8826995
  -8.19, 0.07, 4, 1782221672.024193
  -8.19, 0.07, 4, 1782221672.0244133
  -8.19, 0.07, 4, 1782221672.024451
  -8.19, 0.07, 4, 1782221672.4666767
  -8.19, 0.07, 4, 1782221672.4693232
  -8.19, 0.07, 4, 1782221672.4693604
  -8.19, 0.07, 4, 1782221672.4693923
  -8.19, 0.07, 4, 1782221672.4694357
  -8.19, 0.07, 4, 1782221672.5012338
  -8.18, 0.07, 4, 1782221672.7378407
  -8.18, 0.07, 4, 1782221672.8831387
  -8.18, 0.07, 4, 1782221672.8854032
  -8.21, 0.07, 4, 1782221672.8854756
  -8.21, 0.07, 4, 1782221672.896439
  -8.21, 0.07, 4, 1782221673.1753664
  -8.21, 0.07, 4, 1782221673.1754215
  -8.21, 0.07, 4, 1782221673.3425024
  -8.21, 0.07, 4, 1782221673.342734
  -8.21, 0.07, 4, 1782221673.342779
  -8.21, 0.07, 4, 1782221673.5981746
  -8.21, 0.07, 4, 1782221673.7532866
  -8.21, 0.07, 4, 1782221673.755508
  -8.29, 0.07, 4, 1782221673.755577
  -8.35, 0.07, 5, 1782221673.7556102
  -8.42, 0.07, 5, 1782221673.7868922
  -8.37, 0.07, 5, 1782221674.0261176
  -8.30, 0.07, 5, 1782221674.2024674
  -8.30, 0.07, 5, 1782221674.2026312
  -8.30, 0.07, 5, 1782221674.2031202
  -8.30, 0.07, 5, 1782221674.203187
  -8.30, 0.07, 5, 1782221674.4748986
  -8.21, 0.07, 5, 1782221674.644672
  -7.82, 0.06, 5, 1782221674.6447399
  -7.41, 0.04, 5, 1782221674.6448991
  -6.80, 0.02, 5, 1782221674.6451335
  -3.41, -0.09, 5, 1782221674.6662683
  -0.18, -0.23, 5, 1782221674.9036443
  6.59, -0.54, 5, 1782221675.052625
  17.35, -1.06, 5, 1782221675.0547612
  30.10, -1.64, 5, 1782221675.054819
  47.99, -2.45, 5, 1782221675.065245
  71.51, -3.30, 5, 1782221675.3769698
  96.34, -3.51, 5, 1782221675.5622633
  128.12, -2.53, 5, 1782221675.5650792
  167.57, -2.15, 5, 1782221675.5651305
  207.44, -1.89, 5, 1782221675.5652149
  245.04, -1.85, 5, 1782221675.565284
  283.33, -2.18, 5, 1782221675.840132
  322.19, -2.68, 5, 1782221676.0161283
  357.63, -3.11, 5, 1782221676.0189679
  389.22, -3.43, 5, 1782221676.019293
  419.06, -3.81, 5, 1782221676.0193608
  447.14, -4.03, 5, 1782221676.0298483
  472.92, -4.04, 5, 1782221676.8092573
  497.11, -3.70, 5, 1782221676.9840195
  520.18, -2.83, 5, 1782221676.9874587
  542.59, -1.32, 5, 1782221676.9877138
  564.95, 0.95, 5, 1782221676.9878953
  588.80, 4.27, 5, 1782221676.987992
  614.26, 8.87, 5, 1782221676.9880702
  639.56, 14.63, 5, 1782221676.988117
  664.91, 21.89, 5, 1782221676.9886138
  690.65, 31.09, 5, 1782221676.9886696
  716.52, 42.61, 5, 1782221676.9888375
  741.93, 56.48, 5, 1782221676.9889085
  766.25, 72.87, 5, 1782221677.2904105
  788.93, 91.90, 5, 1782221677.29045
  809.28, 113.24, 5, 1782221677.4750438
  826.91, 136.80, 5, 1782221677.47741
  841.06, 162.30, 5, 1782221677.477574
  850.49, 189.87, 5, 1782221677.4776092
  853.61, 218.39, 5, 1782221677.751975
  850.67, 245.75, 5, 1782221677.9337258
  842.63, 272.91, 5, 1782221677.9361274
  829.25, 300.89, 5, 1782221677.9363437
  811.22, 328.70, 5, 1782221677.936415
  788.91, 355.24, 5, 1782221677.9468071
  762.31, 380.51, 5, 1782221678.2168386
  731.92, 403.78, 5, 1782221678.374357
  698.30, 424.25, 5, 1782221678.3779032
  662.45, 441.36, 5, 1782221678.3780172
  625.97, 454.58, 5, 1782221678.3781133
  590.85, 463.52, 5, 1782221678.6370094
  559.05, 468.27, 5, 1782221678.7893987
  532.78, 469.10, 5, 1782221678.7916055
  488.89, 457.63, 5, 1782221678.7917619
  407.92, 418.30, 5, 1782221678.7918167
  349.12, 386.48, 5, 1782221678.8234763
  304.27, 365.54, 5, 1782221679.0645182
  265.68, 346.97, 5, 1782221679.0646584
  261.89, 345.11, 5, 1782221679.2390902
  294.91, 370.99, 5, 1782221679.2394323
  340.56, 413.08, 5, 1782221679.2395556
  416.71, 499.55, 5, 1782221679.4724135
  510.63, 651.16, 5, 1782221679.6393218
  542.50, 849.61, 5, 1782221679.6394162
  457.13, 1031.48, 5, 1782221679.6396224
  280.69, 1129.82, 5, 1782221679.639659
  83.93, 1128.68, 5, 1782221679.8730407
  -98.10, 1069.25, 5, 1782221679.8730762
  -236.39, 1022.33, 5, 1782221680.017148
  -374.12, 992.77, 5, 1782221680.020996
  -499.22, 978.04, 5, 1782221680.0212038
  -623.08, 970.38, 5, 1782221680.512885
  -736.37, 970.69, 5, 1782221680.514813
  -837.39, 975.51, 5, 1782221680.5151856
  -924.41, 985.19, 5, 1782221680.5153108
  -994.11, 995.92, 5, 1782221680.5153587
  -1048.60, 1004.38, 5, 1782221680.5153925
  -1080.22, 1008.87, 5, 1782221680.7750816
  -1055.02, 1005.23, 5, 1782221680.9399602
  -1040.59, 1003.06, 5, 1782221680.9402444
  -1051.60, 1004.72, 5, 1782221680.9419928
  -1072.09, 1007.73, 5, 1782221680.9421108
  -1084.35, 1009.56, 5, 1782221681.1951795
  -1084.87, 1009.64, 5, 1782221681.3878314
  -1084.65, 1009.60, 5, 1782221681.3880408
  -1084.61, 1009.60, 5, 1782221681.3881724
  -1085.60, 1009.84, 5, 1782221681.388206
  -1087.55, 1010.35, 5, 1782221681.3882377
  -1090.15, 1011.13, 5, 1782221681.7790132
  -1093.40, 1012.17, 5, 1782221681.7792041
  -1096.86, 1013.38, 5, 1782221681.779243
  -1098.80, 1014.09, 5, 1782221681.781181
  -1099.04, 1014.18, 5, 1782221681.7812405
  -1098.96, 1014.15, 5, 1782221682.2291923
  -1098.74, 1014.07, 5, 1782221682.2311435
  -1098.32, 1013.91, 5, 1782221682.2315004
  -1098.36, 1013.93, 5, 1782221682.2316043
  -1098.48, 1013.97, 5, 1782221682.2316647
  -1098.32, 1013.91, 5, 1782221682.497109
  -1097.14, 1013.46, 5, 1782221682.682176
  -1095.70, 1012.92, 5, 1782221682.6823769
  -1094.73, 1012.54, 5, 1782221682.682606
  -1094.51, 1012.46, 5, 1782221682.6827455
  -1094.51, 1012.46, 5, 1782221682.6828642
  -1094.51, 1012.46, 5, 1782221682.9216223
  -1094.51, 1012.46, 5, 1782221683.1062047
  -1094.51, 1012.46, 5, 1782221683.1065907
  -1094.51, 1012.46, 5, 1782221683.1066508
  5.53, -0.17, 4, 1782221722.899811
  32.93, -1.37, 4, 1782221722.9004307
  73.14, -3.39, 4, 1782221723.1447787
  117.11, -6.16, 4, 1782221723.3078995
  162.57, -9.60, 4, 1782221723.3080957
  208.23, -13.39, 4, 1782221723.308301
  252.52, -17.19, 4, 1782221723.3083327
  295.66, -21.20, 4, 1782221723.3403819
  339.76, -25.74, 4, 1782221723.7148938
  385.99, -30.71, 4, 1782221723.7171488
  434.13, -36.08, 4, 1782221723.7174494
  484.44, -41.68, 4, 1782221723.7177181
  537.08, -47.79, 4, 1782221723.9700086
  582.78, -53.30, 4, 1782221724.159193
  589.47, -54.12, 4, 1782221724.1624846
  589.45, -54.12, 4, 1782221724.1654859
  589.45, -54.12, 4, 1782221724.1681106
  589.45, -54.12, 4, 1782221724.3802264
  589.45, -54.12, 4, 1782221724.5538023
  589.45, -54.12, 4, 1782221724.5559638
  589.45, -54.12, 4, 1782221724.5580003
  589.45, -54.12, 4, 1782221724.5600464
  589.45, -54.12, 4, 1782221724.5634868
  589.45, -54.12, 4, 1782221724.8501322
  589.45, -54.12, 4, 1782221725.0390835
  589.45, -54.12, 4, 1782221725.0434291
  589.45, -54.12, 4, 1782221725.045736
  589.45, -54.12, 4, 1782221725.0490646
  589.45, -54.12, 4, 1782221725.326853
  589.45, -54.12, 4, 1782221725.5129397
  589.45, -54.12, 4, 1782221725.5179455
  589.45, -54.12, 4, 1782221725.5208476
  589.45, -54.12, 4, 1782221725.523293
  589.45, -54.12, 4, 1782221725.5254579
  589.45, -54.12, 4, 1782221725.7870717
  589.45, -54.12, 4, 1782221725.9538271
  589.45, -54.12, 4, 1782221725.9559362
  589.45, -54.12, 4, 1782221725.9582534
  589.45, -54.12, 4, 1782221725.9608436
  589.45, -54.12, 4, 1782221725.9634664
  589.45, -54.12, 4, 1782221725.985345
  589.45, -54.12, 4, 1782221726.2531757
  589.45, -54.12, 4, 1782221726.4520164
  589.45, -54.12, 4, 1782221726.7000391
  589.45, -54.12, 4, 1782221726.8803585
  589.45, -54.12, 4, 1782221726.8851845
  589.45, -54.12, 4, 1782221726.8879323
  589.45, -54.12, 4, 1782221726.890037
  589.45, -54.12, 4, 1782221726.8923213
  589.45, -54.12, 4, 1782221726.8945193
  589.45, -54.12, 4, 1782221726.8968842
  589.45, -54.12, 4, 1782221727.1613317
  589.45, -54.12, 4, 1782221727.6480067
  589.45, -54.12, 4, 1782221728.1405325
  589.45, -54.12, 4, 1782221728.6358035
  589.45, -54.12, 4, 1782221729.3071668
  589.45, -54.12, 4, 1782221729.311134
  589.45, -54.12, 4, 1782221729.3141747
  589.45, -54.12, 4, 1782221729.3167865
  589.45, -54.12, 4, 1782221729.318773
  589.45, -54.12, 4, 1782221729.32098
  589.45, -54.12, 4, 1782221729.3229704
  589.45, -54.12, 4, 1782221729.5750475
  589.45, -54.12, 4, 1782221729.7576606
  589.45, -54.12, 4, 1782221729.7600923
  589.45, -54.12, 4, 1782221729.7620792
  589.45, -54.12, 4, 1782221729.764325
  589.45, -54.12, 4, 1782221729.7676034
  589.45, -54.12, 4, 1782221729.7697382
  589.45, -54.12, 4, 1782221729.7716887
  589.45, -54.12, 4, 1782221729.7738013
  589.45, -54.12, 4, 1782221730.054513
  589.45, -54.12, 4, 1782221730.2313719
  589.45, -54.12, 4, 1782221730.2360222
  589.45, -54.12, 4, 1782221730.238038
  589.45, -54.12, 4, 1782221730.2402687
  589.45, -54.12, 4, 1782221730.2423642
  589.45, -54.12, 4, 1782221730.2445395
  589.45, -54.12, 4, 1782221730.246692
  589.45, -54.12, 4, 1782221730.249444
  589.45, -54.12, 4, 1782221730.2517858
  589.45, -54.12, 4, 1782221730.25418
  589.45, -54.12, 4, 1782221730.5525956
  589.45, -54.12, 4, 1782221730.7414777
  589.45, -54.12, 4, 1782221730.7438447
  589.45, -54.12, 4, 1782221730.746575
  589.45, -54.12, 4, 1782221730.7502055
  589.45, -54.12, 4, 1782221731.0578263
  589.45, -54.12, 4, 1782221731.2530155
  589.45, -54.12, 4, 1782221731.2555168
  589.45, -54.12, 4, 1782221731.5426726
  589.45, -54.12, 4, 1782221732.0742247
  589.45, -54.12, 4, 1782221732.0763698
  589.45, -54.12, 4, 1782221732.6222558
  589.45, -54.12, 4, 1782221733.7351532
  589.45, -54.12, 4, 1782221733.9323657
  589.45, -54.12, 4, 1782221734.2249331
  589.45, -54.12, 4, 1782221734.41781
  589.45, -54.12, 4, 1782221734.419916
  589.45, -54.12, 4, 1782221734.422847
  589.45, -54.12, 4, 1782221734.7663953
  589.45, -54.12, 4, 1782221735.329371
  589.45, -54.12, 4, 1782221735.8982234
  589.45, -54.12, 4, 1782221736.4343011
  589.45, -54.12, 4, 1782221737.5447948
  589.45, -54.12, 4, 1782221738.0809462
  589.45, -54.12, 4, 1782221738.0834968
  589.45, -54.12, 4, 1782221738.597881
  589.45, -54.12, 4, 1782221739.1788168
  589.45, -54.12, 4, 1782221739.7794113
  589.45, -54.12, 4, 1782221740.3758829
  589.45, -54.12, 4, 1782221740.3790925
  589.45, -54.12, 4, 1782221740.9276206
  589.45, -54.12, 4, 1782221741.494213
  589.45, -54.12, 4, 1782221742.0875108
  589.45, -54.12, 4, 1782221742.6873536
  589.45, -54.12, 4, 1782221743.245756
  589.45, -54.12, 4, 1782221743.7747173
  589.45, -54.12, 4, 1782221744.3542528
  589.45, -54.12, 4, 1782221744.3582697
  589.45, -54.12, 4, 1782221744.9792106
  589.45, -54.12, 4, 1782221744.9823291
  589.45, -54.12, 4, 1782221745.574672
  589.45, -54.12, 4, 1782221745.5775268
  589.45, -54.12, 4, 1782221745.5801682
  589.45, -54.12, 4, 1782221746.772398
  589.45, -54.12, 4, 1782221747.3510454
  589.45, -54.12, 4, 1782221747.9879615
  589.45, -54.12, 4, 1782221748.5966651
  589.45, -54.12, 4, 1782221749.771285
  589.45, -54.12, 4, 1782221750.3910382
  589.45, -54.12, 4, 1782221750.3949535
  589.45, -54.12, 4, 1782221751.5021493
  589.45, -54.12, 4, 1782221751.5051825
  589.45, -54.12, 4, 1782221752.074289
  589.45, -54.12, 4, 1782221752.0777838
  589.45, -54.12, 4, 1782221752.6854653
  589.45, -54.12, 4, 1782221753.2794766
  589.45, -54.12, 4, 1782221753.9209116
  589.45, -54.12, 4, 1782221753.9238482
  589.45, -54.12, 4, 1782221754.475067
  589.45, -54.12, 4, 1782221755.0350757
  589.45, -54.12, 4, 1782221756.358369
  589.45, -54.12, 4, 1782221756.99194
  589.45, -54.12, 4, 1782221756.9947617
  589.45, -54.12, 4, 1782221758.2313735
  589.45, -54.12, 4, 1782221758.8777912
  589.45, -54.12, 4, 1782221759.5176864
  589.45, -54.12, 4, 1782221760.1751018
  589.45, -54.12, 4, 1782221760.764886
  589.45, -54.12, 4, 1782221761.4079528
  589.45, -54.12, 4, 1782221762.0779462
  589.45, -54.12, 4, 1782221762.0808296
  589.45, -54.12, 4, 1782221762.7558012
  589.45, -54.12, 4, 1782221763.4142294
  589.45, -54.12, 4, 1782221763.4163861
  589.45, -54.12, 4, 1782221764.1006274
  589.45, -54.12, 4, 1782221764.1034868
  589.45, -54.12, 4, 1782221764.16993
  589.45, -54.12, 4, 1782221764.7698998
  589.45, -54.12, 4, 1782221764.7731214
  589.45, -54.12, 4, 1782221764.7756288
  589.45, -54.12, 4, 1782221765.4308763
  589.45, -54.12, 4, 1782221765.4335763
  589.45, -54.12, 4, 1782221765.4364245
  589.45, -54.12, 4, 1782221765.4390867
  589.45, -54.12, 4, 1782221766.0742075
  589.45, -54.12, 4, 1782221766.7825027
  589.45, -54.12, 4, 1782221766.7857263
  589.45, -54.12, 4, 1782221766.7890036
  589.45, -54.12, 4, 1782221767.47213
  589.45, -54.12, 4, 1782221767.4748564
  589.45, -54.12, 4, 1782221767.4775362
  0.00, 0.00, 4, 1782221768.1252613
  19.99, 0.53, 4, 1782221768.1256247
  98.55, 4.28, 4, 1782221768.1267514
  197.16, 14.40, 4, 1782221768.1268318
  304.42, 31.74, 4, 1782221768.1269681
  427.42, 61.87, 4, 1782221768.127031
  571.59, 106.89, 4, 1782221768.1270692
  739.39, 158.99, 4, 1782221768.7675126
  915.48, 203.31, 4, 1782221768.7679188
  1073.73, 230.49, 4, 1782221768.7683947
  1200.04, 240.17, 4, 1782221768.7961946
  1297.24, 241.33, 4, 1782221768.7967143
  1371.42, 242.80, 4, 1782221768.7968462
  1426.77, 244.91, 4, 1782221768.796911
  1474.44, 248.66, 4, 1782221769.4075935
  1519.92, 255.19, 4, 1782221769.4079309
  1558.81, 260.27, 4, 1782221769.4086835
  1582.26, 262.25, 4, 1782221769.40872
  1597.19, 262.52, 4, 1782221769.4089417
  1608.24, 261.34, 4, 1782221769.4090075
  1616.29, 259.49, 4, 1782221769.4100091
  1618.60, 258.74, 4, 1782221769.410037
  1610.28, 263.40, 4, 1782221770.1663861
  1592.66, 277.00, 4, 1782221770.1665535
  1569.84, 299.90, 4, 1782221770.1665776
  1548.10, 326.24, 4, 1782221770.16715
  1523.73, 360.08, 4, 1782221770.1671999
  1494.97, 405.71, 4, 1782221770.1679413
  1466.22, 462.64, 4, 1782221770.1680074
  1443.56, 528.03, 4, 1782221770.8073843
  1430.51, 594.21, 4, 1782221770.8074007
  1424.05, 657.15, 4, 1782221770.8077552
  1420.57, 720.08, 4, 1782221770.8082724
  1418.40, 786.12, 4, 1782221770.808308
  1417.67, 853.94, 4, 1782221771.4599166
  1418.96, 923.09, 4, 1782221771.460532
  1421.05, 991.73, 4, 1782221771.461925
  1423.65, 1052.99, 4, 1782221771.4624884
  1426.95, 1104.99, 4, 1782221771.4870265
  1430.63, 1152.36, 4, 1782221771.4875574
  1434.68, 1198.00, 4, 1782221771.4879973
  1439.50, 1242.76, 4, 1782221771.488553
  1445.47, 1285.18, 4, 1782221771.488598
  1452.90, 1325.92, 4, 1782221771.4897542
  1462.45, 1367.54, 4, 1782221771.4897912
  1474.80, 1410.20, 4, 1782221772.1550798
  1491.35, 1455.38, 4, 1782221772.1554227
  1513.92, 1503.50, 4, 1782221772.1558921
  1543.64, 1550.86, 4, 1782221772.1563423
  1576.36, 1588.57, 4, 1782221772.8683395
  1620.35, 1622.31, 4, 1782221772.868354
  1642.17, 1635.30, 4, 1782221772.8690007
  1667.11, 1644.30, 4, 1782221772.8690596
  1638.32, 1636.29, 4, 1782221773.5714238
  1595.97, 1628.73, 4, 1782221773.5715437
  1561.52, 1625.84, 4, 1782221773.5727856
  1537.42, 1625.58, 4, 1782221773.5733023
  1515.87, 1626.59, 4, 1782221773.57345
  1507.34, 1627.29, 4, 1782221773.5735266
  1517.28, 1626.04, 4, 1782221773.5735514
  1500.53, 1628.87, 4, 1782221774.257691
  1496.95, 1629.44, 4, 1782221774.257704
  1514.42, 1624.49, 4, 1782221774.2580092
  1530.43, 1618.72, 4, 1782221774.2937872
  1534.86, 1616.79, 4, 1782221774.2939818
  1521.91, 1624.52, 4, 1782221774.2963765
  1491.76, 1646.10, 4, 1782221774.2964222
  1444.01, 1687.10, 4, 1782221774.91822
  1385.16, 1744.99, 4, 1782221774.9185064
  1320.98, 1817.44, 4, 1782221774.9188874
  1258.69, 1894.90, 4, 1782221774.919778
  1203.78, 1968.55, 4, 1782221774.919872
  1158.63, 2033.66, 4, 1782221774.9206524
  1120.72, 2092.22, 4, 1782221774.9209857
  1082.63, 2154.43, 4, 1782221774.9210474
  1041.78, 2224.23, 4, 1782221774.9211075
  998.51, 2300.40, 4, 1782221774.9211814
  955.10, 2377.79, 4, 1782221774.9212558
  915.42, 2450.17, 4, 1782221774.9213269
  884.31, 2507.16, 4, 1782221774.9213953
  862.26, 2547.59, 4, 1782221774.9214633
  837.49, 2593.22, 4, 1782221774.9215262
  813.71, 2637.00, 4, 1782221774.9215956
  798.41, 2665.03, 4, 1782221774.9216661
  784.45, 2690.55, 4, 1782221774.921727
  772.08, 2713.04, 4, 1782221774.9217932
  761.32, 2732.37, 4, 1782221774.9218624
  752.44, 2748.38, 4, 1782221774.9219162
  744.01, 2763.72, 4, 1782221774.9219587
  735.93, 2778.51, 4, 1782221774.921977
  728.02, 2793.27, 4, 1782221775.593706
  720.73, 2807.12, 4, 1782221775.5937204
  714.67, 2818.81, 4, 1782221775.594481
  709.28, 2829.33, 4, 1782221775.5967295
  704.48, 2838.87, 4, 1782221775.5968533
  700.38, 2847.24, 4, 1782221775.6339536
  696.92, 2854.40, 4, 1782221775.6340077
  693.83, 2860.89, 4, 1782221775.634052
  690.77, 2867.39, 4, 1782221775.6344652
  687.89, 2873.58, 4, 1782221775.635147
  685.20, 2879.43, 4, 1782221775.637753
  682.61, 2885.19, 4, 1782221775.6378143
  679.96, 2891.19, 4, 1782221776.295517
  677.37, 2897.22, 4, 1782221776.2960505
  674.80, 2903.32, 4, 1782221776.2960696
  672.59, 2908.73, 4, 1782221776.2962532
  670.54, 2913.89, 4, 1782221776.296289
  668.73, 2918.59, 4, 1782221776.297158
  666.78, 2923.72, 4, 1782221776.2972777
  664.41, 2930.13, 4, 1782221776.2973983
  661.52, 2938.02, 4, 1782221776.2974577
  658.61, 2946.09, 4, 1782221776.2977316
  655.73, 2954.23, 4, 1782221776.297901
  652.73, 2963.04, 4, 1782221776.2982624
  649.23, 2973.62, 4, 1782221776.2984705
  645.32, 2985.62, 4, 1782221776.2985146
  641.39, 2997.74, 4, 1782221777.0460782
  637.81, 3009.02, 4, 1782221777.0465457
  634.24, 3020.60, 4, 1782221777.0465846
  631.03, 3031.64, 4, 1782221777.046874
  627.98, 3043.08, 4, 1782221777.0469654
  624.99, 3055.61, 4, 1782221777.0470166
  622.73, 3067.28, 4, 1782221777.732316
  621.09, 3080.07, 4, 1782221777.7329965
  620.09, 3096.10, 4, 1782221777.7335494
  620.07, 3112.67, 4, 1782221777.7651827
  621.27, 3128.05, 4, 1782221777.7651982
  623.49, 3141.25, 4, 1782221777.7670565
  625.56, 3149.65, 4, 1782221777.7670937
  625.79, 3150.47, 4, 1782221777.7672658
  623.58, 3144.09, 4, 1782221777.7672892
  617.86, 3128.09, 4, 1782221778.416178
  610.68, 3107.90, 4, 1782221778.4165735
  605.74, 3094.02, 4, 1782221778.4166987
  603.82, 3088.64, 4, 1782221778.4168825
  603.10, 3086.59, 4, 1782221778.4169219
  601.46, 3081.99, 4, 1782221778.4169378
  598.37, 3073.56, 4, 1782221779.165506
  593.89, 3061.54, 4, 1782221779.1656115
  587.57, 3044.87, 4, 1782221779.167065
  582.58, 3031.86, 4, 1782221779.1672559
  578.76, 3022.00, 4, 1782221779.1672926
  573.45, 3008.72, 4, 1782221779.1673117
  571.05, 3002.87, 4, 1782221779.1675038
  570.85, 3002.37, 4, 1782221779.1675637
  570.87, 3002.41, 4, 1782221779.1675913
  570.87, 3002.41, 4, 1782221779.1676083
  570.87, 3002.41, 4, 1782221779.8705091
  570.87, 3002.41, 4, 1782221779.8707714
  570.87, 3002.41, 4, 1782221779.8708227
  570.87, 3002.41, 4, 1782221779.8708484
  570.87, 3002.41, 4, 1782221780.5674841
  570.87, 3002.41, 4, 1782221780.5675673
  570.87, 3002.41, 4, 1782221780.568235
  570.87, 3002.41, 4, 1782221780.5683863
  570.87, 3002.41, 4, 1782221781.2917511
  570.87, 3002.41, 4, 1782221781.291834
  570.87, 3002.41, 4, 1782221781.2938418
  570.87, 3002.41, 4, 1782221781.294513
  570.87, 3002.41, 4, 1782221781.2945356
  570.87, 3002.41, 4, 1782221781.294715
  570.85, 3002.38, 4, 1782221781.294755
  570.88, 3002.44, 4, 1782221781.2947733
  570.82, 3002.28, 4, 1782221781.2948613
  570.63, 3001.80, 4, 1782221781.3292994
  570.58, 3001.68, 4, 1782221781.3293345
  570.64, 3001.81, 4, 1782221781.331395
  570.42, 3001.30, 4, 1782221781.3317423
  570.31, 3001.03, 4, 1782221781.3318346
  570.28, 3000.96, 4, 1782221781.3318913
  570.37, 3001.16, 4, 1782221781.3319423
  570.67, 3001.85, 4, 1782221781.3320258
  572.27, 3004.88, 4, 1782221781.3321013
  574.53, 3008.43, 4, 1782221781.3321438
  574.60, 3008.53, 4, 1782221781.3323066
  573.81, 3007.18, 4, 1782221781.3323483
  572.72, 3005.31, 4, 1782221781.3323712
  571.66, 3003.49, 4, 1782221781.988827
  571.02, 3002.30, 4, 1782221781.9892168
  570.94, 3002.13, 4, 1782221781.9892292
  571.03, 3002.32, 4, 1782221781.9901793
  571.32, 3002.85, 4, 1782221781.9904172
  571.64, 3003.48, 4, 1782221781.9904435
  571.94, 3004.10, 4, 1782221781.991989
  572.34, 3004.93, 4, 1782221781.9920943
  572.77, 3005.81, 4, 1782221782.0278873
  573.52, 3007.24, 4, 1782221782.0292
  573.94, 3008.04, 4, 1782221782.0323744
  573.99, 3008.14, 4, 1782221782.0351114
  573.97, 3008.11, 4, 1782221782.0373516
  573.86, 3007.84, 4, 1782221782.715188
  573.58, 3007.16, 4, 1782221782.718841
  573.37, 3006.64, 4, 1782221782.7216294
  573.37, 3006.64, 4, 1782221782.7243853
  573.50, 3006.97, 4, 1782221782.727069
  573.59, 3007.19, 4, 1782221782.7300718
  573.58, 3007.16, 4, 1782221782.7329583
  573.67, 3007.37, 4, 1782221782.7353814
  573.92, 3007.97, 4, 1782221783.4827852
  574.40, 3009.07, 4, 1782221783.484938
  574.97, 3010.36, 4, 1782221783.4878275
  575.48, 3011.47, 4, 1782221783.4905763
  576.41, 3013.43, 4, 1782221783.493483
  577.51, 3015.74, 4, 1782221783.4966438
  578.67, 3018.33, 4, 1782221783.4998052
  579.95, 3021.57, 4, 1782221783.502973

Waypoints (x, y):
  #1: 30.50, -1.21
  #2: 30.50, -1.21
  #3: 30.50, -1.21
  #4: 30.50, -1.21
  #5: 30.50, -1.21
  #6: 70.65, -4.70
  #7: 70.65, -4.70
  #8: 70.65, -4.70
  #9: 111.58, -5.70
  #10: 111.58, -5.70
  #11: 111.58, -5.70
  #12: 111.58, -5.70
  #13: 153.40, -5.85
  #14: 153.40, -5.85
  #15: 153.40, -5.85
  #16: 194.79, -6.15
  #17: 194.79, -6.15
  #18: 194.79, -6.15
  #19: 236.36, -5.71
  #20: 236.36, -5.71
  #21: 236.36, -5.71
  #22: 236.36, -5.71
  #23: 278.91, -5.04
  #24: 278.91, -5.04
  #25: 278.91, -5.04
  #26: 321.07, -3.98
  #27: 321.07, -3.98
  #28: 321.07, -3.98
  #29: 362.70, -3.51
  #30: 362.70, -3.51
  #31: 362.70, -3.51
  #32: 404.19, -4.45
  #33: 404.19, -4.45
  #34: 404.19, -4.45
  #35: 444.90, -5.46
  #36: 444.90, -5.46
  #37: 444.90, -5.46
  #38: 487.36, -5.03
  #39: 487.36, -5.03
  #40: 527.94, -1.52
  #41: 527.94, -1.52
  #42: 527.94, -1.52
  #43: 569.09, 4.98
  #44: 569.09, 4.98
  #45: 610.21, 12.89
  #46: 610.21, 12.89
  #47: 610.21, 12.89
  #48: 650.09, 24.52
  #49: 650.09, 24.52
  #50: 687.81, 38.83
  #51: 687.81, 38.83
  #52: 687.81, 38.83
  #53: 725.78, 58.98
  #54: 725.78, 58.98
  #55: 759.46, 84.79
  #56: 759.46, 84.79
  #57: 759.46, 84.79
  #58: 788.79, 116.07
  #59: 788.79, 116.07
  #60: 810.69, 152.57
  #61: 810.69, 152.57
  #62: 825.24, 192.62
  #63: 825.24, 192.62
  #64: 825.24, 192.62
  #65: 833.76, 233.07
  #66: 833.76, 233.07
  #67: 836.67, 275.51
  #68: 836.67, 275.51
  #69: 834.33, 319.08
  #70: 834.33, 319.08
  #71: 826.65, 360.52
  #72: 826.65, 360.52
  #73: 812.72, 398.52
  #74: 812.72, 398.52
  #75: 812.72, 398.52
  #76: 791.72, 436.69
  #77: 791.72, 436.69
  #78: 767.88, 469.81
  #79: 767.88, 469.81
  #80: 738.15, 500.18
  #81: 738.15, 500.18
  #82: 704.36, 527.58
  #83: 704.36, 527.58
  #84: 671.46, 551.36
  #85: 671.46, 551.36
  #86: 636.24, 571.92
  #87: 636.24, 571.92
  #88: 598.73, 590.17
  #89: 598.73, 590.17
  #90: 559.71, 606.46
  #91: 559.71, 606.46
  #92: 521.67, 620.27
  #93: 521.67, 620.27
  #94: 521.67, 620.27
  #95: 480.44, 632.22
  #96: 480.44, 632.22
  #97: 438.57, 638.99
  #98: 438.57, 638.99
  #99: 397.34, 644.46
  #100: 397.34, 644.46
  #101: 355.35, 652.77
  #102: 355.35, 652.77
  #103: 355.35, 652.77
  #104: 355.35, 652.77
  #105: 315.77, 665.37
  #106: 315.77, 665.37
  #107: 315.77, 665.37
  #108: 315.77, 665.37
  #109: 315.77, 665.37
  #110: 315.77, 665.37
  #111: 315.77, 665.37
  #112: 315.77, 665.37
  #113: 315.77, 665.37
  #114: 315.77, 665.37
  #115: 315.77, 665.37
  #116: 315.77, 665.37
  #117: 315.77, 665.37
  #118: 315.77, 665.37
  #119: 315.77, 665.37
  #120: 301.10, 676.00
  #121: 301.10, 676.00
  #122: 301.10, 676.00
  #123: 301.10, 676.00
  #124: 301.10, 676.00
  #125: 301.10, 676.00
  #126: 301.10, 676.00
  #127: 301.10, 676.00
  #128: 301.10, 676.00
  #129: 301.10, 676.00
  #130: 301.10, 676.00
  #131: 301.10, 676.00
  #132: 301.10, 676.00
  #133: 301.10, 676.00
  #134: 301.10, 676.00
  #135: 301.10, 676.00
  #136: 301.10, 676.00
  #137: 301.10, 676.00
  #138: 301.10, 676.00
  #139: 301.10, 676.00
  #140: 301.10, 676.00
  #141: 301.10, 676.00
  #142: 301.10, 676.00
  #143: 301.10, 676.00
  #144: 301.10, 676.00
  #145: 301.10, 676.00
  #146: 301.10, 676.00
  #147: 301.10, 676.00
  #148: 301.10, 676.00
  #149: 301.10, 676.00
  #150: 301.10, 676.00
  #151: 301.10, 676.00
  #152: 301.10, 676.00
  #153: 301.10, 676.00
  #154: 301.10, 676.00
  #155: 301.10, 676.00
  #156: 301.10, 676.00
  #157: 301.10, 676.00
  #158: 301.10, 676.00
  #159: 301.10, 676.00
  #160: 301.10, 676.00
  #161: 301.10, 676.00
  #162: 301.10, 676.00
  #163: 301.10, 676.00
  #164: 301.10, 676.00
  #165: 301.10, 676.00
  #166: 301.10, 676.00
  #167: 301.10, 676.00
  #168: 301.10, 676.00
  #169: 301.10, 676.00
  #170: 301.10, 676.00
  #171: 301.10, 676.00
  #172: 301.10, 676.00
  #173: 301.10, 676.00
  #174: 301.10, 676.00
  #175: 301.10, 676.00
  #176: 301.10, 676.00
  #177: 301.10, 676.00
  #178: 301.10, 676.00
  #179: 301.10, 676.00
  #180: 301.10, 676.00
  #181: 301.10, 676.00
  #182: 301.10, 676.00
  #183: 301.10, 676.00
  #184: 301.10, 676.00
  #185: 301.10, 676.00
  #186: 301.10, 676.00
  #187: 301.10, 676.00
  #188: 301.10, 676.00
  #189: 301.10, 676.00
  #190: 301.10, 676.00
  #191: 301.10, 676.00
  #192: 301.10, 676.00
  #193: 301.10, 676.00
  #194: 301.10, 676.00
  #195: 301.10, 676.00
  #196: 301.10, 676.00
  #197: 301.10, 676.00
  #198: 301.10, 676.00
  #199: 301.10, 676.00
  #200: 301.10, 676.00
  #201: 301.10, 676.00
  #202: 301.10, 676.00
  #203: 301.10, 676.00
  #204: 301.10, 676.00
  #205: 301.10, 676.00
  #206: 301.10, 676.00
  #207: 301.10, 676.00
  #208: 301.10, 676.00
  #209: 301.10, 676.00
  #210: 301.10, 676.00
  #211: 301.10, 676.00
  #212: 301.10, 676.00
  #213: 301.10, 676.00
  #214: 301.10, 676.00
  #215: 301.10, 676.00
  #216: 301.10, 676.00
  #217: 301.10, 676.00
  #218: 301.10, 676.00
  #219: 576.87, -52.59
  #220: 576.87, -52.59
  #221: 576.87, -52.59
  #222: 576.87, -52.59
  #223: 576.87, -52.59
  #224: 576.87, -52.59
  #225: 576.87, -52.59
  #226: 576.87, -52.59
  #227: 576.87, -52.59
  #228: 576.87, -52.59
  #229: 576.87, -52.59
  #230: 576.87, -52.59
  #231: 576.87, -52.59
  #232: 576.87, -52.59
  #233: 576.87, -52.59
  #234: 576.87, -52.59
  #235: 576.87, -52.59
  #236: 576.87, -52.59
  #237: 576.87, -52.59
  #238: 576.87, -52.59
  #239: 576.87, -52.59
  #240: 576.87, -52.59
  #241: 576.87, -52.59
  #242: 576.87, -52.59
  #243: 576.87, -52.59
  #244: 576.87, -52.59
  #245: 576.87, -52.59
  #246: 576.87, -52.59
  #247: 576.87, -52.59
  #248: 576.87, -52.59
  #249: 576.87, -52.59
  #250: 576.87, -52.59
  #251: 576.87, -52.59
  #252: 576.87, -52.59
  #253: 576.87, -52.59
  #254: 576.87, -52.59
  #255: 576.87, -52.59
  #256: 576.87, -52.59
  #257: 576.87, -52.59
  #258: 576.87, -52.59
  #259: 576.87, -52.59
  #260: 576.87, -52.59
  #261: 576.87, -52.59
  #262: 576.87, -52.59
  #263: 576.87, -52.59
  #264: 576.87, -52.59
  #265: 576.87, -52.59
  #266: 576.87, -52.59
  #267: 576.87, -52.59
  #268: 576.87, -52.59
  #269: 576.87, -52.59
  #270: 576.87, -52.59
  #271: 576.87, -52.59
  #272: 576.87, -52.59
  #273: 576.87, -52.59
  #274: 576.87, -52.59
  #275: 576.87, -52.59
  #276: 576.87, -52.59
  #277: 576.87, -52.59
  #278: 576.87, -52.59
  #279: 576.87, -52.59
  #280: 576.87, -52.59
  #281: 576.87, -52.59
  #282: 576.87, -52.59
  #283: 576.87, -52.59
  #284: 576.87, -52.59
  #285: 576.87, -52.59
  #286: 576.87, -52.59
  #287: 576.87, -52.59
  #288: 576.87, -52.59
  #289: 576.87, -52.59
  #290: 576.87, -52.59
  #291: 576.87, -52.59
  #292: 576.87, -52.59
  #293: 576.87, -52.59
  #294: 576.87, -52.59
  #295: 576.87, -52.59
  #296: 576.87, -52.59
  #297: 576.87, -52.59
  #298: 576.87, -52.59
  #299: 576.87, -52.59
  #300: 576.87, -52.59
  #301: 576.87, -52.59
  #302: 576.87, -52.59
  #303: 576.87, -52.59
  #304: 576.87, -52.59
  #305: 576.87, -52.59
  #306: 576.87, -52.59
  #307: 576.87, -52.59
  #308: 576.87, -52.59
  #309: 576.87, -52.59
  #310: 576.87, -52.59
  #311: 576.87, -52.59
  #312: 576.87, -52.59
  #313: 576.87, -52.59
  #314: 576.87, -52.59
  #315: 576.87, -52.59
  #316: 576.87, -52.59
  #317: 576.87, -52.59
  #318: 576.87, -52.59
  #319: 576.87, -52.59
  #320: 576.87, -52.59
  #321: 576.87, -52.59
  #322: 576.87, -52.59
  #323: 576.87, -52.59
  #324: 576.87, -52.59
  #325: 576.87, -52.59
  #326: 576.87, -52.59
  #327: 576.87, -52.59
  #328: 576.87, -52.59
  #329: 576.87, -52.59
  #330: 576.87, -52.59
  #331: 576.87, -52.59
  #332: 576.87, -52.59
  #333: 576.87, -52.59
  #334: 576.87, -52.59
  #335: 576.87, -52.59
  #336: 576.87, -52.59
  #337: 576.87, -52.59
  #338: 576.87, -52.59
  #339: 576.87, -52.59
  #340: 576.87, -52.59
  #341: 576.87, -52.59
  #342: 576.87, -52.59
  #343: 576.87, -52.59
  #344: 576.87, -52.59
  #345: 576.87, -52.59
  #346: 576.87, -52.59
  #347: 576.87, -52.59
  #348: 576.87, -52.59
  #349: 576.87, -52.59
  #350: 576.87, -52.59
  #351: 576.87, -52.59
  #352: 576.87, -52.59
  #353: 576.87, -52.59
  #354: 576.87, -52.59
  #355: 576.87, -52.59
  #356: 576.87, -52.59
  #357: 576.87, -52.59
  #358: 576.87, -52.59
  #359: 576.87, -52.59
  #360: 576.87, -52.59
  #361: 576.87, -52.59
  #362: 576.87, -52.59
  #363: 576.87, -52.59
  #364: 576.87, -52.59
  #365: 576.87, -52.59
  #366: 576.87, -52.59
  #367: 576.87, -52.59
  #368: 576.87, -52.59
  #369: 576.87, -52.59
  #370: 576.87, -52.59
  #371: 576.87, -52.59
  #372: 576.87, -52.59
  #373: 576.87, -52.59
  #374: 576.87, -52.59
  #375: 576.87, -52.59
  #376: 576.87, -52.59
  #377: 576.87, -52.59
  #378: 576.87, -52.59
  #379: 573.36, 3006.95
  #380: 573.36, 3006.95
  #381: 573.36, 3006.95
  #382: 573.36, 3006.95
  #383: 573.36, 3006.95
  #384: 573.36, 3006.95
  #385: 573.36, 3006.95
  #386: 573.36, 3006.95
  #387: 573.36, 3006.95
  #388: 573.36, 3006.95
  #389: 573.36, 3006.95
  #390: 573.36, 3006.95
  #391: 573.36, 3006.95
  #392: 573.36, 3006.95
  #393: 573.36, 3006.95
  #394: 573.36, 3006.95
  #395: 573.36, 3006.95
  #396: 573.36, 3006.95
  #397: 573.36, 3006.95
  #398: 573.36, 3006.95

Raw Data Log:
  [2026-06-23T21:29:04.496203] I: {'ins_mode': 4, 'realtime_x': -4554.16, 'realtime_y': -88.11, 'target_x': 0.0, 'target_y': 0.0, 'yaw_ins': 0.0, 'dis_ins': 0.0}
  [2026-06-23T21:29:04.579337] I: {'ins_mode': 4, 'realtime_x': -4598.79, 'realtime_y': -90.33, 'target_x': 0.0, 'target_y': 0.0, 'yaw_ins': 0.0, 'dis_ins': 0.0}
  [2026-06-23T21:29:04.670725] I: {'ins_mode': 4, 'realtime_x': -4643.58, 'realtime_y': -92.62, 'target_x': 0.0, 'target_y': 0.0, 'yaw_ins': 0.0, 'dis_ins': 0.0}
  [2026-06-23T21:29:04.741650] I: {'ins_mode': 4, 'realtime_x': -4688.83, 'realtime_y': -95.05, 'target_x': 0.0, 'target_y': 0.0, 'yaw_ins': 0.0, 'dis_ins': 0.0}
  [2026-06-23T21:29:04.814871] I: {'ins_mode': 4, 'realtime_x': -4735.15, 'realtime_y': -97.71, 'target_x': 0.0, 'target_y': 0.0, 'yaw_ins': 0.0, 'dis_ins': 0.0}
  [2026-06-23T21:29:04.944308] I: {'ins_mode': 4, 'realtime_x': -4787.49, 'realtime_y': -101.03, 'target_x': 0.0, 'target_y': 0.0, 'yaw_ins': 0.0, 'dis_ins': 0.0}
  [2026-06-23T21:29:04.975556] I: {'ins_mode': 4, 'realtime_x': -4854.06, 'realtime_y': -105.52, 'target_x': 0.0, 'target_y': 0.0, 'yaw_ins': 0.0, 'dis_ins': 0.0}
  [2026-06-23T21:29:05.058017] I: {'ins_mode': 4, 'realtime_x': -4933.72, 'realtime_y': -110.67, 'target_x': 0.0, 'target_y': 0.0, 'yaw_ins': 0.0, 'dis_ins': 0.0}
  [2026-06-23T21:29:05.162902] I: {'ins_mode': 4, 'realtime_x': -5018.75, 'realtime_y': -116.31, 'target_x': 0.0, 'target_y': 0.0, 'yaw_ins': 0.0, 'dis_ins': 0.0}
  [2026-06-23T21:29:05.214804] I: {'ins_mode': 4, 'realtime_x': -5097.72, 'realtime_y': -122.14, 'target_x': 0.0, 'target_y': 0.0, 'yaw_ins': 0.0, 'dis_ins': 0.0}
  [2026-06-23T21:29:05.311267] I: {'ins_mode': 4, 'realtime_x': -5164.53, 'realtime_y': -127.28, 'target_x': 0.0, 'target_y': 0.0, 'yaw_ins': 0.0, 'dis_ins': 0.0}
  [2026-06-23T21:29:05.382775] I: {'ins_mode': 4, 'realtime_x': -5221.03, 'realtime_y': -131.74, 'target_x': 0.0, 'target_y': 0.0, 'yaw_ins': 0.0, 'dis_ins': 0.0}
  [2026-06-23T21:29:05.457130] I: {'ins_mode': 4, 'realtime_x': -5263.73, 'realtime_y': -135.09, 'target_x': 0.0, 'target_y': 0.0, 'yaw_ins': 0.0, 'dis_ins': 0.0}
  [2026-06-23T21:29:05.532658] I: {'ins_mode': 4, 'realtime_x': -5295.61, 'realtime_y': -137.37, 'target_x': 0.0, 'target_y': 0.0, 'yaw_ins': 0.0, 'dis_ins': 0.0}
  [2026-06-23T21:29:05.617464] I: {'ins_mode': 4, 'realtime_x': -5318.54, 'realtime_y': -138.94, 'target_x': 0.0, 'target_y': 0.0, 'yaw_ins': 0.0, 'dis_ins': 0.0}
  [2026-06-23T21:29:05.701389] I: {'ins_mode': 4, 'realtime_x': -5337.66, 'realtime_y': -140.22, 'target_x': 0.0, 'target_y': 0.0, 'yaw_ins': 0.0, 'dis_ins': 0.0}
  [2026-06-23T21:29:05.819258] I: {'ins_mode': 4, 'realtime_x': -5360.1, 'realtime_y': -141.82, 'target_x': 0.0, 'target_y': 0.0, 'yaw_ins': 0.0, 'dis_ins': 0.0}
  [2026-06-23T21:29:05.861836] I: {'ins_mode': 4, 'realtime_x': -5391.06, 'realtime_y': -144.08, 'target_x': 0.0, 'target_y': 0.0, 'yaw_ins': 0.0, 'dis_ins': 0.0}
  [2026-06-23T21:29:05.935394] I: {'ins_mode': 4, 'realtime_x': -5432.29, 'realtime_y': -146.93, 'target_x': 0.0, 'target_y': 0.0, 'yaw_ins': 0.0, 'dis_ins': 0.0}
  [2026-06-23T21:29:06.035532] I: {'ins_mode': 4, 'realtime_x': -5484.44, 'realtime_y': -150.23, 'target_x': 0.0, 'target_y': 0.0, 'yaw_ins': 0.0, 'dis_ins': 0.0}
  [2026-06-23T21:29:06.098283] I: {'ins_mode': 4, 'realtime_x': -5547.1, 'realtime_y': -153.85, 'target_x': 0.0, 'target_y': 0.0, 'yaw_ins': 0.0, 'dis_ins': 0.0}
  [2026-06-23T21:29:06.175881] I: {'ins_mode': 4, 'realtime_x': -5622.13, 'realtime_y': -157.88, 'target_x': 0.0, 'target_y': 0.0, 'yaw_ins': 0.0, 'dis_ins': 0.0}
  [2026-06-23T21:29:06.255732] I: {'ins_mode': 4, 'realtime_x': -5710.8, 'realtime_y': -162.34, 'target_x': 0.0, 'target_y': 0.0, 'yaw_ins': 0.0, 'dis_ins': 0.0}
  [2026-06-23T21:29:06.341031] I: {'ins_mode': 4, 'realtime_x': -5810.2, 'realtime_y': -167.01, 'target_x': 0.0, 'target_y': 0.0, 'yaw_ins': 0.0, 'dis_ins': 0.0}
  [2026-06-23T21:29:06.473658] I: {'ins_mode': 4, 'realtime_x': -5919.0, 'realtime_y': -171.82, 'target_x': 0.0, 'target_y': 0.0, 'yaw_ins': 0.0, 'dis_ins': 0.0}
  [2026-06-23T21:29:06.494922] I: {'ins_mode': 4, 'realtime_x': -6030.58, 'realtime_y': -176.57, 'target_x': 0.0, 'target_y': 0.0, 'yaw_ins': 0.0, 'dis_ins': 0.0}
  [2026-06-23T21:29:06.578982] I: {'ins_mode': 4, 'realtime_x': -6130.05, 'realtime_y': -182.11, 'target_x': 0.0, 'target_y': 0.0, 'yaw_ins': 0.0, 'dis_ins': 0.0}
  [2026-06-23T21:29:06.703738] I: {'ins_mode': 4, 'realtime_x': -6207.73, 'realtime_y': -187.6, 'target_x': 0.0, 'target_y': 0.0, 'yaw_ins': 0.0, 'dis_ins': 0.0}
  [2026-06-23T21:29:06.735048] I: {'ins_mode': 4, 'realtime_x': -6262.78, 'realtime_y': -191.05, 'target_x': 0.0, 'target_y': 0.0, 'yaw_ins': 0.0, 'dis_ins': 0.0}
  [2026-06-23T21:29:06.831764] I: {'ins_mode': 4, 'realtime_x': -6301.32, 'realtime_y': -193.26, 'target_x': 0.0, 'target_y': 0.0, 'yaw_ins': 0.0, 'dis_ins': 0.0}
  [2026-06-23T21:29:06.911950] I: {'ins_mode': 4, 'realtime_x': -6325.86, 'realtime_y': -194.66, 'target_x': 0.0, 'target_y': 0.0, 'yaw_ins': 0.0, 'dis_ins': 0.0}
  [2026-06-23T21:29:06.975166] I: {'ins_mode': 4, 'realtime_x': -6339.86, 'realtime_y': -195.5, 'target_x': 0.0, 'target_y': 0.0, 'yaw_ins': 0.0, 'dis_ins': 0.0}
  [2026-06-23T21:29:07.128153] I: {'ins_mode': 4, 'realtime_x': -6344.97, 'realtime_y': -195.82, 'target_x': 0.0, 'target_y': 0.0, 'yaw_ins': 0.0, 'dis_ins': 0.0}
  [2026-06-23T21:29:07.138828] I: {'ins_mode': 4, 'realtime_x': -6340.81, 'realtime_y': -195.58, 'target_x': 0.0, 'target_y': 0.0, 'yaw_ins': 0.0, 'dis_ins': 0.0}
  [2026-06-23T21:29:07.222361] I: {'ins_mode': 4, 'realtime_x': -6326.28, 'realtime_y': -194.83, 'target_x': 0.0, 'target_y': 0.0, 'yaw_ins': 0.0, 'dis_ins': 0.0}
  [2026-06-23T21:29:07.351715] I: {'ins_mode': 4, 'realtime_x': -6299.8, 'realtime_y': -193.57, 'target_x': 0.0, 'target_y': 0.0, 'yaw_ins': 0.0, 'dis_ins': 0.0}
  [2026-06-23T21:29:07.384692] I: {'ins_mode': 4, 'realtime_x': -6258.79, 'realtime_y': -191.64, 'target_x': 0.0, 'target_y': 0.0, 'yaw_ins': 0.0, 'dis_ins': 0.0}
  [2026-06-23T21:29:07.458070] I: {'ins_mode': 4, 'realtime_x': -6202.69, 'realtime_y': -188.92, 'target_x': 0.0, 'target_y': 0.0, 'yaw_ins': 0.0, 'dis_ins': 0.0}
  [2026-06-23T21:29:07.567818] I: {'ins_mode': 4, 'realtime_x': -6132.92, 'realtime_y': -185.6, 'target_x': 0.0, 'target_y': 0.0, 'yaw_ins': 0.0, 'dis_ins': 0.0}
  [2026-06-23T21:29:07.619747] I: {'ins_mode': 4, 'realtime_x': -6050.93, 'realtime_y': -182.01, 'target_x': 0.0, 'target_y': 0.0, 'yaw_ins': 0.0, 'dis_ins': 0.0}
  [2026-06-23T21:29:07.705165] I: {'ins_mode': 4, 'realtime_x': -5959.37, 'realtime_y': -178.51, 'target_x': 0.0, 'target_y': 0.0, 'yaw_ins': 0.0, 'dis_ins': 0.0}
  [2026-06-23T21:29:07.784633] I: {'ins_mode': 4, 'realtime_x': -5860.57, 'realtime_y': -175.27, 'target_x': 0.0, 'target_y': 0.0, 'yaw_ins': 0.0, 'dis_ins': 0.0}
  [2026-06-23T21:29:07.857297] I: {'ins_mode': 4, 'realtime_x': -5759.57, 'realtime_y': -172.36, 'target_x': 0.0, 'target_y': 0.0, 'yaw_ins': 0.0, 'dis_ins': 0.0}
  [2026-06-23T21:29:07.997168] I: {'ins_mode': 4, 'realtime_x': -5651.25, 'realtime_y': -169.94, 'target_x': 0.0, 'target_y': 0.0, 'yaw_ins': 0.0, 'dis_ins': 0.0}
  [2026-06-23T21:29:08.018442] I: {'ins_mode': 4, 'realtime_x': -5536.9, 'realtime_y': -167.99, 'target_x': 0.0, 'target_y': 0.0, 'yaw_ins': 0.0, 'dis_ins': 0.0}
  [2026-06-23T21:29:08.102092] I: {'ins_mode': 4, 'realtime_x': -5417.42, 'realtime_y': -166.55, 'target_x': 0.0, 'target_y': 0.0, 'yaw_ins': 0.0, 'dis_ins': 0.0}
  [2026-06-23T21:29:08.217874] I: {'ins_mode': 4, 'realtime_x': -5293.68, 'realtime_y': -165.52, 'target_x': 0.0, 'target_y': 0.0, 'yaw_ins': 0.0, 'dis_ins': 0.0}
  [2026-06-23T21:29:08.259255] I: {'ins_mode': 4, 'realtime_x': -5166.51, 'realtime_y': -164.84, 'target_x': 0.0, 'target_y': 0.0, 'yaw_ins': 0.0, 'dis_ins': 0.0}
  [2026-06-23T21:29:08.355912] I: {'ins_mode': 4, 'realtime_x': -5036.8, 'realtime_y': -164.51, 'target_x': 0.0, 'target_y': 0.0, 'yaw_ins': 0.0, 'dis_ins': 0.0}
  [2026-06-23T21:29:08.441836] I: {'ins_mode': 4, 'realtime_x': -4906.91, 'realtime_y': -164.22, 'target_x': 0.0, 'target_y': 0.0, 'yaw_ins': 0.0, 'dis_ins': 0.0}
  [2026-06-23T21:29:08.494882] I: {'ins_mode': 4, 'realtime_x': -4777.54, 'realtime_y': -163.95, 'target_x': 0.0, 'target_y': 0.0, 'yaw_ins': 0.0, 'dis_ins': 0.0}
  [2026-06-23T21:29:08.574166] I: {'ins_mode': 4, 'realtime_x': -4648.48, 'realtime_y': -163.94, 'target_x': 0.0, 'target_y': 0.0, 'yaw_ins': 0.0, 'dis_ins': 0.0}
  [2026-06-23T21:29:08.662884] I: {'ins_mode': 4, 'realtime_x': -4518.91, 'realtime_y': -164.33, 'target_x': 0.0, 'target_y': 0.0, 'yaw_ins': 0.0, 'dis_ins': 0.0}
  [2026-06-23T21:29:08.736772] I: {'ins_mode': 4, 'realtime_x': -4387.97, 'realtime_y': -164.96, 'target_x': 0.0, 'target_y': 0.0, 'yaw_ins': 0.0, 'dis_ins': 0.0}
  [2026-06-23T21:29:08.874219] I: {'ins_mode': 4, 'realtime_x': -4256.24, 'realtime_y': -165.55, 'target_x': 0.0, 'target_y': 0.0, 'yaw_ins': 0.0, 'dis_ins': 0.0}
  [2026-06-23T21:29:08.895208] I: {'ins_mode': 4, 'realtime_x': -4124.39, 'realtime_y': -166.08, 'target_x': 0.0, 'target_y': 0.0, 'yaw_ins': 0.0, 'dis_ins': 0.0}
  [2026-06-23T21:29:08.979278] I: {'ins_mode': 4, 'realtime_x': -3994.14, 'realtime_y': -166.84, 'target_x': 0.0, 'target_y': 0.0, 'yaw_ins': 0.0, 'dis_ins': 0.0}
  [2026-06-23T21:29:09.092493] I: {'ins_mode': 4, 'realtime_x': -3866.78, 'realtime_y': -167.76, 'target_x': 0.0, 'target_y': 0.0, 'yaw_ins': 0.0, 'dis_ins': 0.0}
  [2026-06-23T21:29:09.134729] I: {'ins_mode': 4, 'realtime_x': -3741.76, 'realtime_y': -168.88, 'target_x': 0.0, 'target_y': 0.0, 'yaw_ins': 0.0, 'dis_ins': 0.0}
  [2026-06-23T21:29:09.304270] I: {'ins_mode': 4, 'realtime_x': -3618.44, 'realtime_y': -170.34, 'target_x': 0.0, 'target_y': 0.0, 'yaw_ins': 0.0, 'dis_ins': 0.0}
  [2026-06-23T21:29:09.306409] I: {'ins_mode': 4, 'realtime_x': -3496.29, 'realtime_y': -172.05, 'target_x': 0.0, 'target_y': 0.0, 'yaw_ins': 0.0, 'dis_ins': 0.0}
  [2026-06-23T21:29:09.380273] I: {'ins_mode': 4, 'realtime_x': -3374.34, 'realtime_y': -173.88, 'target_x': 0.0, 'target_y': 0.0, 'yaw_ins': 0.0, 'dis_ins': 0.0}
  [2026-06-23T21:29:09.529986] I: {'ins_mode': 4, 'realtime_x': -3252.35, 'realtime_y': -175.62, 'target_x': 0.0, 'target_y': 0.0, 'yaw_ins': 0.0, 'dis_ins': 0.0}
  [2026-06-23T21:29:09.540847] I: {'ins_mode': 4, 'realtime_x': -3130.36, 'realtime_y': -177.24, 'target_x': 0.0, 'target_y': 0.0, 'yaw_ins': 0.0, 'dis_ins': 0.0}
  [2026-06-23T21:29:09.614488] I: {'ins_mode': 4, 'realtime_x': -3008.21, 'realtime_y': -178.95, 'target_x': 0.0, 'target_y': 0.0, 'yaw_ins': 0.0, 'dis_ins': 0.0}
  [2026-06-23T21:29:09.746994] I: {'ins_mode': 4, 'realtime_x': -2885.49, 'realtime_y': -180.73, 'target_x': 0.0, 'target_y': 0.0, 'yaw_ins': 0.0, 'dis_ins': 0.0}
  [2026-06-23T21:29:09.778438] I: {'ins_mode': 4, 'realtime_x': -2762.22, 'realtime_y': -182.55, 'target_x': 0.0, 'target_y': 0.0, 'yaw_ins': 0.0, 'dis_ins': 0.0}
  [2026-06-23T21:29:09.873830] I: {'ins_mode': 4, 'realtime_x': -2638.86, 'realtime_y': -184.51, 'target_x': 0.0, 'target_y': 0.0, 'yaw_ins': 0.0, 'dis_ins': 0.0}
  [2026-06-23T21:29:09.959062] I: {'ins_mode': 4, 'realtime_x': -2515.98, 'realtime_y': -186.38, 'target_x': 0.0, 'target_y': 0.0, 'yaw_ins': 0.0, 'dis_ins': 0.0}
  [2026-06-23T21:29:10.021480] I: {'ins_mode': 4, 'realtime_x': -2393.47, 'realtime_y': -188.13, 'target_x': 0.0, 'target_y': 0.0, 'yaw_ins': 0.0, 'dis_ins': 0.0}
  [2026-06-23T21:29:10.094367] I: {'ins_mode': 4, 'realtime_x': -2271.62, 'realtime_y': -189.66, 'target_x': 0.0, 'target_y': 0.0, 'yaw_ins': 0.0, 'dis_ins': 0.0}
  [2026-06-23T21:29:10.186471] I: {'ins_mode': 4, 'realtime_x': -2150.57, 'realtime_y': -191.01, 'target_x': 0.0, 'target_y': 0.0, 'yaw_ins': 0.0, 'dis_ins': 0.0}
  [2026-06-23T21:29:10.260057] I: {'ins_mode': 4, 'realtime_x': -2030.02, 'realtime_y': -192.49, 'target_x': 0.0, 'target_y': 0.0, 'yaw_ins': 0.0, 'dis_ins': 0.0}
  [2026-06-23T21:29:10.396316] I: {'ins_mode': 4, 'realtime_x': -1909.77, 'realtime_y': -193.97, 'target_x': 0.0, 'target_y': 0.0, 'yaw_ins': 0.0, 'dis_ins': 0.0}
  [2026-06-23T21:29:10.417714] I: {'ins_mode': 4, 'realtime_x': -1789.03, 'realtime_y': -195.48, 'target_x': 0.0, 'target_y': 0.0, 'yaw_ins': 0.0, 'dis_ins': 0.0}
  [2026-06-23T21:29:10.501444] I: {'ins_mode': 4, 'realtime_x': -1667.25, 'realtime_y': -197.15, 'target_x': 0.0, 'target_y': 0.0, 'yaw_ins': 0.0, 'dis_ins': 0.0}
  [2026-06-23T21:29:10.617550] I: {'ins_mode': 4, 'realtime_x': -1545.68, 'realtime_y': -198.85, 'target_x': 0.0, 'target_y': 0.0, 'yaw_ins': 0.0, 'dis_ins': 0.0}
  [2026-06-23T21:29:10.659447] I: {'ins_mode': 4, 'realtime_x': -1424.27, 'realtime_y': -200.5, 'target_x': 0.0, 'target_y': 0.0, 'yaw_ins': 0.0, 'dis_ins': 0.0}
  [2026-06-23T21:29:10.830099] I: {'ins_mode': 4, 'realtime_x': -1302.57, 'realtime_y': -202.27, 'target_x': 0.0, 'target_y': 0.0, 'yaw_ins': 0.0, 'dis_ins': 0.0}
  [2026-06-23T21:29:10.833088] I: {'ins_mode': 4, 'realtime_x': -1180.09, 'realtime_y': -204.14, 'target_x': 0.0, 'target_y': 0.0, 'yaw_ins': 0.0, 'dis_ins': 0.0}
  [2026-06-23T21:29:10.895750] I: {'ins_mode': 4, 'realtime_x': -1057.0, 'realtime_y': -206.29, 'target_x': 0.0, 'target_y': 0.0, 'yaw_ins': 0.0, 'dis_ins': 0.0}
  [2026-06-23T21:29:11.050601] I: {'ins_mode': 4, 'realtime_x': -934.0, 'realtime_y': -208.72, 'target_x': 0.0, 'target_y': 0.0, 'yaw_ins': 0.0, 'dis_ins': 0.0}
  [2026-06-23T21:29:11.061523] I: {'ins_mode': 4, 'realtime_x': -811.29, 'realtime_y': -211.38, 'target_x': 0.0, 'target_y': 0.0, 'yaw_ins': 0.0, 'dis_ins': 0.0}
  [2026-06-23T21:29:11.135252] I: {'ins_mode': 4, 'realtime_x': -688.48, 'realtime_y': -214.33, 'target_x': 0.0, 'target_y': 0.0, 'yaw_ins': 0.0, 'dis_ins': 0.0}
  [2026-06-23T21:29:11.267669] I: {'ins_mode': 4, 'realtime_x': -565.69, 'realtime_y': -217.33, 'target_x': 0.0, 'target_y': 0.0, 'yaw_ins': 0.0, 'dis_ins': 0.0}
  [2026-06-23T21:29:11.299002] I: {'ins_mode': 4, 'realtime_x': -442.73, 'realtime_y': -220.42, 'target_x': 0.0, 'target_y': 0.0, 'yaw_ins': 0.0, 'dis_ins': 0.0}
  [2026-06-23T21:29:11.382907] I: {'ins_mode': 4, 'realtime_x': -321.35, 'realtime_y': -223.07, 'target_x': 0.0, 'target_y': 0.0, 'yaw_ins': 0.0, 'dis_ins': 0.0}
  [2026-06-23T21:29:11.492104] I: {'ins_mode': 4, 'realtime_x': -204.64, 'realtime_y': -225.19, 'target_x': 0.0, 'target_y': 0.0, 'yaw_ins': 0.0, 'dis_ins': 0.0}
  [2026-06-23T21:29:11.534963] I: {'ins_mode': 4, 'realtime_x': -95.54, 'realtime_y': -226.82, 'target_x': 0.0, 'target_y': 0.0, 'yaw_ins': 0.0, 'dis_ins': 0.0}
  [2026-06-23T21:29:11.695897] I: {'ins_mode': 4, 'realtime_x': -6.99, 'realtime_y': -227.61, 'target_x': 0.0, 'target_y': 0.0, 'yaw_ins': 0.0, 'dis_ins': 0.0}
  [2026-06-23T21:29:11.696027] I: {'ins_mode': 4, 'realtime_x': 51.17, 'realtime_y': -227.73, 'target_x': 0.0, 'target_y': 0.0, 'yaw_ins': 0.0, 'dis_ins': 0.0}
  [2026-06-23T21:29:11.779793] I: {'ins_mode': 4, 'realtime_x': 72.16, 'realtime_y': -227.71, 'target_x': 0.0, 'target_y': 0.0, 'yaw_ins': 0.0, 'dis_ins': 0.0}
  [2026-06-23T21:29:11.904756] I: {'ins_mode': 4, 'realtime_x': 58.34, 'realtime_y': -227.74, 'target_x': 0.0, 'target_y': 0.0, 'yaw_ins': 0.0, 'dis_ins': 0.0}
  [2026-06-23T21:29:11.936137] I: {'ins_mode': 4, 'realtime_x': 17.64, 'realtime_y': -227.55, 'target_x': 0.0, 'target_y': 0.0, 'yaw_ins': 0.0, 'dis_ins': 0.0}
  [2026-06-23T21:29:12.020398] I: {'ins_mode': 4, 'realtime_x': -39.91, 'realtime_y': -226.64, 'target_x': 0.0, 'target_y': 0.0, 'yaw_ins': 0.0, 'dis_ins': 0.0}
  [2026-06-23T21:29:12.115536] I: {'ins_mode': 4, 'realtime_x': -109.22, 'realtime_y': -224.67, 'target_x': 0.0, 'target_y': 0.0, 'yaw_ins': 0.0, 'dis_ins': 0.0}
  [2026-06-23T21:29:12.178354] I: {'ins_mode': 4, 'realtime_x': -189.12, 'realtime_y': -222.05, 'target_x': 0.0, 'target_y': 0.0, 'yaw_ins': 0.0, 'dis_ins': 0.0}
  [2026-06-23T21:29:12.343428] I: {'ins_mode': 4, 'realtime_x': -279.01, 'realtime_y': -219.36, 'target_x': 0.0, 'target_y': 0.0, 'yaw_ins': 0.0, 'dis_ins': 0.0}
  [2026-06-23T21:29:12.343982] I: {'ins_mode': 4, 'realtime_x': -374.07, 'realtime_y': -216.92, 'target_x': 0.0, 'target_y': 0.0, 'yaw_ins': 0.0, 'dis_ins': 0.0}
  [2026-06-23T21:29:12.416791] I: {'ins_mode': 4, 'realtime_x': -478.33, 'realtime_y': -213.87, 'target_x': 0.0, 'target_y': 0.0, 'yaw_ins': 0.0, 'dis_ins': 0.0}
  [2026-06-23T21:29:12.552747] I: {'ins_mode': 4, 'realtime_x': -586.45, 'realtime_y': -209.99, 'target_x': 0.0, 'target_y': 0.0, 'yaw_ins': 0.0, 'dis_ins': 0.0}
  [2026-06-23T21:29:12.584362] I: {'ins_mode': 4, 'realtime_x': -693.38, 'realtime_y': -205.95, 'target_x': 0.0, 'target_y': 0.0, 'yaw_ins': 0.0, 'dis_ins': 0.0}
  [2026-06-23T21:29:12.658541] I: {'ins_mode': 4, 'realtime_x': -798.09, 'realtime_y': -202.43, 'target_x': 0.0, 'target_y': 0.0, 'yaw_ins': 0.0, 'dis_ins': 0.0}
  [2026-06-23T21:29:12.764944] I: {'ins_mode': 4, 'realtime_x': -901.52, 'realtime_y': -200.0, 'target_x': 0.0, 'target_y': 0.0, 'yaw_ins': 0.0, 'dis_ins': 0.0}
  [2026-06-23T21:29:12.817590] I: {'ins_mode': 4, 'realtime_x': -998.82, 'realtime_y': -199.26, 'target_x': 0.0, 'target_y': 0.0, 'yaw_ins': 0.0, 'dis_ins': 0.0}
  [2026-06-23T21:29:12.988116] I: {'ins_mode': 4, 'realtime_x': -1081.15, 'realtime_y': -202.85, 'target_x': 0.0, 'target_y': 0.0, 'yaw_ins': 0.0, 'dis_ins': 0.0}
  [2026-06-23T21:29:12.988398] I: {'ins_mode': 4, 'realtime_x': -1144.31, 'realtime_y': -210.2, 'target_x': 0.0, 'target_y': 0.0, 'yaw_ins': 0.0, 'dis_ins': 0.0}
  [2026-06-23T21:29:13.061869] I: {'ins_mode': 4, 'realtime_x': -1193.34, 'realtime_y': -219.62, 'target_x': 0.0, 'target_y': 0.0, 'yaw_ins': 0.0, 'dis_ins': 0.0}
  [2026-06-23T21:29:13.204440] I: {'ins_mode': 4, 'realtime_x': -1228.98, 'realtime_y': -228.51, 'target_x': 0.0, 'target_y': 0.0, 'yaw_ins': 0.0, 'dis_ins': 0.0}
  [2026-06-23T21:29:13.214962] I: {'ins_mode': 4, 'realtime_x': -1249.17, 'realtime_y': -234.7, 'target_x': 0.0, 'target_y': 0.0, 'yaw_ins': 0.0, 'dis_ins': 0.0}
  [2026-06-23T21:29:13.298774] I: {'ins_mode': 4, 'realtime_x': -1253.79, 'realtime_y': -236.31, 'target_x': 0.0, 'target_y': 0.0, 'yaw_ins': 0.0, 'dis_ins': 0.0}
  [2026-06-23T21:29:13.419905] I: {'ins_mode': 4, 'realtime_x': -1243.29, 'realtime_y': -231.86, 'target_x': 0.0, 'target_y': 0.0, 'yaw_ins': 0.0, 'dis_ins': 0.0}
  [2026-06-23T21:29:13.461966] I: {'ins_mode': 4, 'realtime_x': -1221.06, 'realtime_y': -220.92, 'target_x': 0.0, 'target_y': 0.0, 'yaw_ins': 0.0, 'dis_ins': 0.0}
  [2026-06-23T21:29:13.534708] I: {'ins_mode': 4, 'realtime_x': -1198.18, 'realtime_y': -207.81, 'target_x': 0.0, 'target_y': 0.0, 'yaw_ins': 0.0, 'dis_ins': 0.0}
  [2026-06-23T21:29:13.633691] I: {'ins_mode': 4, 'realtime_x': -1182.74, 'realtime_y': -197.66, 'target_x': 0.0, 'target_y': 0.0, 'yaw_ins': 0.0, 'dis_ins': 0.0}
  [2026-06-23T21:29:13.696582] I: {'ins_mode': 4, 'realtime_x': -1174.49, 'realtime_y': -191.6, 'target_x': 0.0, 'target_y': 0.0, 'yaw_ins': 0.0, 'dis_ins': 0.0}
  [2026-06-23T21:29:13.774645] I: {'ins_mode': 4, 'realtime_x': -1170.16, 'realtime_y': -188.13, 'target_x': 0.0, 'target_y': 0.0, 'yaw_ins': 0.0, 'dis_ins': 0.0}
  [2026-06-23T21:29:13.866453] I: {'ins_mode': 4, 'realtime_x': -1170.87, 'realtime_y': -188.75, 'target_x': 0.0, 'target_y': 0.0, 'yaw_ins': 0.0, 'dis_ins': 0.0}
  [2026-06-23T21:29:13.940053] I: {'ins_mode': 4, 'realtime_x': -1180.18, 'realtime_y': -197.01, 'target_x': 0.0, 'target_y': 0.0, 'yaw_ins': 0.0, 'dis_ins': 0.0}
  [2026-06-23T21:29:14.079780] I: {'ins_mode': 4, 'realtime_x': -1195.5, 'realtime_y': -211.17, 'target_x': 0.0, 'target_y': 0.0, 'yaw_ins': 0.0, 'dis_ins': 0.0}
  [2026-06-23T21:29:14.101435] I: {'ins_mode': 4, 'realtime_x': -1209.59, 'realtime_y': -224.68, 'target_x': 0.0, 'target_y': 0.0, 'yaw_ins': 0.0, 'dis_ins': 0.0}
  [2026-06-23T21:29:14.175099] I: {'ins_mode': 4, 'realtime_x': -1220.28, 'realtime_y': -235.01, 'target_x': 0.0, 'target_y': 0.0, 'yaw_ins': 0.0, 'dis_ins': 0.0}
  [2026-06-23T21:29:14.295300] I: {'ins_mode': 4, 'realtime_x': -1228.91, 'realtime_y': -243.39, 'target_x': 0.0, 'target_y': 0.0, 'yaw_ins': 0.0, 'dis_ins': 0.0}
  [2026-06-23T21:29:14.338099] I: {'ins_mode': 4, 'realtime_x': -1238.64, 'realtime_y': -252.83, 'target_x': 0.0, 'target_y': 0.0, 'yaw_ins': 0.0, 'dis_ins': 0.0}
  [2026-06-23T21:29:14.430418] I: {'ins_mode': 4, 'realtime_x': -1248.96, 'realtime_y': -262.9, 'target_x': 0.0, 'target_y': 0.0, 'yaw_ins': 0.0, 'dis_ins': 0.0}
  [2026-06-23T21:29:14.519255] I: {'ins_mode': 4, 'realtime_x': -1259.01, 'realtime_y': -272.67, 'target_x': 0.0, 'target_y': 0.0, 'yaw_ins': 0.0, 'dis_ins': 0.0}
  [2026-06-23T21:29:14.582405] I: {'ins_mode': 4, 'realtime_x': -1267.76, 'realtime_y': -281.26, 'target_x': 0.0, 'target_y': 0.0, 'yaw_ins': 0.0, 'dis_ins': 0.0}
  [2026-06-23T21:29:14.743957] I: {'ins_mode': 4, 'realtime_x': -1274.71, 'realtime_y': -288.21, 'target_x': 0.0, 'target_y': 0.0, 'yaw_ins': 0.0, 'dis_ins': 0.0}
  [2026-06-23T21:29:14.744207] I: {'ins_mode': 4, 'realtime_x': -1280.29, 'realtime_y': -293.88, 'target_x': 0.0, 'target_y': 0.0, 'yaw_ins': 0.0, 'dis_ins': 0.0}
  [2026-06-23T21:29:14.818457] I: {'ins_mode': 4, 'realtime_x': -1284.66, 'realtime_y': -298.35, 'target_x': 0.0, 'target_y': 0.0, 'yaw_ins': 0.0, 'dis_ins': 0.0}
  [2026-06-23T21:29:14.957056] I: {'ins_mode': 4, 'realtime_x': -1287.48, 'realtime_y': -301.25, 'target_x': 0.0, 'target_y': 0.0, 'yaw_ins': 0.0, 'dis_ins': 0.0}
  [2026-06-23T21:29:14.978392] I: {'ins_mode': 4, 'realtime_x': -1289.03, 'realtime_y': -302.85, 'target_x': 0.0, 'target_y': 0.0, 'yaw_ins': 0.0, 'dis_ins': 0.0}
  [2026-06-23T21:29:15.062313] I: {'ins_mode': 4, 'realtime_x': -1289.87, 'realtime_y': -303.71, 'target_x': 0.0, 'target_y': 0.0, 'yaw_ins': 0.0, 'dis_ins': 0.0}
  [2026-06-23T21:29:15.173322] I: {'ins_mode': 4, 'realtime_x': -1290.85, 'realtime_y': -304.72, 'target_x': 0.0, 'target_y': 0.0, 'yaw_ins': 0.0, 'dis_ins': 0.0}
  [2026-06-23T21:29:15.215250] I: {'ins_mode': 4, 'realtime_x': -1291.88, 'realtime_y': -305.8, 'target_x': 0.0, 'target_y': 0.0, 'yaw_ins': 0.0, 'dis_ins': 0.0}
  [2026-06-23T21:29:15.302563] I: {'ins_mode': 4, 'realtime_x': -1291.8, 'realtime_y': -305.72, 'target_x': 0.0, 'target_y': 0.0, 'yaw_ins': 0.0, 'dis_ins': 0.0}
  [2026-06-23T21:29:15.390635] I: {'ins_mode': 4, 'realtime_x': -1290.12, 'realtime_y': -304.0, 'target_x': 0.0, 'target_y': 0.0, 'yaw_ins': 0.0, 'dis_ins': 0.0}
  [2026-06-23T21:29:15.454128] I: {'ins_mode': 4, 'realtime_x': -1286.89, 'realtime_y': -300.69, 'target_x': 0.0, 'target_y': 0.0, 'yaw_ins': 0.0, 'dis_ins': 0.0}
  [2026-06-23T21:29:15.613411] I: {'ins_mode': 4, 'realtime_x': -1282.41, 'realtime_y': -296.13, 'target_x': 0.0, 'target_y': 0.0, 'yaw_ins': 0.0, 'dis_ins': 0.0}
  [2026-06-23T21:29:15.624302] I: {'ins_mode': 4, 'realtime_x': -1276.63, 'realtime_y': -290.29, 'target_x': 0.0, 'target_y': 0.0, 'yaw_ins': 0.0, 'dis_ins': 0.0}
  [2026-06-23T21:29:15.698130] I: {'ins_mode': 4, 'realtime_x': -1269.78, 'realtime_y': -283.39, 'target_x': 0.0, 'target_y': 0.0, 'yaw_ins': 0.0, 'dis_ins': 0.0}
  [2026-06-23T21:29:15.829354] I: {'ins_mode': 4, 'realtime_x': -1262.25, 'realtime_y': -275.89, 'target_x': 0.0, 'target_y': 0.0, 'yaw_ins': 0.0, 'dis_ins': 0.0}
  [2026-06-23T21:29:15.861238] I: {'ins_mode': 4, 'realtime_x': -1254.68, 'realtime_y': -268.39, 'target_x': 0.0, 'target_y': 0.0, 'yaw_ins': 0.0, 'dis_ins': 0.0}
  [2026-06-23T21:29:15.933730] I: {'ins_mode': 4, 'realtime_x': -1247.6, 'realtime_y': -261.4, 'target_x': 0.0, 'target_y': 0.0, 'yaw_ins': 0.0, 'dis_ins': 0.0}
  [2026-06-23T21:29:16.050864] I: {'ins_mode': 4, 'realtime_x': -1240.77, 'realtime_y': -254.63, 'target_x': 0.0, 'target_y': 0.0, 'yaw_ins': 0.0, 'dis_ins': 0.0}
  [2026-06-23T21:29:16.105010] I: {'ins_mode': 4, 'realtime_x': -1233.37, 'realtime_y': -247.25, 'target_x': 0.0, 'target_y': 0.0, 'yaw_ins': 0.0, 'dis_ins': 0.0}
  [2026-06-23T21:29:16.274233] I: {'ins_mode': 4, 'realtime_x': -1225.15, 'realtime_y': -239.03, 'target_x': 0.0, 'target_y': 0.0, 'yaw_ins': 0.0, 'dis_ins': 0.0}
  [2026-06-23T21:29:16.276210] I: {'ins_mode': 4, 'realtime_x': -1215.86, 'realtime_y': -229.69, 'target_x': 0.0, 'target_y': 0.0, 'yaw_ins': 0.0, 'dis_ins': 0.0}
  [2026-06-23T21:29:16.339124] I: {'ins_mode': 4, 'realtime_x': -1205.72, 'realtime_y': -219.51, 'target_x': 0.0, 'target_y': 0.0, 'yaw_ins': 0.0, 'dis_ins': 0.0}
  [2026-06-23T21:29:16.483070] I: {'ins_mode': 4, 'realtime_x': -1195.46, 'realtime_y': -209.16, 'target_x': 0.0, 'target_y': 0.0, 'yaw_ins': 0.0, 'dis_ins': 0.0}
  [2026-06-23T21:29:16.504157] I: {'ins_mode': 4, 'realtime_x': -1185.04, 'realtime_y': -198.69, 'target_x': 0.0, 'target_y': 0.0, 'yaw_ins': 0.0, 'dis_ins': 0.0}
  [2026-06-23T21:29:16.577455] I: {'ins_mode': 4, 'realtime_x': -1173.91, 'realtime_y': -187.67, 'target_x': 0.0, 'target_y': 0.0, 'yaw_ins': 0.0, 'dis_ins': 0.0}
  [2026-06-23T21:29:16.696023] I: {'ins_mode': 4, 'realtime_x': -1162.31, 'realtime_y': -176.29, 'target_x': 0.0, 'target_y': 0.0, 'yaw_ins': 0.0, 'dis_ins': 0.0}
  [2026-06-23T21:29:16.737809] I: {'ins_mode': 4, 'realtime_x': -1150.22, 'realtime_y': -164.55, 'target_x': 0.0, 'target_y': 0.0, 'yaw_ins': 0.0, 'dis_ins': 0.0}
  [2026-06-23T21:29:16.827861] I: {'ins_mode': 4, 'realtime_x': -1138.16, 'realtime_y': -152.88, 'target_x': 0.0, 'target_y': 0.0, 'yaw_ins': 0.0, 'dis_ins': 0.0}
  [2026-06-23T21:29:16.916306] I: {'ins_mode': 4, 'realtime_x': -1125.4, 'realtime_y': -140.54, 'target_x': 0.0, 'target_y': 0.0, 'yaw_ins': 0.0, 'dis_ins': 0.0}
  [2026-06-23T21:29:16.979337] I: {'ins_mode': 4, 'realtime_x': -1111.88, 'realtime_y': -127.53, 'target_x': 0.0, 'target_y': 0.0, 'yaw_ins': 0.0, 'dis_ins': 0.0}
  [2026-06-23T21:29:17.140241] I: {'ins_mode': 4, 'realtime_x': -1097.8, 'realtime_y': -114.01, 'target_x': 0.0, 'target_y': 0.0, 'yaw_ins': 0.0, 'dis_ins': 0.0}
  [2026-06-23T21:29:17.140504] I: {'ins_mode': 4, 'realtime_x': -1083.68, 'realtime_y': -100.48, 'target_x': 0.0, 'target_y': 0.0, 'yaw_ins': 0.0, 'dis_ins': 0.0}
  [2026-06-23T21:29:17.223506] I: {'ins_mode': 4, 'realtime_x': -1069.75, 'realtime_y': -87.11, 'target_x': 0.0, 'target_y': 0.0, 'yaw_ins': 0.0, 'dis_ins': 0.0}
  [2026-06-23T21:29:17.357953] I: {'ins_mode': 4, 'realtime_x': -1056.0, 'realtime_y': -73.94, 'target_x': 0.0, 'target_y': 0.0, 'yaw_ins': 0.0, 'dis_ins': 0.0}
  [2026-06-23T21:29:17.378582] I: {'ins_mode': 4, 'realtime_x': -1041.99, 'realtime_y': -60.56, 'target_x': 0.0, 'target_y': 0.0, 'yaw_ins': 0.0, 'dis_ins': 0.0}
  [2026-06-23T21:29:17.461644] I: {'ins_mode': 4, 'realtime_x': -1027.63, 'realtime_y': -46.82, 'target_x': 0.0, 'target_y': 0.0, 'yaw_ins': 0.0, 'dis_ins': 0.0}
  [2026-06-23T21:29:17.561424] I: {'ins_mode': 4, 'realtime_x': -1012.76, 'realtime_y': -32.53, 'target_x': 0.0, 'target_y': 0.0, 'yaw_ins': 0.0, 'dis_ins': 0.0}
  [2026-06-23T21:29:17.625031] I: {'ins_mode': 4, 'realtime_x': -997.37, 'realtime_y': -17.76, 'target_x': 0.0, 'target_y': 0.0, 'yaw_ins': 0.0, 'dis_ins': 0.0}
  [2026-06-23T21:29:17.776547] I: {'ins_mode': 4, 'realtime_x': -981.52, 'realtime_y': -2.59, 'target_x': 0.0, 'target_y': 0.0, 'yaw_ins': 0.0, 'dis_ins': 0.0}
  [2026-06-23T21:29:17.776769] I: {'ins_mode': 4, 'realtime_x': -965.47, 'realtime_y': 12.71, 'target_x': 0.0, 'target_y': 0.0, 'yaw_ins': 0.0, 'dis_ins': 0.0}
  [2026-06-23T21:29:17.862918] I: {'ins_mode': 4, 'realtime_x': -949.16, 'realtime_y': 28.23, 'target_x': 0.0, 'target_y': 0.0, 'yaw_ins': 0.0, 'dis_ins': 0.0}
  [2026-06-23T21:29:17.990490] I: {'ins_mode': 4, 'realtime_x': -932.68, 'realtime_y': 43.84, 'target_x': 0.0, 'target_y': 0.0, 'yaw_ins': 0.0, 'dis_ins': 0.0}
  [2026-06-23T21:29:18.021992] I: {'ins_mode': 4, 'realtime_x': -915.73, 'realtime_y': 59.91, 'target_x': 0.0, 'target_y': 0.0, 'yaw_ins': 0.0, 'dis_ins': 0.0}
  [2026-06-23T21:29:18.113815] I: {'ins_mode': 4, 'realtime_x': -898.03, 'realtime_y': 76.67, 'target_x': 0.0, 'target_y': 0.0, 'yaw_ins': 0.0, 'dis_ins': 0.0}
  [2026-06-23T21:29:18.202506] I: {'ins_mode': 4, 'realtime_x': -879.35, 'realtime_y': 94.33, 'target_x': 0.0, 'target_y': 0.0, 'yaw_ins': 0.0, 'dis_ins': 0.0}
  [2026-06-23T21:29:18.254707] I: {'ins_mode': 4, 'realtime_x': -860.08, 'realtime_y': 112.54, 'target_x': 0.0, 'target_y': 0.0, 'yaw_ins': 0.0, 'dis_ins': 0.0}
  [2026-06-23T21:29:18.427597] I: {'ins_mode': 4, 'realtime_x': -840.48, 'realtime_y': 131.0, 'target_x': 0.0, 'target_y': 0.0, 'yaw_ins': 0.0, 'dis_ins': 0.0}
  [2026-06-23T21:29:18.429612] I: {'ins_mode': 4, 'realtime_x': -820.67, 'realtime_y': 149.61, 'target_x': 0.0, 'target_y': 0.0, 'yaw_ins': 0.0, 'dis_ins': 0.0}
  [2026-06-23T21:29:18.504088] I: {'ins_mode': 4, 'realtime_x': -800.39, 'realtime_y': 168.62, 'target_x': 0.0, 'target_y': 0.0, 'yaw_ins': 0.0, 'dis_ins': 0.0}
  [2026-06-23T21:29:18.649539] I: {'ins_mode': 4, 'realtime_x': -779.51, 'realtime_y': 188.2, 'target_x': 0.0, 'target_y': 0.0, 'yaw_ins': 0.0, 'dis_ins': 0.0}
  [2026-06-23T21:29:18.660491] I: {'ins_mode': 4, 'realtime_x': -758.29, 'realtime_y': 208.21, 'target_x': 0.0, 'target_y': 0.0, 'yaw_ins': 0.0, 'dis_ins': 0.0}
  [2026-06-23T21:29:18.735349] I: {'ins_mode': 4, 'realtime_x': -737.8, 'realtime_y': 227.53, 'target_x': 0.0, 'target_y': 0.0, 'yaw_ins': 0.0, 'dis_ins': 0.0}
  [2026-06-23T21:29:18.857654] I: {'ins_mode': 4, 'realtime_x': -716.68, 'realtime_y': 247.37, 'target_x': 0.0, 'target_y': 0.0, 'yaw_ins': 0.0, 'dis_ins': 0.0}
  [2026-06-23T21:29:18.899820] I: {'ins_mode': 4, 'realtime_x': -694.44, 'realtime_y': 268.21, 'target_x': 0.0, 'target_y': 0.0, 'yaw_ins': 0.0, 'dis_ins': 0.0}
  [2026-06-23T21:29:19.084741] I: {'ins_mode': 4, 'realtime_x': -671.38, 'realtime_y': 289.8, 'target_x': 0.0, 'target_y': 0.0, 'yaw_ins': 0.0, 'dis_ins': 0.0}
  [2026-06-23T21:29:19.086984] I: {'ins_mode': 4, 'realtime_x': -647.86, 'realtime_y': 311.86, 'target_x': 0.0, 'target_y': 0.0, 'yaw_ins': 0.0, 'dis_ins': 0.0}
  [2026-06-23T21:29:19.140097] I: {'ins_mode': 4, 'realtime_x': -623.99, 'realtime_y': 334.22, 'target_x': 0.0, 'target_y': 0.0, 'yaw_ins': 0.0, 'dis_ins': 0.0}
  [2026-06-23T21:29:19.305573] I: {'ins_mode': 4, 'realtime_x': -599.22, 'realtime_y': 357.28, 'target_x': 0.0, 'target_y': 0.0, 'yaw_ins': 0.0, 'dis_ins': 0.0}
  [2026-06-23T21:29:19.307656] I: {'ins_mode': 4, 'realtime_x': -573.65, 'realtime_y': 381.07, 'target_x': 0.0, 'target_y': 0.0, 'yaw_ins': 0.0, 'dis_ins': 0.0}
  [2026-06-23T21:29:19.381432] I: {'ins_mode': 4, 'realtime_x': -547.51, 'realtime_y': 405.24, 'target_x': 0.0, 'target_y': 0.0, 'yaw_ins': 0.0, 'dis_ins': 0.0}
  [2026-06-23T21:29:19.525599] I: {'ins_mode': 4, 'realtime_x': -521.8, 'realtime_y': 428.86, 'target_x': 0.0, 'target_y': 0.0, 'yaw_ins': 0.0, 'dis_ins': 0.0}
  [2026-06-23T21:29:19.535982] I: {'ins_mode': 4, 'realtime_x': -496.68, 'realtime_y': 451.96, 'target_x': 0.0, 'target_y': 0.0, 'yaw_ins': 0.0, 'dis_ins': 0.0}
  [2026-06-23T21:29:19.620279] I: {'ins_mode': 4, 'realtime_x': -471.16, 'realtime_y': 475.17, 'target_x': 0.0, 'target_y': 0.0, 'yaw_ins': 0.0, 'dis_ins': 0.0}
  [2026-06-23T21:29:19.747941] I: {'ins_mode': 4, 'realtime_x': -444.44, 'realtime_y': 499.27, 'target_x': 0.0, 'target_y': 0.0, 'yaw_ins': 0.0, 'dis_ins': 0.0}
  [2026-06-23T21:29:19.779465] I: {'ins_mode': 4, 'realtime_x': -416.53, 'realtime_y': 524.3, 'target_x': 0.0, 'target_y': 0.0, 'yaw_ins': 0.0, 'dis_ins': 0.0}
  [2026-06-23T21:29:19.869259] I: {'ins_mode': 4, 'realtime_x': -387.63, 'realtime_y': 549.76, 'target_x': 0.0, 'target_y': 0.0, 'yaw_ins': 0.0, 'dis_ins': 0.0}
  [2026-06-23T21:29:19.974463] I: {'ins_mode': 4, 'realtime_x': -358.57, 'realtime_y': 574.61, 'target_x': 0.0, 'target_y': 0.0, 'yaw_ins': 0.0, 'dis_ins': 0.0}
  [2026-06-23T21:29:20.017185] I: {'ins_mode': 4, 'realtime_x': -330.3, 'realtime_y': 598.12, 'target_x': 0.0, 'target_y': 0.0, 'yaw_ins': 0.0, 'dis_ins': 0.0}
  [2026-06-23T21:29:20.182309] I: {'ins_mode': 4, 'realtime_x': -303.74, 'realtime_y': 618.77, 'target_x': 0.0, 'target_y': 0.0, 'yaw_ins': 0.0, 'dis_ins': 0.0}
  [2026-06-23T21:29:20.182761] I: {'ins_mode': 4, 'realtime_x': -280.41, 'realtime_y': 634.34, 'target_x': 0.0, 'target_y': 0.0, 'yaw_ins': 0.0, 'dis_ins': 0.0}
  [2026-06-23T21:29:20.256268] I: {'ins_mode': 4, 'realtime_x': -259.75, 'realtime_y': 645.83, 'target_x': 0.0, 'target_y': 0.0, 'yaw_ins': 0.0, 'dis_ins': 0.0}
  [2026-06-23T21:29:20.400861] I: {'ins_mode': 4, 'realtime_x': -240.93, 'realtime_y': 654.31, 'target_x': 0.0, 'target_y': 0.0, 'yaw_ins': 0.0, 'dis_ins': 0.0}
  [2026-06-23T21:29:20.422279] I: {'ins_mode': 4, 'realtime_x': -225.11, 'realtime_y': 659.68, 'target_x': 0.0, 'target_y': 0.0, 'yaw_ins': 0.0, 'dis_ins': 0.0}
  [2026-06-23T21:29:20.495321] I: {'ins_mode': 4, 'realtime_x': -212.14, 'realtime_y': 662.92, 'target_x': 0.0, 'target_y': 0.0, 'yaw_ins': 0.0, 'dis_ins': 0.0}
  [2026-06-23T21:29:20.621704] I: {'ins_mode': 4, 'realtime_x': -202.3, 'realtime_y': 664.5, 'target_x': 0.0, 'target_y': 0.0, 'yaw_ins': 0.0, 'dis_ins': 0.0}
  [2026-06-23T21:29:20.664481] I: {'ins_mode': 4, 'realtime_x': -196.14, 'realtime_y': 664.91, 'target_x': 0.0, 'target_y': 0.0, 'yaw_ins': 0.0, 'dis_ins': 0.0}
  [2026-06-23T21:29:20.845848] I: {'ins_mode': 4, 'realtime_x': -192.08, 'realtime_y': 664.85, 'target_x': 0.0, 'target_y': 0.0, 'yaw_ins': 0.0, 'dis_ins': 0.0}
  [2026-06-23T21:29:20.847781] I: {'ins_mode': 4, 'realtime_x': -190.15, 'realtime_y': 664.7, 'target_x': 0.0, 'target_y': 0.0, 'yaw_ins': 0.0, 'dis_ins': 0.0}
  [2026-06-23T21:29:20.900572] I: {'ins_mode': 4, 'realtime_x': -189.78, 'realtime_y': 664.65, 'target_x': 0.0, 'target_y': 0.0, 'yaw_ins': 0.0, 'dis_ins': 0.0}
  [2026-06-23T21:29:21.045690] I: {'ins_mode': 4, 'realtime_x': -193.21, 'realtime_y': 665.44, 'target_x': 0.0, 'target_y': 0.0, 'yaw_ins': 0.0, 'dis_ins': 0.0}
  [2026-06-23T21:29:21.056607] I: {'ins_mode': 4, 'realtime_x': -203.99, 'realtime_y': 668.33, 'target_x': 0.0, 'target_y': 0.0, 'yaw_ins': 0.0, 'dis_ins': 0.0}
  [2026-06-23T21:29:21.139880] I: {'ins_mode': 4, 'realtime_x': -220.23, 'realtime_y': 673.72, 'target_x': 0.0, 'target_y': 0.0, 'yaw_ins': 0.0, 'dis_ins': 0.0}
  [2026-06-23T21:29:21.266440] I: {'ins_mode': 4, 'realtime_x': -241.19, 'realtime_y': 682.01, 'target_x': 0.0, 'target_y': 0.0, 'yaw_ins': 0.0, 'dis_ins': 0.0}
  [2026-06-23T21:29:21.297733] I: {'ins_mode': 4, 'realtime_x': -264.02, 'realtime_y': 692.23, 'target_x': 0.0, 'target_y': 0.0, 'yaw_ins': 0.0, 'dis_ins': 0.0}
  [2026-06-23T21:29:21.393666] I: {'ins_mode': 4, 'realtime_x': -291.71, 'realtime_y': 706.21, 'target_x': 0.0, 'target_y': 0.0, 'yaw_ins': 0.0, 'dis_ins': 0.0}
  [2026-06-23T21:29:21.494719] I: {'ins_mode': 4, 'realtime_x': -323.82, 'realtime_y': 725.23, 'target_x': 0.0, 'target_y': 0.0, 'yaw_ins': 0.0, 'dis_ins': 0.0}
  [2026-06-23T21:29:21.537057] I: {'ins_mode': 4, 'realtime_x': -356.61, 'realtime_y': 748.58, 'target_x': 0.0, 'target_y': 0.0, 'yaw_ins': 0.0, 'dis_ins': 0.0}
  [2026-06-23T21:29:21.702355] I: {'ins_mode': 4, 'realtime_x': -381.8, 'realtime_y': 770.29, 'target_x': 0.0, 'target_y': 0.0, 'yaw_ins': 0.0, 'dis_ins': 0.0}
  [2026-06-23T21:29:21.702545] I: {'ins_mode': 4, 'realtime_x': -399.88, 'realtime_y': 789.14, 'target_x': 0.0, 'target_y': 0.0, 'yaw_ins': 0.0, 'dis_ins': 0.0}
  [2026-06-23T21:29:21.775775] I: {'ins_mode': 4, 'realtime_x': -414.37, 'realtime_y': 806.93, 'target_x': 0.0, 'target_y': 0.0, 'yaw_ins': 0.0, 'dis_ins': 0.0}
  [2026-06-23T21:29:21.927676] I: {'ins_mode': 4, 'realtime_x': -427.36, 'realtime_y': 825.03, 'target_x': 0.0, 'target_y': 0.0, 'yaw_ins': 0.0, 'dis_ins': 0.0}
  [2026-06-23T21:29:21.938457] I: {'ins_mode': 4, 'realtime_x': -439.23, 'realtime_y': 843.72, 'target_x': 0.0, 'target_y': 0.0, 'yaw_ins': 0.0, 'dis_ins': 0.0}
  [2026-06-23T21:29:22.022215] I: {'ins_mode': 4, 'realtime_x': -450.82, 'realtime_y': 864.38, 'target_x': 0.0, 'target_y': 0.0, 'yaw_ins': 0.0, 'dis_ins': 0.0}
  [2026-06-23T21:29:22.149205] I: {'ins_mode': 4, 'realtime_x': -462.59, 'realtime_y': 887.19, 'target_x': 0.0, 'target_y': 0.0, 'yaw_ins': 0.0, 'dis_ins': 0.0}
  [2026-06-23T21:29:22.180508] I: {'ins_mode': 4, 'realtime_x': -472.62, 'realtime_y': 907.89, 'target_x': 0.0, 'target_y': 0.0, 'yaw_ins': 0.0, 'dis_ins': 0.0}
  [2026-06-23T21:29:22.263948] I: {'ins_mode': 4, 'realtime_x': -480.0, 'realtime_y': 924.33, 'target_x': 0.0, 'target_y': 0.0, 'yaw_ins': 0.0, 'dis_ins': 0.0}
  [2026-06-23T21:29:22.373080] I: {'ins_mode': 4, 'realtime_x': -485.0, 'realtime_y': 936.19, 'target_x': 0.0, 'target_y': 0.0, 'yaw_ins': 0.0, 'dis_ins': 0.0}
  [2026-06-23T21:29:22.415131] I: {'ins_mode': 4, 'realtime_x': -486.89, 'realtime_y': 941.0, 'target_x': 0.0, 'target_y': 0.0, 'yaw_ins': 0.0, 'dis_ins': 0.0}
  [2026-06-23T21:29:22.587972] I: {'ins_mode': 4, 'realtime_x': -486.02, 'realtime_y': 938.42, 'target_x': 0.0, 'target_y': 0.0, 'yaw_ins': 0.0, 'dis_ins': 0.0}
  [2026-06-23T21:29:22.588199] I: {'ins_mode': 4, 'realtime_x': -483.47, 'realtime_y': 929.8, 'target_x': 0.0, 'target_y': 0.0, 'yaw_ins': 0.0, 'dis_ins': 0.0}
  [2026-06-23T21:29:22.662298] I: {'ins_mode': 4, 'realtime_x': -481.01, 'realtime_y': 919.65, 'target_x': 0.0, 'target_y': 0.0, 'yaw_ins': 0.0, 'dis_ins': 0.0}
  [2026-06-23T21:29:22.803702] I: {'ins_mode': 4, 'realtime_x': -479.01, 'realtime_y': 909.24, 'target_x': 0.0, 'target_y': 0.0, 'yaw_ins': 0.0, 'dis_ins': 0.0}
  [2026-06-23T21:29:22.825145] I: {'ins_mode': 4, 'realtime_x': -477.1, 'realtime_y': 895.96, 'target_x': 0.0, 'target_y': 0.0, 'yaw_ins': 0.0, 'dis_ins': 0.0}
  [2026-06-23T21:29:22.899837] I: {'ins_mode': 4, 'realtime_x': -475.32, 'realtime_y': 877.71, 'target_x': 0.0, 'target_y': 0.0, 'yaw_ins': 0.0, 'dis_ins': 0.0}
  [2026-06-23T21:29:23.026526] I: {'ins_mode': 4, 'realtime_x': -473.93, 'realtime_y': 852.01, 'target_x': 0.0, 'target_y': 0.0, 'yaw_ins': 0.0, 'dis_ins': 0.0}
  [2026-06-23T21:29:23.058364] I: {'ins_mode': 4, 'realtime_x': -473.68, 'realtime_y': 816.3, 'target_x': 0.0, 'target_y': 0.0, 'yaw_ins': 0.0, 'dis_ins': 0.0}
  [2026-06-23T21:29:23.247292] I: {'ins_mode': 4, 'realtime_x': -475.34, 'realtime_y': 771.42, 'target_x': 0.0, 'target_y': 0.0, 'yaw_ins': 0.0, 'dis_ins': 0.0}
  [2026-06-23T21:29:23.247656] I: {'ins_mode': 4, 'realtime_x': -478.79, 'realtime_y': 721.22, 'target_x': 0.0, 'target_y': 0.0, 'yaw_ins': 0.0, 'dis_ins': 0.0}
  [2026-06-23T21:29:23.300411] I: {'ins_mode': 4, 'realtime_x': -481.89, 'realtime_y': 670.69, 'target_x': 0.0, 'target_y': 0.0, 'yaw_ins': 0.0, 'dis_ins': 0.0}
  [2026-06-23T21:29:23.457883] I: {'ins_mode': 4, 'realtime_x': -481.96, 'realtime_y': 626.48, 'target_x': 0.0, 'target_y': 0.0, 'yaw_ins': 0.0, 'dis_ins': 0.0}
  [2026-06-23T21:29:23.459738] I: {'ins_mode': 4, 'realtime_x': -479.15, 'realtime_y': 595.66, 'target_x': 0.0, 'target_y': 0.0, 'yaw_ins': 0.0, 'dis_ins': 0.0}
  [2026-06-23T21:29:23.544261] I: {'ins_mode': 4, 'realtime_x': -476.81, 'realtime_y': 582.18, 'target_x': 0.0, 'target_y': 0.0, 'yaw_ins': 0.0, 'dis_ins': 0.0}
  [2026-06-23T21:29:23.673764] I: {'ins_mode': 4, 'realtime_x': -477.81, 'realtime_y': 585.74, 'target_x': 0.0, 'target_y': 0.0, 'yaw_ins': 0.0, 'dis_ins': 0.0}
  [2026-06-23T21:29:23.695109] I: {'ins_mode': 4, 'realtime_x': -481.88, 'realtime_y': 597.39, 'target_x': 0.0, 'target_y': 0.0, 'yaw_ins': 0.0, 'dis_ins': 0.0}
  [2026-06-23T21:29:23.789165] I: {'ins_mode': 4, 'realtime_x': -488.11, 'realtime_y': 611.65, 'target_x': 0.0, 'target_y': 0.0, 'yaw_ins': 0.0, 'dis_ins': 0.0}
  [2026-06-23T21:29:23.888041] I: {'ins_mode': 4, 'realtime_x': -494.0, 'realtime_y': 622.9, 'target_x': 0.0, 'target_y': 0.0, 'yaw_ins': 0.0, 'dis_ins': 0.0}
  [2026-06-23T21:29:23.941218] I: {'ins_mode': 4, 'realtime_x': -495.58, 'realtime_y': 625.63, 'target_x': 0.0, 'target_y': 0.0, 'yaw_ins': 0.0, 'dis_ins': 0.0}
  [2026-06-23T21:29:24.098147] I: {'ins_mode': 4, 'realtime_x': -490.77, 'realtime_y': 618.13, 'target_x': 0.0, 'target_y': 0.0, 'yaw_ins': 0.0, 'dis_ins': 0.0}
  [2026-06-23T21:29:24.098302] I: {'ins_mode': 4, 'realtime_x': -477.76, 'realtime_y': 598.72, 'target_x': 0.0, 'target_y': 0.0, 'yaw_ins': 0.0, 'dis_ins': 0.0}
  [2026-06-23T21:29:24.182221] I: {'ins_mode': 4, 'realtime_x': -458.87, 'realtime_y': 572.23, 'target_x': 0.0, 'target_y': 0.0, 'yaw_ins': 0.0, 'dis_ins': 0.0}
  [2026-06-23T21:29:24.323402] I: {'ins_mode': 4, 'realtime_x': -437.24, 'realtime_y': 543.83, 'target_x': 0.0, 'target_y': 0.0, 'yaw_ins': 0.0, 'dis_ins': 0.0}
  [2026-06-23T21:29:24.345092] I: {'ins_mode': 4, 'realtime_x': -413.91, 'realtime_y': 515.08, 'target_x': 0.0, 'target_y': 0.0, 'yaw_ins': 0.0, 'dis_ins': 0.0}
  [2026-06-23T21:29:24.426397] I: {'ins_mode': 4, 'realtime_x': -385.88, 'realtime_y': 481.98, 'target_x': 0.0, 'target_y': 0.0, 'yaw_ins': 0.0, 'dis_ins': 0.0}
  [2026-06-23T21:29:24.524737] I: {'ins_mode': 4, 'realtime_x': -351.81, 'realtime_y': 443.43, 'target_x': 0.0, 'target_y': 0.0, 'yaw_ins': 0.0, 'dis_ins': 0.0}
  [2026-06-23T21:29:24.577479] I: {'ins_mode': 4, 'realtime_x': -315.52, 'realtime_y': 405.48, 'target_x': 0.0, 'target_y': 0.0, 'yaw_ins': 0.0, 'dis_ins': 0.0}
  [2026-06-23T21:29:24.742476] I: {'ins_mode': 4, 'realtime_x': -280.53, 'realtime_y': 372.77, 'target_x': 0.0, 'target_y': 0.0, 'yaw_ins': 0.0, 'dis_ins': 0.0}
  [2026-06-23T21:29:24.742672] I: {'ins_mode': 4, 'realtime_x': -249.14, 'realtime_y': 347.07, 'target_x': 0.0, 'target_y': 0.0, 'yaw_ins': 0.0, 'dis_ins': 0.0}
  [2026-06-23T21:29:24.816819] I: {'ins_mode': 4, 'realtime_x': -221.56, 'realtime_y': 327.24, 'target_x': 0.0, 'target_y': 0.0, 'yaw_ins': 0.0, 'dis_ins': 0.0}
  [2026-06-23T21:29:24.962245] I: {'ins_mode': 4, 'realtime_x': -195.26, 'realtime_y': 309.89, 'target_x': 0.0, 'target_y': 0.0, 'yaw_ins': 0.0, 'dis_ins': 0.0}
  [2026-06-23T21:29:24.983785] I: {'ins_mode': 4, 'realtime_x': -171.89, 'realtime_y': 295.37, 'target_x': 0.0, 'target_y': 0.0, 'yaw_ins': 0.0, 'dis_ins': 0.0}
  [2026-06-23T21:29:25.067446] I: {'ins_mode': 4, 'realtime_x': -152.33, 'realtime_y': 283.87, 'target_x': 0.0, 'target_y': 0.0, 'yaw_ins': 0.0, 'dis_ins': 0.0}
  [2026-06-23T21:29:25.166633] I: {'ins_mode': 4, 'realtime_x': -134.81, 'realtime_y': 274.09, 'target_x': 0.0, 'target_y': 0.0, 'yaw_ins': 0.0, 'dis_ins': 0.0}
  [2026-06-23T21:29:25.218318] I: {'ins_mode': 4, 'realtime_x': -118.07, 'realtime_y': 265.27, 'target_x': 0.0, 'target_y': 0.0, 'yaw_ins': 0.0, 'dis_ins': 0.0}
  [2026-06-23T21:29:25.387781] I: {'ins_mode': 4, 'realtime_x': -105.48, 'realtime_y': 259.14, 'target_x': 0.0, 'target_y': 0.0, 'yaw_ins': 0.0, 'dis_ins': 0.0}
  [2026-06-23T21:29:25.388038] I: {'ins_mode': 4, 'realtime_x': -103.11, 'realtime_y': 258.09, 'target_x': 0.0, 'target_y': 0.0, 'yaw_ins': 0.0, 'dis_ins': 0.0}
  [2026-06-23T21:29:25.461858] I: {'ins_mode': 4, 'realtime_x': -115.27, 'realtime_y': 262.19, 'target_x': 0.0, 'target_y': 0.0, 'yaw_ins': 0.0, 'dis_ins': 0.0}
  [2026-06-23T21:29:25.608943] I: {'ins_mode': 4, 'realtime_x': -142.14, 'realtime_y': 269.76, 'target_x': 0.0, 'target_y': 0.0, 'yaw_ins': 0.0, 'dis_ins': 0.0}
  [2026-06-23T21:29:25.619650] I: {'ins_mode': 4, 'realtime_x': -179.92, 'realtime_y': 278.51, 'target_x': 0.0, 'target_y': 0.0, 'yaw_ins': 0.0, 'dis_ins': 0.0}
  [2026-06-23T21:29:25.704233] I: {'ins_mode': 4, 'realtime_x': -221.12, 'realtime_y': 286.09, 'target_x': 0.0, 'target_y': 0.0, 'yaw_ins': 0.0, 'dis_ins': 0.0}
  [2026-06-23T21:29:25.827518] I: {'ins_mode': 4, 'realtime_x': -262.29, 'realtime_y': 291.5, 'target_x': 0.0, 'target_y': 0.0, 'yaw_ins': 0.0, 'dis_ins': 0.0}
  [2026-06-23T21:29:25.858834] I: {'ins_mode': 4, 'realtime_x': -303.48, 'realtime_y': 295.02, 'target_x': 0.0, 'target_y': 0.0, 'yaw_ins': 0.0, 'dis_ins': 0.0}
  [2026-06-23T21:29:25.943215] I: {'ins_mode': 4, 'realtime_x': -345.4, 'realtime_y': 297.12, 'target_x': 0.0, 'target_y': 0.0, 'yaw_ins': 0.0, 'dis_ins': 0.0}
  [2026-06-23T21:29:26.046365] I: {'ins_mode': 4, 'realtime_x': -385.66, 'realtime_y': 298.07, 'target_x': 0.0, 'target_y': 0.0, 'yaw_ins': 0.0, 'dis_ins': 0.0}
  [2026-06-23T21:29:26.098634] I: {'ins_mode': 4, 'realtime_x': -419.27, 'realtime_y': 298.45, 'target_x': 0.0, 'target_y': 0.0, 'yaw_ins': 0.0, 'dis_ins': 0.0}
  [2026-06-23T21:29:26.266822] I: {'ins_mode': 4, 'realtime_x': -445.73, 'realtime_y': 298.55, 'target_x': 0.0, 'target_y': 0.0, 'yaw_ins': 0.0, 'dis_ins': 0.0}
  [2026-06-23T21:29:26.267108] I: {'ins_mode': 4, 'realtime_x': -469.33, 'realtime_y': 297.97, 'target_x': 0.0, 'target_y': 0.0, 'yaw_ins': 0.0, 'dis_ins': 0.0}
  [2026-06-23T21:29:26.340460] I: {'ins_mode': 4, 'realtime_x': -491.27, 'realtime_y': 296.64, 'target_x': 0.0, 'target_y': 0.0, 'yaw_ins': 0.0, 'dis_ins': 0.0}
  [2026-06-23T21:29:26.475641] I: {'ins_mode': 4, 'realtime_x': -510.75, 'realtime_y': 294.97, 'target_x': 0.0, 'target_y': 0.0, 'yaw_ins': 0.0, 'dis_ins': 0.0}
  [2026-06-23T21:29:26.507291] I: {'ins_mode': 4, 'realtime_x': -529.65, 'realtime_y': 293.08, 'target_x': 0.0, 'target_y': 0.0, 'yaw_ins': 0.0, 'dis_ins': 0.0}
  [2026-06-23T21:29:26.594402] I: {'ins_mode': 4, 'realtime_x': -547.38, 'realtime_y': 291.1, 'target_x': 0.0, 'target_y': 0.0, 'yaw_ins': 0.0, 'dis_ins': 0.0}
  [2026-06-23T21:29:26.693878] I: {'ins_mode': 4, 'realtime_x': -562.8, 'realtime_y': 289.25, 'target_x': 0.0, 'target_y': 0.0, 'yaw_ins': 0.0, 'dis_ins': 0.0}
  [2026-06-23T21:29:26.746357] I: {'ins_mode': 4, 'realtime_x': -574.96, 'realtime_y': 287.69, 'target_x': 0.0, 'target_y': 0.0, 'yaw_ins': 0.0, 'dis_ins': 0.0}
  [2026-06-23T21:29:26.917246] I: {'ins_mode': 4, 'realtime_x': -583.8, 'realtime_y': 286.42, 'target_x': 0.0, 'target_y': 0.0, 'yaw_ins': 0.0, 'dis_ins': 0.0}
  [2026-06-23T21:29:26.917613] I: {'ins_mode': 4, 'realtime_x': -592.65, 'realtime_y': 284.94, 'target_x': 0.0, 'target_y': 0.0, 'yaw_ins': 0.0, 'dis_ins': 0.0}
  [2026-06-23T21:29:26.981581] I: {'ins_mode': 4, 'realtime_x': -603.66, 'realtime_y': 282.97, 'target_x': 0.0, 'target_y': 0.0, 'yaw_ins': 0.0, 'dis_ins': 0.0}
  [2026-06-23T21:29:27.132942] I: {'ins_mode': 4, 'realtime_x': -615.4, 'realtime_y': 280.65, 'target_x': 0.0, 'target_y': 0.0, 'yaw_ins': 0.0, 'dis_ins': 0.0}
  [2026-06-23T21:29:27.143539] I: {'ins_mode': 4, 'realtime_x': -624.91, 'realtime_y': 278.52, 'target_x': 0.0, 'target_y': 0.0, 'yaw_ins': 0.0, 'dis_ins': 0.0}
  [2026-06-23T21:29:27.217147] I: {'ins_mode': 4, 'realtime_x': -633.66, 'realtime_y': 276.39, 'target_x': 0.0, 'target_y': 0.0, 'yaw_ins': 0.0, 'dis_ins': 0.0}
  [2026-06-23T21:29:27.351375] I: {'ins_mode': 4, 'realtime_x': -643.15, 'realtime_y': 273.92, 'target_x': 0.0, 'target_y': 0.0, 'yaw_ins': 0.0, 'dis_ins': 0.0}
  [2026-06-23T21:29:27.382607] I: {'ins_mode': 4, 'realtime_x': -653.86, 'realtime_y': 270.92, 'target_x': 0.0, 'target_y': 0.0, 'yaw_ins': 0.0, 'dis_ins': 0.0}
  [2026-06-23T21:29:27.465274] I: {'ins_mode': 4, 'realtime_x': -664.31, 'realtime_y': 267.79, 'target_x': 0.0, 'target_y': 0.0, 'yaw_ins': 0.0, 'dis_ins': 0.0}
  [2026-06-23T21:29:27.563939] I: {'ins_mode': 4, 'realtime_x': -673.57, 'realtime_y': 264.8, 'target_x': 0.0, 'target_y': 0.0, 'yaw_ins': 0.0, 'dis_ins': 0.0}
  [2026-06-23T21:29:27.626686] I: {'ins_mode': 4, 'realtime_x': -682.79, 'realtime_y': 261.62, 'target_x': 0.0, 'target_y': 0.0, 'yaw_ins': 0.0, 'dis_ins': 0.0}
  [2026-06-23T21:29:27.789962] I: {'ins_mode': 4, 'realtime_x': -693.22, 'realtime_y': 257.92, 'target_x': 0.0, 'target_y': 0.0, 'yaw_ins': 0.0, 'dis_ins': 0.0}
  [2026-06-23T21:29:27.790009] I: {'ins_mode': 4, 'realtime_x': -703.97, 'realtime_y': 254.18, 'target_x': 0.0, 'target_y': 0.0, 'yaw_ins': 0.0, 'dis_ins': 0.0}
  [2026-06-23T21:29:27.863606] I: {'ins_mode': 4, 'realtime_x': -714.19, 'realtime_y': 250.87, 'target_x': 0.0, 'target_y': 0.0, 'yaw_ins': 0.0, 'dis_ins': 0.0}
  [2026-06-23T21:29:28.007816] I: {'ins_mode': 4, 'realtime_x': -723.12, 'realtime_y': 248.29, 'target_x': 0.0, 'target_y': 0.0, 'yaw_ins': 0.0, 'dis_ins': 0.0}
  [2026-06-23T21:29:28.018593] I: {'ins_mode': 4, 'realtime_x': -730.98, 'realtime_y': 246.31, 'target_x': 0.0, 'target_y': 0.0, 'yaw_ins': 0.0, 'dis_ins': 0.0}
  [2026-06-23T21:29:28.113377] I: {'ins_mode': 4, 'realtime_x': -739.24, 'realtime_y': 244.51, 'target_x': 0.0, 'target_y': 0.0, 'yaw_ins': 0.0, 'dis_ins': 0.0}
  [2026-06-23T21:29:28.219787] I: {'ins_mode': 4, 'realtime_x': -747.25, 'realtime_y': 242.99, 'target_x': 0.0, 'target_y': 0.0, 'yaw_ins': 0.0, 'dis_ins': 0.0}
  [2026-06-23T21:29:28.262257] I: {'ins_mode': 4, 'realtime_x': -755.02, 'realtime_y': 241.71, 'target_x': 0.0, 'target_y': 0.0, 'yaw_ins': 0.0, 'dis_ins': 0.0}
  [2026-06-23T21:29:28.446554] I: {'ins_mode': 4, 'realtime_x': -761.81, 'realtime_y': 240.69, 'target_x': 0.0, 'target_y': 0.0, 'yaw_ins': 0.0, 'dis_ins': 0.0}
  [2026-06-23T21:29:28.446587] I: {'ins_mode': 4, 'realtime_x': -769.56, 'realtime_y': 239.63, 'target_x': 0.0, 'target_y': 0.0, 'yaw_ins': 0.0, 'dis_ins': 0.0}
  [2026-06-23T21:29:28.499579] I: {'ins_mode': 4, 'realtime_x': -776.69, 'realtime_y': 238.74, 'target_x': 0.0, 'target_y': 0.0, 'yaw_ins': 0.0, 'dis_ins': 0.0}
  [2026-06-23T21:29:28.662262] I: {'ins_mode': 4, 'realtime_x': -782.84, 'realtime_y': 238.02, 'target_x': 0.0, 'target_y': 0.0, 'yaw_ins': 0.0, 'dis_ins': 0.0}
  [2026-06-23T21:29:28.662297] I: {'ins_mode': 4, 'realtime_x': -787.58, 'realtime_y': 237.5, 'target_x': 0.0, 'target_y': 0.0, 'yaw_ins': 0.0, 'dis_ins': 0.0}
  [2026-06-23T21:29:28.745588] I: {'ins_mode': 4, 'realtime_x': -789.11, 'realtime_y': 237.34, 'target_x': 0.0, 'target_y': 0.0, 'yaw_ins': 0.0, 'dis_ins': 0.0}
  [2026-06-23T21:29:28.868739] I: {'ins_mode': 4, 'realtime_x': -788.26, 'realtime_y': 237.43, 'target_x': 0.0, 'target_y': 0.0, 'yaw_ins': 0.0, 'dis_ins': 0.0}
  [2026-06-23T21:29:28.900516] I: {'ins_mode': 4, 'realtime_x': -785.16, 'realtime_y': 237.73, 'target_x': 0.0, 'target_y': 0.0, 'yaw_ins': 0.0, 'dis_ins': 0.0}
  [2026-06-23T21:29:28.977721] I: {'ins_mode': 4, 'realtime_x': -780.54, 'realtime_y': 238.2, 'target_x': 0.0, 'target_y': 0.0, 'yaw_ins': 0.0, 'dis_ins': 0.0}
  [2026-06-23T21:29:29.092089] I: {'ins_mode': 4, 'realtime_x': -775.26, 'realtime_y': 238.74, 'target_x': 0.0, 'target_y': 0.0, 'yaw_ins': 0.0, 'dis_ins': 0.0}
  [2026-06-23T21:29:29.144003] I: {'ins_mode': 4, 'realtime_x': -769.61, 'realtime_y': 239.33, 'target_x': 0.0, 'target_y': 0.0, 'yaw_ins': 0.0, 'dis_ins': 0.0}
  [2026-06-23T21:29:29.298239] I: {'ins_mode': 4, 'realtime_x': -764.36, 'realtime_y': 239.87, 'target_x': 0.0, 'target_y': 0.0, 'yaw_ins': 0.0, 'dis_ins': 0.0}
  [2026-06-23T21:29:29.298278] I: {'ins_mode': 4, 'realtime_x': -759.68, 'realtime_y': 240.34, 'target_x': 0.0, 'target_y': 0.0, 'yaw_ins': 0.0, 'dis_ins': 0.0}
  [2026-06-23T21:29:29.382493] I: {'ins_mode': 4, 'realtime_x': -754.48, 'realtime_y': 240.84, 'target_x': 0.0, 'target_y': 0.0, 'yaw_ins': 0.0, 'dis_ins': 0.0}
  [2026-06-23T21:29:29.506090] I: {'ins_mode': 4, 'realtime_x': -749.85, 'realtime_y': 241.29, 'target_x': 0.0, 'target_y': 0.0, 'yaw_ins': 0.0, 'dis_ins': 0.0}
  [2026-06-23T21:29:29.537893] I: {'ins_mode': 4, 'realtime_x': -744.93, 'realtime_y': 241.75, 'target_x': 0.0, 'target_y': 0.0, 'yaw_ins': 0.0, 'dis_ins': 0.0}
  [2026-06-23T21:29:29.621458] I: {'ins_mode': 4, 'realtime_x': -739.38, 'realtime_y': 242.25, 'target_x': 0.0, 'target_y': 0.0, 'yaw_ins': 0.0, 'dis_ins': 0.0}
  [2026-06-23T21:29:29.724578] I: {'ins_mode': 4, 'realtime_x': -733.15, 'realtime_y': 242.81, 'target_x': 0.0, 'target_y': 0.0, 'yaw_ins': 0.0, 'dis_ins': 0.0}
  [2026-06-23T21:29:29.777212] I: {'ins_mode': 4, 'realtime_x': -726.59, 'realtime_y': 243.4, 'target_x': 0.0, 'target_y': 0.0, 'yaw_ins': 0.0, 'dis_ins': 0.0}
  [2026-06-23T21:29:29.937600] I: {'ins_mode': 4, 'realtime_x': -720.29, 'realtime_y': 243.95, 'target_x': 0.0, 'target_y': 0.0, 'yaw_ins': 0.0, 'dis_ins': 0.0}
  [2026-06-23T21:29:29.937685] I: {'ins_mode': 4, 'realtime_x': -714.2, 'realtime_y': 244.47, 'target_x': 0.0, 'target_y': 0.0, 'yaw_ins': 0.0, 'dis_ins': 0.0}
  [2026-06-23T21:29:30.021495] I: {'ins_mode': 4, 'realtime_x': -708.17, 'realtime_y': 244.98, 'target_x': 0.0, 'target_y': 0.0, 'yaw_ins': 0.0, 'dis_ins': 0.0}
  [2026-06-23T21:29:30.146269] I: {'ins_mode': 4, 'realtime_x': -702.08, 'realtime_y': 245.5, 'target_x': 0.0, 'target_y': 0.0, 'yaw_ins': 0.0, 'dis_ins': 0.0}
  [2026-06-23T21:29:30.177844] I: {'ins_mode': 4, 'realtime_x': -695.26, 'realtime_y': 246.08, 'target_x': 0.0, 'target_y': 0.0, 'yaw_ins': 0.0, 'dis_ins': 0.0}
  [2026-06-23T21:29:30.270756] I: {'ins_mode': 4, 'realtime_x': -688.07, 'realtime_y': 246.71, 'target_x': 0.0, 'target_y': 0.0, 'yaw_ins': 0.0, 'dis_ins': 0.0}
  [2026-06-23T21:29:30.375766] I: {'ins_mode': 4, 'realtime_x': -680.28, 'realtime_y': 247.39, 'target_x': 0.0, 'target_y': 0.0, 'yaw_ins': 0.0, 'dis_ins': 0.0}
  [2026-06-23T21:29:30.417366] I: {'ins_mode': 4, 'realtime_x': -672.15, 'realtime_y': 248.09, 'target_x': 0.0, 'target_y': 0.0, 'yaw_ins': 0.0, 'dis_ins': 0.0}
  [2026-06-23T21:29:30.599394] I: {'ins_mode': 4, 'realtime_x': -663.91, 'realtime_y': 248.8, 'target_x': 0.0, 'target_y': 0.0, 'yaw_ins': 0.0, 'dis_ins': 0.0}
  [2026-06-23T21:29:30.601895] I: {'ins_mode': 4, 'realtime_x': -655.44, 'realtime_y': 249.51, 'target_x': 0.0, 'target_y': 0.0, 'yaw_ins': 0.0, 'dis_ins': 0.0}
  [2026-06-23T21:29:30.664075] I: {'ins_mode': 4, 'realtime_x': -646.77, 'realtime_y': 250.24, 'target_x': 0.0, 'target_y': 0.0, 'yaw_ins': 0.0, 'dis_ins': 0.0}
  [2026-06-23T21:29:30.794512] I: {'ins_mode': 4, 'realtime_x': -637.71, 'realtime_y': 251.0, 'target_x': 0.0, 'target_y': 0.0, 'yaw_ins': 0.0, 'dis_ins': 0.0}
  [2026-06-23T21:29:30.826247] I: {'ins_mode': 4, 'realtime_x': -628.03, 'realtime_y': 251.81, 'target_x': 0.0, 'target_y': 0.0, 'yaw_ins': 0.0, 'dis_ins': 0.0}
  [2026-06-23T21:29:30.907787] I: {'ins_mode': 4, 'realtime_x': -618.12, 'realtime_y': 252.66, 'target_x': 0.0, 'target_y': 0.0, 'yaw_ins': 0.0, 'dis_ins': 0.0}
  [2026-06-23T21:29:31.001824] I: {'ins_mode': 4, 'realtime_x': -607.88, 'realtime_y': 253.56, 'target_x': 0.0, 'target_y': 0.0, 'yaw_ins': 0.0, 'dis_ins': 0.0}
  [2026-06-23T21:29:31.064452] I: {'ins_mode': 4, 'realtime_x': -597.17, 'realtime_y': 254.51, 'target_x': 0.0, 'target_y': 0.0, 'yaw_ins': 0.0, 'dis_ins': 0.0}
  [2026-06-23T21:29:31.229702] I: {'ins_mode': 4, 'realtime_x': -586.75, 'realtime_y': 255.42, 'target_x': 0.0, 'target_y': 0.0, 'yaw_ins': 0.0, 'dis_ins': 0.0}
  [2026-06-23T21:29:31.229738] I: {'ins_mode': 4, 'realtime_x': -576.13, 'realtime_y': 256.35, 'target_x': 0.0, 'target_y': 0.0, 'yaw_ins': 0.0, 'dis_ins': 0.0}
  [2026-06-23T21:29:31.305115] I: {'ins_mode': 4, 'realtime_x': -565.46, 'realtime_y': 257.28, 'target_x': 0.0, 'target_y': 0.0, 'yaw_ins': 0.0, 'dis_ins': 0.0}
  [2026-06-23T21:29:31.450421] I: {'ins_mode': 4, 'realtime_x': -554.57, 'realtime_y': 258.25, 'target_x': 0.0, 'target_y': 0.0, 'yaw_ins': 0.0, 'dis_ins': 0.0}
  [2026-06-23T21:29:31.461185] I: {'ins_mode': 4, 'realtime_x': -543.72, 'realtime_y': 259.21, 'target_x': 0.0, 'target_y': 0.0, 'yaw_ins': 0.0, 'dis_ins': 0.0}
  [2026-06-23T21:29:31.545374] I: {'ins_mode': 4, 'realtime_x': -532.77, 'realtime_y': 260.16, 'target_x': 0.0, 'target_y': 0.0, 'yaw_ins': 0.0, 'dis_ins': 0.0}
  [2026-06-23T21:29:31.656985] I: {'ins_mode': 4, 'realtime_x': -521.22, 'realtime_y': 261.14, 'target_x': 0.0, 'target_y': 0.0, 'yaw_ins': 0.0, 'dis_ins': 0.0}
  [2026-06-23T21:29:31.699193] I: {'ins_mode': 4, 'realtime_x': -508.59, 'realtime_y': 262.19, 'target_x': 0.0, 'target_y': 0.0, 'yaw_ins': 0.0, 'dis_ins': 0.0}
  [2026-06-23T21:29:31.780305] I: {'ins_mode': 4, 'realtime_x': -496.2, 'realtime_y': 263.21, 'target_x': 0.0, 'target_y': 0.0, 'yaw_ins': 0.0, 'dis_ins': 0.0}
  [2026-06-23T21:29:31.883106] I: {'ins_mode': 4, 'realtime_x': -484.07, 'realtime_y': 264.2, 'target_x': 0.0, 'target_y': 0.0, 'yaw_ins': 0.0, 'dis_ins': 0.0}
  [2026-06-23T21:29:31.945640] I: {'ins_mode': 4, 'realtime_x': -472.09, 'realtime_y': 265.16, 'target_x': 0.0, 'target_y': 0.0, 'yaw_ins': 0.0, 'dis_ins': 0.0}
  [2026-06-23T21:29:32.104216] I: {'ins_mode': 4, 'realtime_x': -460.29, 'realtime_y': 266.12, 'target_x': 0.0, 'target_y': 0.0, 'yaw_ins': 0.0, 'dis_ins': 0.0}
  [2026-06-23T21:29:32.106119] I: {'ins_mode': 4, 'realtime_x': -448.27, 'realtime_y': 267.11, 'target_x': 0.0, 'target_y': 0.0, 'yaw_ins': 0.0, 'dis_ins': 0.0}
  [2026-06-23T21:29:32.179519] I: {'ins_mode': 4, 'realtime_x': -436.77, 'realtime_y': 268.06, 'target_x': 0.0, 'target_y': 0.0, 'yaw_ins': 0.0, 'dis_ins': 0.0}
  [2026-06-23T21:29:32.319986] I: {'ins_mode': 4, 'realtime_x': -426.38, 'realtime_y': 268.94, 'target_x': 0.0, 'target_y': 0.0, 'yaw_ins': 0.0, 'dis_ins': 0.0}
  [2026-06-23T21:29:32.341304] I: {'ins_mode': 4, 'realtime_x': -416.33, 'realtime_y': 269.79, 'target_x': 0.0, 'target_y': 0.0, 'yaw_ins': 0.0, 'dis_ins': 0.0}
  [2026-06-23T21:29:32.431310] I: {'ins_mode': 4, 'realtime_x': -406.48, 'realtime_y': 270.62, 'target_x': 0.0, 'target_y': 0.0, 'yaw_ins': 0.0, 'dis_ins': 0.0}
  [2026-06-23T21:29:32.532097] I: {'ins_mode': 4, 'realtime_x': -396.72, 'realtime_y': 271.43, 'target_x': 0.0, 'target_y': 0.0, 'yaw_ins': 0.0, 'dis_ins': 0.0}
  [2026-06-23T21:29:32.584540] I: {'ins_mode': 4, 'realtime_x': -386.93, 'realtime_y': 272.25, 'target_x': 0.0, 'target_y': 0.0, 'yaw_ins': 0.0, 'dis_ins': 0.0}
  [2026-06-23T21:29:32.753499] I: {'ins_mode': 4, 'realtime_x': -377.01, 'realtime_y': 273.09, 'target_x': 0.0, 'target_y': 0.0, 'yaw_ins': 0.0, 'dis_ins': 0.0}
  [2026-06-23T21:29:32.753642] I: {'ins_mode': 4, 'realtime_x': -366.95, 'realtime_y': 273.92, 'target_x': 0.0, 'target_y': 0.0, 'yaw_ins': 0.0, 'dis_ins': 0.0}
  [2026-06-23T21:29:32.817582] I: {'ins_mode': 4, 'realtime_x': -355.73, 'realtime_y': 274.85, 'target_x': 0.0, 'target_y': 0.0, 'yaw_ins': 0.0, 'dis_ins': 0.0}
  [2026-06-23T21:29:32.964318] I: {'ins_mode': 4, 'realtime_x': -343.54, 'realtime_y': 275.86, 'target_x': 0.0, 'target_y': 0.0, 'yaw_ins': 0.0, 'dis_ins': 0.0}
  [2026-06-23T21:29:32.986099] I: {'ins_mode': 4, 'realtime_x': -330.95, 'realtime_y': 276.89, 'target_x': 0.0, 'target_y': 0.0, 'yaw_ins': 0.0, 'dis_ins': 0.0}
  [2026-06-23T21:29:33.058803] I: {'ins_mode': 4, 'realtime_x': -318.03, 'realtime_y': 277.95, 'target_x': 0.0, 'target_y': 0.0, 'yaw_ins': 0.0, 'dis_ins': 0.0}
  [2026-06-23T21:29:33.199236] I: {'ins_mode': 4, 'realtime_x': -304.66, 'realtime_y': 279.01, 'target_x': 0.0, 'target_y': 0.0, 'yaw_ins': 0.0, 'dis_ins': 0.0}
  [2026-06-23T21:29:33.220121] I: {'ins_mode': 4, 'realtime_x': -290.99, 'realtime_y': 280.09, 'target_x': 0.0, 'target_y': 0.0, 'yaw_ins': 0.0, 'dis_ins': 0.0}
  [2026-06-23T21:29:33.305190] I: {'ins_mode': 4, 'realtime_x': -276.7, 'realtime_y': 281.24, 'target_x': 0.0, 'target_y': 0.0, 'yaw_ins': 0.0, 'dis_ins': 0.0}
  [2026-06-23T21:29:33.407416] I: {'ins_mode': 4, 'realtime_x': -262.27, 'realtime_y': 282.38, 'target_x': 0.0, 'target_y': 0.0, 'yaw_ins': 0.0, 'dis_ins': 0.0}
  [2026-06-23T21:29:33.459239] I: {'ins_mode': 4, 'realtime_x': -247.91, 'realtime_y': 283.49, 'target_x': 0.0, 'target_y': 0.0, 'yaw_ins': 0.0, 'dis_ins': 0.0}
  [2026-06-23T21:29:33.624690] I: {'ins_mode': 4, 'realtime_x': -233.12, 'realtime_y': 284.63, 'target_x': 0.0, 'target_y': 0.0, 'yaw_ins': 0.0, 'dis_ins': 0.0}
  [2026-06-23T21:29:33.625023] I: {'ins_mode': 4, 'realtime_x': -217.71, 'realtime_y': 285.78, 'target_x': 0.0, 'target_y': 0.0, 'yaw_ins': 0.0, 'dis_ins': 0.0}
  [2026-06-23T21:29:33.697877] I: {'ins_mode': 4, 'realtime_x': -201.79, 'realtime_y': 286.97, 'target_x': 0.0, 'target_y': 0.0, 'yaw_ins': 0.0, 'dis_ins': 0.0}
  [2026-06-23T21:29:33.834554] I: {'ins_mode': 4, 'realtime_x': -185.05, 'realtime_y': 288.23, 'target_x': 0.0, 'target_y': 0.0, 'yaw_ins': 0.0, 'dis_ins': 0.0}
  [2026-06-23T21:29:33.866431] I: {'ins_mode': 4, 'realtime_x': -167.68, 'realtime_y': 289.56, 'target_x': 0.0, 'target_y': 0.0, 'yaw_ins': 0.0, 'dis_ins': 0.0}
  [2026-06-23T21:29:33.949819] I: {'ins_mode': 4, 'realtime_x': -150.09, 'realtime_y': 290.89, 'target_x': 0.0, 'target_y': 0.0, 'yaw_ins': 0.0, 'dis_ins': 0.0}
  [2026-06-23T21:29:34.054660] I: {'ins_mode': 4, 'realtime_x': -135.65, 'realtime_y': 291.96, 'target_x': 0.0, 'target_y': 0.0, 'yaw_ins': 0.0, 'dis_ins': 0.0}
  [2026-06-23T21:29:34.107892] I: {'ins_mode': 4, 'realtime_x': -133.01, 'realtime_y': 292.15, 'target_x': 0.0, 'target_y': 0.0, 'yaw_ins': 0.0, 'dis_ins': 0.0}
  [2026-06-23T21:29:34.269307] I: {'ins_mode': 4, 'realtime_x': -145.62, 'realtime_y': 291.29, 'target_x': 0.0, 'target_y': 0.0, 'yaw_ins': 0.0, 'dis_ins': 0.0}
  [2026-06-23T21:29:34.272541] I: {'ins_mode': 4, 'realtime_x': -173.75, 'realtime_y': 289.74, 'target_x': 0.0, 'target_y': 0.0, 'yaw_ins': 0.0, 'dis_ins': 0.0}
  [2026-06-23T21:29:34.346156] I: {'ins_mode': 4, 'realtime_x': -216.92, 'realtime_y': 288.29, 'target_x': 0.0, 'target_y': 0.0, 'yaw_ins': 0.0, 'dis_ins': 0.0}
  [2026-06-23T21:29:34.478389] I: {'ins_mode': 4, 'realtime_x': -273.46, 'realtime_y': 287.73, 'target_x': 0.0, 'target_y': 0.0, 'yaw_ins': 0.0, 'dis_ins': 0.0}
  [2026-06-23T21:29:34.499270] I: {'ins_mode': 4, 'realtime_x': -339.92, 'realtime_y': 288.53, 'target_x': 0.0, 'target_y': 0.0, 'yaw_ins': 0.0, 'dis_ins': 0.0}
  [2026-06-23T21:29:34.576213] I: {'ins_mode': 4, 'realtime_x': -413.23, 'realtime_y': 290.82, 'target_x': 0.0, 'target_y': 0.0, 'yaw_ins': 0.0, 'dis_ins': 0.0}
  [2026-06-23T21:29:34.695724] I: {'ins_mode': 4, 'realtime_x': -485.97, 'realtime_y': 294.02, 'target_x': 0.0, 'target_y': 0.0, 'yaw_ins': 0.0, 'dis_ins': 0.0}
  [2026-06-23T21:29:34.737336] I: {'ins_mode': 4, 'realtime_x': -549.24, 'realtime_y': 297.09, 'target_x': 0.0, 'target_y': 0.0, 'yaw_ins': 0.0, 'dis_ins': 0.0}
  [2026-06-23T21:29:34.923438] I: {'ins_mode': 4, 'realtime_x': -597.82, 'realtime_y': 299.23, 'target_x': 0.0, 'target_y': 0.0, 'yaw_ins': 0.0, 'dis_ins': 0.0}
  [2026-06-23T21:29:34.925994] I: {'ins_mode': 4, 'realtime_x': -629.18, 'realtime_y': 300.27, 'target_x': 0.0, 'target_y': 0.0, 'yaw_ins': 0.0, 'dis_ins': 0.0}
  [2026-06-23T21:29:34.978194] I: {'ins_mode': 4, 'realtime_x': -643.82, 'realtime_y': 300.59, 'target_x': 0.0, 'target_y': 0.0, 'yaw_ins': 0.0, 'dis_ins': 0.0}
  [2026-06-23T21:29:35.134882] I: {'ins_mode': 4, 'realtime_x': -646.86, 'realtime_y': 300.64, 'target_x': 0.0, 'target_y': 0.0, 'yaw_ins': 0.0, 'dis_ins': 0.0}
  [2026-06-23T21:29:35.145746] I: {'ins_mode': 4, 'realtime_x': -643.02, 'realtime_y': 300.62, 'target_x': 0.0, 'target_y': 0.0, 'yaw_ins': 0.0, 'dis_ins': 0.0}
  [2026-06-23T21:29:35.226859] I: {'ins_mode': 4, 'realtime_x': -634.84, 'realtime_y': 300.65, 'target_x': 0.0, 'target_y': 0.0, 'yaw_ins': 0.0, 'dis_ins': 0.0}
  [2026-06-23T21:29:35.338510] I: {'ins_mode': 4, 'realtime_x': -626.47, 'realtime_y': 300.73, 'target_x': 0.0, 'target_y': 0.0, 'yaw_ins': 0.0, 'dis_ins': 0.0}
  [2026-06-23T21:29:35.380654] I: {'ins_mode': 4, 'realtime_x': -621.96, 'realtime_y': 300.79, 'target_x': 0.0, 'target_y': 0.0, 'yaw_ins': 0.0, 'dis_ins': 0.0}
  [2026-06-23T21:29:35.557363] I: {'ins_mode': 4, 'realtime_x': -623.0, 'realtime_y': 300.77, 'target_x': 0.0, 'target_y': 0.0, 'yaw_ins': 0.0, 'dis_ins': 0.0}
  [2026-06-23T21:29:35.557479] I: {'ins_mode': 4, 'realtime_x': -634.15, 'realtime_y': 300.53, 'target_x': 0.0, 'target_y': 0.0, 'yaw_ins': 0.0, 'dis_ins': 0.0}
  [2026-06-23T21:29:35.620152] I: {'ins_mode': 4, 'realtime_x': -658.94, 'realtime_y': 299.72, 'target_x': 0.0, 'target_y': 0.0, 'yaw_ins': 0.0, 'dis_ins': 0.0}
  [2026-06-23T21:29:35.786257] I: {'ins_mode': 4, 'realtime_x': -695.52, 'realtime_y': 297.99, 'target_x': 0.0, 'target_y': 0.0, 'yaw_ins': 0.0, 'dis_ins': 0.0}
  [2026-06-23T21:29:35.788642] I: {'ins_mode': 4, 'realtime_x': -740.53, 'realtime_y': 295.38, 'target_x': 0.0, 'target_y': 0.0, 'yaw_ins': 0.0, 'dis_ins': 0.0}
  [2026-06-23T21:29:35.868176] I: {'ins_mode': 4, 'realtime_x': -796.34, 'realtime_y': 291.81, 'target_x': 0.0, 'target_y': 0.0, 'yaw_ins': 0.0, 'dis_ins': 0.0}
  [2026-06-23T21:29:35.998762] I: {'ins_mode': 4, 'realtime_x': -862.28, 'realtime_y': 287.38, 'target_x': 0.0, 'target_y': 0.0, 'yaw_ins': 0.0, 'dis_ins': 0.0}
  [2026-06-23T21:29:36.036692] I: {'ins_mode': 4, 'realtime_x': -934.94, 'realtime_y': 282.15, 'target_x': 0.0, 'target_y': 0.0, 'yaw_ins': 0.0, 'dis_ins': 0.0}
  [2026-06-23T21:29:36.228048] I: {'ins_mode': 4, 'realtime_x': -1010.41, 'realtime_y': 276.62, 'target_x': 0.0, 'target_y': 0.0, 'yaw_ins': 0.0, 'dis_ins': 0.0}
  [2026-06-23T21:29:36.228082] I: {'ins_mode': 4, 'realtime_x': -1086.79, 'realtime_y': 271.23, 'target_x': 0.0, 'target_y': 0.0, 'yaw_ins': 0.0, 'dis_ins': 0.0}
  [2026-06-23T21:29:36.269003] I: {'ins_mode': 4, 'realtime_x': -1162.16, 'realtime_y': 265.97, 'target_x': 0.0, 'target_y': 0.0, 'yaw_ins': 0.0, 'dis_ins': 0.0}
  [2026-06-23T21:29:36.426227] I: {'ins_mode': 4, 'realtime_x': -1234.66, 'realtime_y': 261.03, 'target_x': 0.0, 'target_y': 0.0, 'yaw_ins': 0.0, 'dis_ins': 0.0}
  [2026-06-23T21:29:36.426276] I: {'ins_mode': 4, 'realtime_x': -1303.59, 'realtime_y': 256.51, 'target_x': 0.0, 'target_y': 0.0, 'yaw_ins': 0.0, 'dis_ins': 0.0}
  [2026-06-23T21:29:36.503025] I: {'ins_mode': 4, 'realtime_x': -1368.47, 'realtime_y': 252.46, 'target_x': 0.0, 'target_y': 0.0, 'yaw_ins': 0.0, 'dis_ins': 0.0}
  [2026-06-23T21:29:36.662006] I: {'ins_mode': 4, 'realtime_x': -1429.17, 'realtime_y': 248.89, 'target_x': 0.0, 'target_y': 0.0, 'yaw_ins': 0.0, 'dis_ins': 0.0}
  [2026-06-23T21:29:36.662391] I: {'ins_mode': 4, 'realtime_x': -1485.99, 'realtime_y': 245.78, 'target_x': 0.0, 'target_y': 0.0, 'yaw_ins': 0.0, 'dis_ins': 0.0}
  [2026-06-23T21:29:36.864905] I: {'ins_mode': 4, 'realtime_x': -1538.97, 'realtime_y': 243.29, 'target_x': 0.0, 'target_y': 0.0, 'yaw_ins': 0.0, 'dis_ins': 0.0}
  [2026-06-23T21:29:36.886991] I: {'ins_mode': 4, 'realtime_x': -1588.46, 'realtime_y': 241.41, 'target_x': 0.0, 'target_y': 0.0, 'yaw_ins': 0.0, 'dis_ins': 0.0}
  [2026-06-23T21:29:36.917720] I: {'ins_mode': 4, 'realtime_x': -1634.74, 'realtime_y': 240.08, 'target_x': 0.0, 'target_y': 0.0, 'yaw_ins': 0.0, 'dis_ins': 0.0}
  [2026-06-23T21:29:37.085742] I: {'ins_mode': 4, 'realtime_x': -1678.52, 'realtime_y': 239.13, 'target_x': 0.0, 'target_y': 0.0, 'yaw_ins': 0.0, 'dis_ins': 0.0}
  [2026-06-23T21:29:37.085949] I: {'ins_mode': 4, 'realtime_x': -1720.04, 'realtime_y': 238.44, 'target_x': 0.0, 'target_y': 0.0, 'yaw_ins': 0.0, 'dis_ins': 0.0}
  [2026-06-23T21:29:37.134109] I: {'ins_mode': 4, 'realtime_x': -1758.6, 'realtime_y': 237.96, 'target_x': 0.0, 'target_y': 0.0, 'yaw_ins': 0.0, 'dis_ins': 0.0}
  [2026-06-23T21:29:37.310196] I: {'ins_mode': 4, 'realtime_x': -1794.05, 'realtime_y': 237.58, 'target_x': 0.0, 'target_y': 0.0, 'yaw_ins': 0.0, 'dis_ins': 0.0}
  [2026-06-23T21:29:37.310254] I: {'ins_mode': 4, 'realtime_x': -1827.01, 'realtime_y': 237.24, 'target_x': 0.0, 'target_y': 0.0, 'yaw_ins': 0.0, 'dis_ins': 0.0}
  [2026-06-23T21:29:37.520114] I: {'ins_mode': 4, 'realtime_x': -1858.11, 'realtime_y': 237.02, 'target_x': 0.0, 'target_y': 0.0, 'yaw_ins': 0.0, 'dis_ins': 0.0}
  [2026-06-23T21:29:37.520201] I: {'ins_mode': 4, 'realtime_x': -1887.9, 'realtime_y': 236.81, 'target_x': 0.0, 'target_y': 0.0, 'yaw_ins': 0.0, 'dis_ins': 0.0}
  [2026-06-23T21:29:37.560569] I: {'ins_mode': 4, 'realtime_x': -1916.29, 'realtime_y': 236.69, 'target_x': 0.0, 'target_y': 0.0, 'yaw_ins': 0.0, 'dis_ins': 0.0}
  [2026-06-23T21:29:37.718333] I: {'ins_mode': 4, 'realtime_x': -1944.11, 'realtime_y': 236.56, 'target_x': 0.0, 'target_y': 0.0, 'yaw_ins': 0.0, 'dis_ins': 0.0}
  [2026-06-23T21:29:37.718489] I: {'ins_mode': 4, 'realtime_x': -1971.5, 'realtime_y': 236.48, 'target_x': 0.0, 'target_y': 0.0, 'yaw_ins': 0.0, 'dis_ins': 0.0}
  [2026-06-23T21:29:37.780301] I: {'ins_mode': 4, 'realtime_x': -1998.17, 'realtime_y': 236.4, 'target_x': 0.0, 'target_y': 0.0, 'yaw_ins': 0.0, 'dis_ins': 0.0}
  [2026-06-23T21:29:37.933898] I: {'ins_mode': 4, 'realtime_x': -2023.2, 'realtime_y': 236.37, 'target_x': 0.0, 'target_y': 0.0, 'yaw_ins': 0.0, 'dis_ins': 0.0}
  [2026-06-23T21:29:37.944599] I: {'ins_mode': 4, 'realtime_x': -2046.85, 'realtime_y': 236.36, 'target_x': 0.0, 'target_y': 0.0, 'yaw_ins': 0.0, 'dis_ins': 0.0}
  [2026-06-23T21:29:38.029524] I: {'ins_mode': 4, 'realtime_x': -2069.42, 'realtime_y': 236.34, 'target_x': 0.0, 'target_y': 0.0, 'yaw_ins': 0.0, 'dis_ins': 0.0}
  [2026-06-23T21:29:38.136609] I: {'ins_mode': 4, 'realtime_x': -2091.37, 'realtime_y': 236.31, 'target_x': 0.0, 'target_y': 0.0, 'yaw_ins': 0.0, 'dis_ins': 0.0}
  [2026-06-23T21:29:38.177960] I: {'ins_mode': 4, 'realtime_x': -2112.62, 'realtime_y': 236.28, 'target_x': 0.0, 'target_y': 0.0, 'yaw_ins': 0.0, 'dis_ins': 0.0}
  [2026-06-23T21:29:38.371319] I: {'ins_mode': 4, 'realtime_x': -2132.97, 'realtime_y': 236.23, 'target_x': 0.0, 'target_y': 0.0, 'yaw_ins': 0.0, 'dis_ins': 0.0}
  [2026-06-23T21:29:38.371596] I: {'ins_mode': 4, 'realtime_x': -2152.61, 'realtime_y': 236.22, 'target_x': 0.0, 'target_y': 0.0, 'yaw_ins': 0.0, 'dis_ins': 0.0}
  [2026-06-23T21:29:38.423190] I: {'ins_mode': 4, 'realtime_x': -2171.89, 'realtime_y': 236.23, 'target_x': 0.0, 'target_y': 0.0, 'yaw_ins': 0.0, 'dis_ins': 0.0}
  [2026-06-23T21:29:38.577250] I: {'ins_mode': 4, 'realtime_x': -2190.56, 'realtime_y': 236.25, 'target_x': 0.0, 'target_y': 0.0, 'yaw_ins': 0.0, 'dis_ins': 0.0}
  [2026-06-23T21:29:38.577572] I: {'ins_mode': 4, 'realtime_x': -2208.67, 'realtime_y': 236.29, 'target_x': 0.0, 'target_y': 0.0, 'yaw_ins': 0.0, 'dis_ins': 0.0}
  [2026-06-23T21:29:38.780946] I: {'ins_mode': 4, 'realtime_x': -2226.7, 'realtime_y': 236.32, 'target_x': 0.0, 'target_y': 0.0, 'yaw_ins': 0.0, 'dis_ins': 0.0}
  [2026-06-23T21:29:38.781490] I: {'ins_mode': 4, 'realtime_x': -2244.85, 'realtime_y': 236.33, 'target_x': 0.0, 'target_y': 0.0, 'yaw_ins': 0.0, 'dis_ins': 0.0}
  [2026-06-23T21:29:38.822930] I: {'ins_mode': 4, 'realtime_x': -2263.17, 'realtime_y': 236.28, 'target_x': 0.0, 'target_y': 0.0, 'yaw_ins': 0.0, 'dis_ins': 0.0}
  [2026-06-23T21:29:38.993170] I: {'ins_mode': 4, 'realtime_x': -2281.66, 'realtime_y': 236.19, 'target_x': 0.0, 'target_y': 0.0, 'yaw_ins': 0.0, 'dis_ins': 0.0}
  [2026-06-23T21:29:38.993629] I: {'ins_mode': 4, 'realtime_x': -2299.5, 'realtime_y': 236.11, 'target_x': 0.0, 'target_y': 0.0, 'yaw_ins': 0.0, 'dis_ins': 0.0}
  [2026-06-23T21:29:39.067307] I: {'ins_mode': 4, 'realtime_x': -2316.54, 'realtime_y': 236.01, 'target_x': 0.0, 'target_y': 0.0, 'yaw_ins': 0.0, 'dis_ins': 0.0}
  [2026-06-23T21:29:39.191313] I: {'ins_mode': 4, 'realtime_x': -2333.6, 'realtime_y': 235.92, 'target_x': 0.0, 'target_y': 0.0, 'yaw_ins': 0.0, 'dis_ins': 0.0}
  [2026-06-23T21:29:39.223448] I: {'ins_mode': 4, 'realtime_x': -2350.54, 'realtime_y': 235.86, 'target_x': 0.0, 'target_y': 0.0, 'yaw_ins': 0.0, 'dis_ins': 0.0}
  [2026-06-23T21:29:39.309042] I: {'ins_mode': 4, 'realtime_x': -2366.88, 'realtime_y': 235.8, 'target_x': 0.0, 'target_y': 0.0, 'yaw_ins': 0.0, 'dis_ins': 0.0}
  [2026-06-23T21:29:39.406946] I: {'ins_mode': 4, 'realtime_x': -2382.44, 'realtime_y': 235.79, 'target_x': 0.0, 'target_y': 0.0, 'yaw_ins': 0.0, 'dis_ins': 0.0}
  [2026-06-23T21:29:39.459683] I: {'ins_mode': 4, 'realtime_x': -2397.4, 'realtime_y': 235.79, 'target_x': 0.0, 'target_y': 0.0, 'yaw_ins': 0.0, 'dis_ins': 0.0}
  [2026-06-23T21:29:39.632646] I: {'ins_mode': 4, 'realtime_x': -2411.87, 'realtime_y': 235.8, 'target_x': 0.0, 'target_y': 0.0, 'yaw_ins': 0.0, 'dis_ins': 0.0}
  [2026-06-23T21:29:39.633120] I: {'ins_mode': 4, 'realtime_x': -2425.85, 'realtime_y': 235.81, 'target_x': 0.0, 'target_y': 0.0, 'yaw_ins': 0.0, 'dis_ins': 0.0}
  [2026-06-23T21:29:39.706421] I: {'ins_mode': 4, 'realtime_x': -2439.53, 'realtime_y': 235.83, 'target_x': 0.0, 'target_y': 0.0, 'yaw_ins': 0.0, 'dis_ins': 0.0}
  [2026-06-23T21:29:39.856227] I: {'ins_mode': 4, 'realtime_x': -2453.42, 'realtime_y': 235.89, 'target_x': 0.0, 'target_y': 0.0, 'yaw_ins': 0.0, 'dis_ins': 0.0}
  [2026-06-23T21:29:39.867014] I: {'ins_mode': 4, 'realtime_x': -2467.71, 'realtime_y': 236.02, 'target_x': 0.0, 'target_y': 0.0, 'yaw_ins': 0.0, 'dis_ins': 0.0}
  [2026-06-23T21:29:39.940219] I: {'ins_mode': 4, 'realtime_x': -2481.79, 'realtime_y': 236.19, 'target_x': 0.0, 'target_y': 0.0, 'yaw_ins': 0.0, 'dis_ins': 0.0}
  [2026-06-23T21:29:40.063820] I: {'ins_mode': 4, 'realtime_x': -2495.26, 'realtime_y': 236.39, 'target_x': 0.0, 'target_y': 0.0, 'yaw_ins': 0.0, 'dis_ins': 0.0}
  [2026-06-23T21:29:40.105414] I: {'ins_mode': 4, 'realtime_x': -2509.62, 'realtime_y': 236.56, 'target_x': 0.0, 'target_y': 0.0, 'yaw_ins': 0.0, 'dis_ins': 0.0}
  [2026-06-23T21:29:40.276411] I: {'ins_mode': 4, 'realtime_x': -2527.11, 'realtime_y': 236.77, 'target_x': 0.0, 'target_y': 0.0, 'yaw_ins': 0.0, 'dis_ins': 0.0}
  [2026-06-23T21:29:40.276642] I: {'ins_mode': 4, 'realtime_x': -2551.12, 'realtime_y': 237.08, 'target_x': 0.0, 'target_y': 0.0, 'yaw_ins': 0.0, 'dis_ins': 0.0}
  [2026-06-23T21:29:40.338929] I: {'ins_mode': 4, 'realtime_x': -2582.99, 'realtime_y': 237.66, 'target_x': 0.0, 'target_y': 0.0, 'yaw_ins': 0.0, 'dis_ins': 0.0}
  [2026-06-23T21:29:40.495746] I: {'ins_mode': 4, 'realtime_x': -2624.86, 'realtime_y': 238.81, 'target_x': 0.0, 'target_y': 0.0, 'yaw_ins': 0.0, 'dis_ins': 0.0}
  [2026-06-23T21:29:40.506369] I: {'ins_mode': 4, 'realtime_x': -2678.69, 'realtime_y': 240.61, 'target_x': 0.0, 'target_y': 0.0, 'yaw_ins': 0.0, 'dis_ins': 0.0}
  [2026-06-23T21:29:40.580167] I: {'ins_mode': 4, 'realtime_x': -2745.97, 'realtime_y': 243.12, 'target_x': 0.0, 'target_y': 0.0, 'yaw_ins': 0.0, 'dis_ins': 0.0}
  [2026-06-23T21:29:40.704859] I: {'ins_mode': 4, 'realtime_x': -2825.59, 'realtime_y': 246.17, 'target_x': 0.0, 'target_y': 0.0, 'yaw_ins': 0.0, 'dis_ins': 0.0}
  [2026-06-23T21:29:40.747169] I: {'ins_mode': 4, 'realtime_x': -2912.99, 'realtime_y': 249.34, 'target_x': 0.0, 'target_y': 0.0, 'yaw_ins': 0.0, 'dis_ins': 0.0}
  [2026-06-23T21:29:40.825368] I: {'ins_mode': 4, 'realtime_x': -2997.02, 'realtime_y': 252.21, 'target_x': 0.0, 'target_y': 0.0, 'yaw_ins': 0.0, 'dis_ins': 0.0}
  [2026-06-23T21:29:40.924473] I: {'ins_mode': 4, 'realtime_x': -3065.7, 'realtime_y': 254.57, 'target_x': 0.0, 'target_y': 0.0, 'yaw_ins': 0.0, 'dis_ins': 0.0}
  [2026-06-23T21:29:40.987133] I: {'ins_mode': 4, 'realtime_x': -3114.38, 'realtime_y': 256.11, 'target_x': 0.0, 'target_y': 0.0, 'yaw_ins': 0.0, 'dis_ins': 0.0}
  [2026-06-23T21:29:41.132765] I: {'ins_mode': 4, 'realtime_x': -3140.5, 'realtime_y': 256.9, 'target_x': 0.0, 'target_y': 0.0, 'yaw_ins': 0.0, 'dis_ins': 0.0}
  [2026-06-23T21:29:41.143779] I: {'ins_mode': 4, 'realtime_x': -3146.54, 'realtime_y': 257.09, 'target_x': 0.0, 'target_y': 0.0, 'yaw_ins': 0.0, 'dis_ins': 0.0}
  [2026-06-23T21:29:41.227195] I: {'ins_mode': 4, 'realtime_x': -3133.13, 'realtime_y': 256.57, 'target_x': 0.0, 'target_y': 0.0, 'yaw_ins': 0.0, 'dis_ins': 0.0}
  [2026-06-23T21:29:41.369389] I: {'ins_mode': 4, 'realtime_x': -3095.81, 'realtime_y': 254.74, 'target_x': 0.0, 'target_y': 0.0, 'yaw_ins': 0.0, 'dis_ins': 0.0}
  [2026-06-23T21:29:41.380510] I: {'ins_mode': 4, 'realtime_x': -3037.52, 'realtime_y': 251.03, 'target_x': 0.0, 'target_y': 0.0, 'yaw_ins': 0.0, 'dis_ins': 0.0}
  [2026-06-23T21:29:41.575736] I: {'ins_mode': 4, 'realtime_x': -2963.75, 'realtime_y': 245.13, 'target_x': 0.0, 'target_y': 0.0, 'yaw_ins': 0.0, 'dis_ins': 0.0}
  [2026-06-23T21:29:41.577909] I: {'ins_mode': 4, 'realtime_x': -2879.78, 'realtime_y': 237.32, 'target_x': 0.0, 'target_y': 0.0, 'yaw_ins': 0.0, 'dis_ins': 0.0}
  [2026-06-23T21:29:41.620830] I: {'ins_mode': 4, 'realtime_x': -2783.04, 'realtime_y': 227.39, 'target_x': 0.0, 'target_y': 0.0, 'yaw_ins': 0.0, 'dis_ins': 0.0}
  [2026-06-23T21:29:41.800890] I: {'ins_mode': 4, 'realtime_x': -2677.94, 'realtime_y': 215.84, 'target_x': 0.0, 'target_y': 0.0, 'yaw_ins': 0.0, 'dis_ins': 0.0}
  [2026-06-23T21:29:41.803171] I: {'ins_mode': 4, 'realtime_x': -2570.92, 'realtime_y': 203.56, 'target_x': 0.0, 'target_y': 0.0, 'yaw_ins': 0.0, 'dis_ins': 0.0}
  [2026-06-23T21:29:41.867912] I: {'ins_mode': 4, 'realtime_x': -2468.12, 'realtime_y': 192.04, 'target_x': 0.0, 'target_y': 0.0, 'yaw_ins': 0.0, 'dis_ins': 0.0}
  [2026-06-23T21:29:42.012537] I: {'ins_mode': 4, 'realtime_x': -2375.13, 'realtime_y': 182.24, 'target_x': 0.0, 'target_y': 0.0, 'yaw_ins': 0.0, 'dis_ins': 0.0}
  [2026-06-23T21:29:42.023466] I: {'ins_mode': 4, 'realtime_x': -2300.06, 'realtime_y': 174.98, 'target_x': 0.0, 'target_y': 0.0, 'yaw_ins': 0.0, 'dis_ins': 0.0}
  [2026-06-23T21:29:42.108143] I: {'ins_mode': 4, 'realtime_x': -2243.75, 'realtime_y': 169.97, 'target_x': 0.0, 'target_y': 0.0, 'yaw_ins': 0.0, 'dis_ins': 0.0}
  [2026-06-23T21:29:42.230571] I: {'ins_mode': 4, 'realtime_x': -2205.65, 'realtime_y': 167.09, 'target_x': 0.0, 'target_y': 0.0, 'yaw_ins': 0.0, 'dis_ins': 0.0}
  [2026-06-23T21:29:42.262724] I: {'ins_mode': 4, 'realtime_x': -2186.92, 'realtime_y': 166.02, 'target_x': 0.0, 'target_y': 0.0, 'yaw_ins': 0.0, 'dis_ins': 0.0}
  [2026-06-23T21:29:42.448853] I: {'ins_mode': 4, 'realtime_x': -2185.45, 'realtime_y': 165.95, 'target_x': 0.0, 'target_y': 0.0, 'yaw_ins': 0.0, 'dis_ins': 0.0}
  [2026-06-23T21:29:42.449649] I: {'ins_mode': 4, 'realtime_x': -2194.23, 'realtime_y': 166.24, 'target_x': 0.0, 'target_y': 0.0, 'yaw_ins': 0.0, 'dis_ins': 0.0}
  [2026-06-23T21:29:42.502798] I: {'ins_mode': 4, 'realtime_x': -2208.7, 'realtime_y': 166.65, 'target_x': 0.0, 'target_y': 0.0, 'yaw_ins': 0.0, 'dis_ins': 0.0}
  [2026-06-23T21:29:42.653484] I: {'ins_mode': 4, 'realtime_x': -2224.92, 'realtime_y': 167.02, 'target_x': 0.0, 'target_y': 0.0, 'yaw_ins': 0.0, 'dis_ins': 0.0}
  [2026-06-23T21:29:42.664955] I: {'ins_mode': 4, 'realtime_x': -2240.6, 'realtime_y': 167.29, 'target_x': 0.0, 'target_y': 0.0, 'yaw_ins': 0.0, 'dis_ins': 0.0}
  [2026-06-23T21:29:42.751545] I: {'ins_mode': 4, 'realtime_x': -2254.69, 'realtime_y': 167.51, 'target_x': 0.0, 'target_y': 0.0, 'yaw_ins': 0.0, 'dis_ins': 0.0}
  [2026-06-23T21:29:42.859384] I: {'ins_mode': 4, 'realtime_x': -2266.85, 'realtime_y': 167.71, 'target_x': 0.0, 'target_y': 0.0, 'yaw_ins': 0.0, 'dis_ins': 0.0}
  [2026-06-23T21:29:42.901055] I: {'ins_mode': 4, 'realtime_x': -2277.11, 'realtime_y': 167.87, 'target_x': 0.0, 'target_y': 0.0, 'yaw_ins': 0.0, 'dis_ins': 0.0}
  [2026-06-23T21:29:43.061889] I: {'ins_mode': 4, 'realtime_x': -2285.46, 'realtime_y': 168.03, 'target_x': 0.0, 'target_y': 0.0, 'yaw_ins': 0.0, 'dis_ins': 0.0}
  [2026-06-23T21:29:43.065006] I: {'ins_mode': 4, 'realtime_x': -2292.3, 'realtime_y': 168.16, 'target_x': 0.0, 'target_y': 0.0, 'yaw_ins': 0.0, 'dis_ins': 0.0}
  [2026-06-23T21:29:43.138277] I: {'ins_mode': 4, 'realtime_x': -2297.04, 'realtime_y': 168.25, 'target_x': 0.0, 'target_y': 0.0, 'yaw_ins': 0.0, 'dis_ins': 0.0}
  [2026-06-23T21:29:43.291536] I: {'ins_mode': 4, 'realtime_x': -2299.85, 'realtime_y': 168.31, 'target_x': 0.0, 'target_y': 0.0, 'yaw_ins': 0.0, 'dis_ins': 0.0}
  [2026-06-23T21:29:43.302829] I: {'ins_mode': 4, 'realtime_x': -2301.56, 'realtime_y': 168.34, 'target_x': 0.0, 'target_y': 0.0, 'yaw_ins': 0.0, 'dis_ins': 0.0}
  [2026-06-23T21:29:43.399084] I: {'ins_mode': 4, 'realtime_x': -2302.2, 'realtime_y': 168.36, 'target_x': 0.0, 'target_y': 0.0, 'yaw_ins': 0.0, 'dis_ins': 0.0}
  [2026-06-23T21:29:43.497286] I: {'ins_mode': 4, 'realtime_x': -2302.86, 'realtime_y': 168.37, 'target_x': 0.0, 'target_y': 0.0, 'yaw_ins': 0.0, 'dis_ins': 0.0}
  [2026-06-23T21:29:43.539755] I: {'ins_mode': 4, 'realtime_x': -2302.65, 'realtime_y': 168.37, 'target_x': 0.0, 'target_y': 0.0, 'yaw_ins': 0.0, 'dis_ins': 0.0}
  [2026-06-23T21:29:43.707236] I: {'ins_mode': 4, 'realtime_x': -2301.66, 'realtime_y': 168.34, 'target_x': 0.0, 'target_y': 0.0, 'yaw_ins': 0.0, 'dis_ins': 0.0}
  [2026-06-23T21:29:43.707266] I: {'ins_mode': 4, 'realtime_x': -2300.0, 'realtime_y': 168.3, 'target_x': 0.0, 'target_y': 0.0, 'yaw_ins': 0.0, 'dis_ins': 0.0}
  [2026-06-23T21:29:43.781399] I: {'ins_mode': 4, 'realtime_x': -2298.17, 'realtime_y': 168.25, 'target_x': 0.0, 'target_y': 0.0, 'yaw_ins': 0.0, 'dis_ins': 0.0}
  [2026-06-23T21:29:43.928898] I: {'ins_mode': 4, 'realtime_x': -2296.0, 'realtime_y': 168.19, 'target_x': 0.0, 'target_y': 0.0, 'yaw_ins': 0.0, 'dis_ins': 0.0}
  [2026-06-23T21:29:43.939696] I: {'ins_mode': 4, 'realtime_x': -2294.1, 'realtime_y': 168.15, 'target_x': 0.0, 'target_y': 0.0, 'yaw_ins': 0.0, 'dis_ins': 0.0}
  [2026-06-23T21:29:44.023216] I: {'ins_mode': 4, 'realtime_x': -2291.97, 'realtime_y': 168.09, 'target_x': 0.0, 'target_y': 0.0, 'yaw_ins': 0.0, 'dis_ins': 0.0}
  [2026-06-23T21:29:44.143924] I: {'ins_mode': 4, 'realtime_x': -2289.17, 'realtime_y': 168.01, 'target_x': 0.0, 'target_y': 0.0, 'yaw_ins': 0.0, 'dis_ins': 0.0}
  [2026-06-23T21:29:44.185678] I: {'ins_mode': 4, 'realtime_x': -2285.46, 'realtime_y': 167.91, 'target_x': 0.0, 'target_y': 0.0, 'yaw_ins': 0.0, 'dis_ins': 0.0}
  [2026-06-23T21:29:44.259516] I: {'ins_mode': 4, 'realtime_x': -2280.34, 'realtime_y': 167.77, 'target_x': 0.0, 'target_y': 0.0, 'yaw_ins': 0.0, 'dis_ins': 0.0}
  [2026-06-23T21:29:44.368025] I: {'ins_mode': 4, 'realtime_x': -2272.62, 'realtime_y': 167.55, 'target_x': 0.0, 'target_y': 0.0, 'yaw_ins': 0.0, 'dis_ins': 0.0}
  [2026-06-23T21:29:44.420763] I: {'ins_mode': 4, 'realtime_x': -2253.95, 'realtime_y': 167.01, 'target_x': 0.0, 'target_y': 0.0, 'yaw_ins': 0.0, 'dis_ins': 0.0}
  [2026-06-23T21:29:44.577296] I: {'ins_mode': 4, 'realtime_x': -2211.92, 'realtime_y': 165.85, 'target_x': 0.0, 'target_y': 0.0, 'yaw_ins': 0.0, 'dis_ins': 0.0}
  [2026-06-23T21:29:44.588334] I: {'ins_mode': 4, 'realtime_x': -2148.15, 'realtime_y': 163.79, 'target_x': 0.0, 'target_y': 0.0, 'yaw_ins': 0.0, 'dis_ins': 0.0}
  [2026-06-23T21:29:44.661053] I: {'ins_mode': 4, 'realtime_x': -2063.54, 'realtime_y': 160.12, 'target_x': 0.0, 'target_y': 0.0, 'yaw_ins': 0.0, 'dis_ins': 0.0}
  [2026-06-23T21:29:44.793007] I: {'ins_mode': 4, 'realtime_x': -1965.53, 'realtime_y': 155.17, 'target_x': 0.0, 'target_y': 0.0, 'yaw_ins': 0.0, 'dis_ins': 0.0}
  [2026-06-23T21:29:44.824920] I: {'ins_mode': 4, 'realtime_x': -1859.24, 'realtime_y': 150.01, 'target_x': 0.0, 'target_y': 0.0, 'yaw_ins': 0.0, 'dis_ins': 0.0}
  [2026-06-23T21:29:44.912889] I: {'ins_mode': 4, 'realtime_x': -1745.95, 'realtime_y': 143.94, 'target_x': 0.0, 'target_y': 0.0, 'yaw_ins': 0.0, 'dis_ins': 0.0}
  [2026-06-23T21:29:45.012498] I: {'ins_mode': 4, 'realtime_x': -1626.5, 'realtime_y': 137.07, 'target_x': 0.0, 'target_y': 0.0, 'yaw_ins': 0.0, 'dis_ins': 0.0}
  [2026-06-23T21:29:45.065893] I: {'ins_mode': 4, 'realtime_x': -1502.54, 'realtime_y': 129.4, 'target_x': 0.0, 'target_y': 0.0, 'yaw_ins': 0.0, 'dis_ins': 0.0}
  [2026-06-23T21:29:45.233170] I: {'ins_mode': 4, 'realtime_x': -1376.7, 'realtime_y': 121.62, 'target_x': 0.0, 'target_y': 0.0, 'yaw_ins': 0.0, 'dis_ins': 0.0}
  [2026-06-23T21:29:45.235892] I: {'ins_mode': 4, 'realtime_x': -1253.2, 'realtime_y': 113.91, 'target_x': 0.0, 'target_y': 0.0, 'yaw_ins': 0.0, 'dis_ins': 0.0}
  [2026-06-23T21:29:45.309209] I: {'ins_mode': 4, 'realtime_x': -1137.39, 'realtime_y': 107.02, 'target_x': 0.0, 'target_y': 0.0, 'yaw_ins': 0.0, 'dis_ins': 0.0}
  [2026-06-23T21:29:45.453618] I: {'ins_mode': 4, 'realtime_x': -1037.17, 'realtime_y': 101.6, 'target_x': 0.0, 'target_y': 0.0, 'yaw_ins': 0.0, 'dis_ins': 0.0}
  [2026-06-23T21:29:45.464404] I: {'ins_mode': 4, 'realtime_x': -965.78, 'realtime_y': 98.22, 'target_x': 0.0, 'target_y': 0.0, 'yaw_ins': 0.0, 'dis_ins': 0.0}
  [2026-06-23T21:29:45.548128] I: {'ins_mode': 4, 'realtime_x': -921.47, 'realtime_y': 96.52, 'target_x': 0.0, 'target_y': 0.0, 'yaw_ins': 0.0, 'dis_ins': 0.0}
  [2026-06-23T21:29:45.655699] I: {'ins_mode': 4, 'realtime_x': -901.9, 'realtime_y': 95.96, 'target_x': 0.0, 'target_y': 0.0, 'yaw_ins': 0.0, 'dis_ins': 0.0}
  [2026-06-23T21:29:45.709120] I: {'ins_mode': 4, 'realtime_x': -905.8, 'realtime_y': 96.03, 'target_x': 0.0, 'target_y': 0.0, 'yaw_ins': 0.0, 'dis_ins': 0.0}
  [2026-06-23T21:29:45.884113] I: {'ins_mode': 4, 'realtime_x': -934.49, 'realtime_y': 96.37, 'target_x': 0.0, 'target_y': 0.0, 'yaw_ins': 0.0, 'dis_ins': 0.0}
  [2026-06-23T21:29:45.884200] I: {'ins_mode': 4, 'realtime_x': -989.59, 'realtime_y': 96.91, 'target_x': 0.0, 'target_y': 0.0, 'yaw_ins': 0.0, 'dis_ins': 0.0}
  [2026-06-23T21:29:45.947300] I: {'ins_mode': 4, 'realtime_x': -1068.11, 'realtime_y': 97.69, 'target_x': 0.0, 'target_y': 0.0, 'yaw_ins': 0.0, 'dis_ins': 0.0}
  [2026-06-23T21:29:46.109988] I: {'ins_mode': 4, 'realtime_x': -1165.23, 'realtime_y': 98.85, 'target_x': 0.0, 'target_y': 0.0, 'yaw_ins': 0.0, 'dis_ins': 0.0}
  [2026-06-23T21:29:46.110419] I: {'ins_mode': 4, 'realtime_x': -1284.31, 'realtime_y': 100.89, 'target_x': 0.0, 'target_y': 0.0, 'yaw_ins': 0.0, 'dis_ins': 0.0}
  [2026-06-23T21:29:46.183438] I: {'ins_mode': 4, 'realtime_x': -1423.23, 'realtime_y': 103.55, 'target_x': 0.0, 'target_y': 0.0, 'yaw_ins': 0.0, 'dis_ins': 0.0}
  [2026-06-23T21:29:46.321015] I: {'ins_mode': 4, 'realtime_x': -1578.03, 'realtime_y': 105.6, 'target_x': 0.0, 'target_y': 0.0, 'yaw_ins': 0.0, 'dis_ins': 0.0}
  [2026-06-23T21:29:46.342092] I: {'ins_mode': 4, 'realtime_x': -1745.36, 'realtime_y': 106.86, 'target_x': 0.0, 'target_y': 0.0, 'yaw_ins': 0.0, 'dis_ins': 0.0}
  [2026-06-23T21:29:46.524319] I: {'ins_mode': 4, 'realtime_x': -1918.86, 'realtime_y': 108.12, 'target_x': 0.0, 'target_y': 0.0, 'yaw_ins': 0.0, 'dis_ins': 0.0}
  [2026-06-23T21:29:46.526447] I: {'ins_mode': 4, 'realtime_x': -2088.2, 'realtime_y': 110.64, 'target_x': 0.0, 'target_y': 0.0, 'yaw_ins': 0.0, 'dis_ins': 0.0}
  [2026-06-23T21:29:46.579323] I: {'ins_mode': 4, 'realtime_x': -2245.01, 'realtime_y': 115.28, 'target_x': 0.0, 'target_y': 0.0, 'yaw_ins': 0.0, 'dis_ins': 0.0}
  [2026-06-23T21:29:46.745193] I: {'ins_mode': 4, 'realtime_x': -2389.92, 'realtime_y': 121.57, 'target_x': 0.0, 'target_y': 0.0, 'yaw_ins': 0.0, 'dis_ins': 0.0}
  [2026-06-23T21:29:46.745347] I: {'ins_mode': 4, 'realtime_x': -2525.82, 'realtime_y': 127.32, 'target_x': 0.0, 'target_y': 0.0, 'yaw_ins': 0.0, 'dis_ins': 0.0}
  [2026-06-23T21:29:46.818706] I: {'ins_mode': 4, 'realtime_x': -2654.45, 'realtime_y': 131.21, 'target_x': 0.0, 'target_y': 0.0, 'yaw_ins': 0.0, 'dis_ins': 0.0}
  [2026-06-23T21:29:46.965277] I: {'ins_mode': 4, 'realtime_x': -2774.7, 'realtime_y': 133.36, 'target_x': 0.0, 'target_y': 0.0, 'yaw_ins': 0.0, 'dis_ins': 0.0}
  [2026-06-23T21:29:46.986470] I: {'ins_mode': 4, 'realtime_x': -2886.53, 'realtime_y': 134.8, 'target_x': 0.0, 'target_y': 0.0, 'yaw_ins': 0.0, 'dis_ins': 0.0}
  [2026-06-23T21:29:47.059584] I: {'ins_mode': 4, 'realtime_x': -2980.53, 'realtime_y': 136.33, 'target_x': 0.0, 'target_y': 0.0, 'yaw_ins': 0.0, 'dis_ins': 0.0}
  [2026-06-23T21:29:47.171189] I: {'ins_mode': 4, 'realtime_x': -3056.84, 'realtime_y': 137.76, 'target_x': 0.0, 'target_y': 0.0, 'yaw_ins': 0.0, 'dis_ins': 0.0}
  [2026-06-23T21:29:47.223970] I: {'ins_mode': 4, 'realtime_x': -3119.09, 'realtime_y': 138.46, 'target_x': 0.0, 'target_y': 0.0, 'yaw_ins': 0.0, 'dis_ins': 0.0}
  [2026-06-23T21:29:47.381843] I: {'ins_mode': 4, 'realtime_x': -3168.07, 'realtime_y': 138.17, 'target_x': 0.0, 'target_y': 0.0, 'yaw_ins': 0.0, 'dis_ins': 0.0}
  [2026-06-23T21:29:47.382049] I: {'ins_mode': 4, 'realtime_x': -3201.81, 'realtime_y': 137.3, 'target_x': 0.0, 'target_y': 0.0, 'yaw_ins': 0.0, 'dis_ins': 0.0}
  [2026-06-23T21:29:47.465900] I: {'ins_mode': 4, 'realtime_x': -3217.46, 'realtime_y': 136.86, 'target_x': 0.0, 'target_y': 0.0, 'yaw_ins': 0.0, 'dis_ins': 0.0}
  [2026-06-23T21:29:47.600200] I: {'ins_mode': 4, 'realtime_x': -3205.94, 'realtime_y': 136.97, 'target_x': 0.0, 'target_y': 0.0, 'yaw_ins': 0.0, 'dis_ins': 0.0}
  [2026-06-23T21:29:47.621819] I: {'ins_mode': 4, 'realtime_x': -3167.46, 'realtime_y': 137.02, 'target_x': 0.0, 'target_y': 0.0, 'yaw_ins': 0.0, 'dis_ins': 0.0}
  [2026-06-23T21:29:47.715115] I: {'ins_mode': 4, 'realtime_x': -3108.56, 'realtime_y': 136.83, 'target_x': 0.0, 'target_y': 0.0, 'yaw_ins': 0.0, 'dis_ins': 0.0}
  [2026-06-23T21:29:47.821862] I: {'ins_mode': 4, 'realtime_x': -3037.37, 'realtime_y': 135.95, 'target_x': 0.0, 'target_y': 0.0, 'yaw_ins': 0.0, 'dis_ins': 0.0}
  [2026-06-23T21:29:47.865085] I: {'ins_mode': 4, 'realtime_x': -2958.94, 'realtime_y': 134.28, 'target_x': 0.0, 'target_y': 0.0, 'yaw_ins': 0.0, 'dis_ins': 0.0}
  [2026-06-23T21:29:48.048218] I: {'ins_mode': 4, 'realtime_x': -2877.3, 'realtime_y': 132.15, 'target_x': 0.0, 'target_y': 0.0, 'yaw_ins': 0.0, 'dis_ins': 0.0}
  [2026-06-23T21:29:48.048597] I: {'ins_mode': 4, 'realtime_x': -2796.49, 'realtime_y': 129.59, 'target_x': 0.0, 'target_y': 0.0, 'yaw_ins': 0.0, 'dis_ins': 0.0}
  [2026-06-23T21:29:48.101406] I: {'ins_mode': 4, 'realtime_x': -2714.96, 'realtime_y': 126.65, 'target_x': 0.0, 'target_y': 0.0, 'yaw_ins': 0.0, 'dis_ins': 0.0}
  [2026-06-23T21:29:48.259410] I: {'ins_mode': 4, 'realtime_x': -2628.21, 'realtime_y': 123.23, 'target_x': 0.0, 'target_y': 0.0, 'yaw_ins': 0.0, 'dis_ins': 0.0}
  [2026-06-23T21:29:48.270561] I: {'ins_mode': 4, 'realtime_x': -2534.49, 'realtime_y': 118.82, 'target_x': 0.0, 'target_y': 0.0, 'yaw_ins': 0.0, 'dis_ins': 0.0}
  [2026-06-23T21:29:48.344300] I: {'ins_mode': 4, 'realtime_x': -2431.99, 'realtime_y': 113.48, 'target_x': 0.0, 'target_y': 0.0, 'yaw_ins': 0.0, 'dis_ins': 0.0}
  [2026-06-23T21:29:48.486151] I: {'ins_mode': 4, 'realtime_x': -2325.29, 'realtime_y': 107.92, 'target_x': 0.0, 'target_y': 0.0, 'yaw_ins': 0.0, 'dis_ins': 0.0}
  [2026-06-23T21:29:48.507578] I: {'ins_mode': 4, 'realtime_x': -2218.45, 'realtime_y': 102.22, 'target_x': 0.0, 'target_y': 0.0, 'yaw_ins': 0.0, 'dis_ins': 0.0}
  [2026-06-23T21:29:48.590650] I: {'ins_mode': 4, 'realtime_x': -2114.17, 'realtime_y': 96.53, 'target_x': 0.0, 'target_y': 0.0, 'yaw_ins': 0.0, 'dis_ins': 0.0}
  [2026-06-23T21:29:48.694301] I: {'ins_mode': 4, 'realtime_x': -2012.76, 'realtime_y': 90.68, 'target_x': 0.0, 'target_y': 0.0, 'yaw_ins': 0.0, 'dis_ins': 0.0}
  [2026-06-23T21:29:48.746703] I: {'ins_mode': 4, 'realtime_x': -1924.68, 'realtime_y': 85.62, 'target_x': 0.0, 'target_y': 0.0, 'yaw_ins': 0.0, 'dis_ins': 0.0}
  [2026-06-23T21:29:48.919238] I: {'ins_mode': 4, 'realtime_x': -1851.93, 'realtime_y': 81.61, 'target_x': 0.0, 'target_y': 0.0, 'yaw_ins': 0.0, 'dis_ins': 0.0}
  [2026-06-23T21:29:48.919674] I: {'ins_mode': 4, 'realtime_x': -1794.56, 'realtime_y': 78.67, 'target_x': 0.0, 'target_y': 0.0, 'yaw_ins': 0.0, 'dis_ins': 0.0}
  [2026-06-23T21:29:48.982994] I: {'ins_mode': 4, 'realtime_x': -1758.1, 'realtime_y': 77.0, 'target_x': 0.0, 'target_y': 0.0, 'yaw_ins': 0.0, 'dis_ins': 0.0}
  [2026-06-23T21:29:49.134825] I: {'ins_mode': 4, 'realtime_x': -1745.57, 'realtime_y': 76.47, 'target_x': 0.0, 'target_y': 0.0, 'yaw_ins': 0.0, 'dis_ins': 0.0}
  [2026-06-23T21:29:49.145349] I: {'ins_mode': 4, 'realtime_x': -1757.13, 'realtime_y': 76.94, 'target_x': 0.0, 'target_y': 0.0, 'yaw_ins': 0.0, 'dis_ins': 0.0}
  [2026-06-23T21:29:49.238011] I: {'ins_mode': 4, 'realtime_x': -1791.51, 'realtime_y': 78.36, 'target_x': 0.0, 'target_y': 0.0, 'yaw_ins': 0.0, 'dis_ins': 0.0}
  [2026-06-23T21:29:49.343516] I: {'ins_mode': 4, 'realtime_x': -1848.04, 'realtime_y': 81.08, 'target_x': 0.0, 'target_y': 0.0, 'yaw_ins': 0.0, 'dis_ins': 0.0}
  [2026-06-23T21:29:49.385053] I: {'ins_mode': 4, 'realtime_x': -1921.91, 'realtime_y': 84.85, 'target_x': 0.0, 'target_y': 0.0, 'yaw_ins': 0.0, 'dis_ins': 0.0}
  [2026-06-23T21:29:49.564194] I: {'ins_mode': 4, 'realtime_x': -2010.56, 'realtime_y': 89.41, 'target_x': 0.0, 'target_y': 0.0, 'yaw_ins': 0.0, 'dis_ins': 0.0}
  [2026-06-23T21:29:49.565162] I: {'ins_mode': 4, 'realtime_x': -2121.47, 'realtime_y': 94.19, 'target_x': 0.0, 'target_y': 0.0, 'yaw_ins': 0.0, 'dis_ins': 0.0}
  [2026-06-23T21:29:49.628337] I: {'ins_mode': 4, 'realtime_x': -2256.6, 'realtime_y': 98.53, 'target_x': 0.0, 'target_y': 0.0, 'yaw_ins': 0.0, 'dis_ins': 0.0}
  [2026-06-23T21:29:49.769195] I: {'ins_mode': 4, 'realtime_x': -2405.11, 'realtime_y': 102.27, 'target_x': 0.0, 'target_y': 0.0, 'yaw_ins': 0.0, 'dis_ins': 0.0}
  [2026-06-23T21:29:49.780367] I: {'ins_mode': 4, 'realtime_x': -2556.52, 'realtime_y': 106.59, 'target_x': 0.0, 'target_y': 0.0, 'yaw_ins': 0.0, 'dis_ins': 0.0}
  [2026-06-23T21:29:49.865195] I: {'ins_mode': 4, 'realtime_x': -2703.42, 'realtime_y': 111.91, 'target_x': 0.0, 'target_y': 0.0, 'yaw_ins': 0.0, 'dis_ins': 0.0}
  [2026-06-23T21:29:49.993769] I: {'ins_mode': 4, 'realtime_x': -2842.81, 'realtime_y': 117.48, 'target_x': 0.0, 'target_y': 0.0, 'yaw_ins': 0.0, 'dis_ins': 0.0}
  [2026-06-23T21:29:50.025619] I: {'ins_mode': 4, 'realtime_x': -2976.73, 'realtime_y': 122.59, 'target_x': 0.0, 'target_y': 0.0, 'yaw_ins': 0.0, 'dis_ins': 0.0}
  [2026-06-23T21:29:50.106437] I: {'ins_mode': 4, 'realtime_x': -3105.85, 'realtime_y': 127.43, 'target_x': 0.0, 'target_y': 0.0, 'yaw_ins': 0.0, 'dis_ins': 0.0}
  [2026-06-23T21:29:50.213067] I: {'ins_mode': 4, 'realtime_x': -3229.76, 'realtime_y': 132.32, 'target_x': 0.0, 'target_y': 0.0, 'yaw_ins': 0.0, 'dis_ins': 0.0}
  [2026-06-23T21:29:50.266362] I: {'ins_mode': 4, 'realtime_x': -3346.53, 'realtime_y': 137.6, 'target_x': 0.0, 'target_y': 0.0, 'yaw_ins': 0.0, 'dis_ins': 0.0}
  [2026-06-23T21:29:50.421540] I: {'ins_mode': 4, 'realtime_x': -3455.26, 'realtime_y': 143.66, 'target_x': 0.0, 'target_y': 0.0, 'yaw_ins': 0.0, 'dis_ins': 0.0}
  [2026-06-23T21:29:50.423618] I: {'ins_mode': 4, 'realtime_x': -3559.19, 'realtime_y': 150.27, 'target_x': 0.0, 'target_y': 0.0, 'yaw_ins': 0.0, 'dis_ins': 0.0}
  [2026-06-23T21:29:50.508249] I: {'ins_mode': 4, 'realtime_x': -3661.52, 'realtime_y': 157.25, 'target_x': 0.0, 'target_y': 0.0, 'yaw_ins': 0.0, 'dis_ins': 0.0}
  [2026-06-23T21:29:50.640419] I: {'ins_mode': 4, 'realtime_x': -3763.17, 'realtime_y': 164.15, 'target_x': 0.0, 'target_y': 0.0, 'yaw_ins': 0.0, 'dis_ins': 0.0}
  [2026-06-23T21:29:50.661584] I: {'ins_mode': 4, 'realtime_x': -3864.28, 'realtime_y': 170.98, 'target_x': 0.0, 'target_y': 0.0, 'yaw_ins': 0.0, 'dis_ins': 0.0}
  [2026-06-23T21:29:50.755223] I: {'ins_mode': 4, 'realtime_x': -3964.81, 'realtime_y': 177.9, 'target_x': 0.0, 'target_y': 0.0, 'yaw_ins': 0.0, 'dis_ins': 0.0}
  [2026-06-23T21:29:50.848730] I: {'ins_mode': 4, 'realtime_x': -4064.88, 'realtime_y': 184.61, 'target_x': 0.0, 'target_y': 0.0, 'yaw_ins': 0.0, 'dis_ins': 0.0}
  [2026-06-23T21:29:50.901057] I: {'ins_mode': 4, 'realtime_x': -4164.83, 'realtime_y': 191.22, 'target_x': 0.0, 'target_y': 0.0, 'yaw_ins': 0.0, 'dis_ins': 0.0}
  [2026-06-23T21:29:51.078941] I: {'ins_mode': 4, 'realtime_x': -4264.81, 'realtime_y': 197.81, 'target_x': 0.0, 'target_y': 0.0, 'yaw_ins': 0.0, 'dis_ins': 0.0}
  [2026-06-23T21:29:51.079154] I: {'ins_mode': 4, 'realtime_x': -4364.8, 'realtime_y': 204.19, 'target_x': 0.0, 'target_y': 0.0, 'yaw_ins': 0.0, 'dis_ins': 0.0}
  [2026-06-23T21:29:51.142369] I: {'ins_mode': 4, 'realtime_x': -4464.81, 'realtime_y': 210.16, 'target_x': 0.0, 'target_y': 0.0, 'yaw_ins': 0.0, 'dis_ins': 0.0}
  [2026-06-23T21:29:51.300912] I: {'ins_mode': 4, 'realtime_x': -4563.54, 'realtime_y': 215.36, 'target_x': 0.0, 'target_y': 0.0, 'yaw_ins': 0.0, 'dis_ins': 0.0}
  [2026-06-23T21:29:51.301191] I: {'ins_mode': 4, 'realtime_x': -4658.19, 'realtime_y': 219.63, 'target_x': 0.0, 'target_y': 0.0, 'yaw_ins': 0.0, 'dis_ins': 0.0}
  [2026-06-23T21:29:51.385517] I: {'ins_mode': 4, 'realtime_x': -4747.5, 'realtime_y': 223.22, 'target_x': 0.0, 'target_y': 0.0, 'yaw_ins': 0.0, 'dis_ins': 0.0}
  [2026-06-23T21:29:51.516266] I: {'ins_mode': 4, 'realtime_x': -4826.1, 'realtime_y': 225.71, 'target_x': 0.0, 'target_y': 0.0, 'yaw_ins': 0.0, 'dis_ins': 0.0}
  [2026-06-23T21:29:51.547988] I: {'ins_mode': 4, 'realtime_x': -4883.92, 'realtime_y': 226.17, 'target_x': 0.0, 'target_y': 0.0, 'yaw_ins': 0.0, 'dis_ins': 0.0}
  [2026-06-23T21:29:51.630926] I: {'ins_mode': 4, 'realtime_x': -4913.45, 'realtime_y': 225.73, 'target_x': 0.0, 'target_y': 0.0, 'yaw_ins': 0.0, 'dis_ins': 0.0}
  [2026-06-23T21:29:51.729207] I: {'ins_mode': 4, 'realtime_x': -4922.63, 'realtime_y': 225.6, 'target_x': 0.0, 'target_y': 0.0, 'yaw_ins': 0.0, 'dis_ins': 0.0}
  [2026-06-23T21:29:51.781226] I: {'ins_mode': 4, 'realtime_x': -4917.59, 'realtime_y': 225.67, 'target_x': 0.0, 'target_y': 0.0, 'yaw_ins': 0.0, 'dis_ins': 0.0}
  [2026-06-23T21:29:51.946199] I: {'ins_mode': 4, 'realtime_x': -4899.56, 'realtime_y': 225.86, 'target_x': 0.0, 'target_y': 0.0, 'yaw_ins': 0.0, 'dis_ins': 0.0}
  [2026-06-23T21:29:51.946721] I: {'ins_mode': 4, 'realtime_x': -4867.61, 'realtime_y': 225.96, 'target_x': 0.0, 'target_y': 0.0, 'yaw_ins': 0.0, 'dis_ins': 0.0}
  [2026-06-23T21:29:52.020800] I: {'ins_mode': 4, 'realtime_x': -4822.46, 'realtime_y': 225.57, 'target_x': 0.0, 'target_y': 0.0, 'yaw_ins': 0.0, 'dis_ins': 0.0}
  [2026-06-23T21:29:52.164890] I: {'ins_mode': 4, 'realtime_x': -4768.55, 'realtime_y': 224.65, 'target_x': 0.0, 'target_y': 0.0, 'yaw_ins': 0.0, 'dis_ins': 0.0}
  [2026-06-23T21:29:52.186145] I: {'ins_mode': 4, 'realtime_x': -4709.33, 'realtime_y': 223.43, 'target_x': 0.0, 'target_y': 0.0, 'yaw_ins': 0.0, 'dis_ins': 0.0}
  [2026-06-23T21:29:52.278402] I: {'ins_mode': 4, 'realtime_x': -4646.77, 'realtime_y': 222.01, 'target_x': 0.0, 'target_y': 0.0, 'yaw_ins': 0.0, 'dis_ins': 0.0}
  [2026-06-23T21:29:52.381635] I: {'ins_mode': 4, 'realtime_x': -4581.26, 'realtime_y': 220.36, 'target_x': 0.0, 'target_y': 0.0, 'yaw_ins': 0.0, 'dis_ins': 0.0}
  [2026-06-23T21:29:52.423882] I: {'ins_mode': 4, 'realtime_x': -4512.4, 'realtime_y': 218.55, 'target_x': 0.0, 'target_y': 0.0, 'yaw_ins': 0.0, 'dis_ins': 0.0}
  [2026-06-23T21:29:52.589548] I: {'ins_mode': 4, 'realtime_x': -4440.39, 'realtime_y': 216.73, 'target_x': 0.0, 'target_y': 0.0, 'yaw_ins': 0.0, 'dis_ins': 0.0}
  [2026-06-23T21:29:52.590056] I: {'ins_mode': 4, 'realtime_x': -4365.98, 'realtime_y': 214.83, 'target_x': 0.0, 'target_y': 0.0, 'yaw_ins': 0.0, 'dis_ins': 0.0}
  [2026-06-23T21:29:52.664081] I: {'ins_mode': 4, 'realtime_x': -4290.28, 'realtime_y': 213.05, 'target_x': 0.0, 'target_y': 0.0, 'yaw_ins': 0.0, 'dis_ins': 0.0}
  [2026-06-23T21:29:52.811337] I: {'ins_mode': 4, 'realtime_x': -4213.05, 'realtime_y': 211.3, 'target_x': 0.0, 'target_y': 0.0, 'yaw_ins': 0.0, 'dis_ins': 0.0}
  [2026-06-23T21:29:52.822442] I: {'ins_mode': 4, 'realtime_x': -4134.45, 'realtime_y': 209.38, 'target_x': 0.0, 'target_y': 0.0, 'yaw_ins': 0.0, 'dis_ins': 0.0}
  [2026-06-23T21:29:52.907251] I: {'ins_mode': 4, 'realtime_x': -4055.42, 'realtime_y': 207.38, 'target_x': 0.0, 'target_y': 0.0, 'yaw_ins': 0.0, 'dis_ins': 0.0}
  [2026-06-23T21:29:53.016843] I: {'ins_mode': 4, 'realtime_x': -3976.1, 'realtime_y': 205.3, 'target_x': 0.0, 'target_y': 0.0, 'yaw_ins': 0.0, 'dis_ins': 0.0}
  [2026-06-23T21:29:53.070163] I: {'ins_mode': 4, 'realtime_x': -3896.59, 'realtime_y': 203.22, 'target_x': 0.0, 'target_y': 0.0, 'yaw_ins': 0.0, 'dis_ins': 0.0}
  [2026-06-23T21:29:53.147642] I: {'ins_mode': 4, 'realtime_x': -3817.42, 'realtime_y': 201.14, 'target_x': 0.0, 'target_y': 0.0, 'yaw_ins': 0.0, 'dis_ins': 0.0}
  [2026-06-23T21:29:53.250132] I: {'ins_mode': 4, 'realtime_x': -3739.02, 'realtime_y': 198.96, 'target_x': 0.0, 'target_y': 0.0, 'yaw_ins': 0.0, 'dis_ins': 0.0}
  [2026-06-23T21:29:53.302886] I: {'ins_mode': 4, 'realtime_x': -3660.84, 'realtime_y': 196.82, 'target_x': 0.0, 'target_y': 0.0, 'yaw_ins': 0.0, 'dis_ins': 0.0}
  [2026-06-23T21:29:53.472079] I: {'ins_mode': 4, 'realtime_x': -3581.97, 'realtime_y': 194.66, 'target_x': 0.0, 'target_y': 0.0, 'yaw_ins': 0.0, 'dis_ins': 0.0}
  [2026-06-23T21:29:53.472329] I: {'ins_mode': 4, 'realtime_x': -3502.45, 'realtime_y': 192.4, 'target_x': 0.0, 'target_y': 0.0, 'yaw_ins': 0.0, 'dis_ins': 0.0}
  [2026-06-23T21:29:53.545744] I: {'ins_mode': 4, 'realtime_x': -3422.53, 'realtime_y': 190.08, 'target_x': 0.0, 'target_y': 0.0, 'yaw_ins': 0.0, 'dis_ins': 0.0}
  [2026-06-23T21:29:53.701539] I: {'ins_mode': 4, 'realtime_x': -3342.15, 'realtime_y': 187.74, 'target_x': 0.0, 'target_y': 0.0, 'yaw_ins': 0.0, 'dis_ins': 0.0}
  [2026-06-23T21:29:53.703832] I: {'ins_mode': 4, 'realtime_x': -3262.09, 'realtime_y': 185.29, 'target_x': 0.0, 'target_y': 0.0, 'yaw_ins': 0.0, 'dis_ins': 0.0}
  [2026-06-23T21:29:53.910271] I: {'ins_mode': 4, 'realtime_x': -3183.44, 'realtime_y': 182.81, 'target_x': 0.0, 'target_y': 0.0, 'yaw_ins': 0.0, 'dis_ins': 0.0}
  [2026-06-23T21:29:53.933562] I: {'ins_mode': 4, 'realtime_x': -3105.4, 'realtime_y': 180.06, 'target_x': 0.0, 'target_y': 0.0, 'yaw_ins': 0.0, 'dis_ins': 0.0}
  [2026-06-23T21:29:53.963625] I: {'ins_mode': 4, 'realtime_x': -3027.58, 'realtime_y': 177.03, 'target_x': 0.0, 'target_y': 0.0, 'yaw_ins': 0.0, 'dis_ins': 0.0}
  [2026-06-23T21:29:54.125929] I: {'ins_mode': 4, 'realtime_x': -2950.16, 'realtime_y': 173.94, 'target_x': 0.0, 'target_y': 0.0, 'yaw_ins': 0.0, 'dis_ins': 0.0}
  [2026-06-23T21:29:54.125962] I: {'ins_mode': 4, 'realtime_x': -2873.52, 'realtime_y': 170.68, 'target_x': 0.0, 'target_y': 0.0, 'yaw_ins': 0.0, 'dis_ins': 0.0}
  [2026-06-23T21:29:54.189826] I: {'ins_mode': 4, 'realtime_x': -2797.52, 'realtime_y': 167.32, 'target_x': 0.0, 'target_y': 0.0, 'yaw_ins': 0.0, 'dis_ins': 0.0}
  [2026-06-23T21:29:54.343274] I: {'ins_mode': 4, 'realtime_x': -2721.64, 'realtime_y': 163.92, 'target_x': 0.0, 'target_y': 0.0, 'yaw_ins': 0.0, 'dis_ins': 0.0}
  [2026-06-23T21:29:54.349544] I: {'ins_mode': 4, 'realtime_x': -2645.11, 'realtime_y': 160.45, 'target_x': 0.0, 'target_y': 0.0, 'yaw_ins': 0.0, 'dis_ins': 0.0}
  [2026-06-23T21:29:54.430204] I: {'ins_mode': 4, 'realtime_x': -2568.58, 'realtime_y': 156.99, 'target_x': 0.0, 'target_y': 0.0, 'yaw_ins': 0.0, 'dis_ins': 0.0}
  [2026-06-23T21:29:54.558777] I: {'ins_mode': 4, 'realtime_x': -2492.19, 'realtime_y': 153.34, 'target_x': 0.0, 'target_y': 0.0, 'yaw_ins': 0.0, 'dis_ins': 0.0}
  [2026-06-23T21:29:54.598302] I: {'ins_mode': 4, 'realtime_x': -2415.61, 'realtime_y': 149.6, 'target_x': 0.0, 'target_y': 0.0, 'yaw_ins': 0.0, 'dis_ins': 0.0}
  [2026-06-23T21:29:54.759826] I: {'ins_mode': 4, 'realtime_x': -2337.89, 'realtime_y': 145.92, 'target_x': 0.0, 'target_y': 0.0, 'yaw_ins': 0.0, 'dis_ins': 0.0}
  [2026-06-23T21:29:54.759869] I: {'ins_mode': 4, 'realtime_x': -2259.27, 'realtime_y': 142.15, 'target_x': 0.0, 'target_y': 0.0, 'yaw_ins': 0.0, 'dis_ins': 0.0}
  [2026-06-23T21:29:54.833973] I: {'ins_mode': 4, 'realtime_x': -2180.66, 'realtime_y': 138.31, 'target_x': 0.0, 'target_y': 0.0, 'yaw_ins': 0.0, 'dis_ins': 0.0}
  [2026-06-23T21:29:54.986370] I: {'ins_mode': 4, 'realtime_x': -2102.41, 'realtime_y': 134.41, 'target_x': 0.0, 'target_y': 0.0, 'yaw_ins': 0.0, 'dis_ins': 0.0}
  [2026-06-23T21:29:54.986412] I: {'ins_mode': 4, 'realtime_x': -2024.23, 'realtime_y': 130.31, 'target_x': 0.0, 'target_y': 0.0, 'yaw_ins': 0.0, 'dis_ins': 0.0}
  [2026-06-23T21:29:55.084985] I: {'ins_mode': 4, 'realtime_x': -1946.19, 'realtime_y': 126.16, 'target_x': 0.0, 'target_y': 0.0, 'yaw_ins': 0.0, 'dis_ins': 0.0}
  [2026-06-23T21:29:55.196234] I: {'ins_mode': 4, 'realtime_x': -1868.48, 'realtime_y': 121.92, 'target_x': 0.0, 'target_y': 0.0, 'yaw_ins': 0.0, 'dis_ins': 0.0}
  [2026-06-23T21:29:55.225956] I: {'ins_mode': 4, 'realtime_x': -1792.01, 'realtime_y': 117.68, 'target_x': 0.0, 'target_y': 0.0, 'yaw_ins': 0.0, 'dis_ins': 0.0}
  [2026-06-23T21:29:55.311804] I: {'ins_mode': 4, 'realtime_x': -1718.58, 'realtime_y': 113.4, 'target_x': 0.0, 'target_y': 0.0, 'yaw_ins': 0.0, 'dis_ins': 0.0}
  [2026-06-23T21:29:55.416243] I: {'ins_mode': 4, 'realtime_x': -1649.94, 'realtime_y': 109.02, 'target_x': 0.0, 'target_y': 0.0, 'yaw_ins': 0.0, 'dis_ins': 0.0}
  [2026-06-23T21:29:55.468063] I: {'ins_mode': 4, 'realtime_x': -1587.75, 'realtime_y': 104.79, 'target_x': 0.0, 'target_y': 0.0, 'yaw_ins': 0.0, 'dis_ins': 0.0}
  [2026-06-23T21:29:55.643594] I: {'ins_mode': 4, 'realtime_x': -1534.16, 'realtime_y': 100.91, 'target_x': 0.0, 'target_y': 0.0, 'yaw_ins': 0.0, 'dis_ins': 0.0}
  [2026-06-23T21:29:55.644695] I: {'ins_mode': 4, 'realtime_x': -1491.6, 'realtime_y': 97.75, 'target_x': 0.0, 'target_y': 0.0, 'yaw_ins': 0.0, 'dis_ins': 0.0}
  [2026-06-23T21:29:55.707713] I: {'ins_mode': 4, 'realtime_x': -1460.69, 'realtime_y': 95.57, 'target_x': 0.0, 'target_y': 0.0, 'yaw_ins': 0.0, 'dis_ins': 0.0}
  [2026-06-23T21:29:55.839650] I: {'ins_mode': 4, 'realtime_x': -1441.81, 'realtime_y': 94.25, 'target_x': 0.0, 'target_y': 0.0, 'yaw_ins': 0.0, 'dis_ins': 0.0}
  [2026-06-23T21:29:55.870706] I: {'ins_mode': 4, 'realtime_x': -1436.06, 'realtime_y': 93.86, 'target_x': 0.0, 'target_y': 0.0, 'yaw_ins': 0.0, 'dis_ins': 0.0}
  [2026-06-23T21:29:55.951321] I: {'ins_mode': 4, 'realtime_x': -1442.81, 'realtime_y': 94.28, 'target_x': 0.0, 'target_y': 0.0, 'yaw_ins': 0.0, 'dis_ins': 0.0}
  [2026-06-23T21:29:56.048399] I: {'ins_mode': 4, 'realtime_x': -1462.1, 'realtime_y': 95.38, 'target_x': 0.0, 'target_y': 0.0, 'yaw_ins': 0.0, 'dis_ins': 0.0}
  [2026-06-23T21:29:56.110678] I: {'ins_mode': 4, 'realtime_x': -1493.45, 'realtime_y': 97.13, 'target_x': 0.0, 'target_y': 0.0, 'yaw_ins': 0.0, 'dis_ins': 0.0}
  [2026-06-23T21:29:56.271136] I: {'ins_mode': 4, 'realtime_x': -1535.27, 'realtime_y': 99.57, 'target_x': 0.0, 'target_y': 0.0, 'yaw_ins': 0.0, 'dis_ins': 0.0}
  [2026-06-23T21:29:56.271172] I: {'ins_mode': 4, 'realtime_x': -1586.66, 'realtime_y': 102.8, 'target_x': 0.0, 'target_y': 0.0, 'yaw_ins': 0.0, 'dis_ins': 0.0}
  [2026-06-23T21:29:56.346046] I: {'ins_mode': 4, 'realtime_x': -1647.83, 'realtime_y': 106.7, 'target_x': 0.0, 'target_y': 0.0, 'yaw_ins': 0.0, 'dis_ins': 0.0}
  [2026-06-23T21:29:56.477586] I: {'ins_mode': 4, 'realtime_x': -1717.43, 'realtime_y': 110.97, 'target_x': 0.0, 'target_y': 0.0, 'yaw_ins': 0.0, 'dis_ins': 0.0}
  [2026-06-23T21:29:56.509080] I: {'ins_mode': 4, 'realtime_x': -1793.64, 'realtime_y': 115.56, 'target_x': 0.0, 'target_y': 0.0, 'yaw_ins': 0.0, 'dis_ins': 0.0}
  [2026-06-23T21:29:56.594803] I: {'ins_mode': 4, 'realtime_x': -1873.26, 'realtime_y': 120.35, 'target_x': 0.0, 'target_y': 0.0, 'yaw_ins': 0.0, 'dis_ins': 0.0}
  [2026-06-23T21:29:56.695581] I: {'ins_mode': 4, 'realtime_x': -1952.19, 'realtime_y': 125.62, 'target_x': 0.0, 'target_y': 0.0, 'yaw_ins': 0.0, 'dis_ins': 0.0}
  [2026-06-23T21:29:56.747691] I: {'ins_mode': 4, 'realtime_x': -2029.97, 'realtime_y': 131.64, 'target_x': 0.0, 'target_y': 0.0, 'yaw_ins': 0.0, 'dis_ins': 0.0}
  [2026-06-23T21:29:56.908290] I: {'ins_mode': 4, 'realtime_x': -2109.96, 'realtime_y': 138.7, 'target_x': 0.0, 'target_y': 0.0, 'yaw_ins': 0.0, 'dis_ins': 0.0}
  [2026-06-23T21:29:56.910358] I: {'ins_mode': 4, 'realtime_x': -2193.25, 'realtime_y': 146.76, 'target_x': 0.0, 'target_y': 0.0, 'yaw_ins': 0.0, 'dis_ins': 0.0}
  [2026-06-23T21:29:56.984215] I: {'ins_mode': 4, 'realtime_x': -2286.55, 'realtime_y': 156.38, 'target_x': 0.0, 'target_y': 0.0, 'yaw_ins': 0.0, 'dis_ins': 0.0}
  [2026-06-23T21:29:57.126962] I: {'ins_mode': 4, 'realtime_x': -2385.41, 'realtime_y': 167.56, 'target_x': 0.0, 'target_y': 0.0, 'yaw_ins': 0.0, 'dis_ins': 0.0}
  [2026-06-23T21:29:57.147909] I: {'ins_mode': 4, 'realtime_x': -2484.93, 'realtime_y': 179.49, 'target_x': 0.0, 'target_y': 0.0, 'yaw_ins': 0.0, 'dis_ins': 0.0}
  [2026-06-23T21:29:57.230478] I: {'ins_mode': 4, 'realtime_x': -2584.09, 'realtime_y': 191.33, 'target_x': 0.0, 'target_y': 0.0, 'yaw_ins': 0.0, 'dis_ins': 0.0}
  [2026-06-23T21:29:57.355602] I: {'ins_mode': 4, 'realtime_x': -2683.65, 'realtime_y': 202.82, 'target_x': 0.0, 'target_y': 0.0, 'yaw_ins': 0.0, 'dis_ins': 0.0}
  [2026-06-23T21:29:57.386727] I: {'ins_mode': 4, 'realtime_x': -2784.16, 'realtime_y': 213.87, 'target_x': 0.0, 'target_y': 0.0, 'yaw_ins': 0.0, 'dis_ins': 0.0}
  [2026-06-23T21:29:57.554127] I: {'ins_mode': 4, 'realtime_x': -2885.27, 'realtime_y': 224.65, 'target_x': 0.0, 'target_y': 0.0, 'yaw_ins': 0.0, 'dis_ins': 0.0}
  [2026-06-23T21:29:57.554303] I: {'ins_mode': 4, 'realtime_x': -2987.54, 'realtime_y': 235.38, 'target_x': 0.0, 'target_y': 0.0, 'yaw_ins': 0.0, 'dis_ins': 0.0}
  [2026-06-23T21:29:57.628146] I: {'ins_mode': 4, 'realtime_x': -3092.85, 'realtime_y': 246.27, 'target_x': 0.0, 'target_y': 0.0, 'yaw_ins': 0.0, 'dis_ins': 0.0}
  [2026-06-23T21:29:57.797438] I: {'ins_mode': 4, 'realtime_x': -3202.31, 'realtime_y': 257.5, 'target_x': 0.0, 'target_y': 0.0, 'yaw_ins': 0.0, 'dis_ins': 0.0}
  [2026-06-23T21:29:57.798574] I: {'ins_mode': 4, 'realtime_x': -3316.7, 'realtime_y': 268.93, 'target_x': 0.0, 'target_y': 0.0, 'yaw_ins': 0.0, 'dis_ins': 0.0}
  [2026-06-23T21:29:57.861092] I: {'ins_mode': 4, 'realtime_x': -3434.48, 'realtime_y': 280.2, 'target_x': 0.0, 'target_y': 0.0, 'yaw_ins': 0.0, 'dis_ins': 0.0}
  [2026-06-23T21:29:57.996562] I: {'ins_mode': 4, 'realtime_x': -3553.31, 'realtime_y': 291.39, 'target_x': 0.0, 'target_y': 0.0, 'yaw_ins': 0.0, 'dis_ins': 0.0}
  [2026-06-23T21:29:58.027854] I: {'ins_mode': 4, 'realtime_x': -3669.56, 'realtime_y': 302.12, 'target_x': 0.0, 'target_y': 0.0, 'yaw_ins': 0.0, 'dis_ins': 0.0}
  [2026-06-23T21:29:58.103520] I: {'ins_mode': 4, 'realtime_x': -3781.19, 'realtime_y': 312.34, 'target_x': 0.0, 'target_y': 0.0, 'yaw_ins': 0.0, 'dis_ins': 0.0}
  [2026-06-23T21:29:58.209436] I: {'ins_mode': 4, 'realtime_x': -3887.15, 'realtime_y': 321.75, 'target_x': 0.0, 'target_y': 0.0, 'yaw_ins': 0.0, 'dis_ins': 0.0}
  [2026-06-23T21:29:58.261384] I: {'ins_mode': 4, 'realtime_x': -3985.17, 'realtime_y': 330.09, 'target_x': 0.0, 'target_y': 0.0, 'yaw_ins': 0.0, 'dis_ins': 0.0}
  [2026-06-23T21:29:58.414632] I: {'ins_mode': 4, 'realtime_x': -4065.81, 'realtime_y': 336.89, 'target_x': 0.0, 'target_y': 0.0, 'yaw_ins': 0.0, 'dis_ins': 0.0}
  [2026-06-23T21:29:58.425513] I: {'ins_mode': 4, 'realtime_x': -4128.2, 'realtime_y': 342.42, 'target_x': 0.0, 'target_y': 0.0, 'yaw_ins': 0.0, 'dis_ins': 0.0}
  [2026-06-23T21:29:58.509186] I: {'ins_mode': 4, 'realtime_x': -4175.73, 'realtime_y': 346.99, 'target_x': 0.0, 'target_y': 0.0, 'yaw_ins': 0.0, 'dis_ins': 0.0}
  [2026-06-23T21:29:58.633744] I: {'ins_mode': 4, 'realtime_x': -4208.31, 'realtime_y': 350.32, 'target_x': 0.0, 'target_y': 0.0, 'yaw_ins': 0.0, 'dis_ins': 0.0}
  [2026-06-23T21:29:58.667813] I: {'ins_mode': 4, 'realtime_x': -4229.91, 'realtime_y': 352.56, 'target_x': 0.0, 'target_y': 0.0, 'yaw_ins': 0.0, 'dis_ins': 0.0}
  [2026-06-23T21:29:58.759482] I: {'ins_mode': 4, 'realtime_x': -4244.29, 'realtime_y': 354.06, 'target_x': 0.0, 'target_y': 0.0, 'yaw_ins': 0.0, 'dis_ins': 0.0}
  [2026-06-23T21:29:58.861056] I: {'ins_mode': 4, 'realtime_x': -4254.35, 'realtime_y': 355.09, 'target_x': 0.0, 'target_y': 0.0, 'yaw_ins': 0.0, 'dis_ins': 0.0}
  [2026-06-23T21:29:58.903361] I: {'ins_mode': 4, 'realtime_x': -4261.28, 'realtime_y': 355.79, 'target_x': 0.0, 'target_y': 0.0, 'yaw_ins': 0.0, 'dis_ins': 0.0}
  [2026-06-23T21:29:59.072358] I: {'ins_mode': 4, 'realtime_x': -4265.27, 'realtime_y': 356.21, 'target_x': 0.0, 'target_y': 0.0, 'yaw_ins': 0.0, 'dis_ins': 0.0}
  [2026-06-23T21:29:59.072448] I: {'ins_mode': 4, 'realtime_x': -4267.88, 'realtime_y': 356.48, 'target_x': 0.0, 'target_y': 0.0, 'yaw_ins': 0.0, 'dis_ins': 0.0}
  [2026-06-23T21:29:59.146766] I: {'ins_mode': 4, 'realtime_x': -4268.82, 'realtime_y': 356.57, 'target_x': 0.0, 'target_y': 0.0, 'yaw_ins': 0.0, 'dis_ins': 0.0}
  [2026-06-23T21:29:59.282236] I: {'ins_mode': 4, 'realtime_x': -4266.75, 'realtime_y': 356.35, 'target_x': 0.0, 'target_y': 0.0, 'yaw_ins': 0.0, 'dis_ins': 0.0}
  [2026-06-23T21:29:59.303067] I: {'ins_mode': 4, 'realtime_x': -4258.83, 'realtime_y': 355.46, 'target_x': 0.0, 'target_y': 0.0, 'yaw_ins': 0.0, 'dis_ins': 0.0}
  [2026-06-23T21:29:59.397427] I: {'ins_mode': 4, 'realtime_x': -4244.31, 'realtime_y': 353.73, 'target_x': 0.0, 'target_y': 0.0, 'yaw_ins': 0.0, 'dis_ins': 0.0}
  [2026-06-23T21:29:59.499874] I: {'ins_mode': 4, 'realtime_x': -4226.98, 'realtime_y': 351.67, 'target_x': 0.0, 'target_y': 0.0, 'yaw_ins': 0.0, 'dis_ins': 0.0}
  [2026-06-23T21:29:59.542617] I: {'ins_mode': 4, 'realtime_x': -4213.5, 'realtime_y': 350.08, 'target_x': 0.0, 'target_y': 0.0, 'yaw_ins': 0.0, 'dis_ins': 0.0}
  [2026-06-23T21:29:59.701235] I: {'ins_mode': 4, 'realtime_x': -4214.35, 'realtime_y': 350.17, 'target_x': 0.0, 'target_y': 0.0, 'yaw_ins': 0.0, 'dis_ins': 0.0}
  [2026-06-23T21:29:59.703483] I: {'ins_mode': 4, 'realtime_x': -4236.38, 'realtime_y': 352.58, 'target_x': 0.0, 'target_y': 0.0, 'yaw_ins': 0.0, 'dis_ins': 0.0}
  [2026-06-23T21:29:59.786533] I: {'ins_mode': 4, 'realtime_x': -4282.11, 'realtime_y': 358.33, 'target_x': 0.0, 'target_y': 0.0, 'yaw_ins': 0.0, 'dis_ins': 0.0}
  [2026-06-23T21:29:59.930938] I: {'ins_mode': 4, 'realtime_x': -4352.92, 'realtime_y': 368.42, 'target_x': 0.0, 'target_y': 0.0, 'yaw_ins': 0.0, 'dis_ins': 0.0}
  [2026-06-23T21:29:59.941858] I: {'ins_mode': 4, 'realtime_x': -4446.42, 'realtime_y': 382.86, 'target_x': 0.0, 'target_y': 0.0, 'yaw_ins': 0.0, 'dis_ins': 0.0}
  [2026-06-23T21:30:00.031074] I: {'ins_mode': 4, 'realtime_x': -4548.74, 'realtime_y': 399.98, 'target_x': 0.0, 'target_y': 0.0, 'yaw_ins': 0.0, 'dis_ins': 0.0}
  [2026-06-23T21:30:00.134930] I: {'ins_mode': 4, 'realtime_x': -4648.45, 'realtime_y': 417.14, 'target_x': 0.0, 'target_y': 0.0, 'yaw_ins': 0.0, 'dis_ins': 0.0}
  [2026-06-23T21:30:00.187100] I: {'ins_mode': 4, 'realtime_x': -4740.9, 'realtime_y': 432.48, 'target_x': 0.0, 'target_y': 0.0, 'yaw_ins': 0.0, 'dis_ins': 0.0}
  [2026-06-23T21:30:00.334906] I: {'ins_mode': 4, 'realtime_x': -4824.3, 'realtime_y': 445.26, 'target_x': 0.0, 'target_y': 0.0, 'yaw_ins': 0.0, 'dis_ins': 0.0}
  [2026-06-23T21:30:00.345403] I: {'ins_mode': 4, 'realtime_x': -4898.93, 'realtime_y': 455.9, 'target_x': 0.0, 'target_y': 0.0, 'yaw_ins': 0.0, 'dis_ins': 0.0}
  [2026-06-23T21:30:00.430489] I: {'ins_mode': 4, 'realtime_x': -4964.18, 'realtime_y': 464.86, 'target_x': 0.0, 'target_y': 0.0, 'yaw_ins': 0.0, 'dis_ins': 0.0}
  [2026-06-23T21:30:00.555809] I: {'ins_mode': 4, 'realtime_x': -5015.96, 'realtime_y': 472.01, 'target_x': 0.0, 'target_y': 0.0, 'yaw_ins': 0.0, 'dis_ins': 0.0}
  [2026-06-23T21:30:00.587975] I: {'ins_mode': 4, 'realtime_x': -5051.95, 'realtime_y': 477.22, 'target_x': 0.0, 'target_y': 0.0, 'yaw_ins': 0.0, 'dis_ins': 0.0}
  [2026-06-23T21:30:00.669694] I: {'ins_mode': 4, 'realtime_x': -5070.7, 'realtime_y': 480.13, 'target_x': 0.0, 'target_y': 0.0, 'yaw_ins': 0.0, 'dis_ins': 0.0}
  [2026-06-23T21:30:00.773200] I: {'ins_mode': 4, 'realtime_x': -5073.99, 'realtime_y': 480.66, 'target_x': 0.0, 'target_y': 0.0, 'yaw_ins': 0.0, 'dis_ins': 0.0}
  [2026-06-23T21:30:00.825863] I: {'ins_mode': 4, 'realtime_x': -5065.02, 'realtime_y': 479.08, 'target_x': 0.0, 'target_y': 0.0, 'yaw_ins': 0.0, 'dis_ins': 0.0}
  [2026-06-23T21:30:00.990098] I: {'ins_mode': 4, 'realtime_x': -5046.59, 'realtime_y': 475.79, 'target_x': 0.0, 'target_y': 0.0, 'yaw_ins': 0.0, 'dis_ins': 0.0}
  [2026-06-23T21:30:00.990311] I: {'ins_mode': 4, 'realtime_x': -5022.66, 'realtime_y': 471.49, 'target_x': 0.0, 'target_y': 0.0, 'yaw_ins': 0.0, 'dis_ins': 0.0}
  [2026-06-23T21:30:01.063803] I: {'ins_mode': 4, 'realtime_x': -4993.1, 'realtime_y': 466.08, 'target_x': 0.0, 'target_y': 0.0, 'yaw_ins': 0.0, 'dis_ins': 0.0}
  [2026-06-23T21:30:01.204450] I: {'ins_mode': 4, 'realtime_x': -4959.03, 'realtime_y': 459.8, 'target_x': 0.0, 'target_y': 0.0, 'yaw_ins': 0.0, 'dis_ins': 0.0}
  [2026-06-23T21:30:01.225758] I: {'ins_mode': 4, 'realtime_x': -4920.82, 'realtime_y': 452.73, 'target_x': 0.0, 'target_y': 0.0, 'yaw_ins': 0.0, 'dis_ins': 0.0}
  [2026-06-23T21:30:01.309340] I: {'ins_mode': 4, 'realtime_x': -4879.04, 'realtime_y': 445.11, 'target_x': 0.0, 'target_y': 0.0, 'yaw_ins': 0.0, 'dis_ins': 0.0}
  [2026-06-23T21:30:01.424991] I: {'ins_mode': 4, 'realtime_x': -4834.79, 'realtime_y': 437.14, 'target_x': 0.0, 'target_y': 0.0, 'yaw_ins': 0.0, 'dis_ins': 0.0}
  [2026-06-23T21:30:01.467102] I: {'ins_mode': 4, 'realtime_x': -4788.74, 'realtime_y': 428.82, 'target_x': 0.0, 'target_y': 0.0, 'yaw_ins': 0.0, 'dis_ins': 0.0}
  [2026-06-23T21:30:01.628971] I: {'ins_mode': 4, 'realtime_x': -4740.68, 'realtime_y': 420.26, 'target_x': 0.0, 'target_y': 0.0, 'yaw_ins': 0.0, 'dis_ins': 0.0}
  [2026-06-23T21:30:01.629311] I: {'ins_mode': 4, 'realtime_x': -4690.91, 'realtime_y': 411.38, 'target_x': 0.0, 'target_y': 0.0, 'yaw_ins': 0.0, 'dis_ins': 0.0}
  [2026-06-23T21:30:01.704170] I: {'ins_mode': 4, 'realtime_x': -4639.35, 'realtime_y': 402.11, 'target_x': 0.0, 'target_y': 0.0, 'yaw_ins': 0.0, 'dis_ins': 0.0}
  [2026-06-23T21:30:01.836721] I: {'ins_mode': 4, 'realtime_x': -4587.06, 'realtime_y': 392.81, 'target_x': 0.0, 'target_y': 0.0, 'yaw_ins': 0.0, 'dis_ins': 0.0}
  [2026-06-23T21:30:01.868464] I: {'ins_mode': 4, 'realtime_x': -4533.77, 'realtime_y': 383.44, 'target_x': 0.0, 'target_y': 0.0, 'yaw_ins': 0.0, 'dis_ins': 0.0}
  [2026-06-23T21:30:01.947886] I: {'ins_mode': 4, 'realtime_x': -4479.91, 'realtime_y': 374.17, 'target_x': 0.0, 'target_y': 0.0, 'yaw_ins': 0.0, 'dis_ins': 0.0}
  [2026-06-23T21:30:02.043170] I: {'ins_mode': 4, 'realtime_x': -4425.74, 'realtime_y': 364.96, 'target_x': 0.0, 'target_y': 0.0, 'yaw_ins': 0.0, 'dis_ins': 0.0}
  [2026-06-23T21:30:02.106015] I: {'ins_mode': 4, 'realtime_x': -4371.53, 'realtime_y': 355.83, 'target_x': 0.0, 'target_y': 0.0, 'yaw_ins': 0.0, 'dis_ins': 0.0}
  [2026-06-23T21:30:02.278038] I: {'ins_mode': 4, 'realtime_x': -4317.21, 'realtime_y': 346.84, 'target_x': 0.0, 'target_y': 0.0, 'yaw_ins': 0.0, 'dis_ins': 0.0}
  [2026-06-23T21:30:02.278267] I: {'ins_mode': 4, 'realtime_x': -4262.91, 'realtime_y': 337.94, 'target_x': 0.0, 'target_y': 0.0, 'yaw_ins': 0.0, 'dis_ins': 0.0}
  [2026-06-23T21:30:02.358703] I: {'ins_mode': 4, 'realtime_x': -4208.86, 'realtime_y': 329.09, 'target_x': 0.0, 'target_y': 0.0, 'yaw_ins': 0.0, 'dis_ins': 0.0}
  [2026-06-23T21:30:25.518594] I: {'ins_mode': 5, 'realtime_x': 204.7, 'realtime_y': -168.47, 'target_x': 1476.36, 'target_y': -84.03, 'yaw_ins': 2.9, 'dis_ins': 1274.5}
  [2026-06-23T21:30:25.551214] I: {'ins_mode': 5, 'realtime_x': 231.75, 'realtime_y': -166.11, 'target_x': 1476.36, 'target_y': -84.03, 'yaw_ins': 2.9, 'dis_ins': 1252.7}
  [2026-06-23T21:30:25.736629] I: {'ins_mode': 5, 'realtime_x': 255.96, 'realtime_y': -163.85, 'target_x': 1476.36, 'target_y': -84.03, 'yaw_ins': 2.8, 'dis_ins': 1227.5}
  [2026-06-23T21:30:25.737182] I: {'ins_mode': 5, 'realtime_x': 276.18, 'realtime_y': -161.81, 'target_x': 1476.36, 'target_y': -84.03, 'yaw_ins': 2.8, 'dis_ins': 1202.7}
  [2026-06-23T21:30:25.788855] I: {'ins_mode': 5, 'realtime_x': 293.65, 'realtime_y': -159.98, 'target_x': 1476.36, 'target_y': -84.03, 'yaw_ins': 2.7, 'dis_ins': 1188.5}
  [2026-06-23T21:30:25.957086] I: {'ins_mode': 5, 'realtime_x': 310.38, 'realtime_y': -158.23, 'target_x': 1476.36, 'target_y': -84.03, 'yaw_ins': 2.7, 'dis_ins': 1168.3}
  [2026-06-23T21:30:25.957291] I: {'ins_mode': 5, 'realtime_x': 328.73, 'realtime_y': -156.36, 'target_x': 1476.36, 'target_y': -84.03, 'yaw_ins': 2.7, 'dis_ins': 1153.7}
  [2026-06-23T21:30:26.153300] I: {'ins_mode': 5, 'realtime_x': 349.12, 'realtime_y': -154.29, 'target_x': 1476.36, 'target_y': -84.03, 'yaw_ins': 2.6, 'dis_ins': 1129.4}
  [2026-06-23T21:30:26.156104] I: {'ins_mode': 5, 'realtime_x': 370.36, 'realtime_y': -152.11, 'target_x': 1476.36, 'target_y': -84.03, 'yaw_ins': 2.5, 'dis_ins': 1112.4}
  [2026-06-23T21:30:26.188109] I: {'ins_mode': 5, 'realtime_x': 391.73, 'realtime_y': -149.94, 'target_x': 1476.36, 'target_y': -84.03, 'yaw_ins': 2.5, 'dis_ins': 1086.6}
  [2026-06-23T21:30:26.402244] I: {'ins_mode': 5, 'realtime_x': 413.93, 'realtime_y': -147.73, 'target_x': 1476.36, 'target_y': -84.03, 'yaw_ins': 2.4, 'dis_ins': 1064.3}
  [2026-06-23T21:30:26.402539] I: {'ins_mode': 5, 'realtime_x': 437.73, 'realtime_y': -145.38, 'target_x': 1476.36, 'target_y': -84.03, 'yaw_ins': 2.3, 'dis_ins': 1045.3}
  [2026-06-23T21:30:26.433888] I: {'ins_mode': 5, 'realtime_x': 462.94, 'realtime_y': -142.92, 'target_x': 1476.36, 'target_y': -84.03, 'yaw_ins': 2.3, 'dis_ins': 1015.1}
  [2026-06-23T21:30:26.596090] I: {'ins_mode': 5, 'realtime_x': 489.1, 'realtime_y': -140.35, 'target_x': 1476.36, 'target_y': -84.03, 'yaw_ins': 2.2, 'dis_ins': 988.9}
  [2026-06-23T21:30:26.597960] I: {'ins_mode': 5, 'realtime_x': 515.38, 'realtime_y': -137.77, 'target_x': 1476.36, 'target_y': -84.03, 'yaw_ins': 2.1, 'dis_ins': 967.7}
  [2026-06-23T21:30:26.680192] I: {'ins_mode': 5, 'realtime_x': 541.83, 'realtime_y': -135.21, 'target_x': 1476.36, 'target_y': -84.03, 'yaw_ins': 2.0, 'dis_ins': 935.9}
  [2026-06-23T21:30:26.803610] I: {'ins_mode': 5, 'realtime_x': 568.84, 'realtime_y': -132.6, 'target_x': 1476.36, 'target_y': -84.03, 'yaw_ins': 1.9, 'dis_ins': 908.8}
  [2026-06-23T21:30:26.835660] I: {'ins_mode': 5, 'realtime_x': 596.23, 'realtime_y': -129.99, 'target_x': 1476.36, 'target_y': -84.03, 'yaw_ins': 1.8, 'dis_ins': 881.3}
  [2026-06-23T21:30:27.027428] I: {'ins_mode': 5, 'realtime_x': 624.04, 'realtime_y': -127.33, 'target_x': 1476.36, 'target_y': -84.03, 'yaw_ins': 1.7, 'dis_ins': 853.4}
  [2026-06-23T21:30:27.029713] I: {'ins_mode': 5, 'realtime_x': 652.17, 'realtime_y': -124.68, 'target_x': 1476.36, 'target_y': -84.03, 'yaw_ins': 1.6, 'dis_ins': 825.2}
  [2026-06-23T21:30:27.072859] I: {'ins_mode': 5, 'realtime_x': 679.19, 'realtime_y': -122.08, 'target_x': 1476.36, 'target_y': -84.03, 'yaw_ins': 1.5, 'dis_ins': 803.3}
  [2026-06-23T21:30:27.246405] I: {'ins_mode': 5, 'realtime_x': 702.62, 'realtime_y': -119.77, 'target_x': 1476.36, 'target_y': -84.03, 'yaw_ins': 1.3, 'dis_ins': 774.6}
  [2026-06-23T21:30:27.246632] I: {'ins_mode': 5, 'realtime_x': 716.24, 'realtime_y': -118.43, 'target_x': 1476.36, 'target_y': -84.03, 'yaw_ins': 1.3, 'dis_ins': 760.9}
  [2026-06-23T21:30:27.309551] I: {'ins_mode': 5, 'realtime_x': 719.78, 'realtime_y': -118.1, 'target_x': 1476.36, 'target_y': -84.03, 'yaw_ins': 1.2, 'dis_ins': 757.4}
  [2026-06-23T21:30:27.443674] I: {'ins_mode': 5, 'realtime_x': 716.11, 'realtime_y': -118.4, 'target_x': 1476.36, 'target_y': -84.03, 'yaw_ins': 1.3, 'dis_ins': 761.0}
  [2026-06-23T21:30:27.465264] I: {'ins_mode': 5, 'realtime_x': 706.71, 'realtime_y': -119.12, 'target_x': 1476.36, 'target_y': -84.03, 'yaw_ins': 1.3, 'dis_ins': 768.0}
  [2026-06-23T21:30:27.685809] I: {'ins_mode': 5, 'realtime_x': 690.51, 'realtime_y': -120.26, 'target_x': 1476.36, 'target_y': -84.03, 'yaw_ins': 1.3, 'dis_ins': 786.7}
  [2026-06-23T21:30:27.687861] I: {'ins_mode': 5, 'realtime_x': 670.83, 'realtime_y': -121.65, 'target_x': 1476.36, 'target_y': -84.03, 'yaw_ins': 1.4, 'dis_ins': 806.4}
  [2026-06-23T21:30:27.709360] I: {'ins_mode': 5, 'realtime_x': 650.18, 'realtime_y': -123.09, 'target_x': 1476.36, 'target_y': -84.03, 'yaw_ins': 1.5, 'dis_ins': 827.1}
  [2026-06-23T21:30:27.878154] I: {'ins_mode': 5, 'realtime_x': 632.05, 'realtime_y': -124.35, 'target_x': 1476.36, 'target_y': -84.03, 'yaw_ins': 1.5, 'dis_ins': 845.3}
  [2026-06-23T21:30:27.880236] I: {'ins_mode': 5, 'realtime_x': 620.87, 'realtime_y': -125.12, 'target_x': 1476.36, 'target_y': -84.03, 'yaw_ins': 1.5, 'dis_ins': 856.5}
  [2026-06-23T21:30:27.953590] I: {'ins_mode': 5, 'realtime_x': 622.42, 'realtime_y': -125.01, 'target_x': 1476.36, 'target_y': -84.03, 'yaw_ins': 1.5, 'dis_ins': 856.4}
  [2026-06-23T21:30:28.116688] I: {'ins_mode': 5, 'realtime_x': 640.53, 'realtime_y': -123.6, 'target_x': 1476.36, 'target_y': -84.03, 'yaw_ins': 1.5, 'dis_ins': 836.8}
  [2026-06-23T21:30:28.116900] I: {'ins_mode': 5, 'realtime_x': 673.49, 'realtime_y': -120.76, 'target_x': 1476.36, 'target_y': -84.03, 'yaw_ins': 1.3, 'dis_ins': 803.7}
  [2026-06-23T21:30:28.189447] I: {'ins_mode': 5, 'realtime_x': 720.92, 'realtime_y': -116.59, 'target_x': 1476.36, 'target_y': -84.03, 'yaw_ins': 1.2, 'dis_ins': 766.7}
  [2026-06-23T21:30:28.325489] I: {'ins_mode': 5, 'realtime_x': 780.88, 'realtime_y': -111.4, 'target_x': 1476.36, 'target_y': -84.03, 'yaw_ins': 0.8, 'dis_ins': 696.0}
  [2026-06-23T21:30:28.346837] I: {'ins_mode': 5, 'realtime_x': 848.5, 'realtime_y': -105.74, 'target_x': 1476.36, 'target_y': -84.03, 'yaw_ins': 0.4, 'dis_ins': 628.2}
  [2026-06-23T21:30:28.536075] I: {'ins_mode': 5, 'realtime_x': 920.88, 'realtime_y': -100.04, 'target_x': 1476.36, 'target_y': -84.03, 'yaw_ins': -0.0, 'dis_ins': 555.7}
  [2026-06-23T21:30:28.536418] I: {'ins_mode': 5, 'realtime_x': 995.53, 'realtime_y': -94.57, 'target_x': 1476.36, 'target_y': -84.03, 'yaw_ins': -0.6, 'dis_ins': 480.9}
  [2026-06-23T21:30:28.588971] I: {'ins_mode': 5, 'realtime_x': 1071.48, 'realtime_y': -89.41, 'target_x': 1476.36, 'target_y': -84.03, 'yaw_ins': -1.3, 'dis_ins': 404.9}
  [2026-06-23T21:30:28.766914] I: {'ins_mode': 5, 'realtime_x': 1146.85, 'realtime_y': -84.65, 'target_x': 1476.36, 'target_y': -84.03, 'yaw_ins': -2.0, 'dis_ins': 344.4}
  [2026-06-23T21:30:28.767096] I: {'ins_mode': 5, 'realtime_x': 1217.92, 'realtime_y': -80.09, 'target_x': 1476.36, 'target_y': -84.03, 'yaw_ins': -3.5, 'dis_ins': 258.5}
  [2026-06-23T21:30:28.829736] I: {'ins_mode': 5, 'realtime_x': 1281.93, 'realtime_y': -75.74, 'target_x': 1476.36, 'target_y': -84.03, 'yaw_ins': -4.9, 'dis_ins': 206.8}
  [2026-06-23T21:30:28.975927] I: {'ins_mode': 5, 'realtime_x': 1337.89, 'realtime_y': -71.62, 'target_x': 1476.36, 'target_y': -84.03, 'yaw_ins': -7.3, 'dis_ins': 149.6}
  [2026-06-23T21:30:28.987057] I: {'ins_mode': 5, 'realtime_x': 1387.32, 'realtime_y': -67.69, 'target_x': 1476.36, 'target_y': -84.03, 'yaw_ins': -11.7, 'dis_ins': 90.5}
  [2026-06-23T21:30:29.080720] I: {'ins_mode': 5, 'realtime_x': 1428.44, 'realtime_y': -64.24, 'target_x': 1476.36, 'target_y': -84.03, 'yaw_ins': -17.3, 'dis_ins': 51.8}
  [2026-06-23T21:30:29.195466] I: {'ins_mode': 5, 'realtime_x': 1460.34, 'realtime_y': -61.52, 'target_x': 1476.36, 'target_y': -84.03, 'yaw_ins': -24.9, 'dis_ins': 27.6}
  [2026-06-23T21:30:29.226735] I: {'ins_mode': 5, 'realtime_x': 1480.47, 'realtime_y': -59.76, 'target_x': 1476.36, 'target_y': -84.03, 'yaw_ins': -32.5, 'dis_ins': 24.6}
  [2026-06-23T21:30:29.422891] I: {'ins_mode': 5, 'realtime_x': 1484.58, 'realtime_y': -59.4, 'target_x': 1476.36, 'target_y': -84.03, 'yaw_ins': -34.7, 'dis_ins': 26.1}
  [2026-06-23T21:30:29.423071] I: {'ins_mode': 5, 'realtime_x': 1472.03, 'realtime_y': -60.4, 'target_x': 1476.36, 'target_y': -84.03, 'yaw_ins': -29.0, 'dis_ins': 24.0}
  [2026-06-23T21:30:29.465272] I: {'ins_mode': 5, 'realtime_x': 1444.87, 'realtime_y': -62.39, 'target_x': 1476.36, 'target_y': -84.03, 'yaw_ins': -20.9, 'dis_ins': 38.2}
  [2026-06-23T21:30:29.634312] I: {'ins_mode': 5, 'realtime_x': 1403.1, 'realtime_y': -65.21, 'target_x': 1476.36, 'target_y': -84.03, 'yaw_ins': -15.2, 'dis_ins': 66.7}
  [2026-06-23T21:30:29.634539] I: {'ins_mode': 5, 'realtime_x': 1350.28, 'realtime_y': -68.64, 'target_x': 1476.36, 'target_y': -84.03, 'yaw_ins': -9.3, 'dis_ins': 127.0}
  [2026-06-23T21:30:29.707064] I: {'ins_mode': 5, 'realtime_x': 1289.43, 'realtime_y': -72.57, 'target_x': 1476.36, 'target_y': -84.03, 'yaw_ins': -6.2, 'dis_ins': 187.3}
  [2026-06-23T21:30:29.876860] I: {'ins_mode': 5, 'realtime_x': 1222.99, 'realtime_y': -76.8, 'target_x': 1476.36, 'target_y': -84.03, 'yaw_ins': -4.2, 'dis_ins': 253.5}
  [2026-06-23T21:30:29.876909] I: {'ins_mode': 5, 'realtime_x': 1152.68, 'realtime_y': -81.3, 'target_x': 1476.36, 'target_y': -84.03, 'yaw_ins': -2.8, 'dis_ins': 323.7}
  [2026-06-23T21:30:29.954272] I: {'ins_mode': 5, 'realtime_x': 1079.88, 'realtime_y': -86.06, 'target_x': 1476.36, 'target_y': -84.03, 'yaw_ins': -1.8, 'dis_ins': 396.5}
  [2026-06-23T21:30:30.073086] I: {'ins_mode': 5, 'realtime_x': 1005.01, 'realtime_y': -91.1, 'target_x': 1476.36, 'target_y': -84.03, 'yaw_ins': -1.0, 'dis_ins': 471.4}
  [2026-06-23T21:30:30.115967] I: {'ins_mode': 5, 'realtime_x': 928.2, 'realtime_y': -96.37, 'target_x': 1476.36, 'target_y': -84.03, 'yaw_ins': -0.5, 'dis_ins': 532.8}
  [2026-06-23T21:30:30.296199] I: {'ins_mode': 5, 'realtime_x': 849.85, 'realtime_y': -101.65, 'target_x': 1476.36, 'target_y': -84.03, 'yaw_ins': 0.0, 'dis_ins': 611.0}
  [2026-06-23T21:30:30.298211] I: {'ins_mode': 5, 'realtime_x': 770.69, 'realtime_y': -106.83, 'target_x': 1476.36, 'target_y': -84.03, 'yaw_ins': 0.5, 'dis_ins': 706.0}
  [2026-06-23T21:30:30.350323] I: {'ins_mode': 5, 'realtime_x': 691.14, 'realtime_y': -112.0, 'target_x': 1476.36, 'target_y': -84.03, 'yaw_ins': 0.8, 'dis_ins': 785.7}
  [2026-06-23T21:30:30.495616] I: {'ins_mode': 5, 'realtime_x': 611.62, 'realtime_y': -117.21, 'target_x': 1476.36, 'target_y': -84.03, 'yaw_ins': 1.0, 'dis_ins': 865.4}
  [2026-06-23T21:30:30.506106] I: {'ins_mode': 5, 'realtime_x': 531.9, 'realtime_y': -122.45, 'target_x': 1476.36, 'target_y': -84.03, 'yaw_ins': 1.2, 'dis_ins': 929.3}
  [2026-06-23T21:30:30.600907] I: {'ins_mode': 5, 'realtime_x': 452.43, 'realtime_y': -127.67, 'target_x': 1476.36, 'target_y': -84.03, 'yaw_ins': 1.4, 'dis_ins': 1024.9}
  [2026-06-23T21:30:30.718199] I: {'ins_mode': 5, 'realtime_x': 373.57, 'realtime_y': -132.88, 'target_x': 1476.36, 'target_y': -84.03, 'yaw_ins': 1.6, 'dis_ins': 1103.9}
  [2026-06-23T21:30:30.749869] I: {'ins_mode': 5, 'realtime_x': 294.23, 'realtime_y': -138.2, 'target_x': 1476.36, 'target_y': -84.03, 'yaw_ins': 1.7, 'dis_ins': 1183.4}
  [2026-06-23T21:30:30.950633] I: {'ins_mode': 5, 'realtime_x': 214.06, 'realtime_y': -143.64, 'target_x': 1476.36, 'target_y': -84.03, 'yaw_ins': 1.9, 'dis_ins': 1263.7}
  [2026-06-23T21:30:30.952707] I: {'ins_mode': 5, 'realtime_x': 132.9, 'realtime_y': -149.12, 'target_x': 1476.36, 'target_y': -84.03, 'yaw_ins': 2.0, 'dis_ins': 1328.7}
  [2026-06-23T21:30:30.994288] I: {'ins_mode': 5, 'realtime_x': 51.43, 'realtime_y': -154.49, 'target_x': 1476.36, 'target_y': -84.03, 'yaw_ins': 2.1, 'dis_ins': 1410.3}
  [2026-06-23T21:30:31.155638] I: {'ins_mode': 5, 'realtime_x': -29.34, 'realtime_y': -159.67, 'target_x': 1476.36, 'target_y': -84.03, 'yaw_ins': 2.2, 'dis_ins': 1507.6}
  [2026-06-23T21:30:31.156099] I: {'ins_mode': 5, 'realtime_x': -109.39, 'realtime_y': -164.7, 'target_x': 1476.36, 'target_y': -84.03, 'yaw_ins': 2.2, 'dis_ins': 1587.8}
  [2026-06-23T21:30:31.228367] I: {'ins_mode': 5, 'realtime_x': -189.13, 'realtime_y': -169.6, 'target_x': 1476.36, 'target_y': -84.03, 'yaw_ins': 2.3, 'dis_ins': 1667.7}
  [2026-06-23T21:30:31.378110] I: {'ins_mode': 5, 'realtime_x': -268.6, 'realtime_y': -174.44, 'target_x': 1476.36, 'target_y': -84.03, 'yaw_ins': 2.3, 'dis_ins': 1747.3}
  [2026-06-23T21:30:31.388668] I: {'ins_mode': 5, 'realtime_x': -346.99, 'realtime_y': -179.16, 'target_x': 1476.36, 'target_y': -84.03, 'yaw_ins': 2.4, 'dis_ins': 1825.8}
  [2026-06-23T21:30:31.484730] I: {'ins_mode': 5, 'realtime_x': -424.09, 'realtime_y': -183.82, 'target_x': 1476.36, 'target_y': -84.03, 'yaw_ins': 2.4, 'dis_ins': 1903.1}
  [2026-06-23T21:30:31.596595] I: {'ins_mode': 5, 'realtime_x': -498.94, 'realtime_y': -188.43, 'target_x': 1476.36, 'target_y': -84.03, 'yaw_ins': 2.5, 'dis_ins': 1978.1}
  [2026-06-23T21:30:31.627885] I: {'ins_mode': 5, 'realtime_x': -570.92, 'realtime_y': -192.91, 'target_x': 1476.36, 'target_y': -84.03, 'yaw_ins': 2.5, 'dis_ins': 2050.2}
  [2026-06-23T21:30:31.811000] I: {'ins_mode': 5, 'realtime_x': -640.29, 'realtime_y': -197.24, 'target_x': 1476.36, 'target_y': -84.03, 'yaw_ins': 2.5, 'dis_ins': 2119.7}
  [2026-06-23T21:30:31.811116] I: {'ins_mode': 5, 'realtime_x': -707.82, 'realtime_y': -201.5, 'target_x': 1476.36, 'target_y': -84.03, 'yaw_ins': 2.6, 'dis_ins': 2187.3}
  [2026-06-23T21:30:31.874798] I: {'ins_mode': 5, 'realtime_x': -773.69, 'realtime_y': -205.75, 'target_x': 1476.36, 'target_y': -84.03, 'yaw_ins': 2.6, 'dis_ins': 2253.3}
  [2026-06-23T21:30:32.031769] I: {'ins_mode': 5, 'realtime_x': -835.09, 'realtime_y': -209.89, 'target_x': 1476.36, 'target_y': -84.03, 'yaw_ins': 2.6, 'dis_ins': 2314.9}
  [2026-06-23T21:30:32.032169] I: {'ins_mode': 5, 'realtime_x': -877.81, 'realtime_y': -212.93, 'target_x': 1476.36, 'target_y': -84.03, 'yaw_ins': 2.7, 'dis_ins': 2351.1}
  [2026-06-23T21:30:32.107112] I: {'ins_mode': 5, 'realtime_x': -896.26, 'realtime_y': -214.3, 'target_x': 1476.36, 'target_y': -84.03, 'yaw_ins': 2.7, 'dis_ins': 2376.2}
  [2026-06-23T21:30:32.259985] I: {'ins_mode': 5, 'realtime_x': -896.2, 'realtime_y': -214.29, 'target_x': 1476.36, 'target_y': -84.03, 'yaw_ins': 2.7, 'dis_ins': 2376.1}
  [2026-06-23T21:30:32.270900] I: {'ins_mode': 5, 'realtime_x': -880.67, 'realtime_y': -212.94, 'target_x': 1476.36, 'target_y': -84.03, 'yaw_ins': 2.7, 'dis_ins': 2360.6}
  [2026-06-23T21:30:32.482885] I: {'ins_mode': 5, 'realtime_x': -849.83, 'realtime_y': -209.92, 'target_x': 1476.36, 'target_y': -84.03, 'yaw_ins': 2.6, 'dis_ins': 2329.6}
  [2026-06-23T21:30:32.484903] I: {'ins_mode': 5, 'realtime_x': -803.87, 'realtime_y': -205.12, 'target_x': 1476.36, 'target_y': -84.03, 'yaw_ins': 2.6, 'dis_ins': 2283.4}
  [2026-06-23T21:30:32.505889] I: {'ins_mode': 5, 'realtime_x': -739.98, 'realtime_y': -198.45, 'target_x': 1476.36, 'target_y': -84.03, 'yaw_ins': 2.5, 'dis_ins': 2219.3}
  [2026-06-23T21:30:32.699895] I: {'ins_mode': 5, 'realtime_x': -656.66, 'realtime_y': -190.18, 'target_x': 1476.36, 'target_y': -84.03, 'yaw_ins': 2.3, 'dis_ins': 2135.7}
  [2026-06-23T21:30:32.702602] I: {'ins_mode': 5, 'realtime_x': -555.55, 'realtime_y': -181.37, 'target_x': 1476.36, 'target_y': -84.03, 'yaw_ins': 2.2, 'dis_ins': 2034.2}
  [2026-06-23T21:30:32.755667] I: {'ins_mode': 5, 'realtime_x': -440.37, 'realtime_y': -172.62, 'target_x': 1476.36, 'target_y': -84.03, 'yaw_ins': 2.1, 'dis_ins': 1918.8}
  [2026-06-23T21:30:32.905645] I: {'ins_mode': 5, 'realtime_x': -318.01, 'realtime_y': -164.27, 'target_x': 1476.36, 'target_y': -84.03, 'yaw_ins': 2.0, 'dis_ins': 1796.2}
  [2026-06-23T21:30:32.905888] I: {'ins_mode': 5, 'realtime_x': -196.25, 'realtime_y': -156.38, 'target_x': 1476.36, 'target_y': -84.03, 'yaw_ins': 1.8, 'dis_ins': 1674.2}
  [2026-06-23T21:30:33.000511] I: {'ins_mode': 5, 'realtime_x': -81.54, 'realtime_y': -148.86, 'target_x': 1476.36, 'target_y': -84.03, 'yaw_ins': 1.7, 'dis_ins': 1559.2}
  [2026-06-23T21:30:33.116038] I: {'ins_mode': 5, 'realtime_x': 16.57, 'realtime_y': -141.71, 'target_x': 1476.36, 'target_y': -84.03, 'yaw_ins': 1.6, 'dis_ins': 1460.9}
  [2026-06-23T21:30:33.147404] I: {'ins_mode': 5, 'realtime_x': 93.19, 'realtime_y': -135.56, 'target_x': 1476.36, 'target_y': -84.03, 'yaw_ins': 1.4, 'dis_ins': 1397.7}
  [2026-06-23T21:30:33.340385] I: {'ins_mode': 5, 'realtime_x': 146.34, 'realtime_y': -131.26, 'target_x': 1476.36, 'target_y': -84.03, 'yaw_ins': 1.3, 'dis_ins': 1330.9}
  [2026-06-23T21:30:33.340699] I: {'ins_mode': 5, 'realtime_x': 172.94, 'realtime_y': -129.22, 'target_x': 1476.36, 'target_y': -84.03, 'yaw_ins': 1.2, 'dis_ins': 1304.2}
  [2026-06-23T21:30:33.393416] I: {'ins_mode': 5, 'realtime_x': 173.27, 'realtime_y': -129.17, 'target_x': 1476.36, 'target_y': -84.03, 'yaw_ins': 1.2, 'dis_ins': 1302.1}
  [2026-06-23T21:30:33.566230] I: {'ins_mode': 5, 'realtime_x': 150.03, 'realtime_y': -130.5, 'target_x': 1476.36, 'target_y': -84.03, 'yaw_ins': 1.2, 'dis_ins': 1327.1}
  [2026-06-23T21:30:33.568283] I: {'ins_mode': 5, 'realtime_x': 107.34, 'realtime_y': -132.57, 'target_x': 1476.36, 'target_y': -84.03, 'yaw_ins': 1.3, 'dis_ins': 1369.9}
  [2026-06-23T21:30:33.632095] I: {'ins_mode': 5, 'realtime_x': 51.25, 'realtime_y': -134.95, 'target_x': 1476.36, 'target_y': -84.03, 'yaw_ins': 1.3, 'dis_ins': 1426.0}
  [2026-06-23T21:30:33.776384] I: {'ins_mode': 5, 'realtime_x': -13.33, 'realtime_y': -137.47, 'target_x': 1476.36, 'target_y': -84.03, 'yaw_ins': 1.4, 'dis_ins': 1477.3}
  [2026-06-23T21:30:33.787190] I: {'ins_mode': 5, 'realtime_x': -82.47, 'realtime_y': -140.23, 'target_x': 1476.36, 'target_y': -84.03, 'yaw_ins': 1.4, 'dis_ins': 1559.8}
  [2026-06-23T21:30:33.874883] I: {'ins_mode': 5, 'realtime_x': -156.44, 'realtime_y': -143.65, 'target_x': 1476.36, 'target_y': -84.03, 'yaw_ins': 1.5, 'dis_ins': 1633.9}
  [2026-06-23T21:30:33.987446] I: {'ins_mode': 5, 'realtime_x': -234.38, 'realtime_y': -148.01, 'target_x': 1476.36, 'target_y': -84.03, 'yaw_ins': 1.5, 'dis_ins': 1711.9}
  [2026-06-23T21:30:34.030108] I: {'ins_mode': 5, 'realtime_x': -316.17, 'realtime_y': -153.1, 'target_x': 1476.36, 'target_y': -84.03, 'yaw_ins': 1.6, 'dis_ins': 1793.9}
  [2026-06-23T21:30:34.222311] I: {'ins_mode': 5, 'realtime_x': -399.78, 'realtime_y': -158.45, 'target_x': 1476.36, 'target_y': -84.03, 'yaw_ins': 1.7, 'dis_ins': 1860.8}
  [2026-06-23T21:30:34.222702] I: {'ins_mode': 5, 'realtime_x': -484.19, 'realtime_y': -164.05, 'target_x': 1476.36, 'target_y': -84.03, 'yaw_ins': 1.8, 'dis_ins': 1962.2}
  [2026-06-23T21:30:34.275813] I: {'ins_mode': 5, 'realtime_x': -570.11, 'realtime_y': -169.96, 'target_x': 1476.36, 'target_y': -84.03, 'yaw_ins': 1.9, 'dis_ins': 2048.3}
  [2026-06-23T21:30:34.433049] I: {'ins_mode': 5, 'realtime_x': -657.84, 'realtime_y': -176.29, 'target_x': 1476.36, 'target_y': -84.03, 'yaw_ins': 2.0, 'dis_ins': 2136.2}
  [2026-06-23T21:30:34.433128] I: {'ins_mode': 5, 'realtime_x': -744.49, 'realtime_y': -182.51, 'target_x': 1476.36, 'target_y': -84.03, 'yaw_ins': 2.1, 'dis_ins': 2223.0}
  [2026-06-23T21:30:34.516882] I: {'ins_mode': 5, 'realtime_x': -827.92, 'realtime_y': -188.57, 'target_x': 1476.36, 'target_y': -84.03, 'yaw_ins': 2.1, 'dis_ins': 2306.7}
  [2026-06-23T21:30:34.640051] I: {'ins_mode': 5, 'realtime_x': -907.39, 'realtime_y': -194.73, 'target_x': 1476.36, 'target_y': -84.03, 'yaw_ins': 2.2, 'dis_ins': 2386.3}
  [2026-06-23T21:30:34.671897] I: {'ins_mode': 5, 'realtime_x': -979.99, 'realtime_y': -200.81, 'target_x': 1476.36, 'target_y': -84.03, 'yaw_ins': 2.3, 'dis_ins': 2459.1}
  [2026-06-23T21:30:34.869944] I: {'ins_mode': 5, 'realtime_x': -1038.79, 'realtime_y': -206.27, 'target_x': 1476.36, 'target_y': -84.03, 'yaw_ins': 2.4, 'dis_ins': 2518.1}
  [2026-06-23T21:30:34.870009] I: {'ins_mode': 5, 'realtime_x': -1079.7, 'realtime_y': -210.47, 'target_x': 1476.36, 'target_y': -84.03, 'yaw_ins': 2.4, 'dis_ins': 2552.7}
  [2026-06-23T21:30:34.912960] I: {'ins_mode': 5, 'realtime_x': -1098.54, 'realtime_y': -212.56, 'target_x': 1476.36, 'target_y': -84.03, 'yaw_ins': 2.4, 'dis_ins': 2578.1}
  [2026-06-23T21:30:35.091755] I: {'ins_mode': 5, 'realtime_x': -1099.03, 'realtime_y': -212.61, 'target_x': 1476.36, 'target_y': -84.03, 'yaw_ins': 2.4, 'dis_ins': 2578.6}
  [2026-06-23T21:30:35.091974] I: {'ins_mode': 5, 'realtime_x': -1090.76, 'realtime_y': -211.69, 'target_x': 1476.36, 'target_y': -84.03, 'yaw_ins': 2.4, 'dis_ins': 2570.3}
  [2026-06-23T21:30:35.155608] I: {'ins_mode': 5, 'realtime_x': -1075.44, 'realtime_y': -210.12, 'target_x': 1476.36, 'target_y': -84.03, 'yaw_ins': 2.4, 'dis_ins': 2554.9}
  [2026-06-23T21:30:35.300656] I: {'ins_mode': 5, 'realtime_x': -1050.29, 'realtime_y': -207.89, 'target_x': 1476.36, 'target_y': -84.03, 'yaw_ins': 2.4, 'dis_ins': 2529.7}
  [2026-06-23T21:30:35.311264] I: {'ins_mode': 5, 'realtime_x': -1013.78, 'realtime_y': -205.34, 'target_x': 1476.36, 'target_y': -84.03, 'yaw_ins': 2.4, 'dis_ins': 2493.1}
  [2026-06-23T21:30:35.400884] I: {'ins_mode': 5, 'realtime_x': -967.99, 'realtime_y': -202.9, 'target_x': 1476.36, 'target_y': -84.03, 'yaw_ins': 2.3, 'dis_ins': 2447.2}
  [2026-06-23T21:30:35.515026] I: {'ins_mode': 5, 'realtime_x': -917.3, 'realtime_y': -200.58, 'target_x': 1476.36, 'target_y': -84.03, 'yaw_ins': 2.3, 'dis_ins': 2406.8}
  [2026-06-23T21:30:35.547146] I: {'ins_mode': 5, 'realtime_x': -866.18, 'realtime_y': -198.25, 'target_x': 1476.36, 'target_y': -84.03, 'yaw_ins': 2.3, 'dis_ins': 2345.3}
  [2026-06-23T21:30:35.735708] I: {'ins_mode': 5, 'realtime_x': -815.84, 'realtime_y': -195.9, 'target_x': 1476.36, 'target_y': -84.03, 'yaw_ins': 2.3, 'dis_ins': 2294.9}
  [2026-06-23T21:30:35.736004] I: {'ins_mode': 5, 'realtime_x': -765.02, 'realtime_y': -193.56, 'target_x': 1476.36, 'target_y': -84.03, 'yaw_ins': 2.3, 'dis_ins': 2244.1}
  [2026-06-23T21:30:35.788329] I: {'ins_mode': 5, 'realtime_x': -712.29, 'realtime_y': -191.2, 'target_x': 1476.36, 'target_y': -84.03, 'yaw_ins': 2.3, 'dis_ins': 2202.0}
  [2026-06-23T21:30:35.952167] I: {'ins_mode': 5, 'realtime_x': -658.38, 'realtime_y': -188.78, 'target_x': 1476.36, 'target_y': -84.03, 'yaw_ins': 2.3, 'dis_ins': 2137.3}
  [2026-06-23T21:30:35.952424] I: {'ins_mode': 5, 'realtime_x': -605.56, 'realtime_y': -186.33, 'target_x': 1476.36, 'target_y': -84.03, 'yaw_ins': 2.3, 'dis_ins': 2084.4}
  [2026-06-23T21:30:36.043555] I: {'ins_mode': 5, 'realtime_x': -554.93, 'realtime_y': -183.86, 'target_x': 1476.36, 'target_y': -84.03, 'yaw_ins': 2.3, 'dis_ins': 2033.7}
  [2026-06-23T21:30:36.162862] I: {'ins_mode': 5, 'realtime_x': -505.89, 'realtime_y': -181.34, 'target_x': 1476.36, 'target_y': -84.03, 'yaw_ins': 2.3, 'dis_ins': 1994.4}
  [2026-06-23T21:31:12.144152] I: {'ins_mode': 4, 'realtime_x': -0.48, 'realtime_y': 0.0, 'target_x': 0.0, 'target_y': 0.0, 'yaw_ins': 0.0, 'dis_ins': 0.0}
  [2026-06-23T21:31:12.164769] I: {'ins_mode': 4, 'realtime_x': -2.77, 'realtime_y': 0.01, 'target_x': 0.0, 'target_y': 0.0, 'yaw_ins': 0.0, 'dis_ins': 0.0}
  [2026-06-23T21:31:12.249863] I: {'ins_mode': 4, 'realtime_x': -4.22, 'realtime_y': 0.04, 'target_x': 0.0, 'target_y': 0.0, 'yaw_ins': 0.0, 'dis_ins': 0.0}
  [2026-06-23T21:31:12.367871] I: {'ins_mode': 4, 'realtime_x': -3.97, 'realtime_y': 0.03, 'target_x': 0.0, 'target_y': 0.0, 'yaw_ins': 0.0, 'dis_ins': 0.0}
  [2026-06-23T21:31:12.399084] I: {'ins_mode': 4, 'realtime_x': -3.33, 'realtime_y': 0.02, 'target_x': 0.0, 'target_y': 0.0, 'yaw_ins': 0.0, 'dis_ins': 0.0}
  [2026-06-23T21:31:12.579418] I: {'ins_mode': 4, 'realtime_x': -2.82, 'realtime_y': 0.01, 'target_x': 0.0, 'target_y': 0.0, 'yaw_ins': 0.0, 'dis_ins': 0.0}
  [2026-06-23T21:31:12.579620] I: {'ins_mode': 4, 'realtime_x': -2.75, 'realtime_y': 0.01, 'target_x': 0.0, 'target_y': 0.0, 'yaw_ins': 0.0, 'dis_ins': 0.0}
  [2026-06-23T21:31:12.643023] I: {'ins_mode': 4, 'realtime_x': -2.67, 'realtime_y': 0.01, 'target_x': 0.0, 'target_y': 0.0, 'yaw_ins': 0.0, 'dis_ins': 0.0}
  [2026-06-23T21:31:12.800052] I: {'ins_mode': 4, 'realtime_x': -2.4, 'realtime_y': 0.0, 'target_x': 0.0, 'target_y': 0.0, 'yaw_ins': 0.0, 'dis_ins': 0.0}
  [2026-06-23T21:31:12.802215] I: {'ins_mode': 4, 'realtime_x': -1.94, 'realtime_y': -0.01, 'target_x': 0.0, 'target_y': 0.0, 'yaw_ins': 0.0, 'dis_ins': 0.0}
  [2026-06-23T21:31:12.897440] I: {'ins_mode': 4, 'realtime_x': -1.74, 'realtime_y': -0.01, 'target_x': 0.0, 'target_y': 0.0, 'yaw_ins': 0.0, 'dis_ins': 0.0}
  [2026-06-23T21:31:13.020483] I: {'ins_mode': 4, 'realtime_x': -1.73, 'realtime_y': -0.01, 'target_x': 0.0, 'target_y': 0.0, 'yaw_ins': 0.0, 'dis_ins': 0.0}
  [2026-06-23T21:31:13.041340] I: {'ins_mode': 4, 'realtime_x': -1.73, 'realtime_y': -0.01, 'target_x': 0.0, 'target_y': 0.0, 'yaw_ins': 0.0, 'dis_ins': 0.0}
  [2026-06-23T21:31:13.118986] I: {'ins_mode': 4, 'realtime_x': -1.73, 'realtime_y': -0.01, 'target_x': 0.0, 'target_y': 0.0, 'yaw_ins': 0.0, 'dis_ins': 0.0}
  [2026-06-23T21:31:13.235989] I: {'ins_mode': 4, 'realtime_x': -1.73, 'realtime_y': -0.01, 'target_x': 0.0, 'target_y': 0.0, 'yaw_ins': 0.0, 'dis_ins': 0.0}
  [2026-06-23T21:31:13.279393] I: {'ins_mode': 4, 'realtime_x': -1.73, 'realtime_y': -0.01, 'target_x': 0.0, 'target_y': 0.0, 'yaw_ins': 0.0, 'dis_ins': 0.0}
  [2026-06-23T21:31:13.458656] I: {'ins_mode': 4, 'realtime_x': -1.73, 'realtime_y': -0.01, 'target_x': 0.0, 'target_y': 0.0, 'yaw_ins': 0.0, 'dis_ins': 0.0}
  [2026-06-23T21:31:13.458802] I: {'ins_mode': 4, 'realtime_x': -1.73, 'realtime_y': -0.01, 'target_x': 0.0, 'target_y': 0.0, 'yaw_ins': 0.0, 'dis_ins': 0.0}
  [2026-06-23T21:31:13.521389] I: {'ins_mode': 4, 'realtime_x': -1.73, 'realtime_y': -0.01, 'target_x': 0.0, 'target_y': 0.0, 'yaw_ins': 0.0, 'dis_ins': 0.0}
  [2026-06-23T21:31:13.670699] I: {'ins_mode': 4, 'realtime_x': -1.73, 'realtime_y': -0.01, 'target_x': 0.0, 'target_y': 0.0, 'yaw_ins': 0.0, 'dis_ins': 0.0}
  [2026-06-23T21:31:13.681442] I: {'ins_mode': 4, 'realtime_x': -1.73, 'realtime_y': -0.01, 'target_x': 0.0, 'target_y': 0.0, 'yaw_ins': 0.0, 'dis_ins': 0.0}
  [2026-06-23T21:31:13.777068] I: {'ins_mode': 4, 'realtime_x': -1.73, 'realtime_y': -0.01, 'target_x': 0.0, 'target_y': 0.0, 'yaw_ins': 0.0, 'dis_ins': 0.0}
  [2026-06-23T21:31:13.885192] I: {'ins_mode': 4, 'realtime_x': -1.73, 'realtime_y': -0.01, 'target_x': 0.0, 'target_y': 0.0, 'yaw_ins': 0.0, 'dis_ins': 0.0}
  [2026-06-23T21:31:13.917542] I: {'ins_mode': 4, 'realtime_x': -1.73, 'realtime_y': -0.01, 'target_x': 0.0, 'target_y': 0.0, 'yaw_ins': 0.0, 'dis_ins': 0.0}
  [2026-06-23T21:31:14.102826] I: {'ins_mode': 4, 'realtime_x': -1.66, 'realtime_y': -0.01, 'target_x': 0.0, 'target_y': 0.0, 'yaw_ins': 0.0, 'dis_ins': 0.0}
  [2026-06-23T21:31:14.103097] I: {'ins_mode': 4, 'realtime_x': -1.66, 'realtime_y': -0.01, 'target_x': 0.0, 'target_y': 0.0, 'yaw_ins': 0.0, 'dis_ins': 0.0}
  [2026-06-23T21:31:14.165711] I: {'ins_mode': 4, 'realtime_x': -1.66, 'realtime_y': -0.01, 'target_x': 0.0, 'target_y': 0.0, 'yaw_ins': 0.0, 'dis_ins': 0.0}
  [2026-06-23T21:31:14.318474] I: {'ins_mode': 4, 'realtime_x': -1.66, 'realtime_y': -0.01, 'target_x': 0.0, 'target_y': 0.0, 'yaw_ins': 0.0, 'dis_ins': 0.0}
  [2026-06-23T21:31:14.318731] I: {'ins_mode': 4, 'realtime_x': -1.66, 'realtime_y': -0.01, 'target_x': 0.0, 'target_y': 0.0, 'yaw_ins': 0.0, 'dis_ins': 0.0}
  [2026-06-23T21:31:14.402966] I: {'ins_mode': 4, 'realtime_x': -1.63, 'realtime_y': -0.01, 'target_x': 0.0, 'target_y': 0.0, 'yaw_ins': 0.0, 'dis_ins': 0.0}
  [2026-06-23T21:31:14.547726] I: {'ins_mode': 4, 'realtime_x': -1.63, 'realtime_y': -0.01, 'target_x': 0.0, 'target_y': 0.0, 'yaw_ins': 0.0, 'dis_ins': 0.0}
  [2026-06-23T21:31:14.558499] I: {'ins_mode': 4, 'realtime_x': -1.66, 'realtime_y': -0.01, 'target_x': 0.0, 'target_y': 0.0, 'yaw_ins': 0.0, 'dis_ins': 0.0}
  [2026-06-23T21:31:14.652814] I: {'ins_mode': 4, 'realtime_x': -1.66, 'realtime_y': -0.01, 'target_x': 0.0, 'target_y': 0.0, 'yaw_ins': 0.0, 'dis_ins': 0.0}
  [2026-06-23T21:31:14.756771] I: {'ins_mode': 4, 'realtime_x': -1.66, 'realtime_y': -0.01, 'target_x': 0.0, 'target_y': 0.0, 'yaw_ins': 0.0, 'dis_ins': 0.0}
  [2026-06-23T21:31:14.798842] I: {'ins_mode': 4, 'realtime_x': -1.65, 'realtime_y': -0.01, 'target_x': 0.0, 'target_y': 0.0, 'yaw_ins': 0.0, 'dis_ins': 0.0}
  [2026-06-23T21:31:14.980795] I: {'ins_mode': 4, 'realtime_x': -1.66, 'realtime_y': -0.01, 'target_x': 0.0, 'target_y': 0.0, 'yaw_ins': 0.0, 'dis_ins': 0.0}
  [2026-06-23T21:31:14.981235] I: {'ins_mode': 4, 'realtime_x': -1.68, 'realtime_y': -0.01, 'target_x': 0.0, 'target_y': 0.0, 'yaw_ins': 0.0, 'dis_ins': 0.0}
  [2026-06-23T21:31:15.046946] I: {'ins_mode': 4, 'realtime_x': -1.68, 'realtime_y': -0.01, 'target_x': 0.0, 'target_y': 0.0, 'yaw_ins': 0.0, 'dis_ins': 0.0}
  [2026-06-23T21:31:15.194785] I: {'ins_mode': 4, 'realtime_x': -1.63, 'realtime_y': -0.01, 'target_x': 0.0, 'target_y': 0.0, 'yaw_ins': 0.0, 'dis_ins': 0.0}
  [2026-06-23T21:31:15.205740] I: {'ins_mode': 4, 'realtime_x': -1.66, 'realtime_y': -0.01, 'target_x': 0.0, 'target_y': 0.0, 'yaw_ins': 0.0, 'dis_ins': 0.0}
  [2026-06-23T21:31:15.278759] I: {'ins_mode': 4, 'realtime_x': -1.68, 'realtime_y': -0.01, 'target_x': 0.0, 'target_y': 0.0, 'yaw_ins': 0.0, 'dis_ins': 0.0}
  [2026-06-23T21:31:15.412984] I: {'ins_mode': 4, 'realtime_x': -1.68, 'realtime_y': -0.01, 'target_x': 0.0, 'target_y': 0.0, 'yaw_ins': 0.0, 'dis_ins': 0.0}
  [2026-06-23T21:31:15.444860] I: {'ins_mode': 4, 'realtime_x': -1.68, 'realtime_y': -0.01, 'target_x': 0.0, 'target_y': 0.0, 'yaw_ins': 0.0, 'dis_ins': 0.0}
  [2026-06-23T21:31:15.520598] I: {'ins_mode': 4, 'realtime_x': -1.68, 'realtime_y': -0.01, 'target_x': 0.0, 'target_y': 0.0, 'yaw_ins': 0.0, 'dis_ins': 0.0}
  [2026-06-23T21:31:15.628460] I: {'ins_mode': 5, 'realtime_x': -1.68, 'realtime_y': -0.01, 'target_x': 1476.36, 'target_y': -84.03, 'yaw_ins': -3.7, 'dis_ins': 1480.4}
  [2026-06-23T21:31:15.681456] I: {'ins_mode': 5, 'realtime_x': -1.63, 'realtime_y': -0.01, 'target_x': 1476.36, 'target_y': -84.03, 'yaw_ins': -3.7, 'dis_ins': 1480.4}
  [2026-06-23T21:31:15.850828] I: {'ins_mode': 5, 'realtime_x': -1.63, 'realtime_y': -0.01, 'target_x': 1476.36, 'target_y': -84.03, 'yaw_ins': -3.7, 'dis_ins': 1480.4}
  [2026-06-23T21:31:15.851594] I: {'ins_mode': 5, 'realtime_x': -1.63, 'realtime_y': -0.01, 'target_x': 1476.36, 'target_y': -84.03, 'yaw_ins': -3.7, 'dis_ins': 1480.4}
  [2026-06-23T21:31:15.925460] I: {'ins_mode': 5, 'realtime_x': -1.63, 'realtime_y': -0.01, 'target_x': 1476.36, 'target_y': -84.03, 'yaw_ins': -3.7, 'dis_ins': 1480.4}
  [2026-06-23T21:31:16.063966] I: {'ins_mode': 5, 'realtime_x': -1.63, 'realtime_y': -0.01, 'target_x': 1476.36, 'target_y': -84.03, 'yaw_ins': -3.7, 'dis_ins': 1480.4}
  [2026-06-23T21:31:16.085028] I: {'ins_mode': 5, 'realtime_x': -1.63, 'realtime_y': -0.01, 'target_x': 1476.36, 'target_y': -84.03, 'yaw_ins': -3.7, 'dis_ins': 1480.4}
  [2026-06-23T21:31:16.168833] I: {'ins_mode': 5, 'realtime_x': -1.63, 'realtime_y': -0.01, 'target_x': 1476.36, 'target_y': -84.03, 'yaw_ins': -3.7, 'dis_ins': 1480.4}
  [2026-06-23T21:31:16.280962] I: {'ins_mode': 5, 'realtime_x': -1.63, 'realtime_y': -0.01, 'target_x': 1476.36, 'target_y': -84.03, 'yaw_ins': -3.7, 'dis_ins': 1480.4}
  [2026-06-23T21:31:16.324032] I: {'ins_mode': 5, 'realtime_x': -1.63, 'realtime_y': -0.01, 'target_x': 1476.36, 'target_y': -84.03, 'yaw_ins': -3.7, 'dis_ins': 1480.4}
  [2026-06-23T21:31:16.520948] I: {'ins_mode': 5, 'realtime_x': -1.63, 'realtime_y': -0.01, 'target_x': 1476.36, 'target_y': -84.03, 'yaw_ins': -3.7, 'dis_ins': 1480.4}
  [2026-06-23T21:31:16.521157] I: {'ins_mode': 5, 'realtime_x': -1.63, 'realtime_y': -0.01, 'target_x': 1476.36, 'target_y': -84.03, 'yaw_ins': -3.7, 'dis_ins': 1480.4}
  [2026-06-23T21:31:16.563825] I: {'ins_mode': 5, 'realtime_x': -1.63, 'realtime_y': -0.01, 'target_x': 1476.36, 'target_y': -84.03, 'yaw_ins': -3.7, 'dis_ins': 1480.4}
  [2026-06-23T21:31:16.721641] I: {'ins_mode': 5, 'realtime_x': -1.63, 'realtime_y': -0.01, 'target_x': 1476.36, 'target_y': -84.03, 'yaw_ins': -3.7, 'dis_ins': 1480.4}
  [2026-06-23T21:31:16.724159] I: {'ins_mode': 5, 'realtime_x': -1.63, 'realtime_y': -0.01, 'target_x': 1476.36, 'target_y': -84.03, 'yaw_ins': -3.7, 'dis_ins': 1480.4}
  [2026-06-23T21:31:16.798057] I: {'ins_mode': 5, 'realtime_x': -1.63, 'realtime_y': -0.01, 'target_x': 1476.36, 'target_y': -84.03, 'yaw_ins': -3.7, 'dis_ins': 1480.4}
  [2026-06-23T21:31:16.939364] I: {'ins_mode': 5, 'realtime_x': -1.63, 'realtime_y': -0.01, 'target_x': 1476.36, 'target_y': -84.03, 'yaw_ins': -3.7, 'dis_ins': 1480.4}
  [2026-06-23T21:31:16.960779] I: {'ins_mode': 5, 'realtime_x': -1.63, 'realtime_y': -0.01, 'target_x': 1476.36, 'target_y': -84.03, 'yaw_ins': -3.7, 'dis_ins': 1480.4}
  [2026-06-23T21:31:17.044725] I: {'ins_mode': 5, 'realtime_x': -1.63, 'realtime_y': -0.01, 'target_x': 1476.36, 'target_y': -84.03, 'yaw_ins': -3.7, 'dis_ins': 1480.4}
  [2026-06-23T21:31:17.158498] I: {'ins_mode': 5, 'realtime_x': -1.63, 'realtime_y': -0.01, 'target_x': 1476.36, 'target_y': -84.03, 'yaw_ins': -3.7, 'dis_ins': 1480.4}
  [2026-06-23T21:31:17.200866] I: {'ins_mode': 5, 'realtime_x': -1.63, 'realtime_y': -0.01, 'target_x': 1476.36, 'target_y': -84.03, 'yaw_ins': -3.7, 'dis_ins': 1480.4}
  [2026-06-23T21:31:17.384133] I: {'ins_mode': 5, 'realtime_x': -1.63, 'realtime_y': -0.01, 'target_x': 1476.36, 'target_y': -84.03, 'yaw_ins': -3.7, 'dis_ins': 1480.4}
  [2026-06-23T21:31:17.384285] I: {'ins_mode': 5, 'realtime_x': -1.63, 'realtime_y': -0.01, 'target_x': 1476.36, 'target_y': -84.03, 'yaw_ins': -3.7, 'dis_ins': 1480.4}
  [2026-06-23T21:31:17.447922] I: {'ins_mode': 5, 'realtime_x': -1.63, 'realtime_y': -0.01, 'target_x': 1476.36, 'target_y': -84.03, 'yaw_ins': -3.7, 'dis_ins': 1480.4}
  [2026-06-23T21:31:17.606330] I: {'ins_mode': 5, 'realtime_x': -1.63, 'realtime_y': -0.01, 'target_x': 1476.36, 'target_y': -84.03, 'yaw_ins': -3.7, 'dis_ins': 1480.4}
  [2026-06-23T21:31:17.608542] I: {'ins_mode': 5, 'realtime_x': -1.63, 'realtime_y': -0.01, 'target_x': 1476.36, 'target_y': -84.03, 'yaw_ins': -3.7, 'dis_ins': 1480.4}
  [2026-06-23T21:31:17.681571] I: {'ins_mode': 5, 'realtime_x': -1.63, 'realtime_y': -0.01, 'target_x': 1476.36, 'target_y': -84.03, 'yaw_ins': -3.7, 'dis_ins': 1480.4}
  [2026-06-23T21:31:17.819849] I: {'ins_mode': 5, 'realtime_x': -1.63, 'realtime_y': -0.01, 'target_x': 1476.36, 'target_y': -84.03, 'yaw_ins': -3.7, 'dis_ins': 1480.4}
  [2026-06-23T21:31:17.841704] I: {'ins_mode': 5, 'realtime_x': -1.63, 'realtime_y': -0.01, 'target_x': 1476.36, 'target_y': -84.03, 'yaw_ins': -3.7, 'dis_ins': 1480.4}
  [2026-06-23T21:31:17.922090] I: {'ins_mode': 5, 'realtime_x': -1.63, 'realtime_y': -0.01, 'target_x': 1476.36, 'target_y': -84.03, 'yaw_ins': -3.7, 'dis_ins': 1480.4}
  [2026-06-23T21:31:18.037798] I: {'ins_mode': 5, 'realtime_x': -1.63, 'realtime_y': -0.01, 'target_x': 1476.36, 'target_y': -84.03, 'yaw_ins': -3.7, 'dis_ins': 1480.4}
  [2026-06-23T21:31:18.080552] I: {'ins_mode': 5, 'realtime_x': -1.63, 'realtime_y': -0.01, 'target_x': 1476.36, 'target_y': -84.03, 'yaw_ins': -3.7, 'dis_ins': 1480.4}
  [2026-06-23T21:31:18.260156] I: {'ins_mode': 5, 'realtime_x': -1.63, 'realtime_y': -0.01, 'target_x': 1476.36, 'target_y': -84.03, 'yaw_ins': -3.7, 'dis_ins': 1480.4}
  [2026-06-23T21:31:18.260506] I: {'ins_mode': 5, 'realtime_x': -1.63, 'realtime_y': -0.01, 'target_x': 1476.36, 'target_y': -84.03, 'yaw_ins': -3.7, 'dis_ins': 1480.4}
  [2026-06-23T21:31:18.324380] I: {'ins_mode': 5, 'realtime_x': -1.63, 'realtime_y': -0.01, 'target_x': 1476.36, 'target_y': -84.03, 'yaw_ins': -3.7, 'dis_ins': 1480.4}
  [2026-06-23T21:31:18.469892] I: {'ins_mode': 5, 'realtime_x': -1.63, 'realtime_y': -0.01, 'target_x': 1476.36, 'target_y': -84.03, 'yaw_ins': -3.7, 'dis_ins': 1480.4}
  [2026-06-23T21:31:18.480760] I: {'ins_mode': 5, 'realtime_x': -1.63, 'realtime_y': -0.01, 'target_x': 1476.36, 'target_y': -84.03, 'yaw_ins': -3.7, 'dis_ins': 1480.4}
  [2026-06-23T21:31:18.687120] I: {'ins_mode': 5, 'realtime_x': -1.63, 'realtime_y': -0.01, 'target_x': 1476.36, 'target_y': -84.03, 'yaw_ins': -3.7, 'dis_ins': 1480.4}
  [2026-06-23T21:31:18.688984] I: {'ins_mode': 5, 'realtime_x': -1.63, 'realtime_y': -0.01, 'target_x': 1476.36, 'target_y': -84.03, 'yaw_ins': -3.7, 'dis_ins': 1480.4}
  [2026-06-23T21:31:18.720993] I: {'ins_mode': 5, 'realtime_x': -1.63, 'realtime_y': -0.01, 'target_x': 1476.36, 'target_y': -84.03, 'yaw_ins': -3.7, 'dis_ins': 1480.4}
  [2026-06-23T21:31:18.899111] I: {'ins_mode': 5, 'realtime_x': -1.63, 'realtime_y': -0.01, 'target_x': 1476.36, 'target_y': -84.03, 'yaw_ins': -3.7, 'dis_ins': 1480.4}
  [2026-06-23T21:31:18.899266] I: {'ins_mode': 5, 'realtime_x': -1.63, 'realtime_y': -0.01, 'target_x': 1476.36, 'target_y': -84.03, 'yaw_ins': -3.7, 'dis_ins': 1480.4}
  [2026-06-23T21:31:18.964042] I: {'ins_mode': 5, 'realtime_x': -1.63, 'realtime_y': -0.01, 'target_x': 1476.36, 'target_y': -84.03, 'yaw_ins': -3.7, 'dis_ins': 1480.4}
  [2026-06-23T21:31:19.119774] I: {'ins_mode': 5, 'realtime_x': -1.63, 'realtime_y': -0.01, 'target_x': 1476.36, 'target_y': -84.03, 'yaw_ins': -3.7, 'dis_ins': 1480.4}
  [2026-06-23T21:31:19.119973] I: {'ins_mode': 5, 'realtime_x': -1.63, 'realtime_y': -0.01, 'target_x': 1476.36, 'target_y': -84.03, 'yaw_ins': -3.7, 'dis_ins': 1480.4}
  [2026-06-23T21:31:19.203304] I: {'ins_mode': 5, 'realtime_x': -1.66, 'realtime_y': -0.01, 'target_x': 1476.36, 'target_y': -84.03, 'yaw_ins': -3.7, 'dis_ins': 1480.4}
  [2026-06-23T21:31:19.332140] I: {'ins_mode': 5, 'realtime_x': -1.76, 'realtime_y': -0.01, 'target_x': 1476.36, 'target_y': -84.03, 'yaw_ins': -3.7, 'dis_ins': 1480.5}
  [2026-06-23T21:31:19.364144] I: {'ins_mode': 5, 'realtime_x': -1.78, 'realtime_y': -0.01, 'target_x': 1476.36, 'target_y': -84.03, 'yaw_ins': -3.7, 'dis_ins': 1480.5}
  [2026-06-23T21:31:19.444375] I: {'ins_mode': 5, 'realtime_x': -1.76, 'realtime_y': -0.01, 'target_x': 1476.36, 'target_y': -84.03, 'yaw_ins': -3.7, 'dis_ins': 1480.5}
  [2026-06-23T21:31:19.561635] I: {'ins_mode': 5, 'realtime_x': -1.82, 'realtime_y': -0.01, 'target_x': 1476.36, 'target_y': -84.03, 'yaw_ins': -3.7, 'dis_ins': 1480.6}
  [2026-06-23T21:31:19.603964] I: {'ins_mode': 5, 'realtime_x': -1.84, 'realtime_y': -0.0, 'target_x': 1476.36, 'target_y': -84.03, 'yaw_ins': -3.7, 'dis_ins': 1480.6}
  [2026-06-23T21:31:19.789502] I: {'ins_mode': 5, 'realtime_x': -2.03, 'realtime_y': 0.0, 'target_x': 1476.36, 'target_y': -84.03, 'yaw_ins': -3.7, 'dis_ins': 1480.7}
  [2026-06-23T21:31:19.789560] I: {'ins_mode': 5, 'realtime_x': -2.18, 'realtime_y': 0.01, 'target_x': 1476.36, 'target_y': -84.03, 'yaw_ins': -3.7, 'dis_ins': 1480.9}
  [2026-06-23T21:31:19.842013] I: {'ins_mode': 5, 'realtime_x': -2.11, 'realtime_y': 0.01, 'target_x': 1476.36, 'target_y': -84.03, 'yaw_ins': -3.7, 'dis_ins': 1480.9}
  [2026-06-23T21:31:19.997694] I: {'ins_mode': 5, 'realtime_x': -1.87, 'realtime_y': -0.01, 'target_x': 1476.36, 'target_y': -84.03, 'yaw_ins': -3.7, 'dis_ins': 1480.7}
  [2026-06-23T21:31:20.008632] I: {'ins_mode': 5, 'realtime_x': -1.84, 'realtime_y': -0.01, 'target_x': 1476.36, 'target_y': -84.03, 'yaw_ins': -3.7, 'dis_ins': 1480.6}
  [2026-06-23T21:31:20.082009] I: {'ins_mode': 5, 'realtime_x': -2.37, 'realtime_y': 0.03, 'target_x': 1476.36, 'target_y': -84.03, 'yaw_ins': -3.7, 'dis_ins': 1481.1}
  [2026-06-23T21:31:20.221396] I: {'ins_mode': 5, 'realtime_x': -3.01, 'realtime_y': 0.07, 'target_x': 1476.36, 'target_y': -84.03, 'yaw_ins': -3.7, 'dis_ins': 1481.6}
  [2026-06-23T21:31:20.242970] I: {'ins_mode': 5, 'realtime_x': -3.96, 'realtime_y': 0.15, 'target_x': 1476.36, 'target_y': -84.03, 'yaw_ins': -3.7, 'dis_ins': 1482.7}
  [2026-06-23T21:31:20.431913] I: {'ins_mode': 5, 'realtime_x': -4.95, 'realtime_y': 0.23, 'target_x': 1476.36, 'target_y': -84.03, 'yaw_ins': -3.7, 'dis_ins': 1483.7}
  [2026-06-23T21:31:20.434145] I: {'ins_mode': 5, 'realtime_x': -5.38, 'realtime_y': 0.27, 'target_x': 1476.36, 'target_y': -84.03, 'yaw_ins': -3.7, 'dis_ins': 1484.1}
  [2026-06-23T21:31:20.485966] I: {'ins_mode': 5, 'realtime_x': -5.4, 'realtime_y': 0.27, 'target_x': 1476.36, 'target_y': -84.03, 'yaw_ins': -3.7, 'dis_ins': 1484.2}
  [2026-06-23T21:31:20.647495] I: {'ins_mode': 5, 'realtime_x': -5.4, 'realtime_y': 0.27, 'target_x': 1476.36, 'target_y': -84.03, 'yaw_ins': -3.7, 'dis_ins': 1484.2}
  [2026-06-23T21:31:20.647770] I: {'ins_mode': 5, 'realtime_x': -5.46, 'realtime_y': 0.27, 'target_x': 1476.36, 'target_y': -84.03, 'yaw_ins': -3.7, 'dis_ins': 1484.2}
  [2026-06-23T21:31:20.721351] I: {'ins_mode': 5, 'realtime_x': -5.51, 'realtime_y': 0.28, 'target_x': 1476.36, 'target_y': -84.03, 'yaw_ins': -3.7, 'dis_ins': 1484.3}
  [2026-06-23T21:31:20.872469] I: {'ins_mode': 5, 'realtime_x': -5.51, 'realtime_y': 0.28, 'target_x': 1476.36, 'target_y': -84.03, 'yaw_ins': -3.7, 'dis_ins': 1484.3}
  [2026-06-23T21:31:20.883258] I: {'ins_mode': 5, 'realtime_x': -5.51, 'realtime_y': 0.28, 'target_x': 1476.36, 'target_y': -84.03, 'yaw_ins': -3.7, 'dis_ins': 1484.3}
  [2026-06-23T21:31:20.974113] I: {'ins_mode': 5, 'realtime_x': -5.51, 'realtime_y': 0.28, 'target_x': 1476.36, 'target_y': -84.03, 'yaw_ins': -3.7, 'dis_ins': 1484.3}
  [2026-06-23T21:31:21.097883] I: {'ins_mode': 5, 'realtime_x': -5.51, 'realtime_y': 0.28, 'target_x': 1476.36, 'target_y': -84.03, 'yaw_ins': -3.7, 'dis_ins': 1484.3}
  [2026-06-23T21:31:21.118568] I: {'ins_mode': 5, 'realtime_x': -5.51, 'realtime_y': 0.28, 'target_x': 1476.36, 'target_y': -84.03, 'yaw_ins': -3.7, 'dis_ins': 1484.3}
  [2026-06-23T21:31:21.311429] I: {'ins_mode': 5, 'realtime_x': -5.51, 'realtime_y': 0.28, 'target_x': 1476.36, 'target_y': -84.03, 'yaw_ins': -3.7, 'dis_ins': 1484.3}
  [2026-06-23T21:31:31.562248] I: {'ins_mode': 4, 'realtime_x': 5.54, 'realtime_y': 0.0, 'target_x': 0.0, 'target_y': 0.0, 'yaw_ins': 0.0, 'dis_ins': 0.0}
  [2026-06-23T21:31:31.562359] I: {'ins_mode': 4, 'realtime_x': 4.34, 'realtime_y': 0.01, 'target_x': 0.0, 'target_y': 0.0, 'yaw_ins': 0.0, 'dis_ins': 0.0}
  [2026-06-23T21:31:31.604149] I: {'ins_mode': 4, 'realtime_x': 2.18, 'realtime_y': 0.04, 'target_x': 0.0, 'target_y': 0.0, 'yaw_ins': 0.0, 'dis_ins': 0.0}
  [2026-06-23T21:31:31.780480] I: {'ins_mode': 4, 'realtime_x': 1.55, 'realtime_y': 0.05, 'target_x': 0.0, 'target_y': 0.0, 'yaw_ins': 0.0, 'dis_ins': 0.0}
  [2026-06-23T21:31:31.780630] I: {'ins_mode': 4, 'realtime_x': 1.41, 'realtime_y': 0.05, 'target_x': 0.0, 'target_y': 0.0, 'yaw_ins': 0.0, 'dis_ins': 0.0}
  [2026-06-23T21:31:31.844853] I: {'ins_mode': 4, 'realtime_x': 1.04, 'realtime_y': 0.05, 'target_x': 0.0, 'target_y': 0.0, 'yaw_ins': 0.0, 'dis_ins': 0.0}
  [2026-06-23T21:31:31.988524] I: {'ins_mode': 4, 'realtime_x': 0.74, 'realtime_y': 0.05, 'target_x': 0.0, 'target_y': 0.0, 'yaw_ins': 0.0, 'dis_ins': 0.0}
  [2026-06-23T21:31:32.009584] I: {'ins_mode': 4, 'realtime_x': 0.69, 'realtime_y': 0.05, 'target_x': 0.0, 'target_y': 0.0, 'yaw_ins': 0.0, 'dis_ins': 0.0}
  [2026-06-23T21:31:32.217674] I: {'ins_mode': 4, 'realtime_x': 0.75, 'realtime_y': 0.05, 'target_x': 0.0, 'target_y': 0.0, 'yaw_ins': 0.0, 'dis_ins': 0.0}
  [2026-06-23T21:31:32.219726] I: {'ins_mode': 4, 'realtime_x': 0.75, 'realtime_y': 0.05, 'target_x': 0.0, 'target_y': 0.0, 'yaw_ins': 0.0, 'dis_ins': 0.0}
  [2026-06-23T21:31:32.251442] I: {'ins_mode': 4, 'realtime_x': 0.75, 'realtime_y': 0.05, 'target_x': 0.0, 'target_y': 0.0, 'yaw_ins': 0.0, 'dis_ins': 0.0}
  [2026-06-23T21:31:32.420529] I: {'ins_mode': 4, 'realtime_x': 0.75, 'realtime_y': 0.05, 'target_x': 0.0, 'target_y': 0.0, 'yaw_ins': 0.0, 'dis_ins': 0.0}
  [2026-06-23T21:31:32.420582] I: {'ins_mode': 4, 'realtime_x': 0.75, 'realtime_y': 0.05, 'target_x': 0.0, 'target_y': 0.0, 'yaw_ins': 0.0, 'dis_ins': 0.0}
  [2026-06-23T21:31:32.484123] I: {'ins_mode': 4, 'realtime_x': 0.75, 'realtime_y': 0.05, 'target_x': 0.0, 'target_y': 0.0, 'yaw_ins': 0.0, 'dis_ins': 0.0}
  [2026-06-23T21:31:32.641599] I: {'ins_mode': 4, 'realtime_x': 0.75, 'realtime_y': 0.05, 'target_x': 0.0, 'target_y': 0.0, 'yaw_ins': 0.0, 'dis_ins': 0.0}
  [2026-06-23T21:31:32.652488] I: {'ins_mode': 4, 'realtime_x': 0.75, 'realtime_y': 0.05, 'target_x': 0.0, 'target_y': 0.0, 'yaw_ins': 0.0, 'dis_ins': 0.0}
  [2026-06-23T21:31:32.725927] I: {'ins_mode': 4, 'realtime_x': 0.75, 'realtime_y': 0.05, 'target_x': 0.0, 'target_y': 0.0, 'yaw_ins': 0.0, 'dis_ins': 0.0}
  [2026-06-23T21:31:32.857211] I: {'ins_mode': 4, 'realtime_x': 0.75, 'realtime_y': 0.05, 'target_x': 0.0, 'target_y': 0.0, 'yaw_ins': 0.0, 'dis_ins': 0.0}
  [2026-06-23T21:31:32.888914] I: {'ins_mode': 4, 'realtime_x': 0.75, 'realtime_y': 0.05, 'target_x': 0.0, 'target_y': 0.0, 'yaw_ins': 0.0, 'dis_ins': 0.0}
  [2026-06-23T21:31:33.088577] I: {'ins_mode': 4, 'realtime_x': 0.75, 'realtime_y': 0.05, 'target_x': 0.0, 'target_y': 0.0, 'yaw_ins': 0.0, 'dis_ins': 0.0}
  [2026-06-23T21:31:33.090664] I: {'ins_mode': 4, 'realtime_x': 0.75, 'realtime_y': 0.05, 'target_x': 0.0, 'target_y': 0.0, 'yaw_ins': 0.0, 'dis_ins': 0.0}
  [2026-06-23T21:31:33.133540] I: {'ins_mode': 4, 'realtime_x': 0.75, 'realtime_y': 0.05, 'target_x': 0.0, 'target_y': 0.0, 'yaw_ins': 0.0, 'dis_ins': 0.0}
  [2026-06-23T21:31:33.302340] I: {'ins_mode': 4, 'realtime_x': 0.75, 'realtime_y': 0.05, 'target_x': 0.0, 'target_y': 0.0, 'yaw_ins': 0.0, 'dis_ins': 0.0}
  [2026-06-23T21:31:33.302562] I: {'ins_mode': 4, 'realtime_x': 0.75, 'realtime_y': 0.05, 'target_x': 0.0, 'target_y': 0.0, 'yaw_ins': 0.0, 'dis_ins': 0.0}
  [2026-06-23T21:31:33.365556] I: {'ins_mode': 4, 'realtime_x': 0.75, 'realtime_y': 0.05, 'target_x': 0.0, 'target_y': 0.0, 'yaw_ins': 0.0, 'dis_ins': 0.0}
  [2026-06-23T21:31:33.513145] I: {'ins_mode': 4, 'realtime_x': 0.75, 'realtime_y': 0.05, 'target_x': 0.0, 'target_y': 0.0, 'yaw_ins': 0.0, 'dis_ins': 0.0}
  [2026-06-23T21:31:33.524144] I: {'ins_mode': 4, 'realtime_x': 0.75, 'realtime_y': 0.05, 'target_x': 0.0, 'target_y': 0.0, 'yaw_ins': 0.0, 'dis_ins': 0.0}
  [2026-06-23T21:31:33.620588] I: {'ins_mode': 4, 'realtime_x': 0.75, 'realtime_y': 0.05, 'target_x': 0.0, 'target_y': 0.0, 'yaw_ins': 0.0, 'dis_ins': 0.0}
  [2026-06-23T21:31:33.730834] I: {'ins_mode': 4, 'realtime_x': 0.75, 'realtime_y': 0.05, 'target_x': 0.0, 'target_y': 0.0, 'yaw_ins': 0.0, 'dis_ins': 0.0}
  [2026-06-23T21:31:33.774008] I: {'ins_mode': 4, 'realtime_x': 0.75, 'realtime_y': 0.05, 'target_x': 0.0, 'target_y': 0.0, 'yaw_ins': 0.0, 'dis_ins': 0.0}
  [2026-06-23T21:31:33.947044] I: {'ins_mode': 4, 'realtime_x': 0.75, 'realtime_y': 0.05, 'target_x': 0.0, 'target_y': 0.0, 'yaw_ins': 0.0, 'dis_ins': 0.0}
  [2026-06-23T21:31:33.947207] I: {'ins_mode': 5, 'realtime_x': 0.75, 'realtime_y': 0.05, 'target_x': 1476.36, 'target_y': -84.03, 'yaw_ins': -3.7, 'dis_ins': 1478.0}
  [2026-06-23T21:31:34.010219] I: {'ins_mode': 5, 'realtime_x': 0.75, 'realtime_y': 0.05, 'target_x': 1476.36, 'target_y': -84.03, 'yaw_ins': -3.7, 'dis_ins': 1478.0}
  [2026-06-23T21:31:34.168776] I: {'ins_mode': 5, 'realtime_x': 0.75, 'realtime_y': 0.05, 'target_x': 1476.36, 'target_y': -84.03, 'yaw_ins': -3.7, 'dis_ins': 1478.0}
  [2026-06-23T21:31:34.169052] I: {'ins_mode': 5, 'realtime_x': 0.75, 'realtime_y': 0.05, 'target_x': 1476.36, 'target_y': -84.03, 'yaw_ins': -3.7, 'dis_ins': 1478.0}
  [2026-06-23T21:31:34.252434] I: {'ins_mode': 5, 'realtime_x': 0.75, 'realtime_y': 0.05, 'target_x': 1476.36, 'target_y': -84.03, 'yaw_ins': -3.7, 'dis_ins': 1478.0}
  [2026-06-23T21:31:34.391060] I: {'ins_mode': 5, 'realtime_x': 0.75, 'realtime_y': 0.05, 'target_x': 1476.36, 'target_y': -84.03, 'yaw_ins': -3.7, 'dis_ins': 1478.0}
  [2026-06-23T21:31:34.412640] I: {'ins_mode': 5, 'realtime_x': 0.75, 'realtime_y': 0.05, 'target_x': 1476.36, 'target_y': -84.03, 'yaw_ins': -3.7, 'dis_ins': 1478.0}
  [2026-06-23T21:31:34.598167] I: {'ins_mode': 5, 'realtime_x': 0.75, 'realtime_y': 0.05, 'target_x': 1476.36, 'target_y': -84.03, 'yaw_ins': -3.7, 'dis_ins': 1478.0}
  [2026-06-23T21:31:34.598616] I: {'ins_mode': 5, 'realtime_x': 0.75, 'realtime_y': 0.05, 'target_x': 1476.36, 'target_y': -84.03, 'yaw_ins': -3.7, 'dis_ins': 1478.0}
  [2026-06-23T21:31:34.650965] I: {'ins_mode': 5, 'realtime_x': 0.75, 'realtime_y': 0.05, 'target_x': 1476.36, 'target_y': -84.03, 'yaw_ins': -3.7, 'dis_ins': 1478.0}
  [2026-06-23T21:31:34.801793] I: {'ins_mode': 5, 'realtime_x': 0.75, 'realtime_y': 0.05, 'target_x': 1476.36, 'target_y': -84.03, 'yaw_ins': -3.7, 'dis_ins': 1478.0}
  [2026-06-23T21:31:34.812393] I: {'ins_mode': 5, 'realtime_x': 0.75, 'realtime_y': 0.05, 'target_x': 1476.36, 'target_y': -84.03, 'yaw_ins': -3.7, 'dis_ins': 1478.0}
  [2026-06-23T21:31:34.885565] I: {'ins_mode': 5, 'realtime_x': 0.75, 'realtime_y': 0.05, 'target_x': 1476.36, 'target_y': -84.03, 'yaw_ins': -3.7, 'dis_ins': 1478.0}
  [2026-06-23T21:31:35.019381] I: {'ins_mode': 5, 'realtime_x': 0.75, 'realtime_y': 0.05, 'target_x': 1476.36, 'target_y': -84.03, 'yaw_ins': -3.7, 'dis_ins': 1478.0}
  [2026-06-23T21:31:35.051015] I: {'ins_mode': 5, 'realtime_x': 0.72, 'realtime_y': 0.05, 'target_x': 1476.36, 'target_y': -84.03, 'yaw_ins': -3.7, 'dis_ins': 1478.0}
  [2026-06-23T21:31:35.129573] I: {'ins_mode': 5, 'realtime_x': 0.66, 'realtime_y': 0.06, 'target_x': 1476.36, 'target_y': -84.03, 'yaw_ins': -3.7, 'dis_ins': 1478.1}
  [2026-06-23T21:31:35.245255] I: {'ins_mode': 5, 'realtime_x': 0.66, 'realtime_y': 0.06, 'target_x': 1476.36, 'target_y': -84.03, 'yaw_ins': -3.7, 'dis_ins': 1478.1}
  [2026-06-23T21:31:35.288124] I: {'ins_mode': 5, 'realtime_x': 0.66, 'realtime_y': 0.06, 'target_x': 1476.36, 'target_y': -84.03, 'yaw_ins': -3.7, 'dis_ins': 1478.1}
  [2026-06-23T21:31:35.458803] I: {'ins_mode': 5, 'realtime_x': 0.72, 'realtime_y': 0.05, 'target_x': 1476.36, 'target_y': -84.03, 'yaw_ins': -3.7, 'dis_ins': 1478.1}
  [2026-06-23T21:31:35.460773] I: {'ins_mode': 5, 'realtime_x': -2.72, 'realtime_y': 0.15, 'target_x': 1476.36, 'target_y': -84.03, 'yaw_ins': -3.7, 'dis_ins': 1481.5}
  [2026-06-23T21:31:48.476852] I: {'ins_mode': 4, 'realtime_x': 0.03, 'realtime_y': 0.0, 'target_x': 0.0, 'target_y': 0.0, 'yaw_ins': 0.0, 'dis_ins': 0.0}
  [2026-06-23T21:31:48.697073] I: {'ins_mode': 4, 'realtime_x': 4.5, 'realtime_y': 0.03, 'target_x': 0.0, 'target_y': 0.0, 'yaw_ins': 0.0, 'dis_ins': 0.0}
  [2026-06-23T21:31:48.699250] I: {'ins_mode': 4, 'realtime_x': 2.8, 'realtime_y': 0.02, 'target_x': 0.0, 'target_y': 0.0, 'yaw_ins': 0.0, 'dis_ins': 0.0}
  [2026-06-23T21:31:48.720518] I: {'ins_mode': 4, 'realtime_x': 1.17, 'realtime_y': 0.05, 'target_x': 0.0, 'target_y': 0.0, 'yaw_ins': 0.0, 'dis_ins': 0.0}
  [2026-06-23T21:31:48.795472] I: {'ins_mode': 4, 'realtime_x': 0.05, 'realtime_y': 0.06, 'target_x': 0.0, 'target_y': 0.0, 'yaw_ins': 0.0, 'dis_ins': 0.0}
  [2026-06-23T21:31:48.913429] I: {'ins_mode': 4, 'realtime_x': -0.29, 'realtime_y': 0.07, 'target_x': 0.0, 'target_y': 0.0, 'yaw_ins': 0.0, 'dis_ins': 0.0}
  [2026-06-23T21:31:48.956320] I: {'ins_mode': 4, 'realtime_x': -0.27, 'realtime_y': 0.07, 'target_x': 0.0, 'target_y': 0.0, 'yaw_ins': 0.0, 'dis_ins': 0.0}
  [2026-06-23T21:31:49.128782] I: {'ins_mode': 4, 'realtime_x': -0.11, 'realtime_y': 0.07, 'target_x': 0.0, 'target_y': 0.0, 'yaw_ins': 0.0, 'dis_ins': 0.0}
  [2026-06-23T21:31:49.129370] I: {'ins_mode': 4, 'realtime_x': -0.11, 'realtime_y': 0.07, 'target_x': 0.0, 'target_y': 0.0, 'yaw_ins': 0.0, 'dis_ins': 0.0}
  [2026-06-23T21:31:49.191764] I: {'ins_mode': 4, 'realtime_x': -0.48, 'realtime_y': 0.07, 'target_x': 0.0, 'target_y': 0.0, 'yaw_ins': 0.0, 'dis_ins': 0.0}
  [2026-06-23T21:31:49.350113] I: {'ins_mode': 4, 'realtime_x': -0.82, 'realtime_y': 0.07, 'target_x': 0.0, 'target_y': 0.0, 'yaw_ins': 0.0, 'dis_ins': 0.0}
  [2026-06-23T21:31:49.350307] I: {'ins_mode': 4, 'realtime_x': -0.83, 'realtime_y': 0.07, 'target_x': 0.0, 'target_y': 0.0, 'yaw_ins': 0.0, 'dis_ins': 0.0}
  [2026-06-23T21:31:49.443851] I: {'ins_mode': 4, 'realtime_x': -0.83, 'realtime_y': 0.07, 'target_x': 0.0, 'target_y': 0.0, 'yaw_ins': 0.0, 'dis_ins': 0.0}
  [2026-06-23T21:31:49.562622] I: {'ins_mode': 4, 'realtime_x': -0.83, 'realtime_y': 0.07, 'target_x': 0.0, 'target_y': 0.0, 'yaw_ins': 0.0, 'dis_ins': 0.0}
  [2026-06-23T21:31:49.594159] I: {'ins_mode': 4, 'realtime_x': -0.83, 'realtime_y': 0.07, 'target_x': 0.0, 'target_y': 0.0, 'yaw_ins': 0.0, 'dis_ins': 0.0}
  [2026-06-23T21:31:49.770360] I: {'ins_mode': 4, 'realtime_x': -0.66, 'realtime_y': 0.07, 'target_x': 0.0, 'target_y': 0.0, 'yaw_ins': 0.0, 'dis_ins': 0.0}
  [2026-06-23T21:31:49.770517] I: {'ins_mode': 4, 'realtime_x': -0.27, 'realtime_y': 0.06, 'target_x': 0.0, 'target_y': 0.0, 'yaw_ins': 0.0, 'dis_ins': 0.0}
  [2026-06-23T21:31:49.834307] I: {'ins_mode': 4, 'realtime_x': -0.06, 'realtime_y': 0.06, 'target_x': 0.0, 'target_y': 0.0, 'yaw_ins': 0.0, 'dis_ins': 0.0}
  [2026-06-23T21:31:50.003308] I: {'ins_mode': 4, 'realtime_x': -0.06, 'realtime_y': 0.06, 'target_x': 0.0, 'target_y': 0.0, 'yaw_ins': 0.0, 'dis_ins': 0.0}
  [2026-06-23T21:31:50.003672] I: {'ins_mode': 4, 'realtime_x': -0.06, 'realtime_y': 0.06, 'target_x': 0.0, 'target_y': 0.0, 'yaw_ins': 0.0, 'dis_ins': 0.0}
  [2026-06-23T21:31:50.076544] I: {'ins_mode': 4, 'realtime_x': -0.06, 'realtime_y': 0.06, 'target_x': 0.0, 'target_y': 0.0, 'yaw_ins': 0.0, 'dis_ins': 0.0}
  [2026-06-23T21:31:50.215033] I: {'ins_mode': 4, 'realtime_x': -0.06, 'realtime_y': 0.06, 'target_x': 0.0, 'target_y': 0.0, 'yaw_ins': 0.0, 'dis_ins': 0.0}
  [2026-06-23T21:31:50.236560] I: {'ins_mode': 4, 'realtime_x': -0.06, 'realtime_y': 0.06, 'target_x': 0.0, 'target_y': 0.0, 'yaw_ins': 0.0, 'dis_ins': 0.0}
  [2026-06-23T21:31:50.324911] I: {'ins_mode': 4, 'realtime_x': -0.06, 'realtime_y': 0.06, 'target_x': 0.0, 'target_y': 0.0, 'yaw_ins': 0.0, 'dis_ins': 0.0}
  [2026-06-23T21:31:50.435989] I: {'ins_mode': 4, 'realtime_x': -0.06, 'realtime_y': 0.06, 'target_x': 0.0, 'target_y': 0.0, 'yaw_ins': 0.0, 'dis_ins': 0.0}
  [2026-06-23T21:31:50.478197] I: {'ins_mode': 4, 'realtime_x': -0.06, 'realtime_y': 0.06, 'target_x': 0.0, 'target_y': 0.0, 'yaw_ins': 0.0, 'dis_ins': 0.0}
  [2026-06-23T21:31:50.661908] I: {'ins_mode': 4, 'realtime_x': -0.06, 'realtime_y': 0.06, 'target_x': 0.0, 'target_y': 0.0, 'yaw_ins': 0.0, 'dis_ins': 0.0}
  [2026-06-23T21:31:50.662348] I: {'ins_mode': 4, 'realtime_x': -0.06, 'realtime_y': 0.06, 'target_x': 0.0, 'target_y': 0.0, 'yaw_ins': 0.0, 'dis_ins': 0.0}
  [2026-06-23T21:31:50.714975] I: {'ins_mode': 4, 'realtime_x': -0.06, 'realtime_y': 0.06, 'target_x': 0.0, 'target_y': 0.0, 'yaw_ins': 0.0, 'dis_ins': 0.0}
  [2026-06-23T21:31:50.883481] I: {'ins_mode': 4, 'realtime_x': -0.1, 'realtime_y': 0.06, 'target_x': 0.0, 'target_y': 0.0, 'yaw_ins': 0.0, 'dis_ins': 0.0}
  [2026-06-23T21:31:50.883684] I: {'ins_mode': 4, 'realtime_x': -0.1, 'realtime_y': 0.06, 'target_x': 0.0, 'target_y': 0.0, 'yaw_ins': 0.0, 'dis_ins': 0.0}
  [2026-06-23T21:31:50.957852] I: {'ins_mode': 4, 'realtime_x': -0.1, 'realtime_y': 0.06, 'target_x': 0.0, 'target_y': 0.0, 'yaw_ins': 0.0, 'dis_ins': 0.0}
  [2026-06-23T21:31:51.089964] I: {'ins_mode': 4, 'realtime_x': -0.1, 'realtime_y': 0.06, 'target_x': 0.0, 'target_y': 0.0, 'yaw_ins': 0.0, 'dis_ins': 0.0}
  [2026-06-23T21:31:51.111373] I: {'ins_mode': 4, 'realtime_x': -0.08, 'realtime_y': 0.06, 'target_x': 0.0, 'target_y': 0.0, 'yaw_ins': 0.0, 'dis_ins': 0.0}
  [2026-06-23T21:31:51.195514] I: {'ins_mode': 4, 'realtime_x': -0.08, 'realtime_y': 0.06, 'target_x': 0.0, 'target_y': 0.0, 'yaw_ins': 0.0, 'dis_ins': 0.0}
  [2026-06-23T21:31:51.310037] I: {'ins_mode': 4, 'realtime_x': -0.06, 'realtime_y': 0.06, 'target_x': 0.0, 'target_y': 0.0, 'yaw_ins': 0.0, 'dis_ins': 0.0}
  [2026-06-23T21:31:51.352790] I: {'ins_mode': 4, 'realtime_x': -0.06, 'realtime_y': 0.06, 'target_x': 0.0, 'target_y': 0.0, 'yaw_ins': 0.0, 'dis_ins': 0.0}
  [2026-06-23T21:31:51.526123] I: {'ins_mode': 4, 'realtime_x': -0.06, 'realtime_y': 0.06, 'target_x': 0.0, 'target_y': 0.0, 'yaw_ins': 0.0, 'dis_ins': 0.0}
  [2026-06-23T21:31:51.528781] I: {'ins_mode': 4, 'realtime_x': 1.22, 'realtime_y': 0.02, 'target_x': 0.0, 'target_y': 0.0, 'yaw_ins': 0.0, 'dis_ins': 0.0}
  [2026-06-23T21:31:51.592923] I: {'ins_mode': 4, 'realtime_x': 8.83, 'realtime_y': -0.22, 'target_x': 0.0, 'target_y': 0.0, 'yaw_ins': 0.0, 'dis_ins': 0.0}
  [2026-06-23T21:31:51.746399] I: {'ins_mode': 4, 'realtime_x': 10.75, 'realtime_y': -0.27, 'target_x': 0.0, 'target_y': 0.0, 'yaw_ins': 0.0, 'dis_ins': 0.0}
  [2026-06-23T21:31:51.757012] I: {'ins_mode': 4, 'realtime_x': 10.52, 'realtime_y': -0.26, 'target_x': 0.0, 'target_y': 0.0, 'yaw_ins': 0.0, 'dis_ins': 0.0}
  [2026-06-23T21:31:51.852292] I: {'ins_mode': 4, 'realtime_x': 9.96, 'realtime_y': -0.23, 'target_x': 0.0, 'target_y': 0.0, 'yaw_ins': 0.0, 'dis_ins': 0.0}
  [2026-06-23T21:31:51.961553] I: {'ins_mode': 4, 'realtime_x': 9.79, 'realtime_y': -0.23, 'target_x': 0.0, 'target_y': 0.0, 'yaw_ins': 0.0, 'dis_ins': 0.0}
  [2026-06-23T21:31:51.994161] I: {'ins_mode': 4, 'realtime_x': 9.66, 'realtime_y': -0.22, 'target_x': 0.0, 'target_y': 0.0, 'yaw_ins': 0.0, 'dis_ins': 0.0}
  [2026-06-23T21:31:52.195195] I: {'ins_mode': 4, 'realtime_x': 9.66, 'realtime_y': -0.22, 'target_x': 0.0, 'target_y': 0.0, 'yaw_ins': 0.0, 'dis_ins': 0.0}
  [2026-06-23T21:31:52.195496] I: {'ins_mode': 4, 'realtime_x': 9.66, 'realtime_y': -0.22, 'target_x': 0.0, 'target_y': 0.0, 'yaw_ins': 0.0, 'dis_ins': 0.0}
  [2026-06-23T21:31:52.237547] I: {'ins_mode': 4, 'realtime_x': 9.63, 'realtime_y': -0.22, 'target_x': 0.0, 'target_y': 0.0, 'yaw_ins': 0.0, 'dis_ins': 0.0}
  [2026-06-23T21:31:52.403342] I: {'ins_mode': 4, 'realtime_x': 9.47, 'realtime_y': -0.22, 'target_x': 0.0, 'target_y': 0.0, 'yaw_ins': 0.0, 'dis_ins': 0.0}
  [2026-06-23T21:31:52.403512] I: {'ins_mode': 4, 'realtime_x': 9.13, 'realtime_y': -0.21, 'target_x': 0.0, 'target_y': 0.0, 'yaw_ins': 0.0, 'dis_ins': 0.0}
  [2026-06-23T21:31:52.477543] I: {'ins_mode': 4, 'realtime_x': 9.04, 'realtime_y': -0.21, 'target_x': 0.0, 'target_y': 0.0, 'yaw_ins': 0.0, 'dis_ins': 0.0}
  [2026-06-23T21:31:52.622381] I: {'ins_mode': 4, 'realtime_x': 9.23, 'realtime_y': -0.21, 'target_x': 0.0, 'target_y': 0.0, 'yaw_ins': 0.0, 'dis_ins': 0.0}
  [2026-06-23T21:31:52.633674] I: {'ins_mode': 4, 'realtime_x': 9.42, 'realtime_y': -0.22, 'target_x': 0.0, 'target_y': 0.0, 'yaw_ins': 0.0, 'dis_ins': 0.0}
  [2026-06-23T21:31:52.828830] I: {'ins_mode': 4, 'realtime_x': 9.29, 'realtime_y': -0.21, 'target_x': 0.0, 'target_y': 0.0, 'yaw_ins': 0.0, 'dis_ins': 0.0}
  [2026-06-23T21:31:52.828903] I: {'ins_mode': 4, 'realtime_x': 8.97, 'realtime_y': -0.21, 'target_x': 0.0, 'target_y': 0.0, 'yaw_ins': 0.0, 'dis_ins': 0.0}
  [2026-06-23T21:31:52.881912] I: {'ins_mode': 4, 'realtime_x': 8.65, 'realtime_y': -0.21, 'target_x': 0.0, 'target_y': 0.0, 'yaw_ins': 0.0, 'dis_ins': 0.0}
  [2026-06-23T21:31:53.056046] I: {'ins_mode': 4, 'realtime_x': 8.28, 'realtime_y': -0.2, 'target_x': 0.0, 'target_y': 0.0, 'yaw_ins': 0.0, 'dis_ins': 0.0}
  [2026-06-23T21:31:53.056192] I: {'ins_mode': 4, 'realtime_x': 7.9, 'realtime_y': -0.19, 'target_x': 0.0, 'target_y': 0.0, 'yaw_ins': 0.0, 'dis_ins': 0.0}
  [2026-06-23T21:31:53.119103] I: {'ins_mode': 4, 'realtime_x': 7.36, 'realtime_y': -0.17, 'target_x': 0.0, 'target_y': 0.0, 'yaw_ins': 0.0, 'dis_ins': 0.0}
  [2026-06-23T21:31:53.269052] I: {'ins_mode': 4, 'realtime_x': 6.97, 'realtime_y': -0.16, 'target_x': 0.0, 'target_y': 0.0, 'yaw_ins': 0.0, 'dis_ins': 0.0}
  [2026-06-23T21:31:53.321375] I: {'ins_mode': 4, 'realtime_x': 6.65, 'realtime_y': -0.15, 'target_x': 0.0, 'target_y': 0.0, 'yaw_ins': 0.0, 'dis_ins': 0.0}
  [2026-06-23T21:31:53.352891] I: {'ins_mode': 4, 'realtime_x': 6.61, 'realtime_y': -0.15, 'target_x': 0.0, 'target_y': 0.0, 'yaw_ins': 0.0, 'dis_ins': 0.0}
  [2026-06-23T21:31:53.496853] I: {'ins_mode': 4, 'realtime_x': 6.69, 'realtime_y': -0.15, 'target_x': 0.0, 'target_y': 0.0, 'yaw_ins': 0.0, 'dis_ins': 0.0}
  [2026-06-23T21:31:53.518354] I: {'ins_mode': 4, 'realtime_x': 6.45, 'realtime_y': -0.14, 'target_x': 0.0, 'target_y': 0.0, 'yaw_ins': 0.0, 'dis_ins': 0.0}
  [2026-06-23T21:31:53.592770] I: {'ins_mode': 4, 'realtime_x': 6.46, 'realtime_y': -0.14, 'target_x': 0.0, 'target_y': 0.0, 'yaw_ins': 0.0, 'dis_ins': 0.0}
  [2026-06-23T21:31:53.709194] I: {'ins_mode': 4, 'realtime_x': 6.54, 'realtime_y': -0.14, 'target_x': 0.0, 'target_y': 0.0, 'yaw_ins': 0.0, 'dis_ins': 0.0}
  [2026-06-23T21:31:53.751537] I: {'ins_mode': 4, 'realtime_x': 6.7, 'realtime_y': -0.15, 'target_x': 0.0, 'target_y': 0.0, 'yaw_ins': 0.0, 'dis_ins': 0.0}
  [2026-06-23T21:31:53.922743] I: {'ins_mode': 4, 'realtime_x': 6.7, 'realtime_y': -0.15, 'target_x': 0.0, 'target_y': 0.0, 'yaw_ins': 0.0, 'dis_ins': 0.0}
  [2026-06-23T21:31:53.922951] I: {'ins_mode': 4, 'realtime_x': 6.89, 'realtime_y': -0.16, 'target_x': 0.0, 'target_y': 0.0, 'yaw_ins': 0.0, 'dis_ins': 0.0}
  [2026-06-23T21:31:53.996662] I: {'ins_mode': 4, 'realtime_x': 7.39, 'realtime_y': -0.19, 'target_x': 0.0, 'target_y': 0.0, 'yaw_ins': 0.0, 'dis_ins': 0.0}
  [2026-06-23T21:31:54.147536] I: {'ins_mode': 4, 'realtime_x': 8.32, 'realtime_y': -0.23, 'target_x': 0.0, 'target_y': 0.0, 'yaw_ins': 0.0, 'dis_ins': 0.0}
  [2026-06-23T21:31:54.158082] I: {'ins_mode': 4, 'realtime_x': 10.51, 'realtime_y': -0.28, 'target_x': 0.0, 'target_y': 0.0, 'yaw_ins': 0.0, 'dis_ins': 0.0}
  [2026-06-23T21:31:54.243277] I: {'ins_mode': 4, 'realtime_x': 14.54, 'realtime_y': -0.37, 'target_x': 0.0, 'target_y': 0.0, 'yaw_ins': 0.0, 'dis_ins': 0.0}
  [2026-06-23T21:31:54.358122] I: {'ins_mode': 4, 'realtime_x': 19.99, 'realtime_y': -0.54, 'target_x': 0.0, 'target_y': 0.0, 'yaw_ins': 0.0, 'dis_ins': 0.0}
  [2026-06-23T21:31:54.399760] I: {'ins_mode': 4, 'realtime_x': 26.38, 'realtime_y': -0.88, 'target_x': 0.0, 'target_y': 0.0, 'yaw_ins': 0.0, 'dis_ins': 0.0}
  [2026-06-23T21:31:54.583047] I: {'ins_mode': 4, 'realtime_x': 33.36, 'realtime_y': -1.47, 'target_x': 30.5, 'target_y': -1.21, 'yaw_ins': 0.0, 'dis_ins': 0.0}
  [2026-06-23T21:31:54.585371] W: {'wp_x': 30.5, 'wp_y': -1.21}
  [2026-06-23T21:31:54.585559] I: {'ins_mode': 4, 'realtime_x': 41.13, 'realtime_y': -2.24, 'target_x': 30.5, 'target_y': -1.21, 'yaw_ins': 0.0, 'dis_ins': 0.0}
  [2026-06-23T21:31:54.587591] W: {'wp_x': 30.5, 'wp_y': -1.21}
  [2026-06-23T21:31:54.638728] I: {'ins_mode': 4, 'realtime_x': 49.69, 'realtime_y': -3.05, 'target_x': 30.5, 'target_y': -1.21, 'yaw_ins': 0.0, 'dis_ins': 0.0}
  [2026-06-23T21:31:54.644819] W: {'wp_x': 30.5, 'wp_y': -1.21}
  [2026-06-23T21:31:54.806195] I: {'ins_mode': 4, 'realtime_x': 58.86, 'realtime_y': -3.83, 'target_x': 30.5, 'target_y': -1.21, 'yaw_ins': 0.0, 'dis_ins': 0.0}
  [2026-06-23T21:31:54.808124] W: {'wp_x': 30.5, 'wp_y': -1.21}
  [2026-06-23T21:31:54.808310] I: {'ins_mode': 4, 'realtime_x': 68.64, 'realtime_y': -4.57, 'target_x': 30.5, 'target_y': -1.21, 'yaw_ins': 0.0, 'dis_ins': 0.0}
  [2026-06-23T21:31:54.810082] W: {'wp_x': 30.5, 'wp_y': -1.21}
  [2026-06-23T21:31:54.882050] I: {'ins_mode': 4, 'realtime_x': 78.76, 'realtime_y': -5.19, 'target_x': 30.5, 'target_y': -1.21, 'yaw_ins': 0.0, 'dis_ins': 0.0}
  [2026-06-23T21:31:54.888458] W: {'wp_x': 70.65, 'wp_y': -4.7}
  [2026-06-23T21:31:55.014570] I: {'ins_mode': 4, 'realtime_x': 89.23, 'realtime_y': -5.64, 'target_x': 30.5, 'target_y': -1.21, 'yaw_ins': 0.0, 'dis_ins': 0.0}
  [2026-06-23T21:31:55.017267] W: {'wp_x': 70.65, 'wp_y': -4.7}
  [2026-06-23T21:31:55.036141] I: {'ins_mode': 4, 'realtime_x': 100.29, 'realtime_y': -5.78, 'target_x': 30.5, 'target_y': -1.21, 'yaw_ins': 0.0, 'dis_ins': 0.0}
  [2026-06-23T21:31:55.038235] W: {'wp_x': 70.65, 'wp_y': -4.7}
  [2026-06-23T21:31:55.125954] I: {'ins_mode': 4, 'realtime_x': 111.58, 'realtime_y': -5.7, 'target_x': 30.5, 'target_y': -1.21, 'yaw_ins': 0.0, 'dis_ins': 0.0}
  [2026-06-23T21:31:55.128159] W: {'wp_x': 111.58, 'wp_y': -5.7}
  [2026-06-23T21:31:55.239674] I: {'ins_mode': 4, 'realtime_x': 123.45, 'realtime_y': -5.62, 'target_x': 30.5, 'target_y': -1.21, 'yaw_ins': 0.0, 'dis_ins': 0.0}
  [2026-06-23T21:31:55.241769] W: {'wp_x': 111.58, 'wp_y': -5.7}
  [2026-06-23T21:31:55.281766] I: {'ins_mode': 4, 'realtime_x': 135.74, 'realtime_y': -5.66, 'target_x': 30.5, 'target_y': -1.21, 'yaw_ins': 0.0, 'dis_ins': 0.0}
  [2026-06-23T21:31:55.284276] W: {'wp_x': 111.58, 'wp_y': -5.7}
  [2026-06-23T21:31:55.460771] I: {'ins_mode': 4, 'realtime_x': 148.24, 'realtime_y': -5.79, 'target_x': 30.5, 'target_y': -1.21, 'yaw_ins': 0.0, 'dis_ins': 0.0}
  [2026-06-23T21:31:55.465181] W: {'wp_x': 111.58, 'wp_y': -5.7}
  [2026-06-23T21:31:55.465472] I: {'ins_mode': 4, 'realtime_x': 161.24, 'realtime_y': -5.91, 'target_x': 30.5, 'target_y': -1.21, 'yaw_ins': 0.0, 'dis_ins': 0.0}
  [2026-06-23T21:31:55.467844] W: {'wp_x': 153.4, 'wp_y': -5.85}
  [2026-06-23T21:31:55.519000] I: {'ins_mode': 4, 'realtime_x': 174.15, 'realtime_y': -5.99, 'target_x': 30.5, 'target_y': -1.21, 'yaw_ins': 0.0, 'dis_ins': 0.0}
  [2026-06-23T21:31:55.523520] W: {'wp_x': 153.4, 'wp_y': -5.85}
  [2026-06-23T21:31:55.711096] I: {'ins_mode': 4, 'realtime_x': 187.15, 'realtime_y': -6.1, 'target_x': 30.5, 'target_y': -1.21, 'yaw_ins': 0.0, 'dis_ins': 0.0}
  [2026-06-23T21:31:55.713425] W: {'wp_x': 153.4, 'wp_y': -5.85}
  [2026-06-23T21:31:55.713597] I: {'ins_mode': 4, 'realtime_x': 199.77, 'realtime_y': -6.16, 'target_x': 30.5, 'target_y': -1.21, 'yaw_ins': 0.0, 'dis_ins': 0.0}
  [2026-06-23T21:31:55.715526] W: {'wp_x': 194.79, 'wp_y': -6.15}
  [2026-06-23T21:31:55.755833] I: {'ins_mode': 4, 'realtime_x': 212.11, 'realtime_y': -6.09, 'target_x': 30.5, 'target_y': -1.21, 'yaw_ins': 0.0, 'dis_ins': 0.0}
  [2026-06-23T21:31:55.760006] W: {'wp_x': 194.79, 'wp_y': -6.15}
  [2026-06-23T21:31:55.922470] I: {'ins_mode': 4, 'realtime_x': 224.34, 'realtime_y': -5.88, 'target_x': 30.5, 'target_y': -1.21, 'yaw_ins': 0.0, 'dis_ins': 0.0}
  [2026-06-23T21:31:55.924573] W: {'wp_x': 194.79, 'wp_y': -6.15}
  [2026-06-23T21:31:55.924756] I: {'ins_mode': 4, 'realtime_x': 236.36, 'realtime_y': -5.71, 'target_x': 30.5, 'target_y': -1.21, 'yaw_ins': 0.0, 'dis_ins': 0.0}
  [2026-06-23T21:31:55.926554] W: {'wp_x': 236.36, 'wp_y': -5.71}
  [2026-06-23T21:31:55.998402] I: {'ins_mode': 4, 'realtime_x': 248.71, 'realtime_y': -5.58, 'target_x': 30.5, 'target_y': -1.21, 'yaw_ins': 0.0, 'dis_ins': 0.0}
  [2026-06-23T21:31:56.004298] W: {'wp_x': 236.36, 'wp_y': -5.71}
  [2026-06-23T21:31:56.159830] I: {'ins_mode': 4, 'realtime_x': 261.03, 'realtime_y': -5.43, 'target_x': 30.5, 'target_y': -1.21, 'yaw_ins': 0.0, 'dis_ins': 0.0}
  [2026-06-23T21:31:56.162366] W: {'wp_x': 236.36, 'wp_y': -5.71}
  [2026-06-23T21:31:56.162437] I: {'ins_mode': 4, 'realtime_x': 273.63, 'realtime_y': -5.19, 'target_x': 30.5, 'target_y': -1.21, 'yaw_ins': 0.0, 'dis_ins': 0.0}
  [2026-06-23T21:31:56.164657] W: {'wp_x': 236.36, 'wp_y': -5.71}
  [2026-06-23T21:31:56.253710] I: {'ins_mode': 4, 'realtime_x': 286.92, 'realtime_y': -4.8, 'target_x': 30.5, 'target_y': -1.21, 'yaw_ins': 0.0, 'dis_ins': 0.0}
  [2026-06-23T21:31:56.255501] W: {'wp_x': 278.91, 'wp_y': -5.04}
  [2026-06-23T21:31:56.384985] I: {'ins_mode': 4, 'realtime_x': 300.71, 'realtime_y': -4.41, 'target_x': 30.5, 'target_y': -1.21, 'yaw_ins': 0.0, 'dis_ins': 0.0}
  [2026-06-23T21:31:56.387196] W: {'wp_x': 278.91, 'wp_y': -5.04}
  [2026-06-23T21:31:56.395963] I: {'ins_mode': 4, 'realtime_x': 315.22, 'realtime_y': -4.09, 'target_x': 30.5, 'target_y': -1.21, 'yaw_ins': 0.0, 'dis_ins': 0.0}
  [2026-06-23T21:31:56.398218] W: {'wp_x': 278.91, 'wp_y': -5.04}
  [2026-06-23T21:31:56.487735] I: {'ins_mode': 4, 'realtime_x': 330.02, 'realtime_y': -3.82, 'target_x': 30.5, 'target_y': -1.21, 'yaw_ins': 0.0, 'dis_ins': 0.0}
  [2026-06-23T21:31:56.489914] W: {'wp_x': 321.07, 'wp_y': -3.98}
  [2026-06-23T21:31:56.623273] I: {'ins_mode': 4, 'realtime_x': 345.12, 'realtime_y': -3.58, 'target_x': 30.5, 'target_y': -1.21, 'yaw_ins': 0.0, 'dis_ins': 0.0}
  [2026-06-23T21:31:56.625263] W: {'wp_x': 321.07, 'wp_y': -3.98}
  [2026-06-23T21:31:56.634230] I: {'ins_mode': 4, 'realtime_x': 359.79, 'realtime_y': -3.5, 'target_x': 30.5, 'target_y': -1.21, 'yaw_ins': 0.0, 'dis_ins': 0.0}
  [2026-06-23T21:31:56.636247] W: {'wp_x': 321.07, 'wp_y': -3.98}
  [2026-06-23T21:31:56.726901] I: {'ins_mode': 4, 'realtime_x': 374.05, 'realtime_y': -3.61, 'target_x': 30.5, 'target_y': -1.21, 'yaw_ins': 0.0, 'dis_ins': 0.0}
  [2026-06-23T21:31:56.855657] W: {'wp_x': 362.7, 'wp_y': -3.51}
  [2026-06-23T21:31:56.855722] I: {'ins_mode': 4, 'realtime_x': 387.71, 'realtime_y': -3.88, 'target_x': 30.5, 'target_y': -1.21, 'yaw_ins': 0.0, 'dis_ins': 0.0}
  [2026-06-23T21:31:56.859198] W: {'wp_x': 362.7, 'wp_y': -3.51}
  [2026-06-23T21:31:56.878767] I: {'ins_mode': 4, 'realtime_x': 401.46, 'realtime_y': -4.34, 'target_x': 30.5, 'target_y': -1.21, 'yaw_ins': 0.0, 'dis_ins': 0.0}
  [2026-06-23T21:31:56.881552] W: {'wp_x': 362.7, 'wp_y': -3.51}
  [2026-06-23T21:31:56.966154] I: {'ins_mode': 4, 'realtime_x': 415.07, 'realtime_y': -4.88, 'target_x': 30.5, 'target_y': -1.21, 'yaw_ins': 0.0, 'dis_ins': 0.0}
  [2026-06-23T21:31:56.968059] W: {'wp_x': 404.19, 'wp_y': -4.45}
  [2026-06-23T21:31:57.092026] I: {'ins_mode': 4, 'realtime_x': 428.8, 'realtime_y': -5.31, 'target_x': 30.5, 'target_y': -1.21, 'yaw_ins': 0.0, 'dis_ins': 0.0}
  [2026-06-23T21:31:57.094392] W: {'wp_x': 404.19, 'wp_y': -4.45}
  [2026-06-23T21:31:57.113057] I: {'ins_mode': 4, 'realtime_x': 442.21, 'realtime_y': -5.45, 'target_x': 30.5, 'target_y': -1.21, 'yaw_ins': 0.0, 'dis_ins': 0.0}
  [2026-06-23T21:31:57.115044] W: {'wp_x': 404.19, 'wp_y': -4.45}
  [2026-06-23T21:31:57.213792] I: {'ins_mode': 4, 'realtime_x': 455.89, 'realtime_y': -5.47, 'target_x': 30.5, 'target_y': -1.21, 'yaw_ins': 0.0, 'dis_ins': 0.0}
  [2026-06-23T21:31:57.340158] W: {'wp_x': 444.9, 'wp_y': -5.46}
  [2026-06-23T21:31:57.342003] I: {'ins_mode': 4, 'realtime_x': 469.86, 'realtime_y': -5.42, 'target_x': 30.5, 'target_y': -1.21, 'yaw_ins': 0.0, 'dis_ins': 0.0}
  [2026-06-23T21:31:57.344143] W: {'wp_x': 444.9, 'wp_y': -5.46}
  [2026-06-23T21:31:57.363392] I: {'ins_mode': 4, 'realtime_x': 484.37, 'realtime_y': -5.14, 'target_x': 30.5, 'target_y': -1.21, 'yaw_ins': 0.0, 'dis_ins': 0.0}
  [2026-06-23T21:31:57.365649] W: {'wp_x': 444.9, 'wp_y': -5.46}
  [2026-06-23T21:31:57.469799] I: {'ins_mode': 4, 'realtime_x': 499.55, 'realtime_y': -4.36, 'target_x': 30.5, 'target_y': -1.21, 'yaw_ins': 0.0, 'dis_ins': 0.0}
  [2026-06-23T21:31:57.618564] W: {'wp_x': 487.36, 'wp_y': -5.03}
  [2026-06-23T21:31:57.620521] I: {'ins_mode': 4, 'realtime_x': 515.21, 'realtime_y': -2.99, 'target_x': 30.5, 'target_y': -1.21, 'yaw_ins': 0.0, 'dis_ins': 0.0}
  [2026-06-23T21:31:57.622598] W: {'wp_x': 487.36, 'wp_y': -5.03}
  [2026-06-23T21:31:57.622786] I: {'ins_mode': 4, 'realtime_x': 531.1, 'realtime_y': -1.11, 'target_x': 30.5, 'target_y': -1.21, 'yaw_ins': 0.0, 'dis_ins': 0.0}
  [2026-06-23T21:31:57.624940] W: {'wp_x': 527.94, 'wp_y': -1.52}
  [2026-06-23T21:31:57.718272] I: {'ins_mode': 4, 'realtime_x': 547.03, 'realtime_y': 1.23, 'target_x': 30.5, 'target_y': -1.21, 'yaw_ins': 0.0, 'dis_ins': 0.0}
  [2026-06-23T21:31:57.874158] W: {'wp_x': 527.94, 'wp_y': -1.52}
  [2026-06-23T21:31:57.874243] I: {'ins_mode': 4, 'realtime_x': 562.74, 'realtime_y': 3.85, 'target_x': 30.5, 'target_y': -1.21, 'yaw_ins': 0.0, 'dis_ins': 0.0}
  [2026-06-23T21:31:57.880639] W: {'wp_x': 527.94, 'wp_y': -1.52}
  [2026-06-23T21:31:57.880771] I: {'ins_mode': 4, 'realtime_x': 578.63, 'realtime_y': 6.72, 'target_x': 30.5, 'target_y': -1.21, 'yaw_ins': 0.0, 'dis_ins': 0.0}
  [2026-06-23T21:31:57.883134] W: {'wp_x': 569.09, 'wp_y': 4.98}
  [2026-06-23T21:31:57.912328] I: {'ins_mode': 4, 'realtime_x': 594.46, 'realtime_y': 9.63, 'target_x': 30.5, 'target_y': -1.21, 'yaw_ins': 0.0, 'dis_ins': 0.0}
  [2026-06-23T21:31:57.914385] W: {'wp_x': 569.09, 'wp_y': 4.98}
  [2026-06-23T21:31:58.099277] I: {'ins_mode': 4, 'realtime_x': 610.21, 'realtime_y': 12.89, 'target_x': 30.5, 'target_y': -1.21, 'yaw_ins': 0.0, 'dis_ins': 0.0}
  [2026-06-23T21:31:58.101681] W: {'wp_x': 610.21, 'wp_y': 12.89}
  [2026-06-23T21:31:58.101840] I: {'ins_mode': 4, 'realtime_x': 625.59, 'realtime_y': 16.74, 'target_x': 30.5, 'target_y': -1.21, 'yaw_ins': 0.0, 'dis_ins': 0.0}
  [2026-06-23T21:31:58.103679] W: {'wp_x': 610.21, 'wp_y': 12.89}
  [2026-06-23T21:31:58.155223] I: {'ins_mode': 4, 'realtime_x': 640.85, 'realtime_y': 21.43, 'target_x': 30.5, 'target_y': -1.21, 'yaw_ins': 0.0, 'dis_ins': 0.0}
  [2026-06-23T21:31:58.159710] W: {'wp_x': 610.21, 'wp_y': 12.89}
  [2026-06-23T21:31:58.353770] I: {'ins_mode': 4, 'realtime_x': 656.31, 'realtime_y': 26.66, 'target_x': 30.5, 'target_y': -1.21, 'yaw_ins': 0.0, 'dis_ins': 0.0}
  [2026-06-23T21:31:58.356038] W: {'wp_x': 650.09, 'wp_y': 24.52}
  [2026-06-23T21:31:58.356281] I: {'ins_mode': 4, 'realtime_x': 672.02, 'realtime_y': 32.34, 'target_x': 30.5, 'target_y': -1.21, 'yaw_ins': 0.0, 'dis_ins': 0.0}
  [2026-06-23T21:31:58.358087] W: {'wp_x': 650.09, 'wp_y': 24.52}
  [2026-06-23T21:31:58.398815] I: {'ins_mode': 4, 'realtime_x': 687.81, 'realtime_y': 38.83, 'target_x': 30.5, 'target_y': -1.21, 'yaw_ins': 0.0, 'dis_ins': 0.0}
  [2026-06-23T21:31:58.403733] W: {'wp_x': 687.81, 'wp_y': 38.83}
  [2026-06-23T21:31:58.480125] I: {'ins_mode': 4, 'realtime_x': 703.87, 'realtime_y': 46.51, 'target_x': 30.5, 'target_y': -1.21, 'yaw_ins': 0.0, 'dis_ins': 0.0}
  [2026-06-23T21:31:58.627240] W: {'wp_x': 687.81, 'wp_y': 38.83}
  [2026-06-23T21:31:58.627498] I: {'ins_mode': 4, 'realtime_x': 719.64, 'realtime_y': 55.21, 'target_x': 30.5, 'target_y': -1.21, 'yaw_ins': 0.0, 'dis_ins': 0.0}
  [2026-06-23T21:31:58.629861] W: {'wp_x': 687.81, 'wp_y': 38.83}
  [2026-06-23T21:31:58.638474] I: {'ins_mode': 4, 'realtime_x': 734.66, 'realtime_y': 64.92, 'target_x': 30.5, 'target_y': -1.21, 'yaw_ins': 0.0, 'dis_ins': 0.0}
  [2026-06-23T21:31:58.640716] W: {'wp_x': 725.78, 'wp_y': 58.98}
  [2026-06-23T21:31:58.743513] I: {'ins_mode': 4, 'realtime_x': 748.61, 'realtime_y': 75.52, 'target_x': 30.5, 'target_y': -1.21, 'yaw_ins': 0.0, 'dis_ins': 0.0}
  [2026-06-23T21:31:58.919814] W: {'wp_x': 725.78, 'wp_y': 58.98}
  [2026-06-23T21:31:58.922171] I: {'ins_mode': 4, 'realtime_x': 762.12, 'realtime_y': 87.16, 'target_x': 30.5, 'target_y': -1.21, 'yaw_ins': 0.0, 'dis_ins': 0.0}
  [2026-06-23T21:31:58.924436] W: {'wp_x': 759.46, 'wp_y': 84.79}
  [2026-06-23T21:31:58.924618] I: {'ins_mode': 4, 'realtime_x': 774.96, 'realtime_y': 99.64, 'target_x': 30.5, 'target_y': -1.21, 'yaw_ins': 0.0, 'dis_ins': 0.0}
  [2026-06-23T21:31:58.927011] W: {'wp_x': 759.46, 'wp_y': 84.79}
  [2026-06-23T21:31:59.146886] I: {'ins_mode': 4, 'realtime_x': 786.63, 'realtime_y': 113.23, 'target_x': 30.5, 'target_y': -1.21, 'yaw_ins': 0.0, 'dis_ins': 0.0}
  [2026-06-23T21:31:59.149296] W: {'wp_x': 759.46, 'wp_y': 84.79}
  [2026-06-23T21:31:59.151184] I: {'ins_mode': 4, 'realtime_x': 796.93, 'realtime_y': 127.83, 'target_x': 30.5, 'target_y': -1.21, 'yaw_ins': 0.0, 'dis_ins': 0.0}
  [2026-06-23T21:31:59.153193] W: {'wp_x': 788.79, 'wp_y': 116.07}
  [2026-06-23T21:31:59.153328] I: {'ins_mode': 4, 'realtime_x': 805.94, 'realtime_y': 143.11, 'target_x': 30.5, 'target_y': -1.21, 'yaw_ins': 0.0, 'dis_ins': 0.0}
  [2026-06-23T21:31:59.156101] W: {'wp_x': 788.79, 'wp_y': 116.07}
  [2026-06-23T21:31:59.196336] I: {'ins_mode': 4, 'realtime_x': 813.61, 'realtime_y': 158.98, 'target_x': 30.5, 'target_y': -1.21, 'yaw_ins': 0.0, 'dis_ins': 0.0}
  [2026-06-23T21:31:59.198533] W: {'wp_x': 810.69, 'wp_y': 152.57}
  [2026-06-23T21:31:59.276448] I: {'ins_mode': 4, 'realtime_x': 819.9, 'realtime_y': 175.38, 'target_x': 30.5, 'target_y': -1.21, 'yaw_ins': 0.0, 'dis_ins': 0.0}
  [2026-06-23T21:31:59.438415] W: {'wp_x': 810.69, 'wp_y': 152.57}
  [2026-06-23T21:31:59.440948] I: {'ins_mode': 4, 'realtime_x': 825.24, 'realtime_y': 192.62, 'target_x': 30.5, 'target_y': -1.21, 'yaw_ins': 0.0, 'dis_ins': 0.0}
  [2026-06-23T21:31:59.443185] W: {'wp_x': 825.24, 'wp_y': 192.62}
  [2026-06-23T21:31:59.443283] I: {'ins_mode': 4, 'realtime_x': 829.74, 'realtime_y': 210.62, 'target_x': 30.5, 'target_y': -1.21, 'yaw_ins': 0.0, 'dis_ins': 0.0}
  [2026-06-23T21:31:59.445811] W: {'wp_x': 825.24, 'wp_y': 192.62}
  [2026-06-23T21:31:59.689622] I: {'ins_mode': 4, 'realtime_x': 833.23, 'realtime_y': 229.3, 'target_x': 30.5, 'target_y': -1.21, 'yaw_ins': 0.0, 'dis_ins': 0.0}
  [2026-06-23T21:31:59.691627] W: {'wp_x': 825.24, 'wp_y': 192.62}
  [2026-06-23T21:31:59.693392] I: {'ins_mode': 4, 'realtime_x': 835.45, 'realtime_y': 248.36, 'target_x': 30.5, 'target_y': -1.21, 'yaw_ins': 0.0, 'dis_ins': 0.0}
  [2026-06-23T21:31:59.695456] W: {'wp_x': 833.76, 'wp_y': 233.07}
  [2026-06-23T21:31:59.695656] I: {'ins_mode': 4, 'realtime_x': 836.54, 'realtime_y': 267.72, 'target_x': 30.5, 'target_y': -1.21, 'yaw_ins': 0.0, 'dis_ins': 0.0}
  [2026-06-23T21:31:59.697719] W: {'wp_x': 833.76, 'wp_y': 233.07}
  [2026-06-23T21:31:59.813541] I: {'ins_mode': 4, 'realtime_x': 836.57, 'realtime_y': 287.3, 'target_x': 30.5, 'target_y': -1.21, 'yaw_ins': 0.0, 'dis_ins': 0.0}
  [2026-06-23T21:31:59.815971] W: {'wp_x': 836.67, 'wp_y': 275.51}
  [2026-06-23T21:31:59.977976] I: {'ins_mode': 4, 'realtime_x': 835.5, 'realtime_y': 307.14, 'target_x': 30.5, 'target_y': -1.21, 'yaw_ins': 0.0, 'dis_ins': 0.0}
  [2026-06-23T21:31:59.982907] W: {'wp_x': 836.67, 'wp_y': 275.51}
  [2026-06-23T21:31:59.983035] I: {'ins_mode': 4, 'realtime_x': 833.36, 'realtime_y': 326.99, 'target_x': 30.5, 'target_y': -1.21, 'yaw_ins': 0.0, 'dis_ins': 0.0}
  [2026-06-23T21:31:59.985203] W: {'wp_x': 834.33, 'wp_y': 319.08}
  [2026-06-23T21:31:59.993922] I: {'ins_mode': 4, 'realtime_x': 830.18, 'realtime_y': 345.92, 'target_x': 30.5, 'target_y': -1.21, 'yaw_ins': 0.0, 'dis_ins': 0.0}
  [2026-06-23T21:31:59.996624] W: {'wp_x': 834.33, 'wp_y': 319.08}
  [2026-06-23T21:32:00.094652] I: {'ins_mode': 4, 'realtime_x': 825.63, 'realtime_y': 364.07, 'target_x': 30.5, 'target_y': -1.21, 'yaw_ins': 0.0, 'dis_ins': 0.0}
  [2026-06-23T21:32:00.097267] W: {'wp_x': 826.65, 'wp_y': 360.52}
  [2026-06-23T21:32:00.246080] I: {'ins_mode': 4, 'realtime_x': 819.7, 'realtime_y': 381.57, 'target_x': 30.5, 'target_y': -1.21, 'yaw_ins': 0.0, 'dis_ins': 0.0}
  [2026-06-23T21:32:00.250344] W: {'wp_x': 826.65, 'wp_y': 360.52}
  [2026-06-23T21:32:00.259218] I: {'ins_mode': 4, 'realtime_x': 812.72, 'realtime_y': 398.52, 'target_x': 30.5, 'target_y': -1.21, 'yaw_ins': 0.0, 'dis_ins': 0.0}
  [2026-06-23T21:32:00.261610] W: {'wp_x': 812.72, 'wp_y': 398.52}
  [2026-06-23T21:32:00.526492] I: {'ins_mode': 4, 'realtime_x': 804.63, 'realtime_y': 414.91, 'target_x': 30.5, 'target_y': -1.21, 'yaw_ins': 0.0, 'dis_ins': 0.0}
  [2026-06-23T21:32:00.530733] W: {'wp_x': 812.72, 'wp_y': 398.52}
  [2026-06-23T21:32:00.530841] I: {'ins_mode': 4, 'realtime_x': 795.61, 'realtime_y': 430.53, 'target_x': 30.5, 'target_y': -1.21, 'yaw_ins': 0.0, 'dis_ins': 0.0}
  [2026-06-23T21:32:00.532916] W: {'wp_x': 812.72, 'wp_y': 398.52}
  [2026-06-23T21:32:00.532945] I: {'ins_mode': 4, 'realtime_x': 785.67, 'realtime_y': 445.85, 'target_x': 30.5, 'target_y': -1.21, 'yaw_ins': 0.0, 'dis_ins': 0.0}
  [2026-06-23T21:32:00.534970] W: {'wp_x': 791.72, 'wp_y': 436.69}
  [2026-06-23T21:32:00.554993] I: {'ins_mode': 4, 'realtime_x': 774.91, 'realtime_y': 460.91, 'target_x': 30.5, 'target_y': -1.21, 'yaw_ins': 0.0, 'dis_ins': 0.0}
  [2026-06-23T21:32:00.557944] W: {'wp_x': 791.72, 'wp_y': 436.69}
  [2026-06-23T21:32:00.664054] I: {'ins_mode': 4, 'realtime_x': 762.95, 'realtime_y': 475.57, 'target_x': 30.5, 'target_y': -1.21, 'yaw_ins': 0.0, 'dis_ins': 0.0}
  [2026-06-23T21:32:00.666889] W: {'wp_x': 767.88, 'wp_y': 469.81}
  [2026-06-23T21:32:00.820695] I: {'ins_mode': 4, 'realtime_x': 749.67, 'realtime_y': 489.5, 'target_x': 30.5, 'target_y': -1.21, 'yaw_ins': 0.0, 'dis_ins': 0.0}
  [2026-06-23T21:32:00.823372] W: {'wp_x': 767.88, 'wp_y': 469.81}
  [2026-06-23T21:32:00.823474] I: {'ins_mode': 4, 'realtime_x': 735.21, 'realtime_y': 502.75, 'target_x': 30.5, 'target_y': -1.21, 'yaw_ins': 0.0, 'dis_ins': 0.0}
  [2026-06-23T21:32:00.825383] W: {'wp_x': 738.15, 'wp_y': 500.18}
  [2026-06-23T21:32:00.950810] I: {'ins_mode': 4, 'realtime_x': 719.97, 'realtime_y': 515.36, 'target_x': 30.5, 'target_y': -1.21, 'yaw_ins': 0.0, 'dis_ins': 0.0}
  [2026-06-23T21:32:00.953117] W: {'wp_x': 738.15, 'wp_y': 500.18}
  [2026-06-23T21:32:01.120105] I: {'ins_mode': 4, 'realtime_x': 704.36, 'realtime_y': 527.58, 'target_x': 30.5, 'target_y': -1.21, 'yaw_ins': 0.0, 'dis_ins': 0.0}
  [2026-06-23T21:32:01.124437] W: {'wp_x': 704.36, 'wp_y': 527.58}
  [2026-06-23T21:32:01.124546] I: {'ins_mode': 4, 'realtime_x': 688.13, 'realtime_y': 539.72, 'target_x': 30.5, 'target_y': -1.21, 'yaw_ins': 0.0, 'dis_ins': 0.0}
  [2026-06-23T21:32:01.127183] W: {'wp_x': 704.36, 'wp_y': 527.58}
  [2026-06-23T21:32:01.127390] I: {'ins_mode': 4, 'realtime_x': 671.46, 'realtime_y': 551.36, 'target_x': 30.5, 'target_y': -1.21, 'yaw_ins': 0.0, 'dis_ins': 0.0}
  [2026-06-23T21:32:01.129637] W: {'wp_x': 671.46, 'wp_y': 551.36}
  [2026-06-23T21:32:01.241010] I: {'ins_mode': 4, 'realtime_x': 654.23, 'realtime_y': 562.0, 'target_x': 30.5, 'target_y': -1.21, 'yaw_ins': 0.0, 'dis_ins': 0.0}
  [2026-06-23T21:32:01.394630] W: {'wp_x': 671.46, 'wp_y': 551.36}
  [2026-06-23T21:32:01.396681] I: {'ins_mode': 4, 'realtime_x': 636.24, 'realtime_y': 571.92, 'target_x': 30.5, 'target_y': -1.21, 'yaw_ins': 0.0, 'dis_ins': 0.0}
  [2026-06-23T21:32:01.398705] W: {'wp_x': 636.24, 'wp_y': 571.92}
  [2026-06-23T21:32:01.398739] I: {'ins_mode': 4, 'realtime_x': 617.77, 'realtime_y': 581.28, 'target_x': 30.5, 'target_y': -1.21, 'yaw_ins': 0.0, 'dis_ins': 0.0}
  [2026-06-23T21:32:01.400706] W: {'wp_x': 636.24, 'wp_y': 571.92}
  [2026-06-23T21:32:01.522955] I: {'ins_mode': 4, 'realtime_x': 598.73, 'realtime_y': 590.17, 'target_x': 30.5, 'target_y': -1.21, 'yaw_ins': 0.0, 'dis_ins': 0.0}
  [2026-06-23T21:32:01.709453] W: {'wp_x': 598.73, 'wp_y': 590.17}
  [2026-06-23T21:32:01.709577] I: {'ins_mode': 4, 'realtime_x': 579.26, 'realtime_y': 598.55, 'target_x': 30.5, 'target_y': -1.21, 'yaw_ins': 0.0, 'dis_ins': 0.0}
  [2026-06-23T21:32:01.712679] W: {'wp_x': 598.73, 'wp_y': 590.17}
  [2026-06-23T21:32:01.712746] I: {'ins_mode': 4, 'realtime_x': 559.71, 'realtime_y': 606.46, 'target_x': 30.5, 'target_y': -1.21, 'yaw_ins': 0.0, 'dis_ins': 0.0}
  [2026-06-23T21:32:01.715185] W: {'wp_x': 559.71, 'wp_y': 606.46}
  [2026-06-23T21:32:01.715276] I: {'ins_mode': 4, 'realtime_x': 540.55, 'realtime_y': 613.63, 'target_x': 30.5, 'target_y': -1.21, 'yaw_ins': 0.0, 'dis_ins': 0.0}
  [2026-06-23T21:32:01.717395] W: {'wp_x': 559.71, 'wp_y': 606.46}
  [2026-06-23T21:32:01.805135] I: {'ins_mode': 4, 'realtime_x': 521.67, 'realtime_y': 620.27, 'target_x': 30.5, 'target_y': -1.21, 'yaw_ins': 0.0, 'dis_ins': 0.0}
  [2026-06-23T21:32:01.807075] W: {'wp_x': 521.67, 'wp_y': 620.27}
  [2026-06-23T21:32:01.978014] I: {'ins_mode': 4, 'realtime_x': 503.02, 'realtime_y': 626.31, 'target_x': 30.5, 'target_y': -1.21, 'yaw_ins': 0.0, 'dis_ins': 0.0}
  [2026-06-23T21:32:01.981744] W: {'wp_x': 521.67, 'wp_y': 620.27}
  [2026-06-23T21:32:01.981828] I: {'ins_mode': 4, 'realtime_x': 484.24, 'realtime_y': 631.38, 'target_x': 30.5, 'target_y': -1.21, 'yaw_ins': 0.0, 'dis_ins': 0.0}
  [2026-06-23T21:32:01.983740] W: {'wp_x': 521.67, 'wp_y': 620.27}
  [2026-06-23T21:32:02.003211] I: {'ins_mode': 4, 'realtime_x': 465.12, 'realtime_y': 635.2, 'target_x': 30.5, 'target_y': -1.21, 'yaw_ins': 0.0, 'dis_ins': 0.0}
  [2026-06-23T21:32:02.005869] W: {'wp_x': 480.44, 'wp_y': 632.22}
  [2026-06-23T21:32:02.244594] I: {'ins_mode': 4, 'realtime_x': 446.13, 'realtime_y': 638.03, 'target_x': 30.5, 'target_y': -1.21, 'yaw_ins': 0.0, 'dis_ins': 0.0}
  [2026-06-23T21:32:02.248407] W: {'wp_x': 480.44, 'wp_y': 632.22}
  [2026-06-23T21:32:02.248586] I: {'ins_mode': 4, 'realtime_x': 427.37, 'realtime_y': 640.35, 'target_x': 30.5, 'target_y': -1.21, 'yaw_ins': 0.0, 'dis_ins': 0.0}
  [2026-06-23T21:32:02.250505] W: {'wp_x': 438.57, 'wp_y': 638.99}
  [2026-06-23T21:32:02.250687] I: {'ins_mode': 4, 'realtime_x': 408.56, 'realtime_y': 642.79, 'target_x': 30.5, 'target_y': -1.21, 'yaw_ins': 0.0, 'dis_ins': 0.0}
  [2026-06-23T21:32:02.252611] W: {'wp_x': 438.57, 'wp_y': 638.99}
  [2026-06-23T21:32:02.400531] I: {'ins_mode': 4, 'realtime_x': 389.93, 'realtime_y': 645.67, 'target_x': 30.5, 'target_y': -1.21, 'yaw_ins': 0.0, 'dis_ins': 0.0}
  [2026-06-23T21:32:02.583460] W: {'wp_x': 397.34, 'wp_y': 644.46}
  [2026-06-23T21:32:02.585721] I: {'ins_mode': 4, 'realtime_x': 371.9, 'realtime_y': 649.03, 'target_x': 30.5, 'target_y': -1.21, 'yaw_ins': 0.0, 'dis_ins': 0.0}
  [2026-06-23T21:32:02.588100] W: {'wp_x': 397.34, 'wp_y': 644.46}
  [2026-06-23T21:32:02.588269] I: {'ins_mode': 4, 'realtime_x': 355.35, 'realtime_y': 652.77, 'target_x': 30.5, 'target_y': -1.21, 'yaw_ins': 0.0, 'dis_ins': 0.0}
  [2026-06-23T21:32:02.590434] W: {'wp_x': 355.35, 'wp_y': 652.77}
  [2026-06-23T21:32:02.590583] I: {'ins_mode': 4, 'realtime_x': 340.6, 'realtime_y': 656.89, 'target_x': 30.5, 'target_y': -1.21, 'yaw_ins': 0.0, 'dis_ins': 0.0}
  [2026-06-23T21:32:02.592481] W: {'wp_x': 355.35, 'wp_y': 652.77}
  [2026-06-23T21:32:02.701956] I: {'ins_mode': 4, 'realtime_x': 328.05, 'realtime_y': 660.99, 'target_x': 30.5, 'target_y': -1.21, 'yaw_ins': 0.0, 'dis_ins': 0.0}
  [2026-06-23T21:32:02.867736] W: {'wp_x': 355.35, 'wp_y': 652.77}
  [2026-06-23T21:32:02.869658] I: {'ins_mode': 4, 'realtime_x': 317.67, 'realtime_y': 664.69, 'target_x': 30.5, 'target_y': -1.21, 'yaw_ins': 0.0, 'dis_ins': 0.0}
  [2026-06-23T21:32:02.871831] W: {'wp_x': 355.35, 'wp_y': 652.77}
  [2026-06-23T21:32:02.871862] I: {'ins_mode': 4, 'realtime_x': 308.95, 'realtime_y': 667.82, 'target_x': 30.5, 'target_y': -1.21, 'yaw_ins': 0.0, 'dis_ins': 0.0}
  [2026-06-23T21:32:02.874153] W: {'wp_x': 315.77, 'wp_y': 665.37}
  [2026-06-23T21:32:03.204462] I: {'ins_mode': 4, 'realtime_x': 302.15, 'realtime_y': 670.19, 'target_x': 30.5, 'target_y': -1.21, 'yaw_ins': 0.0, 'dis_ins': 0.0}
  [2026-06-23T21:32:03.210390] W: {'wp_x': 315.77, 'wp_y': 665.37}
  [2026-06-23T21:32:03.210520] I: {'ins_mode': 4, 'realtime_x': 297.0, 'realtime_y': 671.82, 'target_x': 30.5, 'target_y': -1.21, 'yaw_ins': 0.0, 'dis_ins': 0.0}
  [2026-06-23T21:32:03.212741] W: {'wp_x': 315.77, 'wp_y': 665.37}
  [2026-06-23T21:32:03.316273] I: {'ins_mode': 4, 'realtime_x': 293.3, 'realtime_y': 672.81, 'target_x': 30.5, 'target_y': -1.21, 'yaw_ins': 0.0, 'dis_ins': 0.0}
  [2026-06-23T21:32:03.319075] W: {'wp_x': 315.77, 'wp_y': 665.37}
  [2026-06-23T21:32:03.511061] I: {'ins_mode': 4, 'realtime_x': 290.7, 'realtime_y': 673.34, 'target_x': 30.5, 'target_y': -1.21, 'yaw_ins': 0.0, 'dis_ins': 0.0}
  [2026-06-23T21:32:03.515545] W: {'wp_x': 315.77, 'wp_y': 665.37}
  [2026-06-23T21:32:03.515640] I: {'ins_mode': 4, 'realtime_x': 289.4, 'realtime_y': 673.5, 'target_x': 30.5, 'target_y': -1.21, 'yaw_ins': 0.0, 'dis_ins': 0.0}
  [2026-06-23T21:32:03.518413] W: {'wp_x': 315.77, 'wp_y': 665.37}
  [2026-06-23T21:32:03.626963] I: {'ins_mode': 4, 'realtime_x': 289.18, 'realtime_y': 673.51, 'target_x': 30.5, 'target_y': -1.21, 'yaw_ins': 0.0, 'dis_ins': 0.0}
  [2026-06-23T21:32:03.798290] W: {'wp_x': 315.77, 'wp_y': 665.37}
  [2026-06-23T21:32:03.801067] I: {'ins_mode': 4, 'realtime_x': 289.73, 'realtime_y': 673.55, 'target_x': 30.5, 'target_y': -1.21, 'yaw_ins': 0.0, 'dis_ins': 0.0}
  [2026-06-23T21:32:03.803195] W: {'wp_x': 315.77, 'wp_y': 665.37}
  [2026-06-23T21:32:03.803285] I: {'ins_mode': 4, 'realtime_x': 290.8, 'realtime_y': 673.69, 'target_x': 30.5, 'target_y': -1.21, 'yaw_ins': 0.0, 'dis_ins': 0.0}
  [2026-06-23T21:32:03.805273] W: {'wp_x': 315.77, 'wp_y': 665.37}
  [2026-06-23T21:32:03.805310] I: {'ins_mode': 4, 'realtime_x': 292.25, 'realtime_y': 673.95, 'target_x': 30.5, 'target_y': -1.21, 'yaw_ins': 0.0, 'dis_ins': 0.0}
  [2026-06-23T21:32:03.807299] W: {'wp_x': 315.77, 'wp_y': 665.37}
  [2026-06-23T21:32:03.807330] I: {'ins_mode': 4, 'realtime_x': 294.07, 'realtime_y': 674.32, 'target_x': 30.5, 'target_y': -1.21, 'yaw_ins': 0.0, 'dis_ins': 0.0}
  [2026-06-23T21:32:03.809275] W: {'wp_x': 315.77, 'wp_y': 665.37}
  [2026-06-23T21:32:03.809371] I: {'ins_mode': 4, 'realtime_x': 295.77, 'realtime_y': 674.68, 'target_x': 30.5, 'target_y': -1.21, 'yaw_ins': 0.0, 'dis_ins': 0.0}
  [2026-06-23T21:32:03.811732] W: {'wp_x': 315.77, 'wp_y': 665.37}
  [2026-06-23T21:32:03.811823] I: {'ins_mode': 4, 'realtime_x': 297.45, 'realtime_y': 675.08, 'target_x': 30.5, 'target_y': -1.21, 'yaw_ins': 0.0, 'dis_ins': 0.0}
  [2026-06-23T21:32:03.813934] W: {'wp_x': 315.77, 'wp_y': 665.37}
  [2026-06-23T21:32:03.954378] I: {'ins_mode': 4, 'realtime_x': 299.04, 'realtime_y': 675.46, 'target_x': 30.5, 'target_y': -1.21, 'yaw_ins': 0.0, 'dis_ins': 0.0}
  [2026-06-23T21:32:03.957560] W: {'wp_x': 315.77, 'wp_y': 665.37}
  [2026-06-23T21:32:04.141051] I: {'ins_mode': 4, 'realtime_x': 300.4, 'realtime_y': 675.81, 'target_x': 30.5, 'target_y': -1.21, 'yaw_ins': 0.0, 'dis_ins': 0.0}
  [2026-06-23T21:32:04.146564] W: {'wp_x': 315.77, 'wp_y': 665.37}
  [2026-06-23T21:32:04.146754] I: {'ins_mode': 4, 'realtime_x': 301.44, 'realtime_y': 676.1, 'target_x': 30.5, 'target_y': -1.21, 'yaw_ins': 0.0, 'dis_ins': 0.0}
  [2026-06-23T21:32:04.148956] W: {'wp_x': 301.1, 'wp_y': 676.0}
  [2026-06-23T21:32:04.149118] I: {'ins_mode': 4, 'realtime_x': 302.08, 'realtime_y': 676.29, 'target_x': 30.5, 'target_y': -1.21, 'yaw_ins': 0.0, 'dis_ins': 0.0}
  [2026-06-23T21:32:04.151227] W: {'wp_x': 301.1, 'wp_y': 676.0}
  [2026-06-23T21:32:04.449172] I: {'ins_mode': 4, 'realtime_x': 302.4, 'realtime_y': 676.4, 'target_x': 30.5, 'target_y': -1.21, 'yaw_ins': 0.0, 'dis_ins': 0.0}
  [2026-06-23T21:32:04.454969] W: {'wp_x': 301.1, 'wp_y': 676.0}
  [2026-06-23T21:32:04.455103] I: {'ins_mode': 4, 'realtime_x': 302.44, 'realtime_y': 676.41, 'target_x': 30.5, 'target_y': -1.21, 'yaw_ins': 0.0, 'dis_ins': 0.0}
  [2026-06-23T21:32:04.457068] W: {'wp_x': 301.1, 'wp_y': 676.0}
  [2026-06-23T21:32:04.457100] I: {'ins_mode': 4, 'realtime_x': 302.38, 'realtime_y': 676.39, 'target_x': 30.5, 'target_y': -1.21, 'yaw_ins': 0.0, 'dis_ins': 0.0}
  [2026-06-23T21:32:04.458917] W: {'wp_x': 301.1, 'wp_y': 676.0}
  [2026-06-23T21:32:04.458937] I: {'ins_mode': 4, 'realtime_x': 302.19, 'realtime_y': 676.33, 'target_x': 30.5, 'target_y': -1.21, 'yaw_ins': 0.0, 'dis_ins': 0.0}
  [2026-06-23T21:32:04.460935] W: {'wp_x': 301.1, 'wp_y': 676.0}
  [2026-06-23T21:32:04.480856] I: {'ins_mode': 4, 'realtime_x': 301.94, 'realtime_y': 676.25, 'target_x': 30.5, 'target_y': -1.21, 'yaw_ins': 0.0, 'dis_ins': 0.0}
  [2026-06-23T21:32:04.485069] W: {'wp_x': 301.1, 'wp_y': 676.0}
  [2026-06-23T21:32:04.596829] I: {'ins_mode': 4, 'realtime_x': 301.77, 'realtime_y': 676.19, 'target_x': 30.5, 'target_y': -1.21, 'yaw_ins': 0.0, 'dis_ins': 0.0}
  [2026-06-23T21:32:04.781721] W: {'wp_x': 301.1, 'wp_y': 676.0}
  [2026-06-23T21:32:04.783611] I: {'ins_mode': 4, 'realtime_x': 301.68, 'realtime_y': 676.17, 'target_x': 30.5, 'target_y': -1.21, 'yaw_ins': 0.0, 'dis_ins': 0.0}
  [2026-06-23T21:32:04.785812] W: {'wp_x': 301.1, 'wp_y': 676.0}
  [2026-06-23T21:32:04.785904] I: {'ins_mode': 4, 'realtime_x': 301.59, 'realtime_y': 676.14, 'target_x': 30.5, 'target_y': -1.21, 'yaw_ins': 0.0, 'dis_ins': 0.0}
  [2026-06-23T21:32:04.787925] W: {'wp_x': 301.1, 'wp_y': 676.0}
  [2026-06-23T21:32:04.907603] I: {'ins_mode': 4, 'realtime_x': 301.38, 'realtime_y': 676.07, 'target_x': 30.5, 'target_y': -1.21, 'yaw_ins': 0.0, 'dis_ins': 0.0}
  [2026-06-23T21:32:05.089181] W: {'wp_x': 301.1, 'wp_y': 676.0}
  [2026-06-23T21:32:05.089342] I: {'ins_mode': 4, 'realtime_x': 301.18, 'realtime_y': 676.01, 'target_x': 30.5, 'target_y': -1.21, 'yaw_ins': 0.0, 'dis_ins': 0.0}
  [2026-06-23T21:32:05.092884] W: {'wp_x': 301.1, 'wp_y': 676.0}
  [2026-06-23T21:32:05.092948] I: {'ins_mode': 4, 'realtime_x': 301.09, 'realtime_y': 675.98, 'target_x': 30.5, 'target_y': -1.21, 'yaw_ins': 0.0, 'dis_ins': 0.0}
  [2026-06-23T21:32:05.095066] W: {'wp_x': 301.1, 'wp_y': 676.0}
  [2026-06-23T21:32:05.095136] I: {'ins_mode': 4, 'realtime_x': 300.98, 'realtime_y': 675.95, 'target_x': 30.5, 'target_y': -1.21, 'yaw_ins': 0.0, 'dis_ins': 0.0}
  [2026-06-23T21:32:05.096969] W: {'wp_x': 301.1, 'wp_y': 676.0}
  [2026-06-23T21:32:05.244334] I: {'ins_mode': 4, 'realtime_x': 300.69, 'realtime_y': 675.87, 'target_x': 30.5, 'target_y': -1.21, 'yaw_ins': 0.0, 'dis_ins': 0.0}
  [2026-06-23T21:32:05.443064] W: {'wp_x': 301.1, 'wp_y': 676.0}
  [2026-06-23T21:32:05.567722] I: {'ins_mode': 4, 'realtime_x': 300.3, 'realtime_y': 675.76, 'target_x': 30.5, 'target_y': -1.21, 'yaw_ins': 0.0, 'dis_ins': 0.0}
  [2026-06-23T21:32:05.570532] W: {'wp_x': 301.1, 'wp_y': 676.0}
  [2026-06-23T21:32:05.570624] I: {'ins_mode': 4, 'realtime_x': 300.1, 'realtime_y': 675.7, 'target_x': 30.5, 'target_y': -1.21, 'yaw_ins': 0.0, 'dis_ins': 0.0}
  [2026-06-23T21:32:05.762362] W: {'wp_x': 301.1, 'wp_y': 676.0}
  [2026-06-23T21:32:05.762478] I: {'ins_mode': 4, 'realtime_x': 300.09, 'realtime_y': 675.7, 'target_x': 30.5, 'target_y': -1.21, 'yaw_ins': 0.0, 'dis_ins': 0.0}
  [2026-06-23T21:32:05.766751] W: {'wp_x': 301.1, 'wp_y': 676.0}
  [2026-06-23T21:32:05.766927] I: {'ins_mode': 4, 'realtime_x': 300.12, 'realtime_y': 675.71, 'target_x': 30.5, 'target_y': -1.21, 'yaw_ins': 0.0, 'dis_ins': 0.0}
  [2026-06-23T21:32:05.768916] W: {'wp_x': 301.1, 'wp_y': 676.0}
  [2026-06-23T21:32:05.901144] I: {'ins_mode': 4, 'realtime_x': 300.04, 'realtime_y': 675.69, 'target_x': 30.5, 'target_y': -1.21, 'yaw_ins': 0.0, 'dis_ins': 0.0}
  [2026-06-23T21:32:06.073897] W: {'wp_x': 301.1, 'wp_y': 676.0}
  [2026-06-23T21:32:06.075879] I: {'ins_mode': 4, 'realtime_x': 300.04, 'realtime_y': 675.69, 'target_x': 30.5, 'target_y': -1.21, 'yaw_ins': 0.0, 'dis_ins': 0.0}
  [2026-06-23T21:32:06.078364] W: {'wp_x': 301.1, 'wp_y': 676.0}
  [2026-06-23T21:32:06.078467] I: {'ins_mode': 4, 'realtime_x': 300.04, 'realtime_y': 675.69, 'target_x': 30.5, 'target_y': -1.21, 'yaw_ins': 0.0, 'dis_ins': 0.0}
  [2026-06-23T21:32:06.080576] W: {'wp_x': 301.1, 'wp_y': 676.0}
  [2026-06-23T21:32:06.080828] I: {'ins_mode': 4, 'realtime_x': 300.07, 'realtime_y': 675.7, 'target_x': 30.5, 'target_y': -1.21, 'yaw_ins': 0.0, 'dis_ins': 0.0}
  [2026-06-23T21:32:06.082954] W: {'wp_x': 301.1, 'wp_y': 676.0}
  [2026-06-23T21:32:06.083195] I: {'ins_mode': 4, 'realtime_x': 300.05, 'realtime_y': 675.69, 'target_x': 30.5, 'target_y': -1.21, 'yaw_ins': 0.0, 'dis_ins': 0.0}
  [2026-06-23T21:32:06.085275] W: {'wp_x': 301.1, 'wp_y': 676.0}
  [2026-06-23T21:32:06.085528] I: {'ins_mode': 4, 'realtime_x': 299.98, 'realtime_y': 675.67, 'target_x': 30.5, 'target_y': -1.21, 'yaw_ins': 0.0, 'dis_ins': 0.0}
  [2026-06-23T21:32:06.087579] W: {'wp_x': 301.1, 'wp_y': 676.0}
  [2026-06-23T21:32:06.087832] I: {'ins_mode': 4, 'realtime_x': 299.81, 'realtime_y': 675.63, 'target_x': 30.5, 'target_y': -1.21, 'yaw_ins': 0.0, 'dis_ins': 0.0}
  [2026-06-23T21:32:06.089867] W: {'wp_x': 301.1, 'wp_y': 676.0}
  [2026-06-23T21:32:06.090119] I: {'ins_mode': 4, 'realtime_x': 299.35, 'realtime_y': 675.53, 'target_x': 30.5, 'target_y': -1.21, 'yaw_ins': 0.0, 'dis_ins': 0.0}
  [2026-06-23T21:32:06.092102] W: {'wp_x': 301.1, 'wp_y': 676.0}
  [2026-06-23T21:32:06.258503] I: {'ins_mode': 4, 'realtime_x': 298.63, 'realtime_y': 675.39, 'target_x': 30.5, 'target_y': -1.21, 'yaw_ins': 0.0, 'dis_ins': 0.0}
  [2026-06-23T21:32:06.599278] W: {'wp_x': 301.1, 'wp_y': 676.0}
  [2026-06-23T21:32:06.930570] I: {'ins_mode': 4, 'realtime_x': 297.87, 'realtime_y': 675.27, 'target_x': 30.5, 'target_y': -1.21, 'yaw_ins': 0.0, 'dis_ins': 0.0}
  [2026-06-23T21:32:07.119422] W: {'wp_x': 301.1, 'wp_y': 676.0}
  [2026-06-23T21:32:07.121354] I: {'ins_mode': 4, 'realtime_x': 297.51, 'realtime_y': 675.21, 'target_x': 30.5, 'target_y': -1.21, 'yaw_ins': 0.0, 'dis_ins': 0.0}
  [2026-06-23T21:32:07.123659] W: {'wp_x': 301.1, 'wp_y': 676.0}
  [2026-06-23T21:32:07.123822] I: {'ins_mode': 4, 'realtime_x': 297.38, 'realtime_y': 675.2, 'target_x': 30.5, 'target_y': -1.21, 'yaw_ins': 0.0, 'dis_ins': 0.0}
  [2026-06-23T21:32:07.126339] W: {'wp_x': 301.1, 'wp_y': 676.0}
  [2026-06-23T21:32:07.126564] I: {'ins_mode': 4, 'realtime_x': 297.37, 'realtime_y': 675.19, 'target_x': 30.5, 'target_y': -1.21, 'yaw_ins': 0.0, 'dis_ins': 0.0}
  [2026-06-23T21:32:07.129520] W: {'wp_x': 301.1, 'wp_y': 676.0}
  [2026-06-23T21:32:07.129746] I: {'ins_mode': 4, 'realtime_x': 297.35, 'realtime_y': 675.19, 'target_x': 30.5, 'target_y': -1.21, 'yaw_ins': 0.0, 'dis_ins': 0.0}
  [2026-06-23T21:32:07.131721] W: {'wp_x': 301.1, 'wp_y': 676.0}
  [2026-06-23T21:32:07.274560] I: {'ins_mode': 4, 'realtime_x': 297.4, 'realtime_y': 675.2, 'target_x': 30.5, 'target_y': -1.21, 'yaw_ins': 0.0, 'dis_ins': 0.0}
  [2026-06-23T21:32:07.461350] W: {'wp_x': 301.1, 'wp_y': 676.0}
  [2026-06-23T21:32:07.461552] I: {'ins_mode': 4, 'realtime_x': 297.43, 'realtime_y': 675.2, 'target_x': 30.5, 'target_y': -1.21, 'yaw_ins': 0.0, 'dis_ins': 0.0}
  [2026-06-23T21:32:07.463424] W: {'wp_x': 301.1, 'wp_y': 676.0}
  [2026-06-23T21:32:07.463590] I: {'ins_mode': 4, 'realtime_x': 297.43, 'realtime_y': 675.2, 'target_x': 30.5, 'target_y': -1.21, 'yaw_ins': 0.0, 'dis_ins': 0.0}
  [2026-06-23T21:32:07.465417] W: {'wp_x': 301.1, 'wp_y': 676.0}
  [2026-06-23T21:32:07.465590] I: {'ins_mode': 4, 'realtime_x': 297.44, 'realtime_y': 675.21, 'target_x': 30.5, 'target_y': -1.21, 'yaw_ins': 0.0, 'dis_ins': 0.0}
  [2026-06-23T21:32:07.468072] W: {'wp_x': 301.1, 'wp_y': 676.0}
  [2026-06-23T21:32:07.468225] I: {'ins_mode': 4, 'realtime_x': 297.57, 'realtime_y': 675.23, 'target_x': 30.5, 'target_y': -1.21, 'yaw_ins': 0.0, 'dis_ins': 0.0}
  [2026-06-23T21:32:07.470770] W: {'wp_x': 301.1, 'wp_y': 676.0}
  [2026-06-23T21:32:07.471036] I: {'ins_mode': 4, 'realtime_x': 298.04, 'realtime_y': 675.3, 'target_x': 30.5, 'target_y': -1.21, 'yaw_ins': 0.0, 'dis_ins': 0.0}
  [2026-06-23T21:32:07.473355] W: {'wp_x': 301.1, 'wp_y': 676.0}
  [2026-06-23T21:32:07.473385] I: {'ins_mode': 4, 'realtime_x': 298.09, 'realtime_y': 675.31, 'target_x': 30.5, 'target_y': -1.21, 'yaw_ins': 0.0, 'dis_ins': 0.0}
  [2026-06-23T21:32:07.475643] W: {'wp_x': 301.1, 'wp_y': 676.0}
  [2026-06-23T21:32:07.631905] I: {'ins_mode': 4, 'realtime_x': 297.89, 'realtime_y': 675.28, 'target_x': 30.5, 'target_y': -1.21, 'yaw_ins': 0.0, 'dis_ins': 0.0}
  [2026-06-23T21:32:07.817371] W: {'wp_x': 301.1, 'wp_y': 676.0}
  [2026-06-23T21:32:07.819610] I: {'ins_mode': 4, 'realtime_x': 297.35, 'realtime_y': 675.2, 'target_x': 30.5, 'target_y': -1.21, 'yaw_ins': 0.0, 'dis_ins': 0.0}
  [2026-06-23T21:32:07.821713] W: {'wp_x': 301.1, 'wp_y': 676.0}
  [2026-06-23T21:32:07.821862] I: {'ins_mode': 4, 'realtime_x': 296.49, 'realtime_y': 675.09, 'target_x': 30.5, 'target_y': -1.21, 'yaw_ins': 0.0, 'dis_ins': 0.0}
  [2026-06-23T21:32:07.823889] W: {'wp_x': 301.1, 'wp_y': 676.0}
  [2026-06-23T21:32:07.824049] I: {'ins_mode': 4, 'realtime_x': 295.24, 'realtime_y': 674.95, 'target_x': 30.5, 'target_y': -1.21, 'yaw_ins': 0.0, 'dis_ins': 0.0}
  [2026-06-23T21:32:07.825893] W: {'wp_x': 301.1, 'wp_y': 676.0}
  [2026-06-23T21:32:07.826050] I: {'ins_mode': 4, 'realtime_x': 294.7, 'realtime_y': 674.88, 'target_x': 30.5, 'target_y': -1.21, 'yaw_ins': 0.0, 'dis_ins': 0.0}
  [2026-06-23T21:32:07.828953] W: {'wp_x': 301.1, 'wp_y': 676.0}
  [2026-06-23T21:32:07.829077] I: {'ins_mode': 4, 'realtime_x': 295.08, 'realtime_y': 674.93, 'target_x': 30.5, 'target_y': -1.21, 'yaw_ins': 0.0, 'dis_ins': 0.0}
  [2026-06-23T21:32:07.830924] W: {'wp_x': 301.1, 'wp_y': 676.0}
  [2026-06-23T21:32:07.831271] I: {'ins_mode': 4, 'realtime_x': 295.76, 'realtime_y': 675.0, 'target_x': 30.5, 'target_y': -1.21, 'yaw_ins': 0.0, 'dis_ins': 0.0}
  [2026-06-23T21:32:07.833727] W: {'wp_x': 301.1, 'wp_y': 676.0}
  [2026-06-23T21:32:07.988451] I: {'ins_mode': 4, 'realtime_x': 295.74, 'realtime_y': 675.0, 'target_x': 30.5, 'target_y': -1.21, 'yaw_ins': 0.0, 'dis_ins': 0.0}
  [2026-06-23T21:32:08.178780] W: {'wp_x': 301.1, 'wp_y': 676.0}
  [2026-06-23T21:32:08.180918] I: {'ins_mode': 4, 'realtime_x': 295.73, 'realtime_y': 675.0, 'target_x': 30.5, 'target_y': -1.21, 'yaw_ins': 0.0, 'dis_ins': 0.0}
  [2026-06-23T21:32:08.183131] W: {'wp_x': 301.1, 'wp_y': 676.0}
  [2026-06-23T21:32:08.183224] I: {'ins_mode': 4, 'realtime_x': 295.89, 'realtime_y': 675.01, 'target_x': 30.5, 'target_y': -1.21, 'yaw_ins': 0.0, 'dis_ins': 0.0}
  [2026-06-23T21:32:08.186339] W: {'wp_x': 301.1, 'wp_y': 676.0}
  [2026-06-23T21:32:08.186512] I: {'ins_mode': 4, 'realtime_x': 296.03, 'realtime_y': 675.03, 'target_x': 30.5, 'target_y': -1.21, 'yaw_ins': 0.0, 'dis_ins': 0.0}
  [2026-06-23T21:32:08.188662] W: {'wp_x': 301.1, 'wp_y': 676.0}
  [2026-06-23T21:32:08.352673] I: {'ins_mode': 4, 'realtime_x': 295.97, 'realtime_y': 675.02, 'target_x': 30.5, 'target_y': -1.21, 'yaw_ins': 0.0, 'dis_ins': 0.0}
  [2026-06-23T21:32:08.536693] W: {'wp_x': 301.1, 'wp_y': 676.0}
  [2026-06-23T21:32:08.536887] I: {'ins_mode': 4, 'realtime_x': 295.95, 'realtime_y': 675.02, 'target_x': 30.5, 'target_y': -1.21, 'yaw_ins': 0.0, 'dis_ins': 0.0}
  [2026-06-23T21:32:08.538949] W: {'wp_x': 301.1, 'wp_y': 676.0}
  [2026-06-23T21:32:08.539186] I: {'ins_mode': 4, 'realtime_x': 295.89, 'realtime_y': 675.01, 'target_x': 30.5, 'target_y': -1.21, 'yaw_ins': 0.0, 'dis_ins': 0.0}
  [2026-06-23T21:32:08.541261] W: {'wp_x': 301.1, 'wp_y': 676.0}
  [2026-06-23T21:32:08.541788] I: {'ins_mode': 4, 'realtime_x': 295.82, 'realtime_y': 675.01, 'target_x': 30.5, 'target_y': -1.21, 'yaw_ins': 0.0, 'dis_ins': 0.0}
  [2026-06-23T21:32:08.544828] W: {'wp_x': 301.1, 'wp_y': 676.0}
  [2026-06-23T21:32:08.544947] I: {'ins_mode': 4, 'realtime_x': 295.82, 'realtime_y': 675.01, 'target_x': 30.5, 'target_y': -1.21, 'yaw_ins': 0.0, 'dis_ins': 0.0}
  [2026-06-23T21:32:08.547142] W: {'wp_x': 301.1, 'wp_y': 676.0}
  [2026-06-23T21:32:08.547492] I: {'ins_mode': 4, 'realtime_x': 295.82, 'realtime_y': 675.01, 'target_x': 30.5, 'target_y': -1.21, 'yaw_ins': 0.0, 'dis_ins': 0.0}
  [2026-06-23T21:32:08.549535] W: {'wp_x': 301.1, 'wp_y': 676.0}
  [2026-06-23T21:32:08.731619] I: {'ins_mode': 4, 'realtime_x': 295.82, 'realtime_y': 675.01, 'target_x': 30.5, 'target_y': -1.21, 'yaw_ins': 0.0, 'dis_ins': 0.0}
  [2026-06-23T21:32:08.920207] W: {'wp_x': 301.1, 'wp_y': 676.0}
  [2026-06-23T21:32:08.920467] I: {'ins_mode': 4, 'realtime_x': 295.82, 'realtime_y': 675.01, 'target_x': 30.5, 'target_y': -1.21, 'yaw_ins': 0.0, 'dis_ins': 0.0}
  [2026-06-23T21:32:08.922696] W: {'wp_x': 301.1, 'wp_y': 676.0}
  [2026-06-23T21:32:08.922957] I: {'ins_mode': 4, 'realtime_x': 295.79, 'realtime_y': 675.0, 'target_x': 30.5, 'target_y': -1.21, 'yaw_ins': 0.0, 'dis_ins': 0.0}
  [2026-06-23T21:32:08.925008] W: {'wp_x': 301.1, 'wp_y': 676.0}
  [2026-06-23T21:32:08.925257] I: {'ins_mode': 4, 'realtime_x': 295.78, 'realtime_y': 675.0, 'target_x': 30.5, 'target_y': -1.21, 'yaw_ins': 0.0, 'dis_ins': 0.0}
  [2026-06-23T21:32:08.927540] W: {'wp_x': 301.1, 'wp_y': 676.0}
  [2026-06-23T21:32:08.927733] I: {'ins_mode': 4, 'realtime_x': 295.78, 'realtime_y': 675.0, 'target_x': 30.5, 'target_y': -1.21, 'yaw_ins': 0.0, 'dis_ins': 0.0}
  [2026-06-23T21:32:08.929776] W: {'wp_x': 301.1, 'wp_y': 676.0}
  [2026-06-23T21:32:09.128418] I: {'ins_mode': 4, 'realtime_x': 295.78, 'realtime_y': 675.0, 'target_x': 30.5, 'target_y': -1.21, 'yaw_ins': 0.0, 'dis_ins': 0.0}
  [2026-06-23T21:32:09.320591] W: {'wp_x': 301.1, 'wp_y': 676.0}
  [2026-06-23T21:32:09.322545] I: {'ins_mode': 4, 'realtime_x': 295.76, 'realtime_y': 675.0, 'target_x': 30.5, 'target_y': -1.21, 'yaw_ins': 0.0, 'dis_ins': 0.0}
  [2026-06-23T21:32:09.326974] W: {'wp_x': 301.1, 'wp_y': 676.0}
  [2026-06-23T21:32:09.327131] I: {'ins_mode': 4, 'realtime_x': 295.76, 'realtime_y': 675.0, 'target_x': 30.5, 'target_y': -1.21, 'yaw_ins': 0.0, 'dis_ins': 0.0}
  [2026-06-23T21:32:09.329205] W: {'wp_x': 301.1, 'wp_y': 676.0}
  [2026-06-23T21:32:09.924162] I: {'ins_mode': 4, 'realtime_x': 295.71, 'realtime_y': 674.99, 'target_x': 30.5, 'target_y': -1.21, 'yaw_ins': 0.0, 'dis_ins': 0.0}
  [2026-06-23T21:32:10.313632] W: {'wp_x': 301.1, 'wp_y': 676.0}
  [2026-06-23T21:32:10.686542] I: {'ins_mode': 4, 'realtime_x': 295.71, 'realtime_y': 674.99, 'target_x': 30.5, 'target_y': -1.21, 'yaw_ins': 0.0, 'dis_ins': 0.0}
  [2026-06-23T21:32:11.057427] W: {'wp_x': 301.1, 'wp_y': 676.0}
  [2026-06-23T21:32:11.456084] I: {'ins_mode': 4, 'realtime_x': 295.71, 'realtime_y': 674.99, 'target_x': 30.5, 'target_y': -1.21, 'yaw_ins': 0.0, 'dis_ins': 0.0}
  [2026-06-23T21:32:11.865395] W: {'wp_x': 301.1, 'wp_y': 676.0}
  [2026-06-23T21:32:12.281535] I: {'ins_mode': 4, 'realtime_x': 295.71, 'realtime_y': 674.99, 'target_x': 30.5, 'target_y': -1.21, 'yaw_ins': 0.0, 'dis_ins': 0.0}
  [2026-06-23T21:32:12.688710] W: {'wp_x': 301.1, 'wp_y': 676.0}
  [2026-06-23T21:32:13.084413] I: {'ins_mode': 4, 'realtime_x': 295.71, 'realtime_y': 674.99, 'target_x': 30.5, 'target_y': -1.21, 'yaw_ins': 0.0, 'dis_ins': 0.0}
  [2026-06-23T21:32:13.500097] W: {'wp_x': 301.1, 'wp_y': 676.0}
  [2026-06-23T21:32:13.871401] I: {'ins_mode': 4, 'realtime_x': 295.7, 'realtime_y': 674.99, 'target_x': 30.5, 'target_y': -1.21, 'yaw_ins': 0.0, 'dis_ins': 0.0}
  [2026-06-23T21:32:14.322532] W: {'wp_x': 301.1, 'wp_y': 676.0}
  [2026-06-23T21:32:14.322624] I: {'ins_mode': 4, 'realtime_x': 295.71, 'realtime_y': 674.99, 'target_x': 30.5, 'target_y': -1.21, 'yaw_ins': 0.0, 'dis_ins': 0.0}
  [2026-06-23T21:32:14.730175] W: {'wp_x': 301.1, 'wp_y': 676.0}
  [2026-06-23T21:32:14.730255] I: {'ins_mode': 4, 'realtime_x': 295.84, 'realtime_y': 675.01, 'target_x': 30.5, 'target_y': -1.21, 'yaw_ins': 0.0, 'dis_ins': 0.0}
  [2026-06-23T21:32:15.129989] W: {'wp_x': 301.1, 'wp_y': 676.0}
  [2026-06-23T21:32:15.522508] I: {'ins_mode': 4, 'realtime_x': 295.84, 'realtime_y': 675.01, 'target_x': 30.5, 'target_y': -1.21, 'yaw_ins': 0.0, 'dis_ins': 0.0}
  [2026-06-23T21:32:15.929333] W: {'wp_x': 301.1, 'wp_y': 676.0}
  [2026-06-23T21:32:15.929395] I: {'ins_mode': 4, 'realtime_x': 295.84, 'realtime_y': 675.01, 'target_x': 30.5, 'target_y': -1.21, 'yaw_ins': 0.0, 'dis_ins': 0.0}
  [2026-06-23T21:32:16.365517] W: {'wp_x': 301.1, 'wp_y': 676.0}
  [2026-06-23T21:32:16.766070] I: {'ins_mode': 4, 'realtime_x': 295.84, 'realtime_y': 675.01, 'target_x': 30.5, 'target_y': -1.21, 'yaw_ins': 0.0, 'dis_ins': 0.0}
  [2026-06-23T21:32:16.969115] W: {'wp_x': 301.1, 'wp_y': 676.0}
  [2026-06-23T21:32:17.144836] I: {'ins_mode': 4, 'realtime_x': 295.84, 'realtime_y': 675.01, 'target_x': 30.5, 'target_y': -1.21, 'yaw_ins': 0.0, 'dis_ins': 0.0}
  [2026-06-23T21:32:17.147274] W: {'wp_x': 301.1, 'wp_y': 676.0}
  [2026-06-23T21:32:17.147312] I: {'ins_mode': 4, 'realtime_x': 295.84, 'realtime_y': 675.01, 'target_x': 30.5, 'target_y': -1.21, 'yaw_ins': 0.0, 'dis_ins': 0.0}
  [2026-06-23T21:32:17.535343] W: {'wp_x': 301.1, 'wp_y': 676.0}
  [2026-06-23T21:32:17.535434] I: {'ins_mode': 4, 'realtime_x': 295.89, 'realtime_y': 675.02, 'target_x': 30.5, 'target_y': -1.21, 'yaw_ins': 0.0, 'dis_ins': 0.0}
  [2026-06-23T21:32:17.538333] W: {'wp_x': 301.1, 'wp_y': 676.0}
  [2026-06-23T21:32:17.583156] I: {'ins_mode': 4, 'realtime_x': 295.9, 'realtime_y': 675.02, 'target_x': 30.5, 'target_y': -1.21, 'yaw_ins': 0.0, 'dis_ins': 0.0}
  [2026-06-23T21:32:17.585340] W: {'wp_x': 301.1, 'wp_y': 676.0}
  [2026-06-23T21:32:17.585371] I: {'ins_mode': 4, 'realtime_x': 295.82, 'realtime_y': 675.01, 'target_x': 30.5, 'target_y': -1.21, 'yaw_ins': 0.0, 'dis_ins': 0.0}
  [2026-06-23T21:32:17.587486] W: {'wp_x': 301.1, 'wp_y': 676.0}
  [2026-06-23T21:32:17.587519] I: {'ins_mode': 4, 'realtime_x': 295.67, 'realtime_y': 674.99, 'target_x': 30.5, 'target_y': -1.21, 'yaw_ins': 0.0, 'dis_ins': 0.0}
  [2026-06-23T21:32:17.946191] W: {'wp_x': 301.1, 'wp_y': 676.0}
  [2026-06-23T21:32:18.350963] I: {'ins_mode': 4, 'realtime_x': 295.67, 'realtime_y': 674.99, 'target_x': 30.5, 'target_y': -1.21, 'yaw_ins': 0.0, 'dis_ins': 0.0}
  [2026-06-23T21:32:18.782753] W: {'wp_x': 301.1, 'wp_y': 676.0}
  [2026-06-23T21:32:18.783045] I: {'ins_mode': 4, 'realtime_x': 295.7, 'realtime_y': 674.99, 'target_x': 30.5, 'target_y': -1.21, 'yaw_ins': 0.0, 'dis_ins': 0.0}
  [2026-06-23T21:32:18.785236] W: {'wp_x': 301.1, 'wp_y': 676.0}
  [2026-06-23T21:32:18.785274] I: {'ins_mode': 4, 'realtime_x': 295.75, 'realtime_y': 675.0, 'target_x': 30.5, 'target_y': -1.21, 'yaw_ins': 0.0, 'dis_ins': 0.0}
  [2026-06-23T21:32:19.201251] W: {'wp_x': 301.1, 'wp_y': 676.0}
  [2026-06-23T21:32:19.201273] I: {'ins_mode': 4, 'realtime_x': 295.63, 'realtime_y': 674.98, 'target_x': 30.5, 'target_y': -1.21, 'yaw_ins': 0.0, 'dis_ins': 0.0}
  [2026-06-23T21:32:19.204237] W: {'wp_x': 301.1, 'wp_y': 676.0}
  [2026-06-23T21:32:19.204425] I: {'ins_mode': 4, 'realtime_x': 295.54, 'realtime_y': 674.97, 'target_x': 30.5, 'target_y': -1.21, 'yaw_ins': 0.0, 'dis_ins': 0.0}
  [2026-06-23T21:32:19.614644] W: {'wp_x': 301.1, 'wp_y': 676.0}
  [2026-06-23T21:32:19.614704] I: {'ins_mode': 4, 'realtime_x': 295.22, 'realtime_y': 674.94, 'target_x': 30.5, 'target_y': -1.21, 'yaw_ins': 0.0, 'dis_ins': 0.0}
  [2026-06-23T21:32:19.621654] W: {'wp_x': 301.1, 'wp_y': 676.0}
  [2026-06-23T21:32:19.621698] I: {'ins_mode': 4, 'realtime_x': 295.0, 'realtime_y': 674.92, 'target_x': 30.5, 'target_y': -1.21, 'yaw_ins': 0.0, 'dis_ins': 0.0}
  [2026-06-23T21:32:19.623622] W: {'wp_x': 301.1, 'wp_y': 676.0}
  [2026-06-23T21:32:19.623728] I: {'ins_mode': 4, 'realtime_x': 294.89, 'realtime_y': 674.91, 'target_x': 30.5, 'target_y': -1.21, 'yaw_ins': 0.0, 'dis_ins': 0.0}
  [2026-06-23T21:32:20.044061] W: {'wp_x': 301.1, 'wp_y': 676.0}
  [2026-06-23T21:32:20.044092] I: {'ins_mode': 4, 'realtime_x': 294.82, 'realtime_y': 674.91, 'target_x': 30.5, 'target_y': -1.21, 'yaw_ins': 0.0, 'dis_ins': 0.0}
  [2026-06-23T21:32:20.052489] W: {'wp_x': 301.1, 'wp_y': 676.0}
  [2026-06-23T21:32:20.052526] I: {'ins_mode': 4, 'realtime_x': 294.33, 'realtime_y': 674.85, 'target_x': 30.5, 'target_y': -1.21, 'yaw_ins': 0.0, 'dis_ins': 0.0}
  [2026-06-23T21:32:20.054695] W: {'wp_x': 301.1, 'wp_y': 676.0}
  [2026-06-23T21:32:20.499377] I: {'ins_mode': 4, 'realtime_x': 293.93, 'realtime_y': 674.81, 'target_x': 30.5, 'target_y': -1.21, 'yaw_ins': 0.0, 'dis_ins': 0.0}
  [2026-06-23T21:32:20.503288] W: {'wp_x': 301.1, 'wp_y': 676.0}
  [2026-06-23T21:32:20.508103] I: {'ins_mode': 4, 'realtime_x': 293.93, 'realtime_y': 674.81, 'target_x': 30.5, 'target_y': -1.21, 'yaw_ins': 0.0, 'dis_ins': 0.0}
  [2026-06-23T21:32:20.961512] W: {'wp_x': 301.1, 'wp_y': 676.0}
  [2026-06-23T21:32:20.961828] I: {'ins_mode': 4, 'realtime_x': 293.87, 'realtime_y': 674.8, 'target_x': 30.5, 'target_y': -1.21, 'yaw_ins': 0.0, 'dis_ins': 0.0}
  [2026-06-23T21:32:20.963757] W: {'wp_x': 301.1, 'wp_y': 676.0}
  [2026-06-23T21:32:20.964209] I: {'ins_mode': 4, 'realtime_x': 293.87, 'realtime_y': 674.8, 'target_x': 30.5, 'target_y': -1.21, 'yaw_ins': 0.0, 'dis_ins': 0.0}
  [2026-06-23T21:32:20.966984] W: {'wp_x': 301.1, 'wp_y': 676.0}
  [2026-06-23T21:32:20.967024] I: {'ins_mode': 4, 'realtime_x': 293.87, 'realtime_y': 674.8, 'target_x': 30.5, 'target_y': -1.21, 'yaw_ins': 0.0, 'dis_ins': 0.0}
  [2026-06-23T21:32:20.969513] W: {'wp_x': 301.1, 'wp_y': 676.0}
  [2026-06-23T21:32:20.970939] I: {'ins_mode': 4, 'realtime_x': 293.87, 'realtime_y': 674.8, 'target_x': 30.5, 'target_y': -1.21, 'yaw_ins': 0.0, 'dis_ins': 0.0}
  [2026-06-23T21:32:20.972855] W: {'wp_x': 301.1, 'wp_y': 676.0}
  [2026-06-23T21:32:20.973775] I: {'ins_mode': 4, 'realtime_x': 293.87, 'realtime_y': 674.8, 'target_x': 30.5, 'target_y': -1.21, 'yaw_ins': 0.0, 'dis_ins': 0.0}
  [2026-06-23T21:32:20.975636] W: {'wp_x': 301.1, 'wp_y': 676.0}
  [2026-06-23T21:34:29.434303] I: {'ins_mode': 4, 'realtime_x': -0.02, 'realtime_y': -0.0, 'target_x': 0.0, 'target_y': 0.0, 'yaw_ins': 0.0, 'dis_ins': 0.0}
  [2026-06-23T21:34:29.465911] I: {'ins_mode': 4, 'realtime_x': -0.13, 'realtime_y': -0.0, 'target_x': 0.0, 'target_y': 0.0, 'yaw_ins': 0.0, 'dis_ins': 0.0}
  [2026-06-23T21:34:29.701942] I: {'ins_mode': 4, 'realtime_x': -0.29, 'realtime_y': -0.0, 'target_x': 0.0, 'target_y': 0.0, 'yaw_ins': 0.0, 'dis_ins': 0.0}
  [2026-06-23T21:34:29.863699] I: {'ins_mode': 4, 'realtime_x': -0.3, 'realtime_y': -0.0, 'target_x': 0.0, 'target_y': 0.0, 'yaw_ins': 0.0, 'dis_ins': 0.0}
  [2026-06-23T21:34:29.865925] I: {'ins_mode': 4, 'realtime_x': -0.3, 'realtime_y': -0.0, 'target_x': 0.0, 'target_y': 0.0, 'yaw_ins': 0.0, 'dis_ins': 0.0}
  [2026-06-23T21:34:29.865965] I: {'ins_mode': 4, 'realtime_x': -0.3, 'realtime_y': -0.0, 'target_x': 0.0, 'target_y': 0.0, 'yaw_ins': 0.0, 'dis_ins': 0.0}
  [2026-06-23T21:34:29.866012] I: {'ins_mode': 4, 'realtime_x': -0.3, 'realtime_y': -0.0, 'target_x': 0.0, 'target_y': 0.0, 'yaw_ins': 0.0, 'dis_ins': 0.0}
  [2026-06-23T21:34:30.280939] I: {'ins_mode': 4, 'realtime_x': -0.29, 'realtime_y': -0.0, 'target_x': 0.0, 'target_y': 0.0, 'yaw_ins': 0.0, 'dis_ins': 0.0}
  [2026-06-23T21:34:30.282718] I: {'ins_mode': 4, 'realtime_x': -0.16, 'realtime_y': -0.0, 'target_x': 0.0, 'target_y': 0.0, 'yaw_ins': 0.0, 'dis_ins': 0.0}
  [2026-06-23T21:34:30.282769] I: {'ins_mode': 4, 'realtime_x': -0.06, 'realtime_y': -0.0, 'target_x': 0.0, 'target_y': 0.0, 'yaw_ins': 0.0, 'dis_ins': 0.0}
  [2026-06-23T21:34:30.282801] I: {'ins_mode': 4, 'realtime_x': -0.13, 'realtime_y': -0.0, 'target_x': 0.0, 'target_y': 0.0, 'yaw_ins': 0.0, 'dis_ins': 0.0}
  [2026-06-23T21:34:30.282833] I: {'ins_mode': 4, 'realtime_x': -0.13, 'realtime_y': -0.0, 'target_x': 0.0, 'target_y': 0.0, 'yaw_ins': 0.0, 'dis_ins': 0.0}
  [2026-06-23T21:34:30.578742] I: {'ins_mode': 4, 'realtime_x': -0.13, 'realtime_y': -0.0, 'target_x': 0.0, 'target_y': 0.0, 'yaw_ins': 0.0, 'dis_ins': 0.0}
  [2026-06-23T21:34:30.749043] I: {'ins_mode': 4, 'realtime_x': -0.13, 'realtime_y': -0.0, 'target_x': 0.0, 'target_y': 0.0, 'yaw_ins': 0.0, 'dis_ins': 0.0}
  [2026-06-23T21:34:30.749090] I: {'ins_mode': 4, 'realtime_x': -0.13, 'realtime_y': -0.0, 'target_x': 0.0, 'target_y': 0.0, 'yaw_ins': 0.0, 'dis_ins': 0.0}
  [2026-06-23T21:34:30.749178] I: {'ins_mode': 4, 'realtime_x': -0.13, 'realtime_y': -0.0, 'target_x': 0.0, 'target_y': 0.0, 'yaw_ins': 0.0, 'dis_ins': 0.0}
  [2026-06-23T21:34:30.749424] I: {'ins_mode': 4, 'realtime_x': -7.74, 'realtime_y': 0.01, 'target_x': 0.0, 'target_y': 0.0, 'yaw_ins': 0.0, 'dis_ins': 0.0}
  [2026-06-23T21:34:30.749523] I: {'ins_mode': 4, 'realtime_x': -12.91, 'realtime_y': 0.01, 'target_x': 0.0, 'target_y': 0.0, 'yaw_ins': 0.0, 'dis_ins': 0.0}
  [2026-06-23T21:34:31.024253] I: {'ins_mode': 4, 'realtime_x': -12.64, 'realtime_y': 0.01, 'target_x': 0.0, 'target_y': 0.0, 'yaw_ins': 0.0, 'dis_ins': 0.0}
  [2026-06-23T21:34:31.174309] I: {'ins_mode': 4, 'realtime_x': -10.61, 'realtime_y': 0.04, 'target_x': 0.0, 'target_y': 0.0, 'yaw_ins': 0.0, 'dis_ins': 0.0}
  [2026-06-23T21:34:31.176371] I: {'ins_mode': 4, 'realtime_x': -8.66, 'realtime_y': 0.07, 'target_x': 0.0, 'target_y': 0.0, 'yaw_ins': 0.0, 'dis_ins': 0.0}
  [2026-06-23T21:34:31.176554] I: {'ins_mode': 4, 'realtime_x': -7.74, 'realtime_y': 0.08, 'target_x': 0.0, 'target_y': 0.0, 'yaw_ins': 0.0, 'dis_ins': 0.0}
  [2026-06-23T21:34:31.176595] I: {'ins_mode': 4, 'realtime_x': -7.79, 'realtime_y': 0.08, 'target_x': 0.0, 'target_y': 0.0, 'yaw_ins': 0.0, 'dis_ins': 0.0}
  [2026-06-23T21:34:31.218073] I: {'ins_mode': 4, 'realtime_x': -7.95, 'realtime_y': 0.07, 'target_x': 0.0, 'target_y': 0.0, 'yaw_ins': 0.0, 'dis_ins': 0.0}
  [2026-06-23T21:34:31.588000] I: {'ins_mode': 4, 'realtime_x': -7.95, 'realtime_y': 0.07, 'target_x': 0.0, 'target_y': 0.0, 'yaw_ins': 0.0, 'dis_ins': 0.0}
  [2026-06-23T21:34:31.589841] I: {'ins_mode': 4, 'realtime_x': -7.97, 'realtime_y': 0.07, 'target_x': 0.0, 'target_y': 0.0, 'yaw_ins': 0.0, 'dis_ins': 0.0}
  [2026-06-23T21:34:31.589967] I: {'ins_mode': 4, 'realtime_x': -8.11, 'realtime_y': 0.07, 'target_x': 0.0, 'target_y': 0.0, 'yaw_ins': 0.0, 'dis_ins': 0.0}
  [2026-06-23T21:34:31.589999] I: {'ins_mode': 4, 'realtime_x': -8.19, 'realtime_y': 0.07, 'target_x': 0.0, 'target_y': 0.0, 'yaw_ins': 0.0, 'dis_ins': 0.0}
  [2026-06-23T21:34:31.621306] I: {'ins_mode': 4, 'realtime_x': -8.19, 'realtime_y': 0.07, 'target_x': 0.0, 'target_y': 0.0, 'yaw_ins': 0.0, 'dis_ins': 0.0}
  [2026-06-23T21:34:31.882639] I: {'ins_mode': 4, 'realtime_x': -8.19, 'realtime_y': 0.07, 'target_x': 0.0, 'target_y': 0.0, 'yaw_ins': 0.0, 'dis_ins': 0.0}
  [2026-06-23T21:34:31.882700] I: {'ins_mode': 4, 'realtime_x': -8.19, 'realtime_y': 0.07, 'target_x': 0.0, 'target_y': 0.0, 'yaw_ins': 0.0, 'dis_ins': 0.0}
  [2026-06-23T21:34:32.024197] I: {'ins_mode': 4, 'realtime_x': -8.19, 'realtime_y': 0.07, 'target_x': 0.0, 'target_y': 0.0, 'yaw_ins': 0.0, 'dis_ins': 0.0}
  [2026-06-23T21:34:32.024414] I: {'ins_mode': 4, 'realtime_x': -8.19, 'realtime_y': 0.07, 'target_x': 0.0, 'target_y': 0.0, 'yaw_ins': 0.0, 'dis_ins': 0.0}
  [2026-06-23T21:34:32.024452] I: {'ins_mode': 4, 'realtime_x': -8.19, 'realtime_y': 0.07, 'target_x': 0.0, 'target_y': 0.0, 'yaw_ins': 0.0, 'dis_ins': 0.0}
  [2026-06-23T21:34:32.466679] I: {'ins_mode': 4, 'realtime_x': -8.19, 'realtime_y': 0.07, 'target_x': 0.0, 'target_y': 0.0, 'yaw_ins': 0.0, 'dis_ins': 0.0}
  [2026-06-23T21:34:32.469325] I: {'ins_mode': 4, 'realtime_x': -8.19, 'realtime_y': 0.07, 'target_x': 0.0, 'target_y': 0.0, 'yaw_ins': 0.0, 'dis_ins': 0.0}
  [2026-06-23T21:34:32.469361] I: {'ins_mode': 4, 'realtime_x': -8.19, 'realtime_y': 0.07, 'target_x': 0.0, 'target_y': 0.0, 'yaw_ins': 0.0, 'dis_ins': 0.0}
  [2026-06-23T21:34:32.469392] I: {'ins_mode': 4, 'realtime_x': -8.19, 'realtime_y': 0.07, 'target_x': 0.0, 'target_y': 0.0, 'yaw_ins': 0.0, 'dis_ins': 0.0}
  [2026-06-23T21:34:32.469436] I: {'ins_mode': 4, 'realtime_x': -8.19, 'realtime_y': 0.07, 'target_x': 0.0, 'target_y': 0.0, 'yaw_ins': 0.0, 'dis_ins': 0.0}
  [2026-06-23T21:34:32.501237] I: {'ins_mode': 4, 'realtime_x': -8.19, 'realtime_y': 0.07, 'target_x': 0.0, 'target_y': 0.0, 'yaw_ins': 0.0, 'dis_ins': 0.0}
  [2026-06-23T21:34:32.737843] I: {'ins_mode': 4, 'realtime_x': -8.18, 'realtime_y': 0.07, 'target_x': 0.0, 'target_y': 0.0, 'yaw_ins': 0.0, 'dis_ins': 0.0}
  [2026-06-23T21:34:32.883140] I: {'ins_mode': 4, 'realtime_x': -8.18, 'realtime_y': 0.07, 'target_x': 0.0, 'target_y': 0.0, 'yaw_ins': 0.0, 'dis_ins': 0.0}
  [2026-06-23T21:34:32.885404] I: {'ins_mode': 4, 'realtime_x': -8.18, 'realtime_y': 0.07, 'target_x': 0.0, 'target_y': 0.0, 'yaw_ins': 0.0, 'dis_ins': 0.0}
  [2026-06-23T21:34:32.885476] I: {'ins_mode': 4, 'realtime_x': -8.21, 'realtime_y': 0.07, 'target_x': 0.0, 'target_y': 0.0, 'yaw_ins': 0.0, 'dis_ins': 0.0}
  [2026-06-23T21:34:32.896440] I: {'ins_mode': 4, 'realtime_x': -8.21, 'realtime_y': 0.07, 'target_x': 0.0, 'target_y': 0.0, 'yaw_ins': 0.0, 'dis_ins': 0.0}
  [2026-06-23T21:34:33.175368] I: {'ins_mode': 4, 'realtime_x': -8.21, 'realtime_y': 0.07, 'target_x': 0.0, 'target_y': 0.0, 'yaw_ins': 0.0, 'dis_ins': 0.0}
  [2026-06-23T21:34:33.175422] I: {'ins_mode': 4, 'realtime_x': -8.21, 'realtime_y': 0.07, 'target_x': 0.0, 'target_y': 0.0, 'yaw_ins': 0.0, 'dis_ins': 0.0}
  [2026-06-23T21:34:33.342506] I: {'ins_mode': 4, 'realtime_x': -8.21, 'realtime_y': 0.07, 'target_x': 0.0, 'target_y': 0.0, 'yaw_ins': 0.0, 'dis_ins': 0.0}
  [2026-06-23T21:34:33.342735] I: {'ins_mode': 4, 'realtime_x': -8.21, 'realtime_y': 0.07, 'target_x': 0.0, 'target_y': 0.0, 'yaw_ins': 0.0, 'dis_ins': 0.0}
  [2026-06-23T21:34:33.342779] I: {'ins_mode': 4, 'realtime_x': -8.21, 'realtime_y': 0.07, 'target_x': 0.0, 'target_y': 0.0, 'yaw_ins': 0.0, 'dis_ins': 0.0}
  [2026-06-23T21:34:33.598176] I: {'ins_mode': 4, 'realtime_x': -8.21, 'realtime_y': 0.07, 'target_x': 0.0, 'target_y': 0.0, 'yaw_ins': 0.0, 'dis_ins': 0.0}
  [2026-06-23T21:34:33.753289] I: {'ins_mode': 4, 'realtime_x': -8.21, 'realtime_y': 0.07, 'target_x': 0.0, 'target_y': 0.0, 'yaw_ins': 0.0, 'dis_ins': 0.0}
  [2026-06-23T21:34:33.755509] I: {'ins_mode': 4, 'realtime_x': -8.21, 'realtime_y': 0.07, 'target_x': 0.0, 'target_y': 0.0, 'yaw_ins': 0.0, 'dis_ins': 0.0}
  [2026-06-23T21:34:33.755577] I: {'ins_mode': 4, 'realtime_x': -8.29, 'realtime_y': 0.07, 'target_x': 0.0, 'target_y': 0.0, 'yaw_ins': 0.0, 'dis_ins': 0.0}
  [2026-06-23T21:34:33.755610] I: {'ins_mode': 5, 'realtime_x': -8.35, 'realtime_y': 0.07, 'target_x': 30.5, 'target_y': -1.21, 'yaw_ins': -2.8, 'dis_ins': 38.9}
  [2026-06-23T21:34:33.786897] I: {'ins_mode': 5, 'realtime_x': -8.42, 'realtime_y': 0.07, 'target_x': 30.5, 'target_y': -1.21, 'yaw_ins': -2.8, 'dis_ins': 38.9}
  [2026-06-23T21:34:34.026120] I: {'ins_mode': 5, 'realtime_x': -8.37, 'realtime_y': 0.07, 'target_x': 30.5, 'target_y': -1.21, 'yaw_ins': -2.8, 'dis_ins': 38.9}
  [2026-06-23T21:34:34.202472] I: {'ins_mode': 5, 'realtime_x': -8.3, 'realtime_y': 0.07, 'target_x': 30.5, 'target_y': -1.21, 'yaw_ins': -2.8, 'dis_ins': 38.8}
  [2026-06-23T21:34:34.202632] I: {'ins_mode': 5, 'realtime_x': -8.3, 'realtime_y': 0.07, 'target_x': 30.5, 'target_y': -1.21, 'yaw_ins': -2.8, 'dis_ins': 38.8}
  [2026-06-23T21:34:34.203121] I: {'ins_mode': 5, 'realtime_x': -8.3, 'realtime_y': 0.07, 'target_x': 30.5, 'target_y': -1.21, 'yaw_ins': -2.8, 'dis_ins': 38.8}
  [2026-06-23T21:34:34.203187] I: {'ins_mode': 5, 'realtime_x': -8.3, 'realtime_y': 0.07, 'target_x': 30.5, 'target_y': -1.21, 'yaw_ins': -2.8, 'dis_ins': 38.8}
  [2026-06-23T21:34:34.474903] I: {'ins_mode': 5, 'realtime_x': -8.3, 'realtime_y': 0.07, 'target_x': 30.5, 'target_y': -1.21, 'yaw_ins': -2.8, 'dis_ins': 38.8}
  [2026-06-23T21:34:34.644675] I: {'ins_mode': 5, 'realtime_x': -8.21, 'realtime_y': 0.07, 'target_x': 30.5, 'target_y': -1.21, 'yaw_ins': -2.8, 'dis_ins': 38.7}
  [2026-06-23T21:34:34.644740] I: {'ins_mode': 5, 'realtime_x': -7.82, 'realtime_y': 0.06, 'target_x': 30.5, 'target_y': -1.21, 'yaw_ins': -2.8, 'dis_ins': 38.3}
  [2026-06-23T21:34:34.644900] I: {'ins_mode': 5, 'realtime_x': -7.41, 'realtime_y': 0.04, 'target_x': 30.5, 'target_y': -1.21, 'yaw_ins': -2.8, 'dis_ins': 37.9}
  [2026-06-23T21:34:34.645135] I: {'ins_mode': 5, 'realtime_x': -6.8, 'realtime_y': 0.02, 'target_x': 30.5, 'target_y': -1.21, 'yaw_ins': -2.8, 'dis_ins': 37.6}
  [2026-06-23T21:34:34.666271] I: {'ins_mode': 5, 'realtime_x': -3.41, 'realtime_y': -0.09, 'target_x': 30.5, 'target_y': -1.21, 'yaw_ins': -2.8, 'dis_ins': 33.9}
  [2026-06-23T21:34:34.903647] I: {'ins_mode': 5, 'realtime_x': -0.18, 'realtime_y': -0.23, 'target_x': 30.5, 'target_y': -1.21, 'yaw_ins': -2.8, 'dis_ins': 31.4}
  [2026-06-23T21:34:35.052627] I: {'ins_mode': 5, 'realtime_x': 6.59, 'realtime_y': -0.54, 'target_x': 30.5, 'target_y': -1.21, 'yaw_ins': -2.8, 'dis_ins': 23.9}
  [2026-06-23T21:34:35.054763] I: {'ins_mode': 5, 'realtime_x': 17.35, 'realtime_y': -1.06, 'target_x': 70.65, 'target_y': -4.7, 'yaw_ins': -2.8, 'dis_ins': 13.1}
  [2026-06-23T21:34:35.054820] I: {'ins_mode': 5, 'realtime_x': 30.1, 'realtime_y': -1.64, 'target_x': 70.65, 'target_y': -4.7, 'yaw_ins': -2.0, 'dis_ins': 43.4}
  [2026-06-23T21:34:35.065246] I: {'ins_mode': 5, 'realtime_x': 47.99, 'realtime_y': -2.45, 'target_x': 70.65, 'target_y': -4.7, 'yaw_ins': -1.9, 'dis_ins': 22.8}
  [2026-06-23T21:34:35.376972] I: {'ins_mode': 5, 'realtime_x': 71.51, 'realtime_y': -3.3, 'target_x': 111.58, 'target_y': -5.7, 'yaw_ins': -1.3, 'dis_ins': 40.1}
  [2026-06-23T21:34:35.562268] I: {'ins_mode': 5, 'realtime_x': 96.34, 'realtime_y': -3.51, 'target_x': 111.58, 'target_y': -5.7, 'yaw_ins': -1.6, 'dis_ins': 15.4}
  [2026-06-23T21:34:35.565082] I: {'ins_mode': 5, 'realtime_x': 128.12, 'realtime_y': -2.53, 'target_x': 153.4, 'target_y': -5.85, 'yaw_ins': -1.7, 'dis_ins': 25.5}
  [2026-06-23T21:34:35.565131] I: {'ins_mode': 5, 'realtime_x': 167.57, 'realtime_y': -2.15, 'target_x': 194.79, 'target_y': -6.15, 'yaw_ins': -1.6, 'dis_ins': 27.5}
  [2026-06-23T21:34:35.565217] I: {'ins_mode': 5, 'realtime_x': 207.44, 'realtime_y': -1.89, 'target_x': 236.36, 'target_y': -5.71, 'yaw_ins': -1.2, 'dis_ins': 29.2}
  [2026-06-23T21:34:35.565285] I: {'ins_mode': 5, 'realtime_x': 245.04, 'realtime_y': -1.85, 'target_x': 278.91, 'target_y': -5.04, 'yaw_ins': -0.9, 'dis_ins': 34.0}
  [2026-06-23T21:34:35.840134] I: {'ins_mode': 5, 'realtime_x': 283.33, 'realtime_y': -2.18, 'target_x': 321.07, 'target_y': -3.98, 'yaw_ins': -1.1, 'dis_ins': 37.8}
  [2026-06-23T21:34:36.016132] I: {'ins_mode': 5, 'realtime_x': 322.19, 'realtime_y': -2.68, 'target_x': 362.7, 'target_y': -3.51, 'yaw_ins': -1.3, 'dis_ins': 48.2}
  [2026-06-23T21:34:36.018971] I: {'ins_mode': 5, 'realtime_x': 357.63, 'realtime_y': -3.11, 'target_x': 404.19, 'target_y': -4.45, 'yaw_ins': -0.9, 'dis_ins': 46.6}
  [2026-06-23T21:34:36.019294] I: {'ins_mode': 5, 'realtime_x': 389.22, 'realtime_y': -3.43, 'target_x': 404.19, 'target_y': -4.45, 'yaw_ins': -1.0, 'dis_ins': 15.0}
  [2026-06-23T21:34:36.019362] I: {'ins_mode': 5, 'realtime_x': 419.06, 'realtime_y': -3.81, 'target_x': 444.9, 'target_y': -5.46, 'yaw_ins': 1.0, 'dis_ins': 31.7}
  [2026-06-23T21:34:36.029850] I: {'ins_mode': 5, 'realtime_x': 447.14, 'realtime_y': -4.03, 'target_x': 487.36, 'target_y': -5.03, 'yaw_ins': 4.1, 'dis_ins': 40.2}
  [2026-06-23T21:34:36.809259] I: {'ins_mode': 5, 'realtime_x': 472.92, 'realtime_y': -4.04, 'target_x': 527.94, 'target_y': -1.52, 'yaw_ins': 5.3, 'dis_ins': 14.5}
  [2026-06-23T21:34:36.984023] I: {'ins_mode': 5, 'realtime_x': 497.11, 'realtime_y': -3.7, 'target_x': 527.94, 'target_y': -1.52, 'yaw_ins': 8.3, 'dis_ins': 30.9}
  [2026-06-23T21:34:36.987462] I: {'ins_mode': 5, 'realtime_x': 520.18, 'realtime_y': -2.83, 'target_x': 569.09, 'target_y': 4.98, 'yaw_ins': 11.8, 'dis_ins': 49.5}
  [2026-06-23T21:34:36.987715] I: {'ins_mode': 5, 'realtime_x': 542.59, 'realtime_y': -1.32, 'target_x': 569.09, 'target_y': 4.98, 'yaw_ins': 13.1, 'dis_ins': 31.7}
  [2026-06-23T21:34:36.987900] I: {'ins_mode': 5, 'realtime_x': 564.95, 'realtime_y': 0.95, 'target_x': 610.21, 'target_y': 12.89, 'yaw_ins': 17.1, 'dis_ins': 46.8}
  [2026-06-23T21:34:36.987993] I: {'ins_mode': 5, 'realtime_x': 588.8, 'realtime_y': 4.27, 'target_x': 610.21, 'target_y': 12.89, 'yaw_ins': 19.2, 'dis_ins': 23.1}
  [2026-06-23T21:34:36.988072] I: {'ins_mode': 5, 'realtime_x': 614.26, 'realtime_y': 8.87, 'target_x': 650.09, 'target_y': 24.52, 'yaw_ins': 24.1, 'dis_ins': 39.1}
  [2026-06-23T21:34:36.988117] I: {'ins_mode': 5, 'realtime_x': 639.56, 'realtime_y': 14.63, 'target_x': 687.81, 'target_y': 38.83, 'yaw_ins': 27.2, 'dis_ins': 14.4}
  [2026-06-23T21:34:36.988615] I: {'ins_mode': 5, 'realtime_x': 664.91, 'realtime_y': 21.89, 'target_x': 687.81, 'target_y': 38.83, 'yaw_ins': 33.4, 'dis_ins': 28.5}
  [2026-06-23T21:34:36.988670] I: {'ins_mode': 5, 'realtime_x': 690.65, 'realtime_y': 31.09, 'target_x': 725.78, 'target_y': 58.98, 'yaw_ins': 40.6, 'dis_ins': 44.9}
  [2026-06-23T21:34:36.988839] I: {'ins_mode': 5, 'realtime_x': 716.52, 'realtime_y': 42.61, 'target_x': 725.78, 'target_y': 58.98, 'yaw_ins': 45.4, 'dis_ins': 18.8}
  [2026-06-23T21:34:36.988909] I: {'ins_mode': 5, 'realtime_x': 741.93, 'realtime_y': 56.48, 'target_x': 759.46, 'target_y': 84.79, 'yaw_ins': 54.2, 'dis_ins': 33.3}
  [2026-06-23T21:34:37.290413] I: {'ins_mode': 5, 'realtime_x': 766.25, 'realtime_y': 72.87, 'target_x': 788.79, 'target_y': 116.07, 'yaw_ins': 61.0, 'dis_ins': 13.7}
  [2026-06-23T21:34:37.290450] I: {'ins_mode': 5, 'realtime_x': 788.93, 'realtime_y': 91.9, 'target_x': 788.79, 'target_y': 116.07, 'yaw_ins': 70.2, 'dis_ins': 24.2}
  [2026-06-23T21:34:37.475047] I: {'ins_mode': 5, 'realtime_x': 809.28, 'realtime_y': 113.24, 'target_x': 788.79, 'target_y': 116.07, 'yaw_ins': 77.1, 'dis_ins': 18.2}
  [2026-06-23T21:34:37.477412] I: {'ins_mode': 5, 'realtime_x': 826.91, 'realtime_y': 136.8, 'target_x': 788.79, 'target_y': 116.07, 'yaw_ins': 90.2, 'dis_ins': 38.3}
  [2026-06-23T21:34:37.477575] I: {'ins_mode': 5, 'realtime_x': 841.06, 'realtime_y': 162.3, 'target_x': 788.79, 'target_y': 116.07, 'yaw_ins': 115.1, 'dis_ins': 64.5}
  [2026-06-23T21:34:37.477609] I: {'ins_mode': 5, 'realtime_x': 850.49, 'realtime_y': 189.87, 'target_x': 788.79, 'target_y': 116.07, 'yaw_ins': 130.6, 'dis_ins': 96.2}
  [2026-06-23T21:34:37.751977] I: {'ins_mode': 5, 'realtime_x': 853.61, 'realtime_y': 218.39, 'target_x': 788.79, 'target_y': 116.07, 'yaw_ins': 135.6, 'dis_ins': 121.1}
  [2026-06-23T21:34:37.933729] I: {'ins_mode': 5, 'realtime_x': 850.67, 'realtime_y': 245.75, 'target_x': 788.79, 'target_y': 116.07, 'yaw_ins': 140.6, 'dis_ins': 143.7}
  [2026-06-23T21:34:37.936130] I: {'ins_mode': 5, 'realtime_x': 842.63, 'realtime_y': 272.91, 'target_x': 788.79, 'target_y': 116.07, 'yaw_ins': 145.6, 'dis_ins': 165.8}
  [2026-06-23T21:34:37.936344] I: {'ins_mode': 5, 'realtime_x': 829.25, 'realtime_y': 300.89, 'target_x': 788.79, 'target_y': 116.07, 'yaw_ins': 150.6, 'dis_ins': 189.2}
  [2026-06-23T21:34:37.936416] I: {'ins_mode': 5, 'realtime_x': 811.22, 'realtime_y': 328.7, 'target_x': 788.79, 'target_y': 116.07, 'yaw_ins': 155.6, 'dis_ins': 213.8}
  [2026-06-23T21:34:37.946808] I: {'ins_mode': 5, 'realtime_x': 788.91, 'realtime_y': 355.24, 'target_x': 788.79, 'target_y': 116.07, 'yaw_ins': 160.1, 'dis_ins': 234.0}
  [2026-06-23T21:34:38.216841] I: {'ins_mode': 5, 'realtime_x': 762.31, 'realtime_y': 380.51, 'target_x': 788.79, 'target_y': 116.07, 'yaw_ins': 165.6, 'dis_ins': 265.8}
  [2026-06-23T21:34:38.374362] I: {'ins_mode': 5, 'realtime_x': 731.92, 'realtime_y': 403.78, 'target_x': 788.79, 'target_y': 116.07, 'yaw_ins': 170.6, 'dis_ins': 293.3}
  [2026-06-23T21:34:38.377907] I: {'ins_mode': 5, 'realtime_x': 698.3, 'realtime_y': 424.25, 'target_x': 788.79, 'target_y': 116.07, 'yaw_ins': 175.6, 'dis_ins': 321.2}
  [2026-06-23T21:34:38.378018] I: {'ins_mode': 5, 'realtime_x': 662.45, 'realtime_y': 441.36, 'target_x': 788.79, 'target_y': 116.07, 'yaw_ins': -179.4, 'dis_ins': 349.0}
  [2026-06-23T21:34:38.378115] I: {'ins_mode': 5, 'realtime_x': 625.97, 'realtime_y': 454.58, 'target_x': 788.79, 'target_y': 116.07, 'yaw_ins': -174.4, 'dis_ins': 375.6}
  [2026-06-23T21:34:38.637012] I: {'ins_mode': 5, 'realtime_x': 590.85, 'realtime_y': 463.52, 'target_x': 788.79, 'target_y': 116.07, 'yaw_ins': -169.4, 'dis_ins': 399.9}
  [2026-06-23T21:34:38.789402] I: {'ins_mode': 5, 'realtime_x': 559.05, 'realtime_y': 468.27, 'target_x': 788.79, 'target_y': 116.07, 'yaw_ins': -164.4, 'dis_ins': 420.5}
  [2026-06-23T21:34:38.791608] I: {'ins_mode': 5, 'realtime_x': 532.78, 'realtime_y': 469.1, 'target_x': 788.79, 'target_y': 116.07, 'yaw_ins': -159.4, 'dis_ins': 436.1}
  [2026-06-23T21:34:38.791762] I: {'ins_mode': 5, 'realtime_x': 488.89, 'realtime_y': 457.63, 'target_x': 788.79, 'target_y': 116.07, 'yaw_ins': -154.4, 'dis_ins': 454.5}
  [2026-06-23T21:34:38.791818] I: {'ins_mode': 5, 'realtime_x': 407.92, 'realtime_y': 418.3, 'target_x': 788.79, 'target_y': 116.07, 'yaw_ins': -149.4, 'dis_ins': 486.2}
  [2026-06-23T21:34:38.823479] I: {'ins_mode': 5, 'realtime_x': 349.12, 'realtime_y': 386.48, 'target_x': 788.79, 'target_y': 116.07, 'yaw_ins': -144.4, 'dis_ins': 516.2}
  [2026-06-23T21:34:39.064520] I: {'ins_mode': 5, 'realtime_x': 304.27, 'realtime_y': 365.54, 'target_x': 788.79, 'target_y': 116.07, 'yaw_ins': -139.4, 'dis_ins': 545.0}
  [2026-06-23T21:34:39.064659] I: {'ins_mode': 5, 'realtime_x': 265.68, 'realtime_y': 346.97, 'target_x': 788.79, 'target_y': 116.07, 'yaw_ins': -134.9, 'dis_ins': 568.6}
  [2026-06-23T21:34:39.239094] I: {'ins_mode': 5, 'realtime_x': 261.89, 'realtime_y': 345.11, 'target_x': 788.79, 'target_y': 116.07, 'yaw_ins': -129.9, 'dis_ins': 575.9}
  [2026-06-23T21:34:39.239433] I: {'ins_mode': 5, 'realtime_x': 294.91, 'realtime_y': 370.99, 'target_x': 788.79, 'target_y': 116.07, 'yaw_ins': -124.4, 'dis_ins': 555.8}
  [2026-06-23T21:34:39.239556] I: {'ins_mode': 5, 'realtime_x': 340.56, 'realtime_y': 413.08, 'target_x': 788.79, 'target_y': 116.07, 'yaw_ins': -119.4, 'dis_ins': 537.7}
  [2026-06-23T21:34:39.472416] I: {'ins_mode': 5, 'realtime_x': 416.71, 'realtime_y': 499.55, 'target_x': 788.79, 'target_y': 116.07, 'yaw_ins': -114.4, 'dis_ins': 534.3}
  [2026-06-23T21:34:39.639325] I: {'ins_mode': 5, 'realtime_x': 510.63, 'realtime_y': 651.16, 'target_x': 788.79, 'target_y': 116.07, 'yaw_ins': -109.9, 'dis_ins': 588.8}
  [2026-06-23T21:34:39.639416] I: {'ins_mode': 5, 'realtime_x': 542.5, 'realtime_y': 849.61, 'target_x': 788.79, 'target_y': 116.07, 'yaw_ins': -104.9, 'dis_ins': 733.8}
  [2026-06-23T21:34:39.639623] I: {'ins_mode': 5, 'realtime_x': 457.13, 'realtime_y': 1031.48, 'target_x': 788.79, 'target_y': 116.07, 'yaw_ins': -99.9, 'dis_ins': 935.4}
  [2026-06-23T21:34:39.639659] I: {'ins_mode': 5, 'realtime_x': 280.69, 'realtime_y': 1129.82, 'target_x': 788.79, 'target_y': 116.07, 'yaw_ins': -94.9, 'dis_ins': 1107.0}
  [2026-06-23T21:34:39.873042] I: {'ins_mode': 5, 'realtime_x': 83.93, 'realtime_y': 1128.68, 'target_x': 788.79, 'target_y': 116.07, 'yaw_ins': -89.4, 'dis_ins': 1233.8}
  [2026-06-23T21:34:39.873076] I: {'ins_mode': 5, 'realtime_x': -98.1, 'realtime_y': 1069.25, 'target_x': 788.79, 'target_y': 116.07, 'yaw_ins': -84.4, 'dis_ins': 1302.0}
  [2026-06-23T21:34:40.017149] I: {'ins_mode': 5, 'realtime_x': -236.39, 'realtime_y': 1022.33, 'target_x': 788.79, 'target_y': 116.07, 'yaw_ins': -79.4, 'dis_ins': 1368.3}
  [2026-06-23T21:34:40.020999] I: {'ins_mode': 5, 'realtime_x': -374.12, 'realtime_y': 992.77, 'target_x': 788.79, 'target_y': 116.07, 'yaw_ins': -74.4, 'dis_ins': 1456.3}
  [2026-06-23T21:34:40.021208] I: {'ins_mode': 5, 'realtime_x': -499.22, 'realtime_y': 978.04, 'target_x': 788.79, 'target_y': 116.07, 'yaw_ins': -69.4, 'dis_ins': 1549.8}
  [2026-06-23T21:34:40.512888] I: {'ins_mode': 5, 'realtime_x': -623.08, 'realtime_y': 970.38, 'target_x': 788.79, 'target_y': 116.07, 'yaw_ins': -64.9, 'dis_ins': 1629.9}
  [2026-06-23T21:34:40.514815] I: {'ins_mode': 5, 'realtime_x': -736.37, 'realtime_y': 970.69, 'target_x': 788.79, 'target_y': 116.07, 'yaw_ins': -59.4, 'dis_ins': 1748.3}
  [2026-06-23T21:34:40.515186] I: {'ins_mode': 5, 'realtime_x': -837.39, 'realtime_y': 975.51, 'target_x': 788.79, 'target_y': 116.07, 'yaw_ins': -53.4, 'dis_ins': 1839.3}
  [2026-06-23T21:34:40.515311] I: {'ins_mode': 5, 'realtime_x': -924.41, 'realtime_y': 985.19, 'target_x': 788.79, 'target_y': 116.07, 'yaw_ins': -38.4, 'dis_ins': 1921.0}
  [2026-06-23T21:34:40.515359] I: {'ins_mode': 5, 'realtime_x': -994.11, 'realtime_y': 995.92, 'target_x': 788.79, 'target_y': 116.07, 'yaw_ins': -24.0, 'dis_ins': 1988.2}
  [2026-06-23T21:34:40.515392] I: {'ins_mode': 5, 'realtime_x': -1048.6, 'realtime_y': 1004.38, 'target_x': 788.79, 'target_y': 116.07, 'yaw_ins': -23.6, 'dis_ins': 2040.8}
  [2026-06-23T21:34:40.775083] I: {'ins_mode': 5, 'realtime_x': -1080.22, 'realtime_y': 1008.87, 'target_x': 788.79, 'target_y': 116.07, 'yaw_ins': -23.3, 'dis_ins': 2071.3}
  [2026-06-23T21:34:40.939962] I: {'ins_mode': 5, 'realtime_x': -1055.02, 'realtime_y': 1005.23, 'target_x': 788.79, 'target_y': 116.07, 'yaw_ins': -23.5, 'dis_ins': 2047.0}
  [2026-06-23T21:34:40.940245] I: {'ins_mode': 5, 'realtime_x': -1040.59, 'realtime_y': 1003.06, 'target_x': 788.79, 'target_y': 116.07, 'yaw_ins': -23.6, 'dis_ins': 2033.1}
  [2026-06-23T21:34:40.941993] I: {'ins_mode': 5, 'realtime_x': -1051.6, 'realtime_y': 1004.72, 'target_x': 788.79, 'target_y': 116.07, 'yaw_ins': -23.5, 'dis_ins': 2043.7}
  [2026-06-23T21:34:40.942111] I: {'ins_mode': 5, 'realtime_x': -1072.09, 'realtime_y': 1007.73, 'target_x': 788.79, 'target_y': 116.07, 'yaw_ins': -23.4, 'dis_ins': 2059.4}
  [2026-06-23T21:34:41.195181] I: {'ins_mode': 5, 'realtime_x': -1084.35, 'realtime_y': 1009.56, 'target_x': 788.79, 'target_y': 116.07, 'yaw_ins': -23.3, 'dis_ins': 2075.3}
  [2026-06-23T21:34:41.387835] I: {'ins_mode': 5, 'realtime_x': -1084.87, 'realtime_y': 1009.64, 'target_x': 788.79, 'target_y': 116.07, 'yaw_ins': -23.3, 'dis_ins': 2075.8}
  [2026-06-23T21:34:41.388042] I: {'ins_mode': 5, 'realtime_x': -1084.65, 'realtime_y': 1009.6, 'target_x': 788.79, 'target_y': 116.07, 'yaw_ins': -23.3, 'dis_ins': 2075.7}
  [2026-06-23T21:34:41.388172] I: {'ins_mode': 5, 'realtime_x': -1084.61, 'realtime_y': 1009.6, 'target_x': 788.79, 'target_y': 116.07, 'yaw_ins': -23.3, 'dis_ins': 2075.6}
  [2026-06-23T21:34:41.388206] I: {'ins_mode': 5, 'realtime_x': -1085.6, 'realtime_y': 1009.84, 'target_x': 788.79, 'target_y': 116.07, 'yaw_ins': -23.3, 'dis_ins': 2076.6}
  [2026-06-23T21:34:41.388238] I: {'ins_mode': 5, 'realtime_x': -1087.55, 'realtime_y': 1010.35, 'target_x': 788.79, 'target_y': 116.07, 'yaw_ins': -23.3, 'dis_ins': 2078.6}
  [2026-06-23T21:34:41.779015] I: {'ins_mode': 5, 'realtime_x': -1090.15, 'realtime_y': 1011.13, 'target_x': 788.79, 'target_y': 116.07, 'yaw_ins': -23.3, 'dis_ins': 2081.2}
  [2026-06-23T21:34:41.779205] I: {'ins_mode': 5, 'realtime_x': -1093.4, 'realtime_y': 1012.17, 'target_x': 788.79, 'target_y': 116.07, 'yaw_ins': -23.3, 'dis_ins': 2084.6}
  [2026-06-23T21:34:41.779243] I: {'ins_mode': 5, 'realtime_x': -1096.86, 'realtime_y': 1013.38, 'target_x': 788.79, 'target_y': 116.07, 'yaw_ins': -23.3, 'dis_ins': 2088.3}
  [2026-06-23T21:34:41.781182] I: {'ins_mode': 5, 'realtime_x': -1098.8, 'realtime_y': 1014.09, 'target_x': 788.79, 'target_y': 116.07, 'yaw_ins': -23.3, 'dis_ins': 2090.1}
  [2026-06-23T21:34:41.781241] I: {'ins_mode': 5, 'realtime_x': -1099.04, 'realtime_y': 1014.18, 'target_x': 788.79, 'target_y': 116.07, 'yaw_ins': -23.3, 'dis_ins': 2090.6}
  [2026-06-23T21:34:42.229196] I: {'ins_mode': 5, 'realtime_x': -1098.96, 'realtime_y': 1014.15, 'target_x': 788.79, 'target_y': 116.07, 'yaw_ins': -23.3, 'dis_ins': 2090.5}
  [2026-06-23T21:34:42.231145] I: {'ins_mode': 5, 'realtime_x': -1098.74, 'realtime_y': 1014.07, 'target_x': 788.79, 'target_y': 116.07, 'yaw_ins': -23.3, 'dis_ins': 2090.2}
  [2026-06-23T21:34:42.231501] I: {'ins_mode': 5, 'realtime_x': -1098.32, 'realtime_y': 1013.91, 'target_x': 788.79, 'target_y': 116.07, 'yaw_ins': -23.3, 'dis_ins': 2089.8}
  [2026-06-23T21:34:42.231607] I: {'ins_mode': 5, 'realtime_x': -1098.36, 'realtime_y': 1013.93, 'target_x': 788.79, 'target_y': 116.07, 'yaw_ins': -23.3, 'dis_ins': 2089.9}
  [2026-06-23T21:34:42.231666] I: {'ins_mode': 5, 'realtime_x': -1098.48, 'realtime_y': 1013.97, 'target_x': 788.79, 'target_y': 116.07, 'yaw_ins': -23.3, 'dis_ins': 2090.0}
  [2026-06-23T21:34:42.497110] I: {'ins_mode': 5, 'realtime_x': -1098.32, 'realtime_y': 1013.91, 'target_x': 788.79, 'target_y': 116.07, 'yaw_ins': -23.3, 'dis_ins': 2089.8}
  [2026-06-23T21:34:42.682178] I: {'ins_mode': 5, 'realtime_x': -1097.14, 'realtime_y': 1013.46, 'target_x': 788.79, 'target_y': 116.07, 'yaw_ins': -23.3, 'dis_ins': 2088.5}
  [2026-06-23T21:34:42.682377] I: {'ins_mode': 5, 'realtime_x': -1095.7, 'realtime_y': 1012.92, 'target_x': 788.79, 'target_y': 116.07, 'yaw_ins': -23.3, 'dis_ins': 2087.0}
  [2026-06-23T21:34:42.682606] I: {'ins_mode': 5, 'realtime_x': -1094.73, 'realtime_y': 1012.54, 'target_x': 788.79, 'target_y': 116.07, 'yaw_ins': -23.3, 'dis_ins': 2086.0}
  [2026-06-23T21:34:42.682745] I: {'ins_mode': 5, 'realtime_x': -1094.51, 'realtime_y': 1012.46, 'target_x': 788.79, 'target_y': 116.07, 'yaw_ins': -23.3, 'dis_ins': 2085.7}
  [2026-06-23T21:34:42.682864] I: {'ins_mode': 5, 'realtime_x': -1094.51, 'realtime_y': 1012.46, 'target_x': 788.79, 'target_y': 116.07, 'yaw_ins': -23.3, 'dis_ins': 2085.7}
  [2026-06-23T21:34:42.921624] I: {'ins_mode': 5, 'realtime_x': -1094.51, 'realtime_y': 1012.46, 'target_x': 788.79, 'target_y': 116.07, 'yaw_ins': -23.3, 'dis_ins': 2085.7}
  [2026-06-23T21:34:43.106207] I: {'ins_mode': 5, 'realtime_x': -1094.51, 'realtime_y': 1012.46, 'target_x': 788.79, 'target_y': 116.07, 'yaw_ins': -23.3, 'dis_ins': 2085.7}
  [2026-06-23T21:34:43.106592] I: {'ins_mode': 5, 'realtime_x': -1094.51, 'realtime_y': 1012.46, 'target_x': 788.79, 'target_y': 116.07, 'yaw_ins': -23.3, 'dis_ins': 2085.7}
  [2026-06-23T21:34:43.106651] I: {'ins_mode': 5, 'realtime_x': -1094.51, 'realtime_y': 1012.46, 'target_x': 788.79, 'target_y': 116.07, 'yaw_ins': -23.3, 'dis_ins': 2085.7}
  [2026-06-23T21:35:22.899815] I: {'ins_mode': 4, 'realtime_x': 5.53, 'realtime_y': -0.17, 'target_x': 0.0, 'target_y': 0.0, 'yaw_ins': 0.0, 'dis_ins': 0.0}
  [2026-06-23T21:35:22.900431] I: {'ins_mode': 4, 'realtime_x': 32.93, 'realtime_y': -1.37, 'target_x': 0.0, 'target_y': 0.0, 'yaw_ins': 0.0, 'dis_ins': 0.0}
  [2026-06-23T21:35:23.144780] I: {'ins_mode': 4, 'realtime_x': 73.14, 'realtime_y': -3.39, 'target_x': 0.0, 'target_y': 0.0, 'yaw_ins': 0.0, 'dis_ins': 0.0}
  [2026-06-23T21:35:23.307902] I: {'ins_mode': 4, 'realtime_x': 117.11, 'realtime_y': -6.16, 'target_x': 0.0, 'target_y': 0.0, 'yaw_ins': 0.0, 'dis_ins': 0.0}
  [2026-06-23T21:35:23.308096] I: {'ins_mode': 4, 'realtime_x': 162.57, 'realtime_y': -9.6, 'target_x': 0.0, 'target_y': 0.0, 'yaw_ins': 0.0, 'dis_ins': 0.0}
  [2026-06-23T21:35:23.308301] I: {'ins_mode': 4, 'realtime_x': 208.23, 'realtime_y': -13.39, 'target_x': 0.0, 'target_y': 0.0, 'yaw_ins': 0.0, 'dis_ins': 0.0}
  [2026-06-23T21:35:23.308333] I: {'ins_mode': 4, 'realtime_x': 252.52, 'realtime_y': -17.19, 'target_x': 0.0, 'target_y': 0.0, 'yaw_ins': 0.0, 'dis_ins': 0.0}
  [2026-06-23T21:35:23.340384] I: {'ins_mode': 4, 'realtime_x': 295.66, 'realtime_y': -21.2, 'target_x': 0.0, 'target_y': 0.0, 'yaw_ins': 0.0, 'dis_ins': 0.0}
  [2026-06-23T21:35:23.714896] I: {'ins_mode': 4, 'realtime_x': 339.76, 'realtime_y': -25.74, 'target_x': 0.0, 'target_y': 0.0, 'yaw_ins': 0.0, 'dis_ins': 0.0}
  [2026-06-23T21:35:23.717151] I: {'ins_mode': 4, 'realtime_x': 385.99, 'realtime_y': -30.71, 'target_x': 0.0, 'target_y': 0.0, 'yaw_ins': 0.0, 'dis_ins': 0.0}
  [2026-06-23T21:35:23.717450] I: {'ins_mode': 4, 'realtime_x': 434.13, 'realtime_y': -36.08, 'target_x': 0.0, 'target_y': 0.0, 'yaw_ins': 0.0, 'dis_ins': 0.0}
  [2026-06-23T21:35:23.717719] I: {'ins_mode': 4, 'realtime_x': 484.44, 'realtime_y': -41.68, 'target_x': 0.0, 'target_y': 0.0, 'yaw_ins': 0.0, 'dis_ins': 0.0}
  [2026-06-23T21:35:23.970011] I: {'ins_mode': 4, 'realtime_x': 537.08, 'realtime_y': -47.79, 'target_x': 0.0, 'target_y': 0.0, 'yaw_ins': 0.0, 'dis_ins': 0.0}
  [2026-06-23T21:35:24.159196] I: {'ins_mode': 4, 'realtime_x': 582.78, 'realtime_y': -53.3, 'target_x': 576.87, 'target_y': -52.59, 'yaw_ins': 0.0, 'dis_ins': 0.0}
  [2026-06-23T21:35:24.162185] W: {'wp_x': 576.87, 'wp_y': -52.59}
  [2026-06-23T21:35:24.162486] I: {'ins_mode': 4, 'realtime_x': 589.47, 'realtime_y': -54.12, 'target_x': 576.87, 'target_y': -52.59, 'yaw_ins': 0.0, 'dis_ins': 0.0}
  [2026-06-23T21:35:24.165427] W: {'wp_x': 576.87, 'wp_y': -52.59}
  [2026-06-23T21:35:24.165486] I: {'ins_mode': 4, 'realtime_x': 589.45, 'realtime_y': -54.12, 'target_x': 576.87, 'target_y': -52.59, 'yaw_ins': 0.0, 'dis_ins': 0.0}
  [2026-06-23T21:35:24.167882] W: {'wp_x': 576.87, 'wp_y': -52.59}
  [2026-06-23T21:35:24.168111] I: {'ins_mode': 4, 'realtime_x': 589.45, 'realtime_y': -54.12, 'target_x': 576.87, 'target_y': -52.59, 'yaw_ins': 0.0, 'dis_ins': 0.0}
  [2026-06-23T21:35:24.170285] W: {'wp_x': 576.87, 'wp_y': -52.59}
  [2026-06-23T21:35:24.380228] I: {'ins_mode': 4, 'realtime_x': 589.45, 'realtime_y': -54.12, 'target_x': 576.87, 'target_y': -52.59, 'yaw_ins': 0.0, 'dis_ins': 0.0}
  [2026-06-23T21:35:24.553621] W: {'wp_x': 576.87, 'wp_y': -52.59}
  [2026-06-23T21:35:24.553803] I: {'ins_mode': 4, 'realtime_x': 589.45, 'realtime_y': -54.12, 'target_x': 576.87, 'target_y': -52.59, 'yaw_ins': 0.0, 'dis_ins': 0.0}
  [2026-06-23T21:35:24.555853] W: {'wp_x': 576.87, 'wp_y': -52.59}
  [2026-06-23T21:35:24.555964] I: {'ins_mode': 4, 'realtime_x': 589.45, 'realtime_y': -54.12, 'target_x': 576.87, 'target_y': -52.59, 'yaw_ins': 0.0, 'dis_ins': 0.0}
  [2026-06-23T21:35:24.557912] W: {'wp_x': 576.87, 'wp_y': -52.59}
  [2026-06-23T21:35:24.558001] I: {'ins_mode': 4, 'realtime_x': 589.45, 'realtime_y': -54.12, 'target_x': 576.87, 'target_y': -52.59, 'yaw_ins': 0.0, 'dis_ins': 0.0}
  [2026-06-23T21:35:24.559947] W: {'wp_x': 576.87, 'wp_y': -52.59}
  [2026-06-23T21:35:24.560047] I: {'ins_mode': 4, 'realtime_x': 589.45, 'realtime_y': -54.12, 'target_x': 576.87, 'target_y': -52.59, 'yaw_ins': 0.0, 'dis_ins': 0.0}
  [2026-06-23T21:35:24.563359] W: {'wp_x': 576.87, 'wp_y': -52.59}
  [2026-06-23T21:35:24.563488] I: {'ins_mode': 4, 'realtime_x': 589.45, 'realtime_y': -54.12, 'target_x': 576.87, 'target_y': -52.59, 'yaw_ins': 0.0, 'dis_ins': 0.0}
  [2026-06-23T21:35:24.566952] W: {'wp_x': 576.87, 'wp_y': -52.59}
  [2026-06-23T21:35:24.850134] I: {'ins_mode': 4, 'realtime_x': 589.45, 'realtime_y': -54.12, 'target_x': 576.87, 'target_y': -52.59, 'yaw_ins': 0.0, 'dis_ins': 0.0}
  [2026-06-23T21:35:24.852875] W: {'wp_x': 576.87, 'wp_y': -52.59}
  [2026-06-23T21:35:25.039086] I: {'ins_mode': 4, 'realtime_x': 589.45, 'realtime_y': -54.12, 'target_x': 576.87, 'target_y': -52.59, 'yaw_ins': 0.0, 'dis_ins': 0.0}
  [2026-06-23T21:35:25.043253] W: {'wp_x': 576.87, 'wp_y': -52.59}
  [2026-06-23T21:35:25.043430] I: {'ins_mode': 4, 'realtime_x': 589.45, 'realtime_y': -54.12, 'target_x': 576.87, 'target_y': -52.59, 'yaw_ins': 0.0, 'dis_ins': 0.0}
  [2026-06-23T21:35:25.045639] W: {'wp_x': 576.87, 'wp_y': -52.59}
  [2026-06-23T21:35:25.045736] I: {'ins_mode': 4, 'realtime_x': 589.45, 'realtime_y': -54.12, 'target_x': 576.87, 'target_y': -52.59, 'yaw_ins': 0.0, 'dis_ins': 0.0}
  [2026-06-23T21:35:25.048871] W: {'wp_x': 576.87, 'wp_y': -52.59}
  [2026-06-23T21:35:25.049066] I: {'ins_mode': 4, 'realtime_x': 589.45, 'realtime_y': -54.12, 'target_x': 576.87, 'target_y': -52.59, 'yaw_ins': 0.0, 'dis_ins': 0.0}
  [2026-06-23T21:35:25.051451] W: {'wp_x': 576.87, 'wp_y': -52.59}
  [2026-06-23T21:35:25.326855] I: {'ins_mode': 4, 'realtime_x': 589.45, 'realtime_y': -54.12, 'target_x': 576.87, 'target_y': -52.59, 'yaw_ins': 0.0, 'dis_ins': 0.0}
  [2026-06-23T21:35:25.329678] W: {'wp_x': 576.87, 'wp_y': -52.59}
  [2026-06-23T21:35:25.512943] I: {'ins_mode': 4, 'realtime_x': 589.45, 'realtime_y': -54.12, 'target_x': 576.87, 'target_y': -52.59, 'yaw_ins': 0.0, 'dis_ins': 0.0}
  [2026-06-23T21:35:25.515460] W: {'wp_x': 576.87, 'wp_y': -52.59}
  [2026-06-23T21:35:25.517947] I: {'ins_mode': 4, 'realtime_x': 589.45, 'realtime_y': -54.12, 'target_x': 576.87, 'target_y': -52.59, 'yaw_ins': 0.0, 'dis_ins': 0.0}
  [2026-06-23T21:35:25.520746] W: {'wp_x': 576.87, 'wp_y': -52.59}
  [2026-06-23T21:35:25.520848] I: {'ins_mode': 4, 'realtime_x': 589.45, 'realtime_y': -54.12, 'target_x': 576.87, 'target_y': -52.59, 'yaw_ins': 0.0, 'dis_ins': 0.0}
  [2026-06-23T21:35:25.523122] W: {'wp_x': 576.87, 'wp_y': -52.59}
  [2026-06-23T21:35:25.523294] I: {'ins_mode': 4, 'realtime_x': 589.45, 'realtime_y': -54.12, 'target_x': 576.87, 'target_y': -52.59, 'yaw_ins': 0.0, 'dis_ins': 0.0}
  [2026-06-23T21:35:25.525430] W: {'wp_x': 576.87, 'wp_y': -52.59}
  [2026-06-23T21:35:25.525458] I: {'ins_mode': 4, 'realtime_x': 589.45, 'realtime_y': -54.12, 'target_x': 576.87, 'target_y': -52.59, 'yaw_ins': 0.0, 'dis_ins': 0.0}
  [2026-06-23T21:35:25.527331] W: {'wp_x': 576.87, 'wp_y': -52.59}
  [2026-06-23T21:35:25.787073] I: {'ins_mode': 4, 'realtime_x': 589.45, 'realtime_y': -54.12, 'target_x': 576.87, 'target_y': -52.59, 'yaw_ins': 0.0, 'dis_ins': 0.0}
  [2026-06-23T21:35:25.953684] W: {'wp_x': 576.87, 'wp_y': -52.59}
  [2026-06-23T21:35:25.953828] I: {'ins_mode': 4, 'realtime_x': 589.45, 'realtime_y': -54.12, 'target_x': 576.87, 'target_y': -52.59, 'yaw_ins': 0.0, 'dis_ins': 0.0}
  [2026-06-23T21:35:25.955745] W: {'wp_x': 576.87, 'wp_y': -52.59}
  [2026-06-23T21:35:25.955937] I: {'ins_mode': 4, 'realtime_x': 589.45, 'realtime_y': -54.12, 'target_x': 576.87, 'target_y': -52.59, 'yaw_ins': 0.0, 'dis_ins': 0.0}
  [2026-06-23T21:35:25.958117] W: {'wp_x': 576.87, 'wp_y': -52.59}
  [2026-06-23T21:35:25.958253] I: {'ins_mode': 4, 'realtime_x': 589.45, 'realtime_y': -54.12, 'target_x': 576.87, 'target_y': -52.59, 'yaw_ins': 0.0, 'dis_ins': 0.0}
  [2026-06-23T21:35:25.960807] W: {'wp_x': 576.87, 'wp_y': -52.59}
  [2026-06-23T21:35:25.960844] I: {'ins_mode': 4, 'realtime_x': 589.45, 'realtime_y': -54.12, 'target_x': 576.87, 'target_y': -52.59, 'yaw_ins': 0.0, 'dis_ins': 0.0}
  [2026-06-23T21:35:25.963250] W: {'wp_x': 576.87, 'wp_y': -52.59}
  [2026-06-23T21:35:25.963467] I: {'ins_mode': 4, 'realtime_x': 589.45, 'realtime_y': -54.12, 'target_x': 576.87, 'target_y': -52.59, 'yaw_ins': 0.0, 'dis_ins': 0.0}
  [2026-06-23T21:35:25.966730] W: {'wp_x': 576.87, 'wp_y': -52.59}
  [2026-06-23T21:35:25.985347] I: {'ins_mode': 4, 'realtime_x': 589.45, 'realtime_y': -54.12, 'target_x': 576.87, 'target_y': -52.59, 'yaw_ins': 0.0, 'dis_ins': 0.0}
  [2026-06-23T21:35:25.987814] W: {'wp_x': 576.87, 'wp_y': -52.59}
  [2026-06-23T21:35:26.253178] I: {'ins_mode': 4, 'realtime_x': 589.45, 'realtime_y': -54.12, 'target_x': 576.87, 'target_y': -52.59, 'yaw_ins': 0.0, 'dis_ins': 0.0}
  [2026-06-23T21:35:26.255295] W: {'wp_x': 576.87, 'wp_y': -52.59}
  [2026-06-23T21:35:26.452023] I: {'ins_mode': 4, 'realtime_x': 589.45, 'realtime_y': -54.12, 'target_x': 576.87, 'target_y': -52.59, 'yaw_ins': 0.0, 'dis_ins': 0.0}
  [2026-06-23T21:35:26.699969] W: {'wp_x': 576.87, 'wp_y': -52.59}
  [2026-06-23T21:35:26.700040] I: {'ins_mode': 4, 'realtime_x': 589.45, 'realtime_y': -54.12, 'target_x': 576.87, 'target_y': -52.59, 'yaw_ins': 0.0, 'dis_ins': 0.0}
  [2026-06-23T21:35:26.702266] W: {'wp_x': 576.87, 'wp_y': -52.59}
  [2026-06-23T21:35:26.880360] I: {'ins_mode': 4, 'realtime_x': 589.45, 'realtime_y': -54.12, 'target_x': 576.87, 'target_y': -52.59, 'yaw_ins': 0.0, 'dis_ins': 0.0}
  [2026-06-23T21:35:26.884945] W: {'wp_x': 576.87, 'wp_y': -52.59}
  [2026-06-23T21:35:26.885185] I: {'ins_mode': 4, 'realtime_x': 589.45, 'realtime_y': -54.12, 'target_x': 576.87, 'target_y': -52.59, 'yaw_ins': 0.0, 'dis_ins': 0.0}
  [2026-06-23T21:35:26.887762] W: {'wp_x': 576.87, 'wp_y': -52.59}
  [2026-06-23T21:35:26.887933] I: {'ins_mode': 4, 'realtime_x': 589.45, 'realtime_y': -54.12, 'target_x': 576.87, 'target_y': -52.59, 'yaw_ins': 0.0, 'dis_ins': 0.0}
  [2026-06-23T21:35:26.889860] W: {'wp_x': 576.87, 'wp_y': -52.59}
  [2026-06-23T21:35:26.890037] I: {'ins_mode': 4, 'realtime_x': 589.45, 'realtime_y': -54.12, 'target_x': 576.87, 'target_y': -52.59, 'yaw_ins': 0.0, 'dis_ins': 0.0}
  [2026-06-23T21:35:26.892157] W: {'wp_x': 576.87, 'wp_y': -52.59}
  [2026-06-23T21:35:26.892322] I: {'ins_mode': 4, 'realtime_x': 589.45, 'realtime_y': -54.12, 'target_x': 576.87, 'target_y': -52.59, 'yaw_ins': 0.0, 'dis_ins': 0.0}
  [2026-06-23T21:35:26.894359] W: {'wp_x': 576.87, 'wp_y': -52.59}
  [2026-06-23T21:35:26.894519] I: {'ins_mode': 4, 'realtime_x': 589.45, 'realtime_y': -54.12, 'target_x': 576.87, 'target_y': -52.59, 'yaw_ins': 0.0, 'dis_ins': 0.0}
  [2026-06-23T21:35:26.896765] W: {'wp_x': 576.87, 'wp_y': -52.59}
  [2026-06-23T21:35:26.896885] I: {'ins_mode': 4, 'realtime_x': 589.45, 'realtime_y': -54.12, 'target_x': 576.87, 'target_y': -52.59, 'yaw_ins': 0.0, 'dis_ins': 0.0}
  [2026-06-23T21:35:26.900085] W: {'wp_x': 576.87, 'wp_y': -52.59}
  [2026-06-23T21:35:27.161333] I: {'ins_mode': 4, 'realtime_x': 589.45, 'realtime_y': -54.12, 'target_x': 576.87, 'target_y': -52.59, 'yaw_ins': 0.0, 'dis_ins': 0.0}
  [2026-06-23T21:35:27.647889] W: {'wp_x': 576.87, 'wp_y': -52.59}
  [2026-06-23T21:35:27.648007] I: {'ins_mode': 4, 'realtime_x': 589.45, 'realtime_y': -54.12, 'target_x': 576.87, 'target_y': -52.59, 'yaw_ins': 0.0, 'dis_ins': 0.0}
  [2026-06-23T21:35:28.140388] W: {'wp_x': 576.87, 'wp_y': -52.59}
  [2026-06-23T21:35:28.140533] I: {'ins_mode': 4, 'realtime_x': 589.45, 'realtime_y': -54.12, 'target_x': 576.87, 'target_y': -52.59, 'yaw_ins': 0.0, 'dis_ins': 0.0}
  [2026-06-23T21:35:28.143090] W: {'wp_x': 576.87, 'wp_y': -52.59}
  [2026-06-23T21:35:28.635805] I: {'ins_mode': 4, 'realtime_x': 589.45, 'realtime_y': -54.12, 'target_x': 576.87, 'target_y': -52.59, 'yaw_ins': 0.0, 'dis_ins': 0.0}
  [2026-06-23T21:35:29.127788] W: {'wp_x': 576.87, 'wp_y': -52.59}
  [2026-06-23T21:35:29.307170] I: {'ins_mode': 4, 'realtime_x': 589.45, 'realtime_y': -54.12, 'target_x': 576.87, 'target_y': -52.59, 'yaw_ins': 0.0, 'dis_ins': 0.0}
  [2026-06-23T21:35:29.309358] W: {'wp_x': 576.87, 'wp_y': -52.59}
  [2026-06-23T21:35:29.311135] I: {'ins_mode': 4, 'realtime_x': 589.45, 'realtime_y': -54.12, 'target_x': 576.87, 'target_y': -52.59, 'yaw_ins': 0.0, 'dis_ins': 0.0}
  [2026-06-23T21:35:29.314003] W: {'wp_x': 576.87, 'wp_y': -52.59}
  [2026-06-23T21:35:29.314175] I: {'ins_mode': 4, 'realtime_x': 589.45, 'realtime_y': -54.12, 'target_x': 576.87, 'target_y': -52.59, 'yaw_ins': 0.0, 'dis_ins': 0.0}
  [2026-06-23T21:35:29.316594] W: {'wp_x': 576.87, 'wp_y': -52.59}
  [2026-06-23T21:35:29.316787] I: {'ins_mode': 4, 'realtime_x': 589.45, 'realtime_y': -54.12, 'target_x': 576.87, 'target_y': -52.59, 'yaw_ins': 0.0, 'dis_ins': 0.0}
  [2026-06-23T21:35:29.318684] W: {'wp_x': 576.87, 'wp_y': -52.59}
  [2026-06-23T21:35:29.318773] I: {'ins_mode': 4, 'realtime_x': 589.45, 'realtime_y': -54.12, 'target_x': 576.87, 'target_y': -52.59, 'yaw_ins': 0.0, 'dis_ins': 0.0}
  [2026-06-23T21:35:29.320908] W: {'wp_x': 576.87, 'wp_y': -52.59}
  [2026-06-23T21:35:29.320983] I: {'ins_mode': 4, 'realtime_x': 589.45, 'realtime_y': -54.12, 'target_x': 576.87, 'target_y': -52.59, 'yaw_ins': 0.0, 'dis_ins': 0.0}
  [2026-06-23T21:35:29.322890] W: {'wp_x': 576.87, 'wp_y': -52.59}
  [2026-06-23T21:35:29.322971] I: {'ins_mode': 4, 'realtime_x': 589.45, 'realtime_y': -54.12, 'target_x': 576.87, 'target_y': -52.59, 'yaw_ins': 0.0, 'dis_ins': 0.0}
  [2026-06-23T21:35:29.324788] W: {'wp_x': 576.87, 'wp_y': -52.59}
  [2026-06-23T21:35:29.575049] I: {'ins_mode': 4, 'realtime_x': 589.45, 'realtime_y': -54.12, 'target_x': 576.87, 'target_y': -52.59, 'yaw_ins': 0.0, 'dis_ins': 0.0}
  [2026-06-23T21:35:29.755840] W: {'wp_x': 576.87, 'wp_y': -52.59}
  [2026-06-23T21:35:29.757662] I: {'ins_mode': 4, 'realtime_x': 589.45, 'realtime_y': -54.12, 'target_x': 576.87, 'target_y': -52.59, 'yaw_ins': 0.0, 'dis_ins': 0.0}
  [2026-06-23T21:35:29.760005] W: {'wp_x': 576.87, 'wp_y': -52.59}
  [2026-06-23T21:35:29.760092] I: {'ins_mode': 4, 'realtime_x': 589.45, 'realtime_y': -54.12, 'target_x': 576.87, 'target_y': -52.59, 'yaw_ins': 0.0, 'dis_ins': 0.0}
  [2026-06-23T21:35:29.761979] W: {'wp_x': 576.87, 'wp_y': -52.59}
  [2026-06-23T21:35:29.762079] I: {'ins_mode': 4, 'realtime_x': 589.45, 'realtime_y': -54.12, 'target_x': 576.87, 'target_y': -52.59, 'yaw_ins': 0.0, 'dis_ins': 0.0}
  [2026-06-23T21:35:29.764172] W: {'wp_x': 576.87, 'wp_y': -52.59}
  [2026-06-23T21:35:29.764325] I: {'ins_mode': 4, 'realtime_x': 589.45, 'realtime_y': -54.12, 'target_x': 576.87, 'target_y': -52.59, 'yaw_ins': 0.0, 'dis_ins': 0.0}
  [2026-06-23T21:35:29.767539] W: {'wp_x': 576.87, 'wp_y': -52.59}
  [2026-06-23T21:35:29.767604] I: {'ins_mode': 4, 'realtime_x': 589.45, 'realtime_y': -54.12, 'target_x': 576.87, 'target_y': -52.59, 'yaw_ins': 0.0, 'dis_ins': 0.0}
  [2026-06-23T21:35:29.769701] W: {'wp_x': 576.87, 'wp_y': -52.59}
  [2026-06-23T21:35:29.769739] I: {'ins_mode': 4, 'realtime_x': 589.45, 'realtime_y': -54.12, 'target_x': 576.87, 'target_y': -52.59, 'yaw_ins': 0.0, 'dis_ins': 0.0}
  [2026-06-23T21:35:29.771609] W: {'wp_x': 576.87, 'wp_y': -52.59}
  [2026-06-23T21:35:29.771689] I: {'ins_mode': 4, 'realtime_x': 589.45, 'realtime_y': -54.12, 'target_x': 576.87, 'target_y': -52.59, 'yaw_ins': 0.0, 'dis_ins': 0.0}
  [2026-06-23T21:35:29.773771] W: {'wp_x': 576.87, 'wp_y': -52.59}
  [2026-06-23T21:35:29.773801] I: {'ins_mode': 4, 'realtime_x': 589.45, 'realtime_y': -54.12, 'target_x': 576.87, 'target_y': -52.59, 'yaw_ins': 0.0, 'dis_ins': 0.0}
  [2026-06-23T21:35:29.775736] W: {'wp_x': 576.87, 'wp_y': -52.59}
  [2026-06-23T21:35:30.054515] I: {'ins_mode': 4, 'realtime_x': 589.45, 'realtime_y': -54.12, 'target_x': 576.87, 'target_y': -52.59, 'yaw_ins': 0.0, 'dis_ins': 0.0}
  [2026-06-23T21:35:30.231291] W: {'wp_x': 576.87, 'wp_y': -52.59}
  [2026-06-23T21:35:30.231372] I: {'ins_mode': 4, 'realtime_x': 589.45, 'realtime_y': -54.12, 'target_x': 576.87, 'target_y': -52.59, 'yaw_ins': 0.0, 'dis_ins': 0.0}
  [2026-06-23T21:35:30.235852] W: {'wp_x': 576.87, 'wp_y': -52.59}
  [2026-06-23T21:35:30.236023] I: {'ins_mode': 4, 'realtime_x': 589.45, 'realtime_y': -54.12, 'target_x': 576.87, 'target_y': -52.59, 'yaw_ins': 0.0, 'dis_ins': 0.0}
  [2026-06-23T21:35:30.237908] W: {'wp_x': 576.87, 'wp_y': -52.59}
  [2026-06-23T21:35:30.238038] I: {'ins_mode': 4, 'realtime_x': 589.45, 'realtime_y': -54.12, 'target_x': 576.87, 'target_y': -52.59, 'yaw_ins': 0.0, 'dis_ins': 0.0}
  [2026-06-23T21:35:30.240087] W: {'wp_x': 576.87, 'wp_y': -52.59}
  [2026-06-23T21:35:30.240269] I: {'ins_mode': 4, 'realtime_x': 589.45, 'realtime_y': -54.12, 'target_x': 576.87, 'target_y': -52.59, 'yaw_ins': 0.0, 'dis_ins': 0.0}
  [2026-06-23T21:35:30.242176] W: {'wp_x': 576.87, 'wp_y': -52.59}
  [2026-06-23T21:35:30.242365] I: {'ins_mode': 4, 'realtime_x': 589.45, 'realtime_y': -54.12, 'target_x': 576.87, 'target_y': -52.59, 'yaw_ins': 0.0, 'dis_ins': 0.0}
  [2026-06-23T21:35:30.244420] W: {'wp_x': 576.87, 'wp_y': -52.59}
  [2026-06-23T21:35:30.244540] I: {'ins_mode': 4, 'realtime_x': 589.45, 'realtime_y': -54.12, 'target_x': 576.87, 'target_y': -52.59, 'yaw_ins': 0.0, 'dis_ins': 0.0}
  [2026-06-23T21:35:30.246522] W: {'wp_x': 576.87, 'wp_y': -52.59}
  [2026-06-23T21:35:30.246692] I: {'ins_mode': 4, 'realtime_x': 589.45, 'realtime_y': -54.12, 'target_x': 576.87, 'target_y': -52.59, 'yaw_ins': 0.0, 'dis_ins': 0.0}
  [2026-06-23T21:35:30.249199] W: {'wp_x': 576.87, 'wp_y': -52.59}
  [2026-06-23T21:35:30.249446] I: {'ins_mode': 4, 'realtime_x': 589.45, 'realtime_y': -54.12, 'target_x': 576.87, 'target_y': -52.59, 'yaw_ins': 0.0, 'dis_ins': 0.0}
  [2026-06-23T21:35:30.251586] W: {'wp_x': 576.87, 'wp_y': -52.59}
  [2026-06-23T21:35:30.251786] I: {'ins_mode': 4, 'realtime_x': 589.45, 'realtime_y': -54.12, 'target_x': 576.87, 'target_y': -52.59, 'yaw_ins': 0.0, 'dis_ins': 0.0}
  [2026-06-23T21:35:30.254098] W: {'wp_x': 576.87, 'wp_y': -52.59}
  [2026-06-23T21:35:30.254180] I: {'ins_mode': 4, 'realtime_x': 589.45, 'realtime_y': -54.12, 'target_x': 576.87, 'target_y': -52.59, 'yaw_ins': 0.0, 'dis_ins': 0.0}
  [2026-06-23T21:35:30.256257] W: {'wp_x': 576.87, 'wp_y': -52.59}
  [2026-06-23T21:35:30.552597] I: {'ins_mode': 4, 'realtime_x': 589.45, 'realtime_y': -54.12, 'target_x': 576.87, 'target_y': -52.59, 'yaw_ins': 0.0, 'dis_ins': 0.0}
  [2026-06-23T21:35:30.741077] W: {'wp_x': 576.87, 'wp_y': -52.59}
  [2026-06-23T21:35:30.741479] I: {'ins_mode': 4, 'realtime_x': 589.45, 'realtime_y': -54.12, 'target_x': 576.87, 'target_y': -52.59, 'yaw_ins': 0.0, 'dis_ins': 0.0}
  [2026-06-23T21:35:30.743589] W: {'wp_x': 576.87, 'wp_y': -52.59}
  [2026-06-23T21:35:30.743845] I: {'ins_mode': 4, 'realtime_x': 589.45, 'realtime_y': -54.12, 'target_x': 576.87, 'target_y': -52.59, 'yaw_ins': 0.0, 'dis_ins': 0.0}
  [2026-06-23T21:35:30.746312] W: {'wp_x': 576.87, 'wp_y': -52.59}
  [2026-06-23T21:35:30.746576] I: {'ins_mode': 4, 'realtime_x': 589.45, 'realtime_y': -54.12, 'target_x': 576.87, 'target_y': -52.59, 'yaw_ins': 0.0, 'dis_ins': 0.0}
  [2026-06-23T21:35:30.749957] W: {'wp_x': 576.87, 'wp_y': -52.59}
  [2026-06-23T21:35:30.750207] I: {'ins_mode': 4, 'realtime_x': 589.45, 'realtime_y': -54.12, 'target_x': 576.87, 'target_y': -52.59, 'yaw_ins': 0.0, 'dis_ins': 0.0}
  [2026-06-23T21:35:30.752634] W: {'wp_x': 576.87, 'wp_y': -52.59}
  [2026-06-23T21:35:31.057828] I: {'ins_mode': 4, 'realtime_x': 589.45, 'realtime_y': -54.12, 'target_x': 576.87, 'target_y': -52.59, 'yaw_ins': 0.0, 'dis_ins': 0.0}
  [2026-06-23T21:35:31.251181] W: {'wp_x': 576.87, 'wp_y': -52.59}
  [2026-06-23T21:35:31.253016] I: {'ins_mode': 4, 'realtime_x': 589.45, 'realtime_y': -54.12, 'target_x': 576.87, 'target_y': -52.59, 'yaw_ins': 0.0, 'dis_ins': 0.0}
  [2026-06-23T21:35:31.255350] W: {'wp_x': 576.87, 'wp_y': -52.59}
  [2026-06-23T21:35:31.255517] I: {'ins_mode': 4, 'realtime_x': 589.45, 'realtime_y': -54.12, 'target_x': 576.87, 'target_y': -52.59, 'yaw_ins': 0.0, 'dis_ins': 0.0}
  [2026-06-23T21:35:31.257937] W: {'wp_x': 576.87, 'wp_y': -52.59}
  [2026-06-23T21:35:31.542674] I: {'ins_mode': 4, 'realtime_x': 589.45, 'realtime_y': -54.12, 'target_x': 576.87, 'target_y': -52.59, 'yaw_ins': 0.0, 'dis_ins': 0.0}
  [2026-06-23T21:35:32.074101] W: {'wp_x': 576.87, 'wp_y': -52.59}
  [2026-06-23T21:35:32.074225] I: {'ins_mode': 4, 'realtime_x': 589.45, 'realtime_y': -54.12, 'target_x': 576.87, 'target_y': -52.59, 'yaw_ins': 0.0, 'dis_ins': 0.0}
  [2026-06-23T21:35:32.076339] W: {'wp_x': 576.87, 'wp_y': -52.59}
  [2026-06-23T21:35:32.076370] I: {'ins_mode': 4, 'realtime_x': 589.45, 'realtime_y': -54.12, 'target_x': 576.87, 'target_y': -52.59, 'yaw_ins': 0.0, 'dis_ins': 0.0}
  [2026-06-23T21:35:32.622109] W: {'wp_x': 576.87, 'wp_y': -52.59}
  [2026-06-23T21:35:32.622256] I: {'ins_mode': 4, 'realtime_x': 589.45, 'realtime_y': -54.12, 'target_x': 576.87, 'target_y': -52.59, 'yaw_ins': 0.0, 'dis_ins': 0.0}
  [2026-06-23T21:35:33.180473] W: {'wp_x': 576.87, 'wp_y': -52.59}
  [2026-06-23T21:35:33.735155] I: {'ins_mode': 4, 'realtime_x': 589.45, 'realtime_y': -54.12, 'target_x': 576.87, 'target_y': -52.59, 'yaw_ins': 0.0, 'dis_ins': 0.0}
  [2026-06-23T21:35:33.737946] W: {'wp_x': 576.87, 'wp_y': -52.59}
  [2026-06-23T21:35:33.932367] I: {'ins_mode': 4, 'realtime_x': 589.45, 'realtime_y': -54.12, 'target_x': 576.87, 'target_y': -52.59, 'yaw_ins': 0.0, 'dis_ins': 0.0}
  [2026-06-23T21:35:33.936344] W: {'wp_x': 576.87, 'wp_y': -52.59}
  [2026-06-23T21:35:34.224935] I: {'ins_mode': 4, 'realtime_x': 589.45, 'realtime_y': -54.12, 'target_x': 576.87, 'target_y': -52.59, 'yaw_ins': 0.0, 'dis_ins': 0.0}
  [2026-06-23T21:35:34.417743] W: {'wp_x': 576.87, 'wp_y': -52.59}
  [2026-06-23T21:35:34.417811] I: {'ins_mode': 4, 'realtime_x': 589.45, 'realtime_y': -54.12, 'target_x': 576.87, 'target_y': -52.59, 'yaw_ins': 0.0, 'dis_ins': 0.0}
  [2026-06-23T21:35:34.419872] W: {'wp_x': 576.87, 'wp_y': -52.59}
  [2026-06-23T21:35:34.419916] I: {'ins_mode': 4, 'realtime_x': 589.45, 'realtime_y': -54.12, 'target_x': 576.87, 'target_y': -52.59, 'yaw_ins': 0.0, 'dis_ins': 0.0}
  [2026-06-23T21:35:34.422791] W: {'wp_x': 576.87, 'wp_y': -52.59}
  [2026-06-23T21:35:34.422847] I: {'ins_mode': 4, 'realtime_x': 589.45, 'realtime_y': -54.12, 'target_x': 576.87, 'target_y': -52.59, 'yaw_ins': 0.0, 'dis_ins': 0.0}
  [2026-06-23T21:35:34.426283] W: {'wp_x': 576.87, 'wp_y': -52.59}
  [2026-06-23T21:35:34.766397] I: {'ins_mode': 4, 'realtime_x': 589.45, 'realtime_y': -54.12, 'target_x': 576.87, 'target_y': -52.59, 'yaw_ins': 0.0, 'dis_ins': 0.0}
  [2026-06-23T21:35:35.329248] W: {'wp_x': 576.87, 'wp_y': -52.59}
  [2026-06-23T21:35:35.329372] I: {'ins_mode': 4, 'realtime_x': 589.45, 'realtime_y': -54.12, 'target_x': 576.87, 'target_y': -52.59, 'yaw_ins': 0.0, 'dis_ins': 0.0}
  [2026-06-23T21:35:35.898089] W: {'wp_x': 576.87, 'wp_y': -52.59}
  [2026-06-23T21:35:35.898224] I: {'ins_mode': 4, 'realtime_x': 589.45, 'realtime_y': -54.12, 'target_x': 576.87, 'target_y': -52.59, 'yaw_ins': 0.0, 'dis_ins': 0.0}
  [2026-06-23T21:35:36.434021] W: {'wp_x': 576.87, 'wp_y': -52.59}
  [2026-06-23T21:35:36.434303] I: {'ins_mode': 4, 'realtime_x': 589.45, 'realtime_y': -54.12, 'target_x': 576.87, 'target_y': -52.59, 'yaw_ins': 0.0, 'dis_ins': 0.0}
  [2026-06-23T21:35:37.030052] W: {'wp_x': 576.87, 'wp_y': -52.59}
  [2026-06-23T21:35:37.544797] I: {'ins_mode': 4, 'realtime_x': 589.45, 'realtime_y': -54.12, 'target_x': 576.87, 'target_y': -52.59, 'yaw_ins': 0.0, 'dis_ins': 0.0}
  [2026-06-23T21:35:37.548885] W: {'wp_x': 576.87, 'wp_y': -52.59}
  [2026-06-23T21:35:38.080949] I: {'ins_mode': 4, 'realtime_x': 589.45, 'realtime_y': -54.12, 'target_x': 576.87, 'target_y': -52.59, 'yaw_ins': 0.0, 'dis_ins': 0.0}
  [2026-06-23T21:35:38.083434] W: {'wp_x': 576.87, 'wp_y': -52.59}
  [2026-06-23T21:35:38.083497] I: {'ins_mode': 4, 'realtime_x': 589.45, 'realtime_y': -54.12, 'target_x': 576.87, 'target_y': -52.59, 'yaw_ins': 0.0, 'dis_ins': 0.0}
  [2026-06-23T21:35:38.085466] W: {'wp_x': 576.87, 'wp_y': -52.59}
  [2026-06-23T21:35:38.597883] I: {'ins_mode': 4, 'realtime_x': 589.45, 'realtime_y': -54.12, 'target_x': 576.87, 'target_y': -52.59, 'yaw_ins': 0.0, 'dis_ins': 0.0}
  [2026-06-23T21:35:38.600064] W: {'wp_x': 576.87, 'wp_y': -52.59}
  [2026-06-23T21:35:39.178819] I: {'ins_mode': 4, 'realtime_x': 589.45, 'realtime_y': -54.12, 'target_x': 576.87, 'target_y': -52.59, 'yaw_ins': 0.0, 'dis_ins': 0.0}
  [2026-06-23T21:35:39.779271] W: {'wp_x': 576.87, 'wp_y': -52.59}
  [2026-06-23T21:35:39.779412] I: {'ins_mode': 4, 'realtime_x': 589.45, 'realtime_y': -54.12, 'target_x': 576.87, 'target_y': -52.59, 'yaw_ins': 0.0, 'dis_ins': 0.0}
  [2026-06-23T21:35:39.782407] W: {'wp_x': 576.87, 'wp_y': -52.59}
  [2026-06-23T21:35:40.375885] I: {'ins_mode': 4, 'realtime_x': 589.45, 'realtime_y': -54.12, 'target_x': 576.87, 'target_y': -52.59, 'yaw_ins': 0.0, 'dis_ins': 0.0}
  [2026-06-23T21:35:40.378694] W: {'wp_x': 576.87, 'wp_y': -52.59}
  [2026-06-23T21:35:40.379093] I: {'ins_mode': 4, 'realtime_x': 589.45, 'realtime_y': -54.12, 'target_x': 576.87, 'target_y': -52.59, 'yaw_ins': 0.0, 'dis_ins': 0.0}
  [2026-06-23T21:35:40.927464] W: {'wp_x': 576.87, 'wp_y': -52.59}
  [2026-06-23T21:35:40.927621] I: {'ins_mode': 4, 'realtime_x': 589.45, 'realtime_y': -54.12, 'target_x': 576.87, 'target_y': -52.59, 'yaw_ins': 0.0, 'dis_ins': 0.0}
  [2026-06-23T21:35:41.494079] W: {'wp_x': 576.87, 'wp_y': -52.59}
  [2026-06-23T21:35:41.494213] I: {'ins_mode': 4, 'realtime_x': 589.45, 'realtime_y': -54.12, 'target_x': 576.87, 'target_y': -52.59, 'yaw_ins': 0.0, 'dis_ins': 0.0}
  [2026-06-23T21:35:42.087336] W: {'wp_x': 576.87, 'wp_y': -52.59}
  [2026-06-23T21:35:42.087511] I: {'ins_mode': 4, 'realtime_x': 589.45, 'realtime_y': -54.12, 'target_x': 576.87, 'target_y': -52.59, 'yaw_ins': 0.0, 'dis_ins': 0.0}
  [2026-06-23T21:35:42.687066] W: {'wp_x': 576.87, 'wp_y': -52.59}
  [2026-06-23T21:35:42.687356] I: {'ins_mode': 4, 'realtime_x': 589.45, 'realtime_y': -54.12, 'target_x': 576.87, 'target_y': -52.59, 'yaw_ins': 0.0, 'dis_ins': 0.0}
  [2026-06-23T21:35:42.690036] W: {'wp_x': 576.87, 'wp_y': -52.59}
  [2026-06-23T21:35:43.245758] I: {'ins_mode': 4, 'realtime_x': 589.45, 'realtime_y': -54.12, 'target_x': 576.87, 'target_y': -52.59, 'yaw_ins': 0.0, 'dis_ins': 0.0}
  [2026-06-23T21:35:43.774451] W: {'wp_x': 576.87, 'wp_y': -52.59}
  [2026-06-23T21:35:43.774719] I: {'ins_mode': 4, 'realtime_x': 589.45, 'realtime_y': -54.12, 'target_x': 576.87, 'target_y': -52.59, 'yaw_ins': 0.0, 'dis_ins': 0.0}
  [2026-06-23T21:35:43.777336] W: {'wp_x': 576.87, 'wp_y': -52.59}
  [2026-06-23T21:35:44.354255] I: {'ins_mode': 4, 'realtime_x': 589.45, 'realtime_y': -54.12, 'target_x': 576.87, 'target_y': -52.59, 'yaw_ins': 0.0, 'dis_ins': 0.0}
  [2026-06-23T21:35:44.357845] W: {'wp_x': 576.87, 'wp_y': -52.59}
  [2026-06-23T21:35:44.358271] I: {'ins_mode': 4, 'realtime_x': 589.45, 'realtime_y': -54.12, 'target_x': 576.87, 'target_y': -52.59, 'yaw_ins': 0.0, 'dis_ins': 0.0}
  [2026-06-23T21:35:44.360672] W: {'wp_x': 576.87, 'wp_y': -52.59}
  [2026-06-23T21:35:44.979213] I: {'ins_mode': 4, 'realtime_x': 589.45, 'realtime_y': -54.12, 'target_x': 576.87, 'target_y': -52.59, 'yaw_ins': 0.0, 'dis_ins': 0.0}
  [2026-06-23T21:35:44.981978] W: {'wp_x': 576.87, 'wp_y': -52.59}
  [2026-06-23T21:35:44.982330] I: {'ins_mode': 4, 'realtime_x': 589.45, 'realtime_y': -54.12, 'target_x': 576.87, 'target_y': -52.59, 'yaw_ins': 0.0, 'dis_ins': 0.0}
  [2026-06-23T21:35:45.574545] W: {'wp_x': 576.87, 'wp_y': -52.59}
  [2026-06-23T21:35:45.574673] I: {'ins_mode': 4, 'realtime_x': 589.45, 'realtime_y': -54.12, 'target_x': 576.87, 'target_y': -52.59, 'yaw_ins': 0.0, 'dis_ins': 0.0}
  [2026-06-23T21:35:45.577204] W: {'wp_x': 576.87, 'wp_y': -52.59}
  [2026-06-23T21:35:45.577528] I: {'ins_mode': 4, 'realtime_x': 589.45, 'realtime_y': -54.12, 'target_x': 576.87, 'target_y': -52.59, 'yaw_ins': 0.0, 'dis_ins': 0.0}
  [2026-06-23T21:35:45.580061] W: {'wp_x': 576.87, 'wp_y': -52.59}
  [2026-06-23T21:35:45.580168] I: {'ins_mode': 4, 'realtime_x': 589.45, 'realtime_y': -54.12, 'target_x': 576.87, 'target_y': -52.59, 'yaw_ins': 0.0, 'dis_ins': 0.0}
  [2026-06-23T21:35:46.200949] W: {'wp_x': 576.87, 'wp_y': -52.59}
  [2026-06-23T21:35:46.772400] I: {'ins_mode': 4, 'realtime_x': 589.45, 'realtime_y': -54.12, 'target_x': 576.87, 'target_y': -52.59, 'yaw_ins': 0.0, 'dis_ins': 0.0}
  [2026-06-23T21:35:46.775453] W: {'wp_x': 576.87, 'wp_y': -52.59}
  [2026-06-23T21:35:47.351047] I: {'ins_mode': 4, 'realtime_x': 589.45, 'realtime_y': -54.12, 'target_x': 576.87, 'target_y': -52.59, 'yaw_ins': 0.0, 'dis_ins': 0.0}
  [2026-06-23T21:35:47.353102] W: {'wp_x': 576.87, 'wp_y': -52.59}
  [2026-06-23T21:35:47.987964] I: {'ins_mode': 4, 'realtime_x': 589.45, 'realtime_y': -54.12, 'target_x': 576.87, 'target_y': -52.59, 'yaw_ins': 0.0, 'dis_ins': 0.0}
  [2026-06-23T21:35:47.990839] W: {'wp_x': 576.87, 'wp_y': -52.59}
  [2026-06-23T21:35:48.596667] I: {'ins_mode': 4, 'realtime_x': 589.45, 'realtime_y': -54.12, 'target_x': 576.87, 'target_y': -52.59, 'yaw_ins': 0.0, 'dis_ins': 0.0}
  [2026-06-23T21:35:49.177415] W: {'wp_x': 576.87, 'wp_y': -52.59}
  [2026-06-23T21:35:49.771287] I: {'ins_mode': 4, 'realtime_x': 589.45, 'realtime_y': -54.12, 'target_x': 576.87, 'target_y': -52.59, 'yaw_ins': 0.0, 'dis_ins': 0.0}
  [2026-06-23T21:35:49.773620] W: {'wp_x': 576.87, 'wp_y': -52.59}
  [2026-06-23T21:35:50.391041] I: {'ins_mode': 4, 'realtime_x': 589.45, 'realtime_y': -54.12, 'target_x': 576.87, 'target_y': -52.59, 'yaw_ins': 0.0, 'dis_ins': 0.0}
  [2026-06-23T21:35:50.394918] W: {'wp_x': 576.87, 'wp_y': -52.59}
  [2026-06-23T21:35:50.394954] I: {'ins_mode': 4, 'realtime_x': 589.45, 'realtime_y': -54.12, 'target_x': 576.87, 'target_y': -52.59, 'yaw_ins': 0.0, 'dis_ins': 0.0}
  [2026-06-23T21:35:50.938843] W: {'wp_x': 576.87, 'wp_y': -52.59}
  [2026-06-23T21:35:51.502152] I: {'ins_mode': 4, 'realtime_x': 589.45, 'realtime_y': -54.12, 'target_x': 576.87, 'target_y': -52.59, 'yaw_ins': 0.0, 'dis_ins': 0.0}
  [2026-06-23T21:35:51.504977] W: {'wp_x': 576.87, 'wp_y': -52.59}
  [2026-06-23T21:35:51.505183] I: {'ins_mode': 4, 'realtime_x': 589.45, 'realtime_y': -54.12, 'target_x': 576.87, 'target_y': -52.59, 'yaw_ins': 0.0, 'dis_ins': 0.0}
  [2026-06-23T21:35:51.507575] W: {'wp_x': 576.87, 'wp_y': -52.59}
  [2026-06-23T21:35:52.074291] I: {'ins_mode': 4, 'realtime_x': 589.45, 'realtime_y': -54.12, 'target_x': 576.87, 'target_y': -52.59, 'yaw_ins': 0.0, 'dis_ins': 0.0}
  [2026-06-23T21:35:52.077681] W: {'wp_x': 576.87, 'wp_y': -52.59}
  [2026-06-23T21:35:52.077784] I: {'ins_mode': 4, 'realtime_x': 589.45, 'realtime_y': -54.12, 'target_x': 576.87, 'target_y': -52.59, 'yaw_ins': 0.0, 'dis_ins': 0.0}
  [2026-06-23T21:35:52.685302] W: {'wp_x': 576.87, 'wp_y': -52.59}
  [2026-06-23T21:35:52.685467] I: {'ins_mode': 4, 'realtime_x': 589.45, 'realtime_y': -54.12, 'target_x': 576.87, 'target_y': -52.59, 'yaw_ins': 0.0, 'dis_ins': 0.0}
  [2026-06-23T21:35:53.279372] W: {'wp_x': 576.87, 'wp_y': -52.59}
  [2026-06-23T21:35:53.279477] I: {'ins_mode': 4, 'realtime_x': 589.45, 'realtime_y': -54.12, 'target_x': 576.87, 'target_y': -52.59, 'yaw_ins': 0.0, 'dis_ins': 0.0}
  [2026-06-23T21:35:53.894990] W: {'wp_x': 576.87, 'wp_y': -52.59}
  [2026-06-23T21:35:53.920915] I: {'ins_mode': 4, 'realtime_x': 589.45, 'realtime_y': -54.12, 'target_x': 576.87, 'target_y': -52.59, 'yaw_ins': 0.0, 'dis_ins': 0.0}
  [2026-06-23T21:35:53.923802] W: {'wp_x': 576.87, 'wp_y': -52.59}
  [2026-06-23T21:35:53.923849] I: {'ins_mode': 4, 'realtime_x': 589.45, 'realtime_y': -54.12, 'target_x': 576.87, 'target_y': -52.59, 'yaw_ins': 0.0, 'dis_ins': 0.0}
  [2026-06-23T21:35:54.474796] W: {'wp_x': 576.87, 'wp_y': -52.59}
  [2026-06-23T21:35:54.475068] I: {'ins_mode': 4, 'realtime_x': 589.45, 'realtime_y': -54.12, 'target_x': 576.87, 'target_y': -52.59, 'yaw_ins': 0.0, 'dis_ins': 0.0}
  [2026-06-23T21:35:55.034212] W: {'wp_x': 576.87, 'wp_y': -52.59}
  [2026-06-23T21:35:55.035077] I: {'ins_mode': 4, 'realtime_x': 589.45, 'realtime_y': -54.12, 'target_x': 576.87, 'target_y': -52.59, 'yaw_ins': 0.0, 'dis_ins': 0.0}
  [2026-06-23T21:35:55.694648] W: {'wp_x': 576.87, 'wp_y': -52.59}
  [2026-06-23T21:35:56.358371] I: {'ins_mode': 4, 'realtime_x': 589.45, 'realtime_y': -54.12, 'target_x': 576.87, 'target_y': -52.59, 'yaw_ins': 0.0, 'dis_ins': 0.0}
  [2026-06-23T21:35:56.991776] W: {'wp_x': 576.87, 'wp_y': -52.59}
  [2026-06-23T21:35:56.991941] I: {'ins_mode': 4, 'realtime_x': 589.45, 'realtime_y': -54.12, 'target_x': 576.87, 'target_y': -52.59, 'yaw_ins': 0.0, 'dis_ins': 0.0}
  [2026-06-23T21:35:56.994723] W: {'wp_x': 576.87, 'wp_y': -52.59}
  [2026-06-23T21:35:56.994762] I: {'ins_mode': 4, 'realtime_x': 589.45, 'realtime_y': -54.12, 'target_x': 576.87, 'target_y': -52.59, 'yaw_ins': 0.0, 'dis_ins': 0.0}
  [2026-06-23T21:35:57.584059] W: {'wp_x': 576.87, 'wp_y': -52.59}
  [2026-06-23T21:35:58.231376] I: {'ins_mode': 4, 'realtime_x': 589.45, 'realtime_y': -54.12, 'target_x': 576.87, 'target_y': -52.59, 'yaw_ins': 0.0, 'dis_ins': 0.0}
  [2026-06-23T21:35:58.877249] W: {'wp_x': 576.87, 'wp_y': -52.59}
  [2026-06-23T21:35:58.877793] I: {'ins_mode': 4, 'realtime_x': 589.45, 'realtime_y': -54.12, 'target_x': 576.87, 'target_y': -52.59, 'yaw_ins': 0.0, 'dis_ins': 0.0}
  [2026-06-23T21:35:59.517491] W: {'wp_x': 576.87, 'wp_y': -52.59}
  [2026-06-23T21:35:59.517687] I: {'ins_mode': 4, 'realtime_x': 589.45, 'realtime_y': -54.12, 'target_x': 576.87, 'target_y': -52.59, 'yaw_ins': 0.0, 'dis_ins': 0.0}
  [2026-06-23T21:35:59.520349] W: {'wp_x': 576.87, 'wp_y': -52.59}
  [2026-06-23T21:36:00.175103] I: {'ins_mode': 4, 'realtime_x': 589.45, 'realtime_y': -54.12, 'target_x': 576.87, 'target_y': -52.59, 'yaw_ins': 0.0, 'dis_ins': 0.0}
  [2026-06-23T21:36:00.177408] W: {'wp_x': 576.87, 'wp_y': -52.59}
  [2026-06-23T21:36:00.764888] I: {'ins_mode': 4, 'realtime_x': 589.45, 'realtime_y': -54.12, 'target_x': 576.87, 'target_y': -52.59, 'yaw_ins': 0.0, 'dis_ins': 0.0}
  [2026-06-23T21:36:01.407445] W: {'wp_x': 576.87, 'wp_y': -52.59}
  [2026-06-23T21:36:01.407954] I: {'ins_mode': 4, 'realtime_x': 589.45, 'realtime_y': -54.12, 'target_x': 576.87, 'target_y': -52.59, 'yaw_ins': 0.0, 'dis_ins': 0.0}
  [2026-06-23T21:36:02.077576] W: {'wp_x': 576.87, 'wp_y': -52.59}
  [2026-06-23T21:36:02.077947] I: {'ins_mode': 4, 'realtime_x': 589.45, 'realtime_y': -54.12, 'target_x': 576.87, 'target_y': -52.59, 'yaw_ins': 0.0, 'dis_ins': 0.0}
  [2026-06-23T21:36:02.080682] W: {'wp_x': 576.87, 'wp_y': -52.59}
  [2026-06-23T21:36:02.080831] I: {'ins_mode': 4, 'realtime_x': 589.45, 'realtime_y': -54.12, 'target_x': 576.87, 'target_y': -52.59, 'yaw_ins': 0.0, 'dis_ins': 0.0}
  [2026-06-23T21:36:02.755287] W: {'wp_x': 576.87, 'wp_y': -52.59}
  [2026-06-23T21:36:02.755803] I: {'ins_mode': 4, 'realtime_x': 589.45, 'realtime_y': -54.12, 'target_x': 576.87, 'target_y': -52.59, 'yaw_ins': 0.0, 'dis_ins': 0.0}
  [2026-06-23T21:36:03.414181] W: {'wp_x': 576.87, 'wp_y': -52.59}
  [2026-06-23T21:36:03.414230] I: {'ins_mode': 4, 'realtime_x': 589.45, 'realtime_y': -54.12, 'target_x': 576.87, 'target_y': -52.59, 'yaw_ins': 0.0, 'dis_ins': 0.0}
  [2026-06-23T21:36:03.416340] W: {'wp_x': 576.87, 'wp_y': -52.59}
  [2026-06-23T21:36:03.416386] I: {'ins_mode': 4, 'realtime_x': 589.45, 'realtime_y': -54.12, 'target_x': 576.87, 'target_y': -52.59, 'yaw_ins': 0.0, 'dis_ins': 0.0}
  [2026-06-23T21:36:04.100177] W: {'wp_x': 576.87, 'wp_y': -52.59}
  [2026-06-23T21:36:04.100629] I: {'ins_mode': 4, 'realtime_x': 589.45, 'realtime_y': -54.12, 'target_x': 576.87, 'target_y': -52.59, 'yaw_ins': 0.0, 'dis_ins': 0.0}
  [2026-06-23T21:36:04.102981] W: {'wp_x': 576.87, 'wp_y': -52.59}
  [2026-06-23T21:36:04.103488] I: {'ins_mode': 4, 'realtime_x': 589.45, 'realtime_y': -54.12, 'target_x': 576.87, 'target_y': -52.59, 'yaw_ins': 0.0, 'dis_ins': 0.0}
  [2026-06-23T21:36:04.169838] W: {'wp_x': 576.87, 'wp_y': -52.59}
  [2026-06-23T21:36:04.169931] I: {'ins_mode': 4, 'realtime_x': 589.45, 'realtime_y': -54.12, 'target_x': 576.87, 'target_y': -52.59, 'yaw_ins': 0.0, 'dis_ins': 0.0}
  [2026-06-23T21:36:04.769733] W: {'wp_x': 576.87, 'wp_y': -52.59}
  [2026-06-23T21:36:04.769900] I: {'ins_mode': 4, 'realtime_x': 589.45, 'realtime_y': -54.12, 'target_x': 576.87, 'target_y': -52.59, 'yaw_ins': 0.0, 'dis_ins': 0.0}
  [2026-06-23T21:36:04.773026] W: {'wp_x': 576.87, 'wp_y': -52.59}
  [2026-06-23T21:36:04.773121] I: {'ins_mode': 4, 'realtime_x': 589.45, 'realtime_y': -54.12, 'target_x': 576.87, 'target_y': -52.59, 'yaw_ins': 0.0, 'dis_ins': 0.0}
  [2026-06-23T21:36:04.775579] W: {'wp_x': 576.87, 'wp_y': -52.59}
  [2026-06-23T21:36:04.775629] I: {'ins_mode': 4, 'realtime_x': 589.45, 'realtime_y': -54.12, 'target_x': 576.87, 'target_y': -52.59, 'yaw_ins': 0.0, 'dis_ins': 0.0}
  [2026-06-23T21:36:05.430741] W: {'wp_x': 576.87, 'wp_y': -52.59}
  [2026-06-23T21:36:05.430877] I: {'ins_mode': 4, 'realtime_x': 589.45, 'realtime_y': -54.12, 'target_x': 576.87, 'target_y': -52.59, 'yaw_ins': 0.0, 'dis_ins': 0.0}
  [2026-06-23T21:36:05.433355] W: {'wp_x': 576.87, 'wp_y': -52.59}
  [2026-06-23T21:36:05.433577] I: {'ins_mode': 4, 'realtime_x': 589.45, 'realtime_y': -54.12, 'target_x': 576.87, 'target_y': -52.59, 'yaw_ins': 0.0, 'dis_ins': 0.0}
  [2026-06-23T21:36:05.436368] W: {'wp_x': 576.87, 'wp_y': -52.59}
  [2026-06-23T21:36:05.436425] I: {'ins_mode': 4, 'realtime_x': 589.45, 'realtime_y': -54.12, 'target_x': 576.87, 'target_y': -52.59, 'yaw_ins': 0.0, 'dis_ins': 0.0}
  [2026-06-23T21:36:05.439048] W: {'wp_x': 576.87, 'wp_y': -52.59}
  [2026-06-23T21:36:05.439087] I: {'ins_mode': 4, 'realtime_x': 589.45, 'realtime_y': -54.12, 'target_x': 576.87, 'target_y': -52.59, 'yaw_ins': 0.0, 'dis_ins': 0.0}
  [2026-06-23T21:36:06.074086] W: {'wp_x': 576.87, 'wp_y': -52.59}
  [2026-06-23T21:36:06.074208] I: {'ins_mode': 4, 'realtime_x': 589.45, 'realtime_y': -54.12, 'target_x': 576.87, 'target_y': -52.59, 'yaw_ins': 0.0, 'dis_ins': 0.0}
  [2026-06-23T21:36:06.782466] W: {'wp_x': 576.87, 'wp_y': -52.59}
  [2026-06-23T21:36:06.782503] I: {'ins_mode': 4, 'realtime_x': 589.45, 'realtime_y': -54.12, 'target_x': 576.87, 'target_y': -52.59, 'yaw_ins': 0.0, 'dis_ins': 0.0}
  [2026-06-23T21:36:06.785225] W: {'wp_x': 576.87, 'wp_y': -52.59}
  [2026-06-23T21:36:06.785727] I: {'ins_mode': 4, 'realtime_x': 589.45, 'realtime_y': -54.12, 'target_x': 576.87, 'target_y': -52.59, 'yaw_ins': 0.0, 'dis_ins': 0.0}
  [2026-06-23T21:36:06.788844] W: {'wp_x': 576.87, 'wp_y': -52.59}
  [2026-06-23T21:36:06.789004] I: {'ins_mode': 4, 'realtime_x': 589.45, 'realtime_y': -54.12, 'target_x': 576.87, 'target_y': -52.59, 'yaw_ins': 0.0, 'dis_ins': 0.0}
  [2026-06-23T21:36:06.791556] W: {'wp_x': 576.87, 'wp_y': -52.59}
  [2026-06-23T21:36:07.472132] I: {'ins_mode': 4, 'realtime_x': 589.45, 'realtime_y': -54.12, 'target_x': 576.87, 'target_y': -52.59, 'yaw_ins': 0.0, 'dis_ins': 0.0}
  [2026-06-23T21:36:07.474681] W: {'wp_x': 576.87, 'wp_y': -52.59}
  [2026-06-23T21:36:07.474857] I: {'ins_mode': 4, 'realtime_x': 589.45, 'realtime_y': -54.12, 'target_x': 576.87, 'target_y': -52.59, 'yaw_ins': 0.0, 'dis_ins': 0.0}
  [2026-06-23T21:36:07.477438] W: {'wp_x': 576.87, 'wp_y': -52.59}
  [2026-06-23T21:36:07.477537] I: {'ins_mode': 4, 'realtime_x': 589.45, 'realtime_y': -54.12, 'target_x': 576.87, 'target_y': -52.59, 'yaw_ins': 0.0, 'dis_ins': 0.0}
  [2026-06-23T21:36:08.125244] W: {'wp_x': 576.87, 'wp_y': -52.59}
  [2026-06-23T21:36:08.125262] I: {'ins_mode': 4, 'realtime_x': 0.0, 'realtime_y': 0.0, 'target_x': 0.0, 'target_y': 0.0, 'yaw_ins': 0.0, 'dis_ins': 0.0}
  [2026-06-23T21:36:08.125625] I: {'ins_mode': 4, 'realtime_x': 19.99, 'realtime_y': 0.53, 'target_x': 0.0, 'target_y': 0.0, 'yaw_ins': 0.0, 'dis_ins': 0.0}
  [2026-06-23T21:36:08.126752] I: {'ins_mode': 4, 'realtime_x': 98.55, 'realtime_y': 4.28, 'target_x': 0.0, 'target_y': 0.0, 'yaw_ins': 0.0, 'dis_ins': 0.0}
  [2026-06-23T21:36:08.126833] I: {'ins_mode': 4, 'realtime_x': 197.16, 'realtime_y': 14.4, 'target_x': 0.0, 'target_y': 0.0, 'yaw_ins': 0.0, 'dis_ins': 0.0}
  [2026-06-23T21:36:08.126968] I: {'ins_mode': 4, 'realtime_x': 304.42, 'realtime_y': 31.74, 'target_x': 0.0, 'target_y': 0.0, 'yaw_ins': 0.0, 'dis_ins': 0.0}
  [2026-06-23T21:36:08.127031] I: {'ins_mode': 4, 'realtime_x': 427.42, 'realtime_y': 61.87, 'target_x': 0.0, 'target_y': 0.0, 'yaw_ins': 0.0, 'dis_ins': 0.0}
  [2026-06-23T21:36:08.127069] I: {'ins_mode': 4, 'realtime_x': 571.59, 'realtime_y': 106.89, 'target_x': 0.0, 'target_y': 0.0, 'yaw_ins': 0.0, 'dis_ins': 0.0}
  [2026-06-23T21:36:08.767514] I: {'ins_mode': 4, 'realtime_x': 739.39, 'realtime_y': 158.99, 'target_x': 0.0, 'target_y': 0.0, 'yaw_ins': 0.0, 'dis_ins': 0.0}
  [2026-06-23T21:36:08.767919] I: {'ins_mode': 4, 'realtime_x': 915.48, 'realtime_y': 203.31, 'target_x': 0.0, 'target_y': 0.0, 'yaw_ins': 0.0, 'dis_ins': 0.0}
  [2026-06-23T21:36:08.768395] I: {'ins_mode': 4, 'realtime_x': 1073.73, 'realtime_y': 230.49, 'target_x': 0.0, 'target_y': 0.0, 'yaw_ins': 0.0, 'dis_ins': 0.0}
  [2026-06-23T21:36:08.796196] I: {'ins_mode': 4, 'realtime_x': 1200.04, 'realtime_y': 240.17, 'target_x': 0.0, 'target_y': 0.0, 'yaw_ins': 0.0, 'dis_ins': 0.0}
  [2026-06-23T21:36:08.796716] I: {'ins_mode': 4, 'realtime_x': 1297.24, 'realtime_y': 241.33, 'target_x': 0.0, 'target_y': 0.0, 'yaw_ins': 0.0, 'dis_ins': 0.0}
  [2026-06-23T21:36:08.796848] I: {'ins_mode': 4, 'realtime_x': 1371.42, 'realtime_y': 242.8, 'target_x': 0.0, 'target_y': 0.0, 'yaw_ins': 0.0, 'dis_ins': 0.0}
  [2026-06-23T21:36:08.796911] I: {'ins_mode': 4, 'realtime_x': 1426.77, 'realtime_y': 244.91, 'target_x': 0.0, 'target_y': 0.0, 'yaw_ins': 0.0, 'dis_ins': 0.0}
  [2026-06-23T21:36:09.407595] I: {'ins_mode': 4, 'realtime_x': 1474.44, 'realtime_y': 248.66, 'target_x': 0.0, 'target_y': 0.0, 'yaw_ins': 0.0, 'dis_ins': 0.0}
  [2026-06-23T21:36:09.407933] I: {'ins_mode': 4, 'realtime_x': 1519.92, 'realtime_y': 255.19, 'target_x': 0.0, 'target_y': 0.0, 'yaw_ins': 0.0, 'dis_ins': 0.0}
  [2026-06-23T21:36:09.408684] I: {'ins_mode': 4, 'realtime_x': 1558.81, 'realtime_y': 260.27, 'target_x': 0.0, 'target_y': 0.0, 'yaw_ins': 0.0, 'dis_ins': 0.0}
  [2026-06-23T21:36:09.408720] I: {'ins_mode': 4, 'realtime_x': 1582.26, 'realtime_y': 262.25, 'target_x': 0.0, 'target_y': 0.0, 'yaw_ins': 0.0, 'dis_ins': 0.0}
  [2026-06-23T21:36:09.408942] I: {'ins_mode': 4, 'realtime_x': 1597.19, 'realtime_y': 262.52, 'target_x': 0.0, 'target_y': 0.0, 'yaw_ins': 0.0, 'dis_ins': 0.0}
  [2026-06-23T21:36:09.409008] I: {'ins_mode': 4, 'realtime_x': 1608.24, 'realtime_y': 261.34, 'target_x': 0.0, 'target_y': 0.0, 'yaw_ins': 0.0, 'dis_ins': 0.0}
  [2026-06-23T21:36:09.410010] I: {'ins_mode': 4, 'realtime_x': 1616.29, 'realtime_y': 259.49, 'target_x': 0.0, 'target_y': 0.0, 'yaw_ins': 0.0, 'dis_ins': 0.0}
  [2026-06-23T21:36:09.410037] I: {'ins_mode': 4, 'realtime_x': 1618.6, 'realtime_y': 258.74, 'target_x': 0.0, 'target_y': 0.0, 'yaw_ins': 0.0, 'dis_ins': 0.0}
  [2026-06-23T21:36:10.166389] I: {'ins_mode': 4, 'realtime_x': 1610.28, 'realtime_y': 263.4, 'target_x': 0.0, 'target_y': 0.0, 'yaw_ins': 0.0, 'dis_ins': 0.0}
  [2026-06-23T21:36:10.166554] I: {'ins_mode': 4, 'realtime_x': 1592.66, 'realtime_y': 277.0, 'target_x': 0.0, 'target_y': 0.0, 'yaw_ins': 0.0, 'dis_ins': 0.0}
  [2026-06-23T21:36:10.166578] I: {'ins_mode': 4, 'realtime_x': 1569.84, 'realtime_y': 299.9, 'target_x': 0.0, 'target_y': 0.0, 'yaw_ins': 0.0, 'dis_ins': 0.0}
  [2026-06-23T21:36:10.167150] I: {'ins_mode': 4, 'realtime_x': 1548.1, 'realtime_y': 326.24, 'target_x': 0.0, 'target_y': 0.0, 'yaw_ins': 0.0, 'dis_ins': 0.0}
  [2026-06-23T21:36:10.167201] I: {'ins_mode': 4, 'realtime_x': 1523.73, 'realtime_y': 360.08, 'target_x': 0.0, 'target_y': 0.0, 'yaw_ins': 0.0, 'dis_ins': 0.0}
  [2026-06-23T21:36:10.167942] I: {'ins_mode': 4, 'realtime_x': 1494.97, 'realtime_y': 405.71, 'target_x': 0.0, 'target_y': 0.0, 'yaw_ins': 0.0, 'dis_ins': 0.0}
  [2026-06-23T21:36:10.168008] I: {'ins_mode': 4, 'realtime_x': 1466.22, 'realtime_y': 462.64, 'target_x': 0.0, 'target_y': 0.0, 'yaw_ins': 0.0, 'dis_ins': 0.0}
  [2026-06-23T21:36:10.807386] I: {'ins_mode': 4, 'realtime_x': 1443.56, 'realtime_y': 528.03, 'target_x': 0.0, 'target_y': 0.0, 'yaw_ins': 0.0, 'dis_ins': 0.0}
  [2026-06-23T21:36:10.807401] I: {'ins_mode': 4, 'realtime_x': 1430.51, 'realtime_y': 594.21, 'target_x': 0.0, 'target_y': 0.0, 'yaw_ins': 0.0, 'dis_ins': 0.0}
  [2026-06-23T21:36:10.807758] I: {'ins_mode': 4, 'realtime_x': 1424.05, 'realtime_y': 657.15, 'target_x': 0.0, 'target_y': 0.0, 'yaw_ins': 0.0, 'dis_ins': 0.0}
  [2026-06-23T21:36:10.808273] I: {'ins_mode': 4, 'realtime_x': 1420.57, 'realtime_y': 720.08, 'target_x': 0.0, 'target_y': 0.0, 'yaw_ins': 0.0, 'dis_ins': 0.0}
  [2026-06-23T21:36:10.808308] I: {'ins_mode': 4, 'realtime_x': 1418.4, 'realtime_y': 786.12, 'target_x': 0.0, 'target_y': 0.0, 'yaw_ins': 0.0, 'dis_ins': 0.0}
  [2026-06-23T21:36:11.459918] I: {'ins_mode': 4, 'realtime_x': 1417.67, 'realtime_y': 853.94, 'target_x': 0.0, 'target_y': 0.0, 'yaw_ins': 0.0, 'dis_ins': 0.0}
  [2026-06-23T21:36:11.460533] I: {'ins_mode': 4, 'realtime_x': 1418.96, 'realtime_y': 923.09, 'target_x': 0.0, 'target_y': 0.0, 'yaw_ins': 0.0, 'dis_ins': 0.0}
  [2026-06-23T21:36:11.461926] I: {'ins_mode': 4, 'realtime_x': 1421.05, 'realtime_y': 991.73, 'target_x': 0.0, 'target_y': 0.0, 'yaw_ins': 0.0, 'dis_ins': 0.0}
  [2026-06-23T21:36:11.462490] I: {'ins_mode': 4, 'realtime_x': 1423.65, 'realtime_y': 1052.99, 'target_x': 0.0, 'target_y': 0.0, 'yaw_ins': 0.0, 'dis_ins': 0.0}
  [2026-06-23T21:36:11.487028] I: {'ins_mode': 4, 'realtime_x': 1426.95, 'realtime_y': 1104.99, 'target_x': 0.0, 'target_y': 0.0, 'yaw_ins': 0.0, 'dis_ins': 0.0}
  [2026-06-23T21:36:11.487559] I: {'ins_mode': 4, 'realtime_x': 1430.63, 'realtime_y': 1152.36, 'target_x': 0.0, 'target_y': 0.0, 'yaw_ins': 0.0, 'dis_ins': 0.0}
  [2026-06-23T21:36:11.487998] I: {'ins_mode': 4, 'realtime_x': 1434.68, 'realtime_y': 1198.0, 'target_x': 0.0, 'target_y': 0.0, 'yaw_ins': 0.0, 'dis_ins': 0.0}
  [2026-06-23T21:36:11.488553] I: {'ins_mode': 4, 'realtime_x': 1439.5, 'realtime_y': 1242.76, 'target_x': 0.0, 'target_y': 0.0, 'yaw_ins': 0.0, 'dis_ins': 0.0}
  [2026-06-23T21:36:11.488598] I: {'ins_mode': 4, 'realtime_x': 1445.47, 'realtime_y': 1285.18, 'target_x': 0.0, 'target_y': 0.0, 'yaw_ins': 0.0, 'dis_ins': 0.0}
  [2026-06-23T21:36:11.489755] I: {'ins_mode': 4, 'realtime_x': 1452.9, 'realtime_y': 1325.92, 'target_x': 0.0, 'target_y': 0.0, 'yaw_ins': 0.0, 'dis_ins': 0.0}
  [2026-06-23T21:36:11.489792] I: {'ins_mode': 4, 'realtime_x': 1462.45, 'realtime_y': 1367.54, 'target_x': 0.0, 'target_y': 0.0, 'yaw_ins': 0.0, 'dis_ins': 0.0}
  [2026-06-23T21:36:12.155082] I: {'ins_mode': 4, 'realtime_x': 1474.8, 'realtime_y': 1410.2, 'target_x': 0.0, 'target_y': 0.0, 'yaw_ins': 0.0, 'dis_ins': 0.0}
  [2026-06-23T21:36:12.155424] I: {'ins_mode': 4, 'realtime_x': 1491.35, 'realtime_y': 1455.38, 'target_x': 0.0, 'target_y': 0.0, 'yaw_ins': 0.0, 'dis_ins': 0.0}
  [2026-06-23T21:36:12.155893] I: {'ins_mode': 4, 'realtime_x': 1513.92, 'realtime_y': 1503.5, 'target_x': 0.0, 'target_y': 0.0, 'yaw_ins': 0.0, 'dis_ins': 0.0}
  [2026-06-23T21:36:12.156343] I: {'ins_mode': 4, 'realtime_x': 1543.64, 'realtime_y': 1550.86, 'target_x': 0.0, 'target_y': 0.0, 'yaw_ins': 0.0, 'dis_ins': 0.0}
  [2026-06-23T21:36:12.868341] I: {'ins_mode': 4, 'realtime_x': 1576.36, 'realtime_y': 1588.57, 'target_x': 0.0, 'target_y': 0.0, 'yaw_ins': 0.0, 'dis_ins': 0.0}
  [2026-06-23T21:36:12.868354] I: {'ins_mode': 4, 'realtime_x': 1620.35, 'realtime_y': 1622.31, 'target_x': 0.0, 'target_y': 0.0, 'yaw_ins': 0.0, 'dis_ins': 0.0}
  [2026-06-23T21:36:12.869003] I: {'ins_mode': 4, 'realtime_x': 1642.17, 'realtime_y': 1635.3, 'target_x': 0.0, 'target_y': 0.0, 'yaw_ins': 0.0, 'dis_ins': 0.0}
  [2026-06-23T21:36:12.869060] I: {'ins_mode': 4, 'realtime_x': 1667.11, 'realtime_y': 1644.3, 'target_x': 0.0, 'target_y': 0.0, 'yaw_ins': 0.0, 'dis_ins': 0.0}
  [2026-06-23T21:36:13.571426] I: {'ins_mode': 4, 'realtime_x': 1638.32, 'realtime_y': 1636.29, 'target_x': 0.0, 'target_y': 0.0, 'yaw_ins': 0.0, 'dis_ins': 0.0}
  [2026-06-23T21:36:13.571544] I: {'ins_mode': 4, 'realtime_x': 1595.97, 'realtime_y': 1628.73, 'target_x': 0.0, 'target_y': 0.0, 'yaw_ins': 0.0, 'dis_ins': 0.0}
  [2026-06-23T21:36:13.572787] I: {'ins_mode': 4, 'realtime_x': 1561.52, 'realtime_y': 1625.84, 'target_x': 0.0, 'target_y': 0.0, 'yaw_ins': 0.0, 'dis_ins': 0.0}
  [2026-06-23T21:36:13.573305] I: {'ins_mode': 4, 'realtime_x': 1537.42, 'realtime_y': 1625.58, 'target_x': 0.0, 'target_y': 0.0, 'yaw_ins': 0.0, 'dis_ins': 0.0}
  [2026-06-23T21:36:13.573454] I: {'ins_mode': 4, 'realtime_x': 1515.87, 'realtime_y': 1626.59, 'target_x': 0.0, 'target_y': 0.0, 'yaw_ins': 0.0, 'dis_ins': 0.0}
  [2026-06-23T21:36:13.573527] I: {'ins_mode': 4, 'realtime_x': 1507.34, 'realtime_y': 1627.29, 'target_x': 0.0, 'target_y': 0.0, 'yaw_ins': 0.0, 'dis_ins': 0.0}
  [2026-06-23T21:36:13.573551] I: {'ins_mode': 4, 'realtime_x': 1517.28, 'realtime_y': 1626.04, 'target_x': 0.0, 'target_y': 0.0, 'yaw_ins': 0.0, 'dis_ins': 0.0}
  [2026-06-23T21:36:14.257692] I: {'ins_mode': 4, 'realtime_x': 1500.53, 'realtime_y': 1628.87, 'target_x': 0.0, 'target_y': 0.0, 'yaw_ins': 0.0, 'dis_ins': 0.0}
  [2026-06-23T21:36:14.257704] I: {'ins_mode': 4, 'realtime_x': 1496.95, 'realtime_y': 1629.44, 'target_x': 0.0, 'target_y': 0.0, 'yaw_ins': 0.0, 'dis_ins': 0.0}
  [2026-06-23T21:36:14.258010] I: {'ins_mode': 4, 'realtime_x': 1514.42, 'realtime_y': 1624.49, 'target_x': 0.0, 'target_y': 0.0, 'yaw_ins': 0.0, 'dis_ins': 0.0}
  [2026-06-23T21:36:14.293789] I: {'ins_mode': 4, 'realtime_x': 1530.43, 'realtime_y': 1618.72, 'target_x': 0.0, 'target_y': 0.0, 'yaw_ins': 0.0, 'dis_ins': 0.0}
  [2026-06-23T21:36:14.293983] I: {'ins_mode': 4, 'realtime_x': 1534.86, 'realtime_y': 1616.79, 'target_x': 0.0, 'target_y': 0.0, 'yaw_ins': 0.0, 'dis_ins': 0.0}
  [2026-06-23T21:36:14.296378] I: {'ins_mode': 4, 'realtime_x': 1521.91, 'realtime_y': 1624.52, 'target_x': 0.0, 'target_y': 0.0, 'yaw_ins': 0.0, 'dis_ins': 0.0}
  [2026-06-23T21:36:14.296422] I: {'ins_mode': 4, 'realtime_x': 1491.76, 'realtime_y': 1646.1, 'target_x': 0.0, 'target_y': 0.0, 'yaw_ins': 0.0, 'dis_ins': 0.0}
  [2026-06-23T21:36:14.918221] I: {'ins_mode': 4, 'realtime_x': 1444.01, 'realtime_y': 1687.1, 'target_x': 0.0, 'target_y': 0.0, 'yaw_ins': 0.0, 'dis_ins': 0.0}
  [2026-06-23T21:36:14.918507] I: {'ins_mode': 4, 'realtime_x': 1385.16, 'realtime_y': 1744.99, 'target_x': 0.0, 'target_y': 0.0, 'yaw_ins': 0.0, 'dis_ins': 0.0}
  [2026-06-23T21:36:14.918888] I: {'ins_mode': 4, 'realtime_x': 1320.98, 'realtime_y': 1817.44, 'target_x': 0.0, 'target_y': 0.0, 'yaw_ins': 0.0, 'dis_ins': 0.0}
  [2026-06-23T21:36:14.919779] I: {'ins_mode': 4, 'realtime_x': 1258.69, 'realtime_y': 1894.9, 'target_x': 0.0, 'target_y': 0.0, 'yaw_ins': 0.0, 'dis_ins': 0.0}
  [2026-06-23T21:36:14.919873] I: {'ins_mode': 4, 'realtime_x': 1203.78, 'realtime_y': 1968.55, 'target_x': 0.0, 'target_y': 0.0, 'yaw_ins': 0.0, 'dis_ins': 0.0}
  [2026-06-23T21:36:14.920653] I: {'ins_mode': 4, 'realtime_x': 1158.63, 'realtime_y': 2033.66, 'target_x': 0.0, 'target_y': 0.0, 'yaw_ins': 0.0, 'dis_ins': 0.0}
  [2026-06-23T21:36:14.920986] I: {'ins_mode': 4, 'realtime_x': 1120.72, 'realtime_y': 2092.22, 'target_x': 0.0, 'target_y': 0.0, 'yaw_ins': 0.0, 'dis_ins': 0.0}
  [2026-06-23T21:36:14.921048] I: {'ins_mode': 4, 'realtime_x': 1082.63, 'realtime_y': 2154.43, 'target_x': 0.0, 'target_y': 0.0, 'yaw_ins': 0.0, 'dis_ins': 0.0}
  [2026-06-23T21:36:14.921107] I: {'ins_mode': 4, 'realtime_x': 1041.78, 'realtime_y': 2224.23, 'target_x': 0.0, 'target_y': 0.0, 'yaw_ins': 0.0, 'dis_ins': 0.0}
  [2026-06-23T21:36:14.921181] I: {'ins_mode': 4, 'realtime_x': 998.51, 'realtime_y': 2300.4, 'target_x': 0.0, 'target_y': 0.0, 'yaw_ins': 0.0, 'dis_ins': 0.0}
  [2026-06-23T21:36:14.921256] I: {'ins_mode': 4, 'realtime_x': 955.1, 'realtime_y': 2377.79, 'target_x': 0.0, 'target_y': 0.0, 'yaw_ins': 0.0, 'dis_ins': 0.0}
  [2026-06-23T21:36:14.921327] I: {'ins_mode': 4, 'realtime_x': 915.42, 'realtime_y': 2450.17, 'target_x': 0.0, 'target_y': 0.0, 'yaw_ins': 0.0, 'dis_ins': 0.0}
  [2026-06-23T21:36:14.921395] I: {'ins_mode': 4, 'realtime_x': 884.31, 'realtime_y': 2507.16, 'target_x': 0.0, 'target_y': 0.0, 'yaw_ins': 0.0, 'dis_ins': 0.0}
  [2026-06-23T21:36:14.921463] I: {'ins_mode': 4, 'realtime_x': 862.26, 'realtime_y': 2547.59, 'target_x': 0.0, 'target_y': 0.0, 'yaw_ins': 0.0, 'dis_ins': 0.0}
  [2026-06-23T21:36:14.921526] I: {'ins_mode': 4, 'realtime_x': 837.49, 'realtime_y': 2593.22, 'target_x': 0.0, 'target_y': 0.0, 'yaw_ins': 0.0, 'dis_ins': 0.0}
  [2026-06-23T21:36:14.921596] I: {'ins_mode': 4, 'realtime_x': 813.71, 'realtime_y': 2637.0, 'target_x': 0.0, 'target_y': 0.0, 'yaw_ins': 0.0, 'dis_ins': 0.0}
  [2026-06-23T21:36:14.921666] I: {'ins_mode': 4, 'realtime_x': 798.41, 'realtime_y': 2665.03, 'target_x': 0.0, 'target_y': 0.0, 'yaw_ins': 0.0, 'dis_ins': 0.0}
  [2026-06-23T21:36:14.921727] I: {'ins_mode': 4, 'realtime_x': 784.45, 'realtime_y': 2690.55, 'target_x': 0.0, 'target_y': 0.0, 'yaw_ins': 0.0, 'dis_ins': 0.0}
  [2026-06-23T21:36:14.921793] I: {'ins_mode': 4, 'realtime_x': 772.08, 'realtime_y': 2713.04, 'target_x': 0.0, 'target_y': 0.0, 'yaw_ins': 0.0, 'dis_ins': 0.0}
  [2026-06-23T21:36:14.921863] I: {'ins_mode': 4, 'realtime_x': 761.32, 'realtime_y': 2732.37, 'target_x': 0.0, 'target_y': 0.0, 'yaw_ins': 0.0, 'dis_ins': 0.0}
  [2026-06-23T21:36:14.921916] I: {'ins_mode': 4, 'realtime_x': 752.44, 'realtime_y': 2748.38, 'target_x': 0.0, 'target_y': 0.0, 'yaw_ins': 0.0, 'dis_ins': 0.0}
  [2026-06-23T21:36:14.921959] I: {'ins_mode': 4, 'realtime_x': 744.01, 'realtime_y': 2763.72, 'target_x': 0.0, 'target_y': 0.0, 'yaw_ins': 0.0, 'dis_ins': 0.0}
  [2026-06-23T21:36:14.921977] I: {'ins_mode': 4, 'realtime_x': 735.93, 'realtime_y': 2778.51, 'target_x': 0.0, 'target_y': 0.0, 'yaw_ins': 0.0, 'dis_ins': 0.0}
  [2026-06-23T21:36:15.593708] I: {'ins_mode': 4, 'realtime_x': 728.02, 'realtime_y': 2793.27, 'target_x': 0.0, 'target_y': 0.0, 'yaw_ins': 0.0, 'dis_ins': 0.0}
  [2026-06-23T21:36:15.593720] I: {'ins_mode': 4, 'realtime_x': 720.73, 'realtime_y': 2807.12, 'target_x': 0.0, 'target_y': 0.0, 'yaw_ins': 0.0, 'dis_ins': 0.0}
  [2026-06-23T21:36:15.594482] I: {'ins_mode': 4, 'realtime_x': 714.67, 'realtime_y': 2818.81, 'target_x': 0.0, 'target_y': 0.0, 'yaw_ins': 0.0, 'dis_ins': 0.0}
  [2026-06-23T21:36:15.596730] I: {'ins_mode': 4, 'realtime_x': 709.28, 'realtime_y': 2829.33, 'target_x': 0.0, 'target_y': 0.0, 'yaw_ins': 0.0, 'dis_ins': 0.0}
  [2026-06-23T21:36:15.596854] I: {'ins_mode': 4, 'realtime_x': 704.48, 'realtime_y': 2838.87, 'target_x': 0.0, 'target_y': 0.0, 'yaw_ins': 0.0, 'dis_ins': 0.0}
  [2026-06-23T21:36:15.633956] I: {'ins_mode': 4, 'realtime_x': 700.38, 'realtime_y': 2847.24, 'target_x': 0.0, 'target_y': 0.0, 'yaw_ins': 0.0, 'dis_ins': 0.0}
  [2026-06-23T21:36:15.634008] I: {'ins_mode': 4, 'realtime_x': 696.92, 'realtime_y': 2854.4, 'target_x': 0.0, 'target_y': 0.0, 'yaw_ins': 0.0, 'dis_ins': 0.0}
  [2026-06-23T21:36:15.634052] I: {'ins_mode': 4, 'realtime_x': 693.83, 'realtime_y': 2860.89, 'target_x': 0.0, 'target_y': 0.0, 'yaw_ins': 0.0, 'dis_ins': 0.0}
  [2026-06-23T21:36:15.634466] I: {'ins_mode': 4, 'realtime_x': 690.77, 'realtime_y': 2867.39, 'target_x': 0.0, 'target_y': 0.0, 'yaw_ins': 0.0, 'dis_ins': 0.0}
  [2026-06-23T21:36:15.635148] I: {'ins_mode': 4, 'realtime_x': 687.89, 'realtime_y': 2873.58, 'target_x': 0.0, 'target_y': 0.0, 'yaw_ins': 0.0, 'dis_ins': 0.0}
  [2026-06-23T21:36:15.637754] I: {'ins_mode': 4, 'realtime_x': 685.2, 'realtime_y': 2879.43, 'target_x': 0.0, 'target_y': 0.0, 'yaw_ins': 0.0, 'dis_ins': 0.0}
  [2026-06-23T21:36:15.637814] I: {'ins_mode': 4, 'realtime_x': 682.61, 'realtime_y': 2885.19, 'target_x': 0.0, 'target_y': 0.0, 'yaw_ins': 0.0, 'dis_ins': 0.0}
  [2026-06-23T21:36:16.295519] I: {'ins_mode': 4, 'realtime_x': 679.96, 'realtime_y': 2891.19, 'target_x': 0.0, 'target_y': 0.0, 'yaw_ins': 0.0, 'dis_ins': 0.0}
  [2026-06-23T21:36:16.296052] I: {'ins_mode': 4, 'realtime_x': 677.37, 'realtime_y': 2897.22, 'target_x': 0.0, 'target_y': 0.0, 'yaw_ins': 0.0, 'dis_ins': 0.0}
  [2026-06-23T21:36:16.296070] I: {'ins_mode': 4, 'realtime_x': 674.8, 'realtime_y': 2903.32, 'target_x': 0.0, 'target_y': 0.0, 'yaw_ins': 0.0, 'dis_ins': 0.0}
  [2026-06-23T21:36:16.296254] I: {'ins_mode': 4, 'realtime_x': 672.59, 'realtime_y': 2908.73, 'target_x': 0.0, 'target_y': 0.0, 'yaw_ins': 0.0, 'dis_ins': 0.0}
  [2026-06-23T21:36:16.296289] I: {'ins_mode': 4, 'realtime_x': 670.54, 'realtime_y': 2913.89, 'target_x': 0.0, 'target_y': 0.0, 'yaw_ins': 0.0, 'dis_ins': 0.0}
  [2026-06-23T21:36:16.297159] I: {'ins_mode': 4, 'realtime_x': 668.73, 'realtime_y': 2918.59, 'target_x': 0.0, 'target_y': 0.0, 'yaw_ins': 0.0, 'dis_ins': 0.0}
  [2026-06-23T21:36:16.297279] I: {'ins_mode': 4, 'realtime_x': 666.78, 'realtime_y': 2923.72, 'target_x': 0.0, 'target_y': 0.0, 'yaw_ins': 0.0, 'dis_ins': 0.0}
  [2026-06-23T21:36:16.297399] I: {'ins_mode': 4, 'realtime_x': 664.41, 'realtime_y': 2930.13, 'target_x': 0.0, 'target_y': 0.0, 'yaw_ins': 0.0, 'dis_ins': 0.0}
  [2026-06-23T21:36:16.297459] I: {'ins_mode': 4, 'realtime_x': 661.52, 'realtime_y': 2938.02, 'target_x': 0.0, 'target_y': 0.0, 'yaw_ins': 0.0, 'dis_ins': 0.0}
  [2026-06-23T21:36:16.297732] I: {'ins_mode': 4, 'realtime_x': 658.61, 'realtime_y': 2946.09, 'target_x': 0.0, 'target_y': 0.0, 'yaw_ins': 0.0, 'dis_ins': 0.0}
  [2026-06-23T21:36:16.297901] I: {'ins_mode': 4, 'realtime_x': 655.73, 'realtime_y': 2954.23, 'target_x': 0.0, 'target_y': 0.0, 'yaw_ins': 0.0, 'dis_ins': 0.0}
  [2026-06-23T21:36:16.298263] I: {'ins_mode': 4, 'realtime_x': 652.73, 'realtime_y': 2963.04, 'target_x': 0.0, 'target_y': 0.0, 'yaw_ins': 0.0, 'dis_ins': 0.0}
  [2026-06-23T21:36:16.298471] I: {'ins_mode': 4, 'realtime_x': 649.23, 'realtime_y': 2973.62, 'target_x': 0.0, 'target_y': 0.0, 'yaw_ins': 0.0, 'dis_ins': 0.0}
  [2026-06-23T21:36:16.298515] I: {'ins_mode': 4, 'realtime_x': 645.32, 'realtime_y': 2985.62, 'target_x': 0.0, 'target_y': 0.0, 'yaw_ins': 0.0, 'dis_ins': 0.0}
  [2026-06-23T21:36:17.046080] I: {'ins_mode': 4, 'realtime_x': 641.39, 'realtime_y': 2997.74, 'target_x': 0.0, 'target_y': 0.0, 'yaw_ins': 0.0, 'dis_ins': 0.0}
  [2026-06-23T21:36:17.046546] I: {'ins_mode': 4, 'realtime_x': 637.81, 'realtime_y': 3009.02, 'target_x': 0.0, 'target_y': 0.0, 'yaw_ins': 0.0, 'dis_ins': 0.0}
  [2026-06-23T21:36:17.046585] I: {'ins_mode': 4, 'realtime_x': 634.24, 'realtime_y': 3020.6, 'target_x': 0.0, 'target_y': 0.0, 'yaw_ins': 0.0, 'dis_ins': 0.0}
  [2026-06-23T21:36:17.046875] I: {'ins_mode': 4, 'realtime_x': 631.03, 'realtime_y': 3031.64, 'target_x': 0.0, 'target_y': 0.0, 'yaw_ins': 0.0, 'dis_ins': 0.0}
  [2026-06-23T21:36:17.046966] I: {'ins_mode': 4, 'realtime_x': 627.98, 'realtime_y': 3043.08, 'target_x': 0.0, 'target_y': 0.0, 'yaw_ins': 0.0, 'dis_ins': 0.0}
  [2026-06-23T21:36:17.047017] I: {'ins_mode': 4, 'realtime_x': 624.99, 'realtime_y': 3055.61, 'target_x': 0.0, 'target_y': 0.0, 'yaw_ins': 0.0, 'dis_ins': 0.0}
  [2026-06-23T21:36:17.732318] I: {'ins_mode': 4, 'realtime_x': 622.73, 'realtime_y': 3067.28, 'target_x': 0.0, 'target_y': 0.0, 'yaw_ins': 0.0, 'dis_ins': 0.0}
  [2026-06-23T21:36:17.732997] I: {'ins_mode': 4, 'realtime_x': 621.09, 'realtime_y': 3080.07, 'target_x': 0.0, 'target_y': 0.0, 'yaw_ins': 0.0, 'dis_ins': 0.0}
  [2026-06-23T21:36:17.733550] I: {'ins_mode': 4, 'realtime_x': 620.09, 'realtime_y': 3096.1, 'target_x': 0.0, 'target_y': 0.0, 'yaw_ins': 0.0, 'dis_ins': 0.0}
  [2026-06-23T21:36:17.765185] I: {'ins_mode': 4, 'realtime_x': 620.07, 'realtime_y': 3112.67, 'target_x': 0.0, 'target_y': 0.0, 'yaw_ins': 0.0, 'dis_ins': 0.0}
  [2026-06-23T21:36:17.765198] I: {'ins_mode': 4, 'realtime_x': 621.27, 'realtime_y': 3128.05, 'target_x': 0.0, 'target_y': 0.0, 'yaw_ins': 0.0, 'dis_ins': 0.0}
  [2026-06-23T21:36:17.767057] I: {'ins_mode': 4, 'realtime_x': 623.49, 'realtime_y': 3141.25, 'target_x': 0.0, 'target_y': 0.0, 'yaw_ins': 0.0, 'dis_ins': 0.0}
  [2026-06-23T21:36:17.767094] I: {'ins_mode': 4, 'realtime_x': 625.56, 'realtime_y': 3149.65, 'target_x': 0.0, 'target_y': 0.0, 'yaw_ins': 0.0, 'dis_ins': 0.0}
  [2026-06-23T21:36:17.767266] I: {'ins_mode': 4, 'realtime_x': 625.79, 'realtime_y': 3150.47, 'target_x': 0.0, 'target_y': 0.0, 'yaw_ins': 0.0, 'dis_ins': 0.0}
  [2026-06-23T21:36:17.767289] I: {'ins_mode': 4, 'realtime_x': 623.58, 'realtime_y': 3144.09, 'target_x': 0.0, 'target_y': 0.0, 'yaw_ins': 0.0, 'dis_ins': 0.0}
  [2026-06-23T21:36:18.416180] I: {'ins_mode': 4, 'realtime_x': 617.86, 'realtime_y': 3128.09, 'target_x': 0.0, 'target_y': 0.0, 'yaw_ins': 0.0, 'dis_ins': 0.0}
  [2026-06-23T21:36:18.416575] I: {'ins_mode': 4, 'realtime_x': 610.68, 'realtime_y': 3107.9, 'target_x': 0.0, 'target_y': 0.0, 'yaw_ins': 0.0, 'dis_ins': 0.0}
  [2026-06-23T21:36:18.416700] I: {'ins_mode': 4, 'realtime_x': 605.74, 'realtime_y': 3094.02, 'target_x': 0.0, 'target_y': 0.0, 'yaw_ins': 0.0, 'dis_ins': 0.0}
  [2026-06-23T21:36:18.416883] I: {'ins_mode': 4, 'realtime_x': 603.82, 'realtime_y': 3088.64, 'target_x': 0.0, 'target_y': 0.0, 'yaw_ins': 0.0, 'dis_ins': 0.0}
  [2026-06-23T21:36:18.416922] I: {'ins_mode': 4, 'realtime_x': 603.1, 'realtime_y': 3086.59, 'target_x': 0.0, 'target_y': 0.0, 'yaw_ins': 0.0, 'dis_ins': 0.0}
  [2026-06-23T21:36:18.416938] I: {'ins_mode': 4, 'realtime_x': 601.46, 'realtime_y': 3081.99, 'target_x': 0.0, 'target_y': 0.0, 'yaw_ins': 0.0, 'dis_ins': 0.0}
  [2026-06-23T21:36:19.165508] I: {'ins_mode': 4, 'realtime_x': 598.37, 'realtime_y': 3073.56, 'target_x': 0.0, 'target_y': 0.0, 'yaw_ins': 0.0, 'dis_ins': 0.0}
  [2026-06-23T21:36:19.165612] I: {'ins_mode': 4, 'realtime_x': 593.89, 'realtime_y': 3061.54, 'target_x': 0.0, 'target_y': 0.0, 'yaw_ins': 0.0, 'dis_ins': 0.0}
  [2026-06-23T21:36:19.167065] I: {'ins_mode': 4, 'realtime_x': 587.57, 'realtime_y': 3044.87, 'target_x': 0.0, 'target_y': 0.0, 'yaw_ins': 0.0, 'dis_ins': 0.0}
  [2026-06-23T21:36:19.167256] I: {'ins_mode': 4, 'realtime_x': 582.58, 'realtime_y': 3031.86, 'target_x': 0.0, 'target_y': 0.0, 'yaw_ins': 0.0, 'dis_ins': 0.0}
  [2026-06-23T21:36:19.167293] I: {'ins_mode': 4, 'realtime_x': 578.76, 'realtime_y': 3022.0, 'target_x': 0.0, 'target_y': 0.0, 'yaw_ins': 0.0, 'dis_ins': 0.0}
  [2026-06-23T21:36:19.167312] I: {'ins_mode': 4, 'realtime_x': 573.45, 'realtime_y': 3008.72, 'target_x': 0.0, 'target_y': 0.0, 'yaw_ins': 0.0, 'dis_ins': 0.0}
  [2026-06-23T21:36:19.167504] I: {'ins_mode': 4, 'realtime_x': 571.05, 'realtime_y': 3002.87, 'target_x': 0.0, 'target_y': 0.0, 'yaw_ins': 0.0, 'dis_ins': 0.0}
  [2026-06-23T21:36:19.167564] I: {'ins_mode': 4, 'realtime_x': 570.85, 'realtime_y': 3002.37, 'target_x': 0.0, 'target_y': 0.0, 'yaw_ins': 0.0, 'dis_ins': 0.0}
  [2026-06-23T21:36:19.167591] I: {'ins_mode': 4, 'realtime_x': 570.87, 'realtime_y': 3002.41, 'target_x': 0.0, 'target_y': 0.0, 'yaw_ins': 0.0, 'dis_ins': 0.0}
  [2026-06-23T21:36:19.167608] I: {'ins_mode': 4, 'realtime_x': 570.87, 'realtime_y': 3002.41, 'target_x': 0.0, 'target_y': 0.0, 'yaw_ins': 0.0, 'dis_ins': 0.0}
  [2026-06-23T21:36:19.870511] I: {'ins_mode': 4, 'realtime_x': 570.87, 'realtime_y': 3002.41, 'target_x': 0.0, 'target_y': 0.0, 'yaw_ins': 0.0, 'dis_ins': 0.0}
  [2026-06-23T21:36:19.870773] I: {'ins_mode': 4, 'realtime_x': 570.87, 'realtime_y': 3002.41, 'target_x': 0.0, 'target_y': 0.0, 'yaw_ins': 0.0, 'dis_ins': 0.0}
  [2026-06-23T21:36:19.870823] I: {'ins_mode': 4, 'realtime_x': 570.87, 'realtime_y': 3002.41, 'target_x': 0.0, 'target_y': 0.0, 'yaw_ins': 0.0, 'dis_ins': 0.0}
  [2026-06-23T21:36:19.870849] I: {'ins_mode': 4, 'realtime_x': 570.87, 'realtime_y': 3002.41, 'target_x': 0.0, 'target_y': 0.0, 'yaw_ins': 0.0, 'dis_ins': 0.0}
  [2026-06-23T21:36:20.567486] I: {'ins_mode': 4, 'realtime_x': 570.87, 'realtime_y': 3002.41, 'target_x': 0.0, 'target_y': 0.0, 'yaw_ins': 0.0, 'dis_ins': 0.0}
  [2026-06-23T21:36:20.567567] I: {'ins_mode': 4, 'realtime_x': 570.87, 'realtime_y': 3002.41, 'target_x': 0.0, 'target_y': 0.0, 'yaw_ins': 0.0, 'dis_ins': 0.0}
  [2026-06-23T21:36:20.568236] I: {'ins_mode': 4, 'realtime_x': 570.87, 'realtime_y': 3002.41, 'target_x': 0.0, 'target_y': 0.0, 'yaw_ins': 0.0, 'dis_ins': 0.0}
  [2026-06-23T21:36:20.568387] I: {'ins_mode': 4, 'realtime_x': 570.87, 'realtime_y': 3002.41, 'target_x': 0.0, 'target_y': 0.0, 'yaw_ins': 0.0, 'dis_ins': 0.0}
  [2026-06-23T21:36:21.291753] I: {'ins_mode': 4, 'realtime_x': 570.87, 'realtime_y': 3002.41, 'target_x': 0.0, 'target_y': 0.0, 'yaw_ins': 0.0, 'dis_ins': 0.0}
  [2026-06-23T21:36:21.291834] I: {'ins_mode': 4, 'realtime_x': 570.87, 'realtime_y': 3002.41, 'target_x': 0.0, 'target_y': 0.0, 'yaw_ins': 0.0, 'dis_ins': 0.0}
  [2026-06-23T21:36:21.293843] I: {'ins_mode': 4, 'realtime_x': 570.87, 'realtime_y': 3002.41, 'target_x': 0.0, 'target_y': 0.0, 'yaw_ins': 0.0, 'dis_ins': 0.0}
  [2026-06-23T21:36:21.294513] I: {'ins_mode': 4, 'realtime_x': 570.87, 'realtime_y': 3002.41, 'target_x': 0.0, 'target_y': 0.0, 'yaw_ins': 0.0, 'dis_ins': 0.0}
  [2026-06-23T21:36:21.294536] I: {'ins_mode': 4, 'realtime_x': 570.87, 'realtime_y': 3002.41, 'target_x': 0.0, 'target_y': 0.0, 'yaw_ins': 0.0, 'dis_ins': 0.0}
  [2026-06-23T21:36:21.294715] I: {'ins_mode': 4, 'realtime_x': 570.87, 'realtime_y': 3002.41, 'target_x': 0.0, 'target_y': 0.0, 'yaw_ins': 0.0, 'dis_ins': 0.0}
  [2026-06-23T21:36:21.294755] I: {'ins_mode': 4, 'realtime_x': 570.85, 'realtime_y': 3002.38, 'target_x': 0.0, 'target_y': 0.0, 'yaw_ins': 0.0, 'dis_ins': 0.0}
  [2026-06-23T21:36:21.294773] I: {'ins_mode': 4, 'realtime_x': 570.88, 'realtime_y': 3002.44, 'target_x': 0.0, 'target_y': 0.0, 'yaw_ins': 0.0, 'dis_ins': 0.0}
  [2026-06-23T21:36:21.294861] I: {'ins_mode': 4, 'realtime_x': 570.82, 'realtime_y': 3002.28, 'target_x': 0.0, 'target_y': 0.0, 'yaw_ins': 0.0, 'dis_ins': 0.0}
  [2026-06-23T21:36:21.329302] I: {'ins_mode': 4, 'realtime_x': 570.63, 'realtime_y': 3001.8, 'target_x': 0.0, 'target_y': 0.0, 'yaw_ins': 0.0, 'dis_ins': 0.0}
  [2026-06-23T21:36:21.329335] I: {'ins_mode': 4, 'realtime_x': 570.58, 'realtime_y': 3001.68, 'target_x': 0.0, 'target_y': 0.0, 'yaw_ins': 0.0, 'dis_ins': 0.0}
  [2026-06-23T21:36:21.331396] I: {'ins_mode': 4, 'realtime_x': 570.64, 'realtime_y': 3001.81, 'target_x': 0.0, 'target_y': 0.0, 'yaw_ins': 0.0, 'dis_ins': 0.0}
  [2026-06-23T21:36:21.331743] I: {'ins_mode': 4, 'realtime_x': 570.42, 'realtime_y': 3001.3, 'target_x': 0.0, 'target_y': 0.0, 'yaw_ins': 0.0, 'dis_ins': 0.0}
  [2026-06-23T21:36:21.331835] I: {'ins_mode': 4, 'realtime_x': 570.31, 'realtime_y': 3001.03, 'target_x': 0.0, 'target_y': 0.0, 'yaw_ins': 0.0, 'dis_ins': 0.0}
  [2026-06-23T21:36:21.331895] I: {'ins_mode': 4, 'realtime_x': 570.28, 'realtime_y': 3000.96, 'target_x': 0.0, 'target_y': 0.0, 'yaw_ins': 0.0, 'dis_ins': 0.0}
  [2026-06-23T21:36:21.331943] I: {'ins_mode': 4, 'realtime_x': 570.37, 'realtime_y': 3001.16, 'target_x': 0.0, 'target_y': 0.0, 'yaw_ins': 0.0, 'dis_ins': 0.0}
  [2026-06-23T21:36:21.332026] I: {'ins_mode': 4, 'realtime_x': 570.67, 'realtime_y': 3001.85, 'target_x': 0.0, 'target_y': 0.0, 'yaw_ins': 0.0, 'dis_ins': 0.0}
  [2026-06-23T21:36:21.332102] I: {'ins_mode': 4, 'realtime_x': 572.27, 'realtime_y': 3004.88, 'target_x': 0.0, 'target_y': 0.0, 'yaw_ins': 0.0, 'dis_ins': 0.0}
  [2026-06-23T21:36:21.332144] I: {'ins_mode': 4, 'realtime_x': 574.53, 'realtime_y': 3008.43, 'target_x': 0.0, 'target_y': 0.0, 'yaw_ins': 0.0, 'dis_ins': 0.0}
  [2026-06-23T21:36:21.332307] I: {'ins_mode': 4, 'realtime_x': 574.6, 'realtime_y': 3008.53, 'target_x': 0.0, 'target_y': 0.0, 'yaw_ins': 0.0, 'dis_ins': 0.0}
  [2026-06-23T21:36:21.332349] I: {'ins_mode': 4, 'realtime_x': 573.81, 'realtime_y': 3007.18, 'target_x': 0.0, 'target_y': 0.0, 'yaw_ins': 0.0, 'dis_ins': 0.0}
  [2026-06-23T21:36:21.332371] I: {'ins_mode': 4, 'realtime_x': 572.72, 'realtime_y': 3005.31, 'target_x': 0.0, 'target_y': 0.0, 'yaw_ins': 0.0, 'dis_ins': 0.0}
  [2026-06-23T21:36:21.988829] I: {'ins_mode': 4, 'realtime_x': 571.66, 'realtime_y': 3003.49, 'target_x': 0.0, 'target_y': 0.0, 'yaw_ins': 0.0, 'dis_ins': 0.0}
  [2026-06-23T21:36:21.989218] I: {'ins_mode': 4, 'realtime_x': 571.02, 'realtime_y': 3002.3, 'target_x': 0.0, 'target_y': 0.0, 'yaw_ins': 0.0, 'dis_ins': 0.0}
  [2026-06-23T21:36:21.989229] I: {'ins_mode': 4, 'realtime_x': 570.94, 'realtime_y': 3002.13, 'target_x': 0.0, 'target_y': 0.0, 'yaw_ins': 0.0, 'dis_ins': 0.0}
  [2026-06-23T21:36:21.990180] I: {'ins_mode': 4, 'realtime_x': 571.03, 'realtime_y': 3002.32, 'target_x': 0.0, 'target_y': 0.0, 'yaw_ins': 0.0, 'dis_ins': 0.0}
  [2026-06-23T21:36:21.990418] I: {'ins_mode': 4, 'realtime_x': 571.32, 'realtime_y': 3002.85, 'target_x': 0.0, 'target_y': 0.0, 'yaw_ins': 0.0, 'dis_ins': 0.0}
  [2026-06-23T21:36:21.990444] I: {'ins_mode': 4, 'realtime_x': 571.64, 'realtime_y': 3003.48, 'target_x': 0.0, 'target_y': 0.0, 'yaw_ins': 0.0, 'dis_ins': 0.0}
  [2026-06-23T21:36:21.991990] I: {'ins_mode': 4, 'realtime_x': 571.94, 'realtime_y': 3004.1, 'target_x': 0.0, 'target_y': 0.0, 'yaw_ins': 0.0, 'dis_ins': 0.0}
  [2026-06-23T21:36:21.992095] I: {'ins_mode': 4, 'realtime_x': 572.34, 'realtime_y': 3004.93, 'target_x': 0.0, 'target_y': 0.0, 'yaw_ins': 0.0, 'dis_ins': 0.0}
  [2026-06-23T21:36:22.027889] I: {'ins_mode': 4, 'realtime_x': 572.77, 'realtime_y': 3005.81, 'target_x': 0.0, 'target_y': 0.0, 'yaw_ins': 0.0, 'dis_ins': 0.0}
  [2026-06-23T21:36:22.029201] I: {'ins_mode': 4, 'realtime_x': 573.52, 'realtime_y': 3007.24, 'target_x': 573.36, 'target_y': 3006.95, 'yaw_ins': 0.0, 'dis_ins': 0.0}
  [2026-06-23T21:36:22.032328] W: {'wp_x': 573.36, 'wp_y': 3006.95}
  [2026-06-23T21:36:22.032375] I: {'ins_mode': 4, 'realtime_x': 573.94, 'realtime_y': 3008.04, 'target_x': 573.36, 'target_y': 3006.95, 'yaw_ins': 0.0, 'dis_ins': 0.0}
  [2026-06-23T21:36:22.035051] W: {'wp_x': 573.36, 'wp_y': 3006.95}
  [2026-06-23T21:36:22.035112] I: {'ins_mode': 4, 'realtime_x': 573.99, 'realtime_y': 3008.14, 'target_x': 573.36, 'target_y': 3006.95, 'yaw_ins': 0.0, 'dis_ins': 0.0}
  [2026-06-23T21:36:22.037263] W: {'wp_x': 573.36, 'wp_y': 3006.95}
  [2026-06-23T21:36:22.037352] I: {'ins_mode': 4, 'realtime_x': 573.97, 'realtime_y': 3008.11, 'target_x': 573.36, 'target_y': 3006.95, 'yaw_ins': 0.0, 'dis_ins': 0.0}
  [2026-06-23T21:36:22.714715] W: {'wp_x': 573.36, 'wp_y': 3006.95}
  [2026-06-23T21:36:22.715189] I: {'ins_mode': 4, 'realtime_x': 573.86, 'realtime_y': 3007.84, 'target_x': 573.36, 'target_y': 3006.95, 'yaw_ins': 0.0, 'dis_ins': 0.0}
  [2026-06-23T21:36:22.718739] W: {'wp_x': 573.36, 'wp_y': 3006.95}
  [2026-06-23T21:36:22.718842] I: {'ins_mode': 4, 'realtime_x': 573.58, 'realtime_y': 3007.16, 'target_x': 573.36, 'target_y': 3006.95, 'yaw_ins': 0.0, 'dis_ins': 0.0}
  [2026-06-23T21:36:22.721463] W: {'wp_x': 573.36, 'wp_y': 3006.95}
  [2026-06-23T21:36:22.721630] I: {'ins_mode': 4, 'realtime_x': 573.37, 'realtime_y': 3006.64, 'target_x': 573.36, 'target_y': 3006.95, 'yaw_ins': 0.0, 'dis_ins': 0.0}
  [2026-06-23T21:36:22.724223] W: {'wp_x': 573.36, 'wp_y': 3006.95}
  [2026-06-23T21:36:22.724386] I: {'ins_mode': 4, 'realtime_x': 573.37, 'realtime_y': 3006.64, 'target_x': 573.36, 'target_y': 3006.95, 'yaw_ins': 0.0, 'dis_ins': 0.0}
  [2026-06-23T21:36:22.726983] W: {'wp_x': 573.36, 'wp_y': 3006.95}
  [2026-06-23T21:36:22.727069] I: {'ins_mode': 4, 'realtime_x': 573.5, 'realtime_y': 3006.97, 'target_x': 573.36, 'target_y': 3006.95, 'yaw_ins': 0.0, 'dis_ins': 0.0}
  [2026-06-23T21:36:22.729933] W: {'wp_x': 573.36, 'wp_y': 3006.95}
  [2026-06-23T21:36:22.730072] I: {'ins_mode': 4, 'realtime_x': 573.59, 'realtime_y': 3007.19, 'target_x': 573.36, 'target_y': 3006.95, 'yaw_ins': 0.0, 'dis_ins': 0.0}
  [2026-06-23T21:36:22.732679] W: {'wp_x': 573.36, 'wp_y': 3006.95}
  [2026-06-23T21:36:22.732959] I: {'ins_mode': 4, 'realtime_x': 573.58, 'realtime_y': 3007.16, 'target_x': 573.36, 'target_y': 3006.95, 'yaw_ins': 0.0, 'dis_ins': 0.0}
  [2026-06-23T21:36:22.735327] W: {'wp_x': 573.36, 'wp_y': 3006.95}
  [2026-06-23T21:36:22.735381] I: {'ins_mode': 4, 'realtime_x': 573.67, 'realtime_y': 3007.37, 'target_x': 573.36, 'target_y': 3006.95, 'yaw_ins': 0.0, 'dis_ins': 0.0}
  [2026-06-23T21:36:23.481860] W: {'wp_x': 573.36, 'wp_y': 3006.95}
  [2026-06-23T21:36:23.482786] I: {'ins_mode': 4, 'realtime_x': 573.92, 'realtime_y': 3007.97, 'target_x': 573.36, 'target_y': 3006.95, 'yaw_ins': 0.0, 'dis_ins': 0.0}
  [2026-06-23T21:36:23.484776] W: {'wp_x': 573.36, 'wp_y': 3006.95}
  [2026-06-23T21:36:23.484938] I: {'ins_mode': 4, 'realtime_x': 574.4, 'realtime_y': 3009.07, 'target_x': 573.36, 'target_y': 3006.95, 'yaw_ins': 0.0, 'dis_ins': 0.0}
  [2026-06-23T21:36:23.487351] W: {'wp_x': 573.36, 'wp_y': 3006.95}
  [2026-06-23T21:36:23.487828] I: {'ins_mode': 4, 'realtime_x': 574.97, 'realtime_y': 3010.36, 'target_x': 573.36, 'target_y': 3006.95, 'yaw_ins': 0.0, 'dis_ins': 0.0}
  [2026-06-23T21:36:23.490542] W: {'wp_x': 573.36, 'wp_y': 3006.95}
  [2026-06-23T21:36:23.490577] I: {'ins_mode': 4, 'realtime_x': 575.48, 'realtime_y': 3011.47, 'target_x': 573.36, 'target_y': 3006.95, 'yaw_ins': 0.0, 'dis_ins': 0.0}
  [2026-06-23T21:36:23.493451] W: {'wp_x': 573.36, 'wp_y': 3006.95}
  [2026-06-23T21:36:23.493483] I: {'ins_mode': 4, 'realtime_x': 576.41, 'realtime_y': 3013.43, 'target_x': 573.36, 'target_y': 3006.95, 'yaw_ins': 0.0, 'dis_ins': 0.0}
  [2026-06-23T21:36:23.496362] W: {'wp_x': 573.36, 'wp_y': 3006.95}
  [2026-06-23T21:36:23.496645] I: {'ins_mode': 4, 'realtime_x': 577.51, 'realtime_y': 3015.74, 'target_x': 573.36, 'target_y': 3006.95, 'yaw_ins': 0.0, 'dis_ins': 0.0}
  [2026-06-23T21:36:23.499377] W: {'wp_x': 573.36, 'wp_y': 3006.95}
  [2026-06-23T21:36:23.499806] I: {'ins_mode': 4, 'realtime_x': 578.67, 'realtime_y': 3018.33, 'target_x': 573.36, 'target_y': 3006.95, 'yaw_ins': 0.0, 'dis_ins': 0.0}
  [2026-06-23T21:36:23.502341] W: {'wp_x': 573.36, 'wp_y': 3006.95}
  [2026-06-23T21:36:23.502974] I: {'ins_mode': 4, 'realtime_x': 579.95, 'realtime_y': 3021.57, 'target_x': 573.36, 'target_y': 3006.95, 'yaw_ins': 0.0, 'dis_ins': 0.0}
  [2026-06-23T21:36:24.267143] W: {'wp_x': 573.36, 'wp_y': 3006.95}
