Ins Auto Telemetry Data Record
Record Time: 2026-06-24T18:11:00.633326
============================================================

Trajectory Points: 1091
Waypoints: 450

Trajectory Points (x, y, mode, timestamp):
  0.00, 0.00, 4, 1782295354.6923494
  0.00, 0.00, 4, 1782295354.7261765
  0.00, 0.00, 4, 1782295354.8093157
  0.00, 0.00, 4, 1782295354.8406534
  0.00, 0.00, 4, 1782295354.9278033
  0.00, 0.00, 4, 1782295354.959577
  0.00, 0.00, 4, 1782295355.0438812
  0.00, 0.00, 4, 1782295355.097479
  0.00, 0.00, 4, 1782295355.160307
  0.00, 0.00, 4, 1782295355.2029195
  0.00, 0.00, 4, 1782295355.2869272
  0.00, 0.00, 4, 1782295355.345563
  0.00, 0.00, 4, 1782295355.4083076
  0.00, 0.00, 4, 1782295355.4401786
  0.00, 0.00, 4, 1782295355.5303407
  0.00, 0.00, 4, 1782295355.5621762
  0.00, 0.00, 4, 1782295355.6460567
  0.00, 0.00, 4, 1782295355.6878278
  0.00, 0.00, 4, 1782295355.7765477
  0.00, 0.00, 4, 1782295355.8081028
  0.00, 0.00, 4, 1782295355.8822923
  0.00, 0.00, 4, 1782295355.925818
  0.00, 0.00, 4, 1782295356.0085907
  0.00, 0.00, 4, 1782295356.0402107
  0.00, 0.00, 4, 1782295356.124944
  0.00, 0.00, 4, 1782295356.1769032
  0.00, 0.00, 4, 1782295356.2398372
  0.00, 0.00, 4, 1782295356.2828016
  0.00, 0.00, 4, 1782295356.366714
  0.00, 0.00, 4, 1782295356.3996015
  0.00, 0.00, 4, 1782295356.483416
  0.00, 0.00, 4, 1782295356.5250027
  0.00, 0.00, 4, 1782295356.6163049
  0.00, 0.00, 4, 1782295356.6459687
  0.00, 0.00, 4, 1782295356.7194757
  0.00, 0.00, 4, 1782295356.7621047
  0.00, 0.00, 4, 1782295356.8622646
  0.00, 0.00, 4, 1782295356.8836222
  0.00, 0.00, 4, 1782295356.967413
  0.00, 0.00, 4, 1782295356.9993305
  0.00, 0.00, 4, 1782295357.0868573
  0.00, 0.00, 4, 1782295357.1200266
  0.00, 0.00, 4, 1782295357.204227
  0.00, 0.00, 4, 1782295357.257198
  0.00, 0.00, 4, 1782295357.3207886
  0.00, 0.00, 4, 1782295357.3634567
  0.00, 0.00, 4, 1782295357.4489014
  0.00, 0.00, 4, 1782295357.4981997
  0.00, 0.00, 4, 1782295357.5612197
  0.00, 0.00, 4, 1782295357.603666
  0.00, 0.00, 4, 1782295357.7119935
  0.00, 0.00, 4, 1782295357.724288
  0.00, 0.00, 4, 1782295357.8093252
  0.00, 0.00, 4, 1782295357.844343
  0.00, 0.00, 4, 1782295357.929542
  0.00, 0.00, 4, 1782295357.9610302
  0.00, 0.00, 4, 1782295358.045127
  0.00, 0.00, 4, 1782295358.087347
  0.00, 0.00, 4, 1782295358.1644146
  0.00, 0.00, 4, 1782295358.2063906
  0.00, 0.00, 4, 1782295358.280653
  0.00, 0.00, 4, 1782295358.3330266
  0.00, 0.00, 4, 1782295358.4068246
  0.00, 0.00, 4, 1782295358.4392452
  0.00, 0.00, 4, 1782295358.5226378
  0.00, 0.00, 4, 1782295358.57552
  0.00, 0.00, 4, 1782295358.6483407
  0.00, 0.00, 4, 1782295358.6800787
  0.00, 0.00, 4, 1782295358.7654538
  0.01, 0.00, 4, 1782295358.8079617
  0.28, 0.05, 4, 1782295358.8809836
  0.44, 0.08, 4, 1782295358.923904
  1.46, 0.25, 4, 1782295359.0127869
  2.48, 0.40, 4, 1782295359.044546
  4.08, 0.62, 4, 1782295359.1297235
  4.57, 0.69, 4, 1782295359.1615884
  4.84, 0.72, 4, 1782295359.2469661
  4.60, 0.70, 4, 1782295359.2902784
  4.07, 0.63, 4, 1782295359.3649168
  3.81, 0.59, 4, 1782295359.4500172
  3.56, 0.56, 4, 1782295359.4818573
  3.55, 0.55, 4, 1782295359.525764
  3.54, 0.55, 4, 1782295359.5995777
  3.54, 0.55, 4, 1782295359.6612191
  3.54, 0.55, 4, 1782295359.7237554
  3.58, 0.56, 4, 1782295359.7665913
  3.61, 0.56, 4, 1782295359.8463027
  3.61, 0.56, 4, 1782295359.8877857
  3.59, 0.56, 4, 1782295359.9620166
  3.60, 0.56, 4, 1782295360.0048308
  3.61, 0.56, 4, 1782295360.0819542
  3.61, 0.56, 4, 1782295360.1238918
  3.61, 0.56, 4, 1782295360.207293
  3.61, 0.56, 4, 1782295360.2385836
  3.61, 0.56, 4, 1782295360.319488
  3.61, 0.56, 4, 1782295360.362692
  3.61, 0.56, 4, 1782295360.445687
  3.61, 0.56, 4, 1782295360.492355
  3.61, 0.56, 4, 1782295360.566684
  3.61, 0.56, 4, 1782295360.608636
  3.61, 0.56, 4, 1782295360.6818867
  3.61, 0.56, 4, 1782295360.7397547
  3.61, 0.56, 4, 1782295360.8025787
  3.61, 0.56, 4, 1782295360.844861
  3.61, 0.56, 4, 1782295360.9614482
  3.61, 0.56, 4, 1782295360.9617023
  3.61, 0.56, 4, 1782295361.044798
  3.61, 0.56, 4, 1782295361.0872931
  3.61, 0.56, 4, 1782295361.1806643
  3.61, 0.56, 4, 1782295361.2020965
  3.61, 0.56, 4, 1782295361.2865684
  3.61, 0.56, 4, 1782295361.3288207
  3.61, 0.56, 4, 1782295361.408291
  3.61, 0.56, 4, 1782295361.4394596
  3.61, 0.56, 4, 1782295361.5228457
  3.61, 0.56, 4, 1782295361.5650933
  3.61, 0.56, 4, 1782295361.6451786
  3.61, 0.56, 4, 1782295361.6875296
  3.61, 0.56, 4, 1782295361.7617915
  3.61, 0.56, 4, 1782295361.8014662
  3.61, 0.56, 4, 1782295361.8865843
  3.61, 0.56, 4, 1782295361.9188402
  3.61, 0.56, 4, 1782295362.0129406
  3.61, 0.56, 4, 1782295362.0426252
  3.61, 0.56, 4, 1782295362.1272073
  3.61, 0.56, 4, 1782295362.159651
  3.61, 0.56, 4, 1782295362.2633178
  3.61, 0.56, 4, 1782295362.2844405
  3.61, 0.56, 4, 1782295362.369309
  3.61, 0.56, 4, 1782295362.4013083
  3.61, 0.56, 4, 1782295362.4825263
  3.61, 0.56, 4, 1782295362.5247874
  3.61, 0.56, 4, 1782295362.6110628
  3.61, 0.56, 4, 1782295362.6425345
  3.61, 0.56, 4, 1782295362.7192967
  3.61, 0.56, 4, 1782295362.7617688
  3.61, 0.56, 4, 1782295362.846692
  3.61, 0.56, 4, 1782295362.9121046
  3.61, 0.56, 4, 1782295362.9650652
  3.61, 0.56, 4, 1782295363.010266
  3.61, 0.56, 4, 1782295363.0969222
  3.61, 0.56, 4, 1782295363.1299741
  3.61, 0.56, 4, 1782295363.2041674
  3.61, 0.56, 4, 1782295363.246733
  3.61, 0.56, 4, 1782295363.3464878
  3.61, 0.56, 4, 1782295363.3675427
  3.61, 0.56, 4, 1782295363.4408684
  3.61, 0.56, 4, 1782295363.4843166
  3.61, 0.56, 4, 1782295363.5681994
  3.61, 0.56, 4, 1782295363.6000645
  3.61, 0.56, 4, 1782295363.6841261
  3.61, 0.56, 4, 1782295363.727835
  3.61, 0.56, 4, 1782295363.8046448
  3.61, 0.56, 4, 1782295363.8464093
  3.61, 0.56, 4, 1782295363.9200943
  3.61, 0.56, 4, 1782295363.9932992
  3.61, 0.56, 4, 1782295364.0454476
  3.61, 0.56, 4, 1782295364.0880687
  3.61, 0.56, 4, 1782295364.1626213
  3.61, 0.56, 4, 1782295364.2135403
  3.61, 0.56, 4, 1782295364.2868097
  3.61, 0.56, 4, 1782295364.3281815
  3.61, 0.56, 4, 1782295364.4031956
  3.61, 0.56, 4, 1782295364.4450624
  3.61, 0.56, 4, 1782295364.5284014
  3.61, 0.56, 4, 1782295364.5602193
  3.61, 0.56, 4, 1782295364.651091
  3.61, 0.56, 4, 1782295364.682667
  3.61, 0.56, 4, 1782295364.7659478
  2.87, 0.55, 4, 1782295364.8094475
  2.69, 0.54, 4, 1782295364.8883965
  2.68, 0.54, 4, 1782295364.9202094
  2.68, 0.54, 4, 1782295365.0042148
  2.68, 0.54, 4, 1782295365.0457628
  2.68, 0.54, 4, 1782295365.1302989
  2.68, 0.54, 4, 1782295365.1623666
  2.68, 0.54, 4, 1782295365.2560215
  2.68, 0.54, 4, 1782295365.2841113
  2.68, 0.54, 4, 1782295365.3686702
  2.68, 0.54, 4, 1782295365.4008372
  2.68, 0.54, 4, 1782295365.493762
  2.68, 0.54, 4, 1782295365.525506
  2.68, 0.54, 4, 1782295365.6118615
  2.68, 0.54, 4, 1782295365.6433063
  2.68, 0.54, 4, 1782295365.7264853
  2.68, 0.54, 4, 1782295365.7683525
  2.68, 0.54, 4, 1782295365.841464
  2.68, 0.54, 4, 1782295365.8834665
  2.53, 0.53, 4, 1782295365.968054
  2.86, 0.56, 4, 1782295365.9996517
  3.03, 0.58, 4, 1782295366.0831754
  2.93, 0.57, 4, 1782295366.1284876
  2.91, 0.57, 4, 1782295366.2015893
  2.91, 0.57, 4, 1782295366.2435694
  2.91, 0.57, 4, 1782295366.3419054
  2.91, 0.57, 4, 1782295366.3626897
  2.91, 0.57, 4, 1782295366.4462092
  2.91, 0.57, 4, 1782295366.4883232
  2.91, 0.57, 4, 1782295366.5660467
  2.91, 0.57, 4, 1782295366.607422
  2.91, 0.57, 4, 1782295366.6899912
  2.91, 0.57, 4, 1782295366.7212975
  2.91, 0.57, 4, 1782295366.801298
  2.91, 0.57, 4, 1782295366.8431349
  2.91, 0.57, 4, 1782295366.926633
  2.91, 0.57, 4, 1782295366.962299
  2.91, 0.57, 4, 1782295367.0388389
  2.91, 0.57, 4, 1782295367.0815904
  2.91, 0.57, 4, 1782295367.17597
  2.91, 0.57, 4, 1782295367.2077065
  2.91, 0.57, 4, 1782295367.281139
  2.91, 0.57, 4, 1782295367.324083
  2.91, 0.57, 4, 1782295367.413875
  2.91, 0.57, 4, 1782295367.4456656
  2.91, 0.57, 4, 1782295367.5209036
  2.91, 0.57, 4, 1782295367.5635986
  2.91, 0.57, 4, 1782295367.6420903
  2.91, 0.57, 4, 1782295367.68418
  2.91, 0.57, 4, 1782295367.7689588
  2.91, 0.57, 4, 1782295367.8079324
  2.91, 0.57, 4, 1782295367.8853407
  2.91, 0.57, 4, 1782295367.9280262
  2.91, 0.57, 4, 1782295368.002523
  2.91, 0.57, 4, 1782295368.0534992
  2.91, 0.57, 4, 1782295368.1274543
  2.91, 0.57, 4, 1782295368.1698685
  2.91, 0.57, 4, 1782295368.245329
  2.91, 0.57, 4, 1782295368.2872293
  2.91, 0.57, 4, 1782295368.3702972
  2.91, 0.57, 4, 1782295368.401759
  2.91, 0.57, 4, 1782295368.4917104
  2.91, 0.57, 4, 1782295368.5235224
  2.91, 0.57, 4, 1782295368.6097167
  2.91, 0.57, 4, 1782295368.6507916
  2.91, 0.57, 4, 1782295368.7210615
  2.91, 0.57, 4, 1782295368.7629564
  2.91, 0.57, 4, 1782295368.8466585
  2.91, 0.57, 4, 1782295368.8950517
  2.91, 0.57, 4, 1782295368.9621916
  2.91, 0.57, 4, 1782295369.00513
  2.91, 0.57, 4, 1782295369.0894542
  2.91, 0.57, 4, 1782295369.1450121
  2.91, 0.57, 4, 1782295369.2107933
  2.91, 0.57, 4, 1782295369.246037
  2.91, 0.57, 4, 1782295369.3622165
  2.91, 0.57, 4, 1782295369.3637803
  2.91, 0.57, 4, 1782295369.447719
  2.91, 0.57, 4, 1782295369.4907253
  2.91, 0.57, 4, 1782295369.5781212
  2.91, 0.57, 4, 1782295369.6097095
  2.91, 0.57, 4, 1782295369.6844516
  2.91, 0.57, 4, 1782295369.7282944
  2.91, 0.57, 4, 1782295369.8010688
  2.91, 0.57, 4, 1782295369.8424146
  2.91, 0.57, 4, 1782295369.9263299
  2.91, 0.57, 4, 1782295369.974251
  2.91, 0.57, 4, 1782295370.0480497
  2.91, 0.57, 4, 1782295370.0910587
  2.91, 0.57, 4, 1782295370.1642067
  2.91, 0.57, 4, 1782295370.227156
  2.91, 0.57, 4, 1782295370.2916825
  2.91, 0.57, 4, 1782295370.3244298
  2.91, 0.57, 4, 1782295370.4454863
  2.91, 0.57, 4, 1782295370.4455402
  2.91, 0.57, 4, 1782295370.5290697
  2.91, 0.57, 4, 1782295370.561298
  2.91, 0.57, 4, 1782295370.660178
  2.91, 0.57, 4, 1782295370.6917312
  2.91, 0.57, 4, 1782295370.765191
  2.91, 0.57, 4, 1782295370.8084033
  2.91, 0.57, 4, 1782295370.8820627
  2.91, 0.57, 4, 1782295370.9245028
  2.91, 0.57, 4, 1782295371.0100412
  2.91, 0.57, 4, 1782295371.0409775
  2.91, 0.57, 4, 1782295371.1274083
  2.91, 0.57, 4, 1782295371.1691835
  2.91, 0.57, 4, 1782295371.2441862
  2.91, 0.57, 4, 1782295371.2804315
  2.91, 0.57, 4, 1782295371.3643095
  2.91, 0.57, 4, 1782295371.4069285
  2.91, 0.57, 4, 1782295371.499779
  2.91, 0.57, 4, 1782295371.5276122
  2.91, 0.57, 4, 1782295371.6016233
  2.91, 0.57, 4, 1782295371.645125
  2.91, 0.57, 4, 1782295371.74827
  2.91, 0.57, 4, 1782295371.7700064
  2.91, 0.57, 4, 1782295371.8430657
  2.91, 0.57, 4, 1782295371.8854887
  2.91, 0.57, 4, 1782295371.963373
  2.91, 0.57, 4, 1782295372.0057979
  2.91, 0.57, 4, 1782295372.0930529
  2.91, 0.57, 4, 1782295372.1249683
  2.91, 0.57, 4, 1782295372.2028694
  2.91, 0.57, 4, 1782295372.2453732
  2.91, 0.57, 4, 1782295372.3284955
  2.91, 0.57, 4, 1782295372.3693612
  2.91, 0.57, 4, 1782295372.4436235
  2.91, 0.57, 4, 1782295372.486033
  2.91, 0.57, 4, 1782295372.5773184
  0.01, 0.00, 4, 1782295396.8733401
  0.02, 0.00, 4, 1782295396.884052
  0.02, 0.00, 4, 1782295396.884299
  0.03, 0.00, 4, 1782295396.884474
  0.04, 0.00, 4, 1782295396.884633
  0.02, 0.00, 4, 1782295396.8847914
  0.00, -0.00, 4, 1782295396.8954744
  -0.04, -0.00, 4, 1782295396.9174159
  -0.06, -0.00, 4, 1782295396.9599385
  -0.15, -0.00, 4, 1782295397.2844653
  -0.18, -0.00, 4, 1782295397.2848237
  -0.19, -0.00, 4, 1782295397.306759
  -0.19, -0.00, 4, 1782295397.3069727
  -0.26, -0.00, 4, 1782295397.3705385
  -0.29, -0.00, 4, 1782295397.4790757
  -0.35, -0.01, 4, 1782295397.4791818
  -0.37, -0.01, 4, 1782295397.479447
  -0.44, -0.01, 4, 1782295397.5740004
  -0.45, -0.01, 4, 1782295397.6368804
  -0.45, -0.01, 4, 1782295397.6904058
  -0.43, -0.01, 4, 1782295397.6905584
  -0.43, -0.01, 4, 1782295397.7744558
  -0.43, -0.01, 4, 1782295398.4967139
  -0.43, -0.01, 4, 1782295398.5183754
  -0.44, -0.01, 4, 1782295398.5734262
  -0.44, -0.01, 4, 1782295398.584213
  -0.44, -0.01, 4, 1782295398.5843968
  -0.44, -0.01, 4, 1782295398.5845034
  -0.44, -0.01, 4, 1782295398.7204585
  -0.44, -0.01, 4, 1782295398.7748058
  -0.44, -0.01, 4, 1782295398.775026
  -0.44, -0.01, 4, 1782295398.8063352
  -0.44, -0.01, 4, 1782295398.806513
  -0.44, -0.01, 4, 1782295398.8173237
  -0.44, -0.01, 4, 1782295398.8286574
  -0.44, -0.01, 4, 1782295398.8290358
  -0.44, -0.01, 4, 1782295398.829081
  -0.44, -0.01, 4, 1782295398.8291752
  -0.45, -0.01, 4, 1782295398.8292964
  -0.46, -0.01, 4, 1782295398.8502102
  -0.46, -0.01, 4, 1782295398.8817916
  -0.46, -0.01, 4, 1782295398.9651496
  -0.46, -0.01, 4, 1782295399.0047667
  -0.46, -0.01, 4, 1782295399.0892746
  -0.46, -0.01, 4, 1782295399.123277
  -0.46, -0.01, 4, 1782295399.2130213
  -0.46, -0.01, 4, 1782295399.2441206
  -0.46, -0.01, 4, 1782295399.3386192
  -0.46, -0.01, 4, 1782295399.3599772
  -0.46, -0.01, 4, 1782295399.4527235
  -0.46, -0.01, 4, 1782295399.4845471
  -0.46, -0.01, 4, 1782295399.558061
  -0.46, -0.01, 4, 1782295399.617229
  -0.46, -0.01, 4, 1782295399.6909306
  -0.46, -0.01, 4, 1782295399.7237508
  -0.46, -0.01, 4, 1782295399.7968373
  -0.47, -0.01, 4, 1782295399.8592515
  -0.47, -0.01, 4, 1782295399.931677
  -0.47, -0.01, 4, 1782295400.0263915
  -0.47, -0.01, 4, 1782295400.0682797
  -0.47, -0.01, 4, 1782295403.8925228
  -0.50, -0.01, 4, 1782295403.9038749
  -0.51, -0.01, 4, 1782295403.904333
  -0.51, -0.01, 4, 1782295403.9047801
  -0.48, -0.01, 4, 1782295403.9053364
  -0.45, -0.01, 4, 1782295403.9165945
  -0.45, -0.01, 4, 1782295403.9275422
  -0.48, -0.01, 4, 1782295403.9276724
  -0.52, -0.01, 4, 1782295403.9277651
  -0.53, -0.01, 4, 1782295403.9278827
  -0.53, -0.01, 4, 1782295403.927982
  -0.53, -0.01, 4, 1782295403.9479725
  -0.53, -0.01, 4, 1782295403.9737964
  -0.53, -0.01, 4, 1782295403.974834
  -0.53, -0.01, 4, 1782295403.9748852
  -0.53, -0.01, 4, 1782295403.9749959
  -0.53, -0.01, 4, 1782295403.9750338
  -0.53, -0.01, 4, 1782295403.9751496
  -0.53, -0.01, 4, 1782295403.9753232
  -0.53, -0.01, 4, 1782295403.9753623
  -0.54, -0.01, 4, 1782295403.9753964
  -0.54, -0.01, 4, 1782295403.9754248
  -0.54, -0.01, 4, 1782295403.97545
  -0.54, -0.01, 4, 1782295403.975477
  -0.54, -0.01, 4, 1782295403.9755032
  -0.54, -0.01, 4, 1782295403.975529
  -0.54, -0.01, 4, 1782295403.9755545
  -0.54, -0.01, 4, 1782295403.9755805
  -0.54, -0.01, 4, 1782295403.9756057
  -0.53, -0.01, 4, 1782295403.9756315
  -0.53, -0.01, 4, 1782295403.9756594
  -0.53, -0.01, 4, 1782295403.975684
  -0.53, -0.01, 4, 1782295403.9757087
  -0.53, -0.01, 4, 1782295403.975771
  -0.53, -0.01, 4, 1782295403.9864302
  -0.53, -0.01, 4, 1782295403.986493
  -0.53, -0.01, 4, 1782295403.98662
  -0.53, -0.01, 4, 1782295403.9866774
  -0.53, -0.01, 4, 1782295403.986806
  -0.53, -0.01, 4, 1782295403.9868655
  -0.53, -0.01, 4, 1782295403.9869866
  -0.53, -0.01, 4, 1782295403.9870477
  -0.53, -0.01, 4, 1782295403.997943
  -0.53, -0.01, 4, 1782295403.9979956
  -0.53, -0.01, 4, 1782295403.9980304
  -0.53, -0.01, 4, 1782295403.9980602
  -0.53, -0.01, 4, 1782295403.9980876
  -0.53, -0.01, 4, 1782295404.0088553
  -0.53, -0.01, 4, 1782295404.0089164
  -0.53, -0.01, 4, 1782295404.0089574
  -0.53, -0.01, 4, 1782295404.0200052
  -0.53, -0.01, 4, 1782295404.0200467
  -0.53, -0.01, 4, 1782295404.0201926
  -0.53, -0.01, 4, 1782295404.0203338
  -0.53, -0.01, 4, 1782295404.0309966
  -0.53, -0.01, 4, 1782295404.0311058
  -0.53, -0.01, 4, 1782295404.031212
  -0.53, -0.01, 4, 1782295404.0312572
  -0.53, -0.01, 4, 1782295404.0418947
  -0.53, -0.01, 4, 1782295404.041932
  -0.53, -0.01, 4, 1782295404.0419612
  -0.53, -0.01, 4, 1782295404.041989
  -0.53, -0.01, 4, 1782295404.0420167
  -0.53, -0.01, 4, 1782295404.0524535
  -0.54, -0.01, 4, 1782295404.0525067
  -0.56, -0.01, 4, 1782295404.0525582
  -0.56, -0.01, 4, 1782295404.0526087
  -0.56, -0.01, 4, 1782295404.1376448
  -0.56, -0.01, 4, 1782295404.1934366
  -0.56, -0.01, 4, 1782295404.2560775
  -0.56, -0.01, 4, 1782295404.2874448
  -0.56, -0.01, 4, 1782295404.3796546
  -0.56, -0.01, 4, 1782295404.4071972
  -0.58, -0.01, 4, 1782295404.4916694
  -0.59, -0.01, 4, 1782295404.5336268
  -0.59, -0.01, 4, 1782295404.6161163
  -0.59, -0.01, 4, 1782295404.6476007
  -0.59, -0.01, 4, 1782295404.732775
  -0.59, -0.01, 4, 1782295404.7745562
  -0.59, -0.01, 4, 1782295404.8531954
  -0.59, -0.01, 4, 1782295404.895322
  -0.59, -0.01, 4, 1782295405.0379012
  -0.58, -0.01, 4, 1782295405.0389936
  -0.55, -0.01, 4, 1782295405.091355
  -0.56, -0.01, 4, 1782295405.1346047
  -0.60, -0.01, 4, 1782295405.2095928
  -0.62, -0.01, 4, 1782295405.256968
  -0.64, -0.01, 4, 1782295405.3310072
  -0.64, -0.01, 4, 1782295405.3732648
  -0.64, -0.01, 4, 1782295405.4736485
  -0.64, -0.01, 4, 1782295405.4948738
  -0.62, -0.01, 4, 1782295405.568979
  -0.56, -0.01, 4, 1782295405.6115859
  -0.46, -0.01, 4, 1782295405.692216
  -0.45, -0.01, 4, 1782295405.7339914
  -0.50, -0.01, 4, 1782295405.8075476
  -0.56, -0.01, 4, 1782295405.850321
  -0.60, -0.01, 4, 1782295405.9355817
  -0.59, -0.01, 4, 1782295405.9781206
  -0.59, -0.01, 4, 1782295406.052486
  -0.59, -0.01, 4, 1782295406.095326
  -0.62, -0.01, 4, 1782295406.1687286
  -0.64, -0.01, 4, 1782295406.21246
  -0.70, -0.01, 4, 1782295406.286758
  -0.80, -0.01, 4, 1782295406.3424587
  -1.01, -0.01, 4, 1782295406.4166362
  -1.07, -0.01, 4, 1782295406.4491374
  -1.11, -0.01, 4, 1782295406.5321057
  -1.10, -0.01, 4, 1782295406.5744576
  -1.03, -0.01, 4, 1782295406.6481285
  -1.00, -0.01, 4, 1782295406.6901844
  -0.90, -0.01, 4, 1782295406.7752025
  -0.83, -0.01, 4, 1782295406.8066397
  -0.72, -0.01, 4, 1782295406.890996
  -0.63, -0.01, 4, 1782295406.9339995
  -0.45, -0.01, 4, 1782295407.0163343
  -0.41, -0.01, 4, 1782295407.0479074
  -0.45, -0.01, 4, 1782295407.131533
  -0.43, -0.01, 4, 1782295407.2083235
  -0.43, -0.01, 4, 1782295407.2509816
  -0.40, -0.01, 4, 1782295407.2930298
  -0.34, -0.02, 4, 1782295407.377632
  -0.32, -0.02, 4, 1782295407.4284906
  -0.26, -0.02, 4, 1782295407.4923265
  -0.26, -0.02, 4, 1782295407.5353045
  -0.21, -0.02, 4, 1782295407.616401
  -0.16, -0.02, 4, 1782295407.6477282
  0.04, -0.02, 4, 1782295407.731161
  0.17, -0.02, 4, 1782295407.774088
  0.83, -0.04, 4, 1782295407.8601065
  1.11, -0.05, 4, 1782295407.8926337
  1.85, -0.07, 4, 1782295407.9673986
  2.37, -0.08, 4, 1782295408.0095687
  3.18, -0.10, 4, 1782295408.09575
  3.48, -0.10, 4, 1782295408.1398923
  4.17, -0.11, 4, 1782295408.2138555
  4.49, -0.12, 4, 1782295408.2596583
  4.86, -0.13, 4, 1782295408.3325777
  5.15, -0.14, 4, 1782295408.3750384
  5.67, -0.16, 4, 1782295408.4473116
  5.94, -0.17, 4, 1782295408.5026512
  6.30, -0.17, 4, 1782295408.57568
  6.38, -0.17, 4, 1782295408.6071043
  6.54, -0.18, 4, 1782295408.6968262
  6.57, -0.18, 4, 1782295408.7284923
  6.67, -0.18, 4, 1782295408.81324
  6.72, -0.18, 4, 1782295408.8560069
  6.82, -0.18, 4, 1782295408.9420187
  6.84, -0.18, 4, 1782295408.9740632
  6.84, -0.18, 4, 1782295409.0568743
  6.84, -0.18, 4, 1782295409.0887532
  6.81, -0.18, 4, 1782295409.1765711
  6.88, -0.19, 4, 1782295409.2078097
  7.06, -0.19, 4, 1782295409.2929566
  7.10, -0.20, 4, 1782295409.343211
  7.16, -0.20, 4, 1782295409.4099293
  7.19, -0.20, 4, 1782295409.4532845
  7.24, -0.20, 4, 1782295409.5376222
  7.25, -0.20, 4, 1782295409.5920732
  7.25, -0.20, 4, 1782295409.6549711
  7.25, -0.20, 4, 1782295409.696975
  7.35, -0.21, 4, 1782295409.782012
  7.43, -0.21, 4, 1782295409.8135962
  7.72, -0.22, 4, 1782295409.897777
  7.96, -0.22, 4, 1782295409.9299748
  8.34, -0.22, 4, 1782295410.028343
  8.65, -0.23, 4, 1782295410.056271
  9.30, -0.24, 4, 1782295410.1296122
  9.67, -0.25, 4, 1782295410.172601
  10.20, -0.25, 4, 1782295410.2481604
  10.42, -0.25, 4, 1782295410.290268
  11.03, -0.25, 4, 1782295410.376817
  11.47, -0.25, 4, 1782295410.408588
  12.37, -0.26, 4, 1782295410.4949224
  12.75, -0.27, 4, 1782295410.5266027
  13.71, -0.30, 4, 1782295410.611256
  14.27, -0.31, 4, 1782295410.6768482
  15.26, -0.30, 4, 1782295410.7297647
  15.71, -0.29, 4, 1782295410.7740579
  16.74, -0.25, 4, 1782295410.847459
  17.27, -0.23, 4, 1782295410.8922975
  18.16, -0.19, 4, 1782295410.9765604
  18.97, -0.16, 4, 1782295411.0091963
  20.34, -0.11, 4, 1782295411.1156237
  21.22, -0.09, 4, 1782295411.1374598
  22.79, -0.04, 4, 1782295411.210766
  23.42, -0.01, 4, 1782295411.2533114
  24.99, 0.09, 4, 1782295411.3306441
  25.99, 0.17, 4, 1782295411.373783
  27.75, 0.30, 4, 1782295411.4479506
  28.48, 0.34, 4, 1782295411.4912558
  30.25, 0.37, 4, 1782295411.5730445
  31.35, 0.37, 4, 1782295411.6154492
  33.16, 0.35, 4, 1782295411.6896152
  33.85, 0.33, 4, 1782295411.7431598
  35.61, 0.28, 4, 1782295411.8175964
  36.72, 0.25, 4, 1782295411.8494647
  38.46, 0.20, 4, 1782295411.9346206
  39.13, 0.19, 4, 1782295411.993003
  40.91, 0.14, 4, 1782295412.0568516
  42.03, 0.09, 4, 1782295412.0886014
  43.88, 0.00, 4, 1782295412.1931121
  44.69, -0.03, 4, 1782295412.231996
  46.83, -0.09, 4, 1782295412.2950597
  48.13, -0.11, 4, 1782295412.337177
  50.22, -0.11, 4, 1782295412.4315252
  51.02, -0.11, 4, 1782295412.475877
  52.84, -0.07, 4, 1782295412.5383997
  53.52, -0.06, 4, 1782295412.570243
  55.65, -0.05, 4, 1782295412.668027
  56.34, -0.06, 4, 1782295412.7134452
  57.98, -0.11, 4, 1782295412.776721
  58.94, -0.15, 4, 1782295412.8089147
  60.72, -0.20, 4, 1782295412.9426386
  61.49, -0.21, 4, 1782295412.9465582
  63.67, -0.24, 4, 1782295413.0098119
  64.63, -0.26, 4, 1782295413.0520368
  67.45, -0.35, 4, 1782295413.140702
  68.38, -0.39, 4, 1782295413.185431
  70.80, -0.50, 4, 1782295413.249852
  72.25, -0.59, 4, 1782295413.2935398
  74.60, -0.77, 4, 1782295413.3946064
  75.53, -0.85, 4, 1782295413.4398596
  77.86, -1.12, 4, 1782295413.4925945
  79.24, -1.32, 4, 1782295413.535506
  81.57, -1.66, 4, 1782295413.701817
  82.48, -1.80, 4, 1782295413.7068615
  84.79, -2.21, 4, 1782295413.7280228
  86.16, -2.48, 4, 1782295413.7705436
  88.34, -2.94, 4, 1782295413.8551521
  89.18, -3.12, 4, 1782295413.9121113
  91.31, -3.59, 4, 1782295413.977298
  92.60, -3.90, 4, 1782295414.0091896
  94.60, -4.43, 4, 1782295414.0940425
  95.38, -4.65, 4, 1782295414.2100875
  97.34, -5.24, 4, 1782295414.213169
  98.52, -5.61, 4, 1782295414.2557893
  100.47, -6.27, 4, 1782295414.330056
  101.28, -6.55, 4, 1782295414.4719162
  103.51, -7.41, 4, 1782295414.4753172
  104.46, -7.80, 4, 1782295414.4971325
  107.21, -8.98, 4, 1782295414.5721512
  108.05, -9.35, 4, 1782295414.6152987
  110.18, -10.32, 4, 1782295414.727218
  111.35, -10.86, 4, 1782295414.7293732
  113.28, -11.79, 4, 1782295414.8136885
  114.11, -12.21, 4, 1782295414.8561316
  116.13, -13.30, 4, 1782295415.0042078
  117.26, -13.95, 4, 1782295415.0082688
  119.03, -14.95, 4, 1782295415.0506876
  119.79, -15.39, 4, 1782295415.0930073
  121.95, -16.65, 4, 1782295415.2164469
  123.24, -17.42, 4, 1782295415.273089
  125.61, -18.81, 4, 1782295415.2940714
  126.74, -19.45, 4, 1782295415.3360648
  129.35, -20.96, 4, 1782295415.4092944
  130.85, -21.82, 4, 1782295415.5401149
  133.23, -23.17, 4, 1782295415.543513
  135.10, -24.25, 4, 1782295415.575063
  137.88, -25.88, 4, 1782295415.6487985
  139.48, -26.80, 4, 1782295415.8095493
  142.39, -28.49, 4, 1782295415.812756
  143.61, -29.22, 4, 1782295415.8146954
  146.58, -31.14, 4, 1782295415.8984516
  148.21, -32.25, 4, 1782295415.9301856
  150.93, -34.04, 4, 1782295416.0459087
  152.05, -34.75, 4, 1782295416.1162896
  154.66, -36.46, 4, 1782295416.1374907
  156.00, -37.37, 4, 1782295416.1689806
  158.00, -38.72, 4, 1782295416.4000497
  158.73, -39.22, 4, 1782295416.4035907
  160.57, -40.47, 4, 1782295416.406131
  161.36, -41.00, 4, 1782295416.4165783
  163.25, -42.26, 4, 1782295416.489848
  164.41, -43.01, 4, 1782295416.6174872
  166.75, -44.46, 4, 1782295416.6945195
  168.32, -45.45, 4, 1782295416.6967418
  170.91, -47.07, 4, 1782295416.739121
  172.00, -47.72, 4, 1782295416.7728121
  174.82, -49.40, 4, 1782295416.9735548
  176.45, -50.37, 4, 1782295416.9767513
  178.94, -51.88, 4, 1782295416.9788916
  179.89, -52.45, 4, 1782295417.0108833
  182.18, -53.80, 4, 1782295417.0945172
  183.50, -54.60, 4, 1782295417.192479
  185.75, -56.07, 4, 1782295417.2653878
  186.72, -56.75, 4, 1782295417.267418
  189.23, -58.66, 4, 1782295417.3314724
  190.22, -59.46, 4, 1782295417.3747044
  193.02, -61.76, 4, 1782295417.5690517
  193.99, -62.56, 4, 1782295417.575167
  196.54, -64.74, 4, 1782295417.577284
  198.11, -66.14, 4, 1782295417.608986
  200.55, -68.33, 4, 1782295417.693231
  201.45, -69.15, 4, 1782295417.8736482
  203.56, -71.07, 4, 1782295417.8769064
  204.72, -72.12, 4, 1782295417.8788621
  206.57, -73.79, 4, 1782295417.931349
  207.27, -74.44, 4, 1782295417.9747894
  208.84, -75.91, 4, 1782295418.1023738
  209.71, -76.77, 4, 1782295418.1768708
  211.15, -78.18, 4, 1782295418.179434
  211.73, -78.74, 4, 1782295418.2112093
  213.33, -80.23, 4, 1782295418.2949052
  214.38, -81.16, 4, 1782295418.495473
  216.02, -82.61, 4, 1782295418.4989452
  216.61, -83.14, 4, 1782295418.50109
  217.98, -84.34, 4, 1782295418.5323286
  218.74, -84.98, 4, 1782295418.5742514
  219.97, -86.01, 4, 1782295418.7402282
  220.49, -86.44, 4, 1782295418.8268342
  221.89, -87.61, 4, 1782295418.8302355
  222.50, -88.12, 4, 1782295418.8324883
  224.29, -89.65, 4, 1782295418.8948157
  224.85, -90.15, 4, 1782295418.9372432
  226.21, -91.35, 4, 1782295419.074717
  227.01, -92.09, 4, 1782295419.174378
  228.30, -93.33, 4, 1782295419.1766286
  228.85, -93.87, 4, 1782295419.1786113
  230.40, -95.43, 4, 1782295419.2527163
  231.47, -96.51, 4, 1782295419.5071373
  233.31, -98.41, 4, 1782295419.5109394
  234.09, -99.20, 4, 1782295419.5130026
  236.13, -101.17, 4, 1782295419.5149908
  237.41, -102.34, 4, 1782295419.5367167
  239.46, -104.16, 4, 1782295419.610909
  240.14, -104.77, 4, 1782295419.7506814
  241.56, -106.07, 4, 1782295419.844429
  242.28, -106.74, 4, 1782295419.8469076
  243.33, -107.75, 4, 1782295419.8575575
  243.74, -108.16, 4, 1782295419.8892112
  244.79, -109.18, 4, 1782295420.0956893
  245.42, -109.79, 4, 1782295420.1945148
  246.45, -110.75, 4, 1782295420.1966317
  246.83, -111.11, 4, 1782295420.1986158
  247.66, -111.90, 4, 1782295420.2091932
  248.02, -112.23, 4, 1782295420.2511098
  248.30, -112.50, 4, 1782295420.46221
  248.37, -112.56, 4, 1782295420.5688374
  248.53, -112.71, 4, 1782295420.5737994
  248.67, -112.83, 4, 1782295420.576165
  249.02, -113.15, 4, 1782295420.5784082
  249.22, -113.32, 4, 1782295420.6100874
  249.87, -113.88, 4, 1782295420.8147497
  250.39, -114.31, 4, 1782295420.912749
  251.56, -115.31, 4, 1782295420.9150634
  252.03, -115.72, 4, 1782295420.917541
  253.27, -116.82, 4, 1782295420.9386184
  254.09, -117.54, 4, 1782295420.9713743
  255.61, -118.82, 4, 1782295421.1777668
  256.26, -119.32, 4, 1782295421.292146
  257.83, -120.51, 4, 1782295421.2946699
  258.74, -121.19, 4, 1782295421.297018
  260.26, -122.38, 4, 1782295421.299274
  260.87, -122.87, 4, 1782295421.3306034
  262.50, -124.15, 4, 1782295421.6595316
  263.60, -124.98, 4, 1782295421.663296
  265.64, -126.45, 4, 1782295421.6656454
  266.54, -127.08, 4, 1782295421.667974
  268.95, -128.74, 4, 1782295421.6715124
  270.44, -129.77, 4, 1782295421.6924427
  272.74, -131.36, 4, 1782295421.9093802
  273.60, -131.95, 4, 1782295422.0255277
  275.82, -133.38, 4, 1782295422.027721
  277.26, -134.24, 4, 1782295422.0298228
  279.52, -135.61, 4, 1782295422.0320995
  280.36, -136.12, 4, 1782295422.0534556
  282.60, -137.40, 4, 1782295422.405102
  284.11, -138.17, 4, 1782295422.409259
  287.06, -139.49, 4, 1782295422.4116101
  288.44, -140.05, 4, 1782295422.4138682
  292.05, -141.38, 4, 1782295422.416151
  294.07, -142.05, 4, 1782295422.4187891
  297.39, -142.93, 4, 1782295422.7645307
  298.69, -143.20, 4, 1782295422.7682278
  301.82, -143.76, 4, 1782295422.7719462
  303.08, -143.96, 4, 1782295422.7746525
  306.86, -144.48, 4, 1782295422.7770467
  308.02, -144.62, 4, 1782295422.7793381
  310.74, -144.93, 4, 1782295423.045332
  312.21, -145.10, 4, 1782295423.1743808
  314.24, -145.37, 4, 1782295423.17685
  314.97, -145.47, 4, 1782295423.1790028
  316.90, -145.75, 4, 1782295423.1810634
  318.09, -145.94, 4, 1782295423.1831083
  320.11, -146.29, 4, 1782295423.2147837
  320.92, -146.43, 4, 1782295423.439976
  323.09, -146.79, 4, 1782295423.5665295
  324.60, -147.02, 4, 1782295423.5690982
  327.67, -147.41, 4, 1782295423.5730762
  328.97, -147.54, 4, 1782295423.5752919
  332.20, -147.81, 4, 1782295423.5773127
  334.09, -147.92, 4, 1782295423.6198075
  337.30, -147.97, 4, 1782295423.971677
  338.59, -147.96, 4, 1782295423.9749951
  341.59, -147.92, 4, 1782295423.9772956
  343.21, -147.88, 4, 1782295423.9794092
  345.53, -147.77, 4, 1782295423.9814472
  346.34, -147.74, 4, 1782295423.9833853
  348.19, -147.69, 4, 1782295424.0566583
  349.21, -147.67, 4, 1782295424.252368
  350.51, -147.64, 4, 1782295424.3741667
  351.47, -147.62, 4, 1782295424.3785093
  353.16, -147.60, 4, 1782295424.3810053
  354.06, -147.60, 4, 1782295424.3830166
  355.23, -147.61, 4, 1782295424.4149454
  355.76, -147.61, 4, 1782295424.655706
  357.50, -147.60, 4, 1782295424.7971656
  358.77, -147.59, 4, 1782295424.7997077
  361.11, -147.53, 4, 1782295424.8020887
  362.11, -147.49, 4, 1782295424.805392
  364.65, -147.36, 4, 1782295424.8078134
  366.08, -147.25, 4, 1782295424.8191595
  368.50, -146.93, 4, 1782295425.077923
  369.51, -146.77, 4, 1782295425.2239406
  372.22, -146.30, 4, 1782295425.22603
  374.06, -145.98, 4, 1782295425.2279809
  377.20, -145.40, 4, 1782295425.2298968
  378.33, -145.16, 4, 1782295425.2317579
  380.78, -144.51, 4, 1782295425.253589
  382.24, -144.04, 4, 1782295425.4966736
  384.97, -143.08, 4, 1782295425.6235442
  386.16, -142.64, 4, 1782295425.6257412
  389.21, -141.41, 4, 1782295425.6280234
  390.84, -140.70, 4, 1782295425.6300519
  393.38, -139.53, 4, 1782295425.6321359
  394.36, -139.04, 4, 1782295425.6539185
  396.60, -137.87, 4, 1782295425.9461336
  397.77, -137.22, 4, 1782295426.1077483
  399.54, -136.16, 4, 1782295426.11014
  400.17, -135.77, 4, 1782295426.1123636
  401.54, -134.87, 4, 1782295426.1144676
  402.23, -134.39, 4, 1782295426.1165547
  403.04, -133.77, 4, 1782295426.1196108
  403.66, -133.27, 4, 1782295426.1302626
  404.73, -132.38, 4, 1782295426.5318832
  405.42, -131.77, 4, 1782295426.5382547
  406.65, -130.61, 4, 1782295426.540705
  407.16, -130.08, 4, 1782295426.5428421
  408.79, -128.13, 4, 1782295426.5447876
  409.79, -126.79, 4, 1782295426.5467036
  411.18, -124.73, 4, 1782295426.5777698
  411.68, -123.89, 4, 1782295426.9746256
  412.91, -121.68, 4, 1782295426.9781568
  413.62, -120.35, 4, 1782295426.9806116
  414.84, -118.03, 4, 1782295426.9826293
  415.33, -117.08, 4, 1782295426.9845417
  416.52, -114.70, 4, 1782295426.9878702
  417.26, -113.21, 4, 1782295426.9901536
  418.53, -110.68, 4, 1782295427.2931361
  419.06, -109.64, 4, 1782295427.4429762
  420.50, -106.94, 4, 1782295427.4453187
  421.39, -105.31, 4, 1782295427.4475005
  422.90, -102.50, 4, 1782295427.4496367
  423.51, -101.34, 4, 1782295427.4527717
  425.04, -98.29, 4, 1782295427.741765
  425.99, -96.44, 4, 1782295427.8939931
  427.52, -93.71, 4, 1782295427.8961368
  428.09, -92.73, 4, 1782295427.8981605
  429.50, -90.40, 4, 1782295427.9001217
  430.08, -89.44, 4, 1782295427.9024835
  431.81, -86.62, 4, 1782295427.9045331
  432.39, -85.65, 4, 1782295427.9067621
  433.95, -82.82, 4, 1782295427.9088774
  434.93, -80.89, 4, 1782295427.930122
  436.55, -77.54, 4, 1782295428.2298253
  437.22, -76.11, 4, 1782295428.4003754
  439.02, -72.23, 4, 1782295428.4025238
  440.07, -69.98, 4, 1782295428.4059253
  441.69, -66.44, 4, 1782295428.4080002
  442.27, -65.12, 4, 1782295428.4100301
  443.71, -61.91, 4, 1782295428.4123893
  444.30, -60.67, 4, 1782295428.415434
  446.05, -57.27, 4, 1782295428.7384822
  446.62, -56.21, 4, 1782295429.276999
  448.02, -53.60, 4, 1782295429.4578211
  448.90, -52.00, 4, 1782295429.460455
  450.20, -49.78, 4, 1782295429.463102
  451.27, -48.11, 4, 1782295429.4656224
  453.06, -45.46, 4, 1782295429.4681983
  454.14, -43.91, 4, 1782295429.470501
  455.95, -41.34, 4, 1782295429.4726725
  456.65, -40.37, 4, 1782295429.4747038
  458.39, -38.04, 4, 1782295429.4766507
  459.51, -36.65, 4, 1782295429.7571576
  461.31, -34.55, 4, 1782295429.9190972
  461.97, -33.79, 4, 1782295429.9227087
  463.62, -31.88, 4, 1782295429.924976
  464.58, -30.75, 4, 1782295429.9272776
  465.98, -29.06, 4, 1782295429.929557
  466.45, -28.46, 4, 1782295429.932181
  467.48, -27.12, 4, 1782295429.9344685
  468.04, -26.38, 4, 1782295429.937461
  469.36, -24.73, 4, 1782295429.9396248
  470.03, -23.90, 4, 1782295429.941704
  471.69, -21.84, 4, 1782295429.9438252
  472.70, -20.54, 4, 1782295429.945838
  474.41, -18.33, 4, 1782295429.9478326
  475.11, -17.41, 4, 1782295430.3220224
  476.93, -14.97, 4, 1782295430.511107
  477.98, -13.57, 4, 1782295430.5135868
  479.75, -11.19, 4, 1782295430.5159516
  480.51, -10.18, 4, 1782295430.5193622
  482.52, -7.60, 4, 1782295430.8294158
  483.37, -6.54, 4, 1782295430.9972541
  486.08, -3.36, 4, 1782295430.9994235
  487.07, -2.29, 4, 1782295431.0015798
  489.72, 0.45, 4, 1782295431.0051148
  491.36, 2.08, 4, 1782295431.0073419
  494.04, 4.76, 4, 1782295431.0097537
  495.21, 5.87, 4, 1782295431.0123448
  498.29, 8.58, 4, 1782295431.0154593
  500.12, 10.10, 4, 1782295431.0185177
  503.17, 12.56, 4, 1782295431.0231843
  504.41, 13.53, 4, 1782295431.0259824
  507.63, 15.94, 4, 1782295431.0286088
  508.93, 16.90, 4, 1782295431.3754644
  512.98, 19.80, 4, 1782295431.5501044
  514.31, 20.73, 4, 1782295431.5530293
  517.58, 23.01, 4, 1782295431.555684
  518.86, 23.92, 4, 1782295431.557676
  522.96, 26.64, 4, 1782295431.5595455
  524.33, 27.43, 4, 1782295431.5614355
  527.40, 29.08, 4, 1782295431.5633605
  529.22, 30.01, 4, 1782295431.5657246
  532.34, 31.59, 4, 1782295432.020317
  533.57, 32.18, 4, 1782295433.2172759
  536.58, 33.53, 4, 1782295433.4131649
  538.47, 34.31, 4, 1782295433.415918
  541.74, 35.54, 4, 1782295433.8071892
  543.02, 35.97, 4, 1782295434.5803127
  546.16, 36.97, 4, 1782295434.5841632
  548.03, 37.52, 4, 1782295434.5884328
  550.96, 38.28, 4, 1782295434.9522698
  551.94, 38.48, 4, 1782295435.1375043
  554.14, 38.81, 4, 1782295435.1401489
  555.61, 39.01, 4, 1782295435.1427922
  558.41, 39.35, 4, 1782295435.1453154
  559.62, 39.48, 4, 1782295435.1477768
  562.93, 39.77, 4, 1782295435.1504467
  564.98, 39.87, 4, 1782295435.529285
  568.36, 39.87, 4, 1782295435.7129261
  569.70, 39.83, 4, 1782295435.7151566
  572.95, 39.73, 4, 1782295435.717466
  574.86, 39.70, 4, 1782295435.720779
  577.94, 39.67, 4, 1782295435.7230277
  579.13, 39.65, 4, 1782295435.725309
  581.92, 39.51, 4, 1782295435.7275124
  583.41, 39.38, 4, 1782295436.0995967
  585.41, 39.16, 4, 1782295436.678973
  586.09, 39.07, 4, 1782295437.2843542
  587.42, 38.90, 4, 1782295437.9141493
  587.92, 38.82, 4, 1782295439.1557562
  588.41, 38.74, 4, 1782295439.3428073
  588.53, 38.72, 4, 1782295439.345092
  588.63, 38.70, 4, 1782295439.3470278
  588.61, 38.70, 4, 1782295439.3491774
  588.56, 38.71, 4, 1782295439.3519642
  588.58, 38.71, 4, 1782295439.3547816
  588.67, 38.69, 4, 1782295439.7410471
  588.70, 38.69, 4, 1782295440.999126
  588.71, 38.69, 4, 1782295441.6597714
  588.71, 38.69, 4, 1782295442.2897604
  588.75, 38.68, 4, 1782295442.8785033
  588.75, 38.68, 4, 1782295443.0738044
  588.83, 38.66, 4, 1782295443.0758495
  588.83, 38.66, 4, 1782295443.077784
  588.80, 38.67, 4, 1782295443.5007188
  588.81, 38.67, 4, 1782295443.6957958
  588.71, 38.69, 4, 1782295443.6980295
  588.56, 38.72, 4, 1782295443.7002542
  588.25, 38.78, 4, 1782295444.0990086
  588.12, 38.81, 4, 1782295445.363669
  588.01, 38.83, 4, 1782295445.5602386
  587.94, 38.84, 4, 1782295445.5634582
  587.67, 38.89, 4, 1782295446.0441313
  587.57, 38.90, 4, 1782295447.3849933
  587.31, 38.94, 4, 1782295448.7024734
  587.18, 38.96, 4, 1782295448.9018648
  586.99, 39.00, 4, 1782295449.3591821
  586.94, 39.01, 4, 1782295450.6702158
  586.86, 39.03, 4, 1782295451.3307402
  586.86, 39.03, 4, 1782295452.0271885
  586.95, 39.01, 4, 1782295453.429457
  587.02, 38.99, 4, 1782295454.1260238
  587.15, 38.96, 4, 1782295454.765901
  587.18, 38.95, 4, 1782295455.4368584
  587.20, 38.95, 4, 1782295456.1586688
  587.21, 38.95, 4, 1782295456.8213298
  587.22, 38.94, 4, 1782295457.4944284
  587.21, 38.95, 4, 1782295457.4986663
  587.21, 38.95, 4, 1782295458.2064447
  587.21, 38.95, 4, 1782295458.817649
  587.20, 38.95, 4, 1782295458.8391364
  587.19, 38.95, 4, 1782295459.7619324
  587.25, 38.94, 4, 1782295460.9803128
  587.25, 38.94, 4, 1782295462.4125748
  587.25, 38.94, 4, 1782295463.8718646
  587.25, 38.94, 4, 1782295465.2016919
  587.25, 38.94, 4, 1782295466.5119767
  587.25, 38.94, 4, 1782295467.852422
  587.25, 38.94, 4, 1782295469.2884507
  587.25, 38.94, 4, 1782295470.713777
  587.26, 38.93, 4, 1782295472.1741107
  587.26, 38.93, 4, 1782295473.6062725
  587.26, 38.93, 4, 1782295475.098094
  587.26, 38.93, 4, 1782295476.6228309
  587.26, 38.93, 4, 1782295478.1113296
  587.26, 38.93, 4, 1782295479.4981546
  587.26, 38.93, 4, 1782295481.0510125
  587.26, 38.93, 4, 1782295482.4873593
  587.29, 38.93, 4, 1782295483.95875
  587.33, 38.92, 4, 1782295485.436188
  587.35, 38.92, 4, 1782295486.9577775
  587.34, 38.92, 4, 1782295488.410702
  587.33, 38.92, 4, 1782295489.8538148
  587.33, 38.92, 4, 1782295491.3430655
  587.34, 38.92, 4, 1782295492.9055219
  587.35, 38.92, 4, 1782295494.3553684
  587.33, 38.92, 4, 1782295495.87203
  587.35, 38.92, 4, 1782295497.3851678
  587.41, 38.91, 4, 1782295498.8574836
  587.41, 38.91, 4, 1782295500.4369361
  587.42, 38.90, 4, 1782295501.9896522
  587.42, 38.90, 4, 1782295503.5215685
  587.49, 38.89, 4, 1782295505.104747
  587.50, 38.89, 4, 1782295506.8237557
  587.49, 38.89, 4, 1782295508.5382013
  587.51, 38.89, 4, 1782295510.117536
  587.50, 38.89, 4, 1782295511.6963327
  587.53, 38.88, 4, 1782295513.3186307
  0.00, 0.00, 4, 1782295515.6353014
  0.00, 0.00, 4, 1782295516.3934212
  0.00, 0.00, 4, 1782295517.2397492
  0.00, 0.00, 4, 1782295517.9993775
  0.00, 0.00, 4, 1782295518.7789953
  -0.02, 0.00, 4, 1782295519.5874584
  -0.00, 0.00, 4, 1782295520.351648
  0.13, 0.00, 4, 1782295521.1559525
  0.17, 0.00, 4, 1782295521.967457
  0.06, 0.00, 4, 1782295522.746433
  0.03, 0.00, 4, 1782295523.458405
  0.01, 0.00, 4, 1782295524.2278464
  0.01, 0.00, 4, 1782295524.9649937
  0.02, 0.00, 4, 1782295525.7428548
  0.04, 0.00, 4, 1782295526.5346696
  0.06, 0.00, 4, 1782295527.3151355
  0.07, 0.00, 4, 1782295528.0308437
  0.06, 0.00, 4, 1782295528.812608
  0.05, 0.00, 4, 1782295529.5835114
  -0.00, 0.00, 4, 1782295530.3646638
  -0.00, 0.00, 4, 1782295531.1364224
  -0.00, 0.00, 4, 1782295531.9524858
  0.01, 0.00, 4, 1782295532.7017984
  0.06, 0.00, 4, 1782295533.4656384
  0.09, 0.00, 4, 1782295534.2406435
  0.10, 0.00, 4, 1782295534.9892943
  0.10, 0.00, 4, 1782295535.805414
  0.10, 0.00, 4, 1782295536.6328025
  0.10, 0.00, 4, 1782295537.443461
  0.10, 0.00, 4, 1782295538.2690628
  0.09, 0.00, 4, 1782295538.9652786
  0.09, 0.00, 4, 1782295539.7395587
  0.09, 0.00, 4, 1782295540.5260668
  0.09, 0.00, 4, 1782295541.2325294
  0.10, 0.00, 4, 1782295541.962015
  0.13, 0.00, 4, 1782295542.7249017
  0.16, 0.00, 4, 1782295543.4497075
  0.26, 0.00, 4, 1782295544.203012
  0.30, 0.00, 4, 1782295544.9359357
  0.30, 0.00, 4, 1782295545.689511
  0.30, 0.00, 4, 1782295546.5133367
  0.30, 0.00, 4, 1782295547.2526276
  0.30, 0.00, 4, 1782295547.9772413
  0.30, 0.00, 4, 1782295548.7838867
  0.30, 0.00, 4, 1782295549.5162125
  0.00, 0.00, 4, 1782295550.9621246
  0.00, 0.00, 4, 1782295551.7377956
  0.00, 0.00, 4, 1782295552.4788666
  0.00, 0.00, 4, 1782295553.2183194
  0.00, 0.00, 4, 1782295553.9758394
  0.00, 0.00, 4, 1782295554.79113
  0.00, 0.00, 4, 1782295555.5781655
  0.00, 0.00, 4, 1782295556.3007681
  0.00, 0.00, 4, 1782295557.1293154
  -0.01, 0.00, 4, 1782295557.867567
  -0.02, 0.00, 4, 1782295558.590062
  0.01, 0.00, 4, 1782295559.3071778
  0.04, 0.00, 4, 1782295560.0768812
  0.04, 0.00, 4, 1782295560.965148
  0.04, 0.00, 4, 1782295561.715915
  0.03, 0.00, 4, 1782295562.5084147
  0.01, 0.00, 4, 1782295563.328416
  -0.01, 0.00, 4, 1782295564.1416585
  -0.01, 0.00, 4, 1782295564.9914596
  0.00, 0.00, 4, 1782295565.779669
  0.00, 0.00, 4, 1782295566.573611
  0.00, 0.00, 4, 1782295567.3267417
  0.00, 0.00, 4, 1782295568.0810542
  0.00, 0.00, 4, 1782295568.908294
  0.00, 0.00, 4, 1782295569.7462015
  0.00, 0.00, 4, 1782295570.564123
  0.00, 0.00, 4, 1782295571.379935
  0.00, 0.00, 4, 1782295572.1873386
  0.00, 0.00, 4, 1782295573.0053508
  0.00, 0.00, 4, 1782295573.7629402
  0.00, 0.00, 4, 1782295574.5349839
  0.00, 0.00, 4, 1782295575.3312192
  0.00, 0.00, 4, 1782295576.121846
  0.00, 0.00, 4, 1782295576.9418204
  0.00, 0.00, 4, 1782295577.7135766
  0.00, 0.00, 4, 1782295578.4980998
  0.00, 0.00, 4, 1782295579.2469842
  0.00, 0.00, 4, 1782295579.971314
  0.00, 0.00, 4, 1782295580.7300208
  0.00, 0.00, 4, 1782295581.500443
  0.00, 0.00, 4, 1782295582.297313
  0.00, 0.00, 4, 1782295583.0854938
  0.00, 0.00, 4, 1782295583.8942285
  0.00, 0.00, 4, 1782295584.655926
  0.00, 0.00, 4, 1782295585.394107
  -0.01, 0.00, 4, 1782295586.0853708
  -0.01, 0.00, 4, 1782295586.8023517
  -0.01, 0.00, 4, 1782295587.650152
  -0.01, 0.00, 4, 1782295588.4524202
  -0.01, 0.00, 4, 1782295589.2663662
  -0.01, 0.00, 4, 1782295590.0303767
  -0.01, 0.00, 4, 1782295590.834273
  -0.01, 0.00, 4, 1782295591.6233132
  -0.01, 0.00, 4, 1782295592.424146
  -0.01, 0.00, 4, 1782295593.248105
  0.01, 0.00, 4, 1782295594.0042973

Waypoints (x, y):
  #1: 17.91, -0.20
  #2: 17.91, -0.20
  #3: 17.91, -0.20
  #4: 17.91, -0.20
  #5: 17.91, -0.20
  #6: 17.91, -0.20
  #7: 17.91, -0.20
  #8: 17.91, -0.20
  #9: 17.91, -0.20
  #10: 17.91, -0.20
  #11: 17.91, -0.20
  #12: 17.91, -0.20
  #13: 17.91, -0.20
  #14: 17.91, -0.20
  #15: 17.91, -0.20
  #16: 17.91, -0.20
  #17: 38.12, 0.21
  #18: 38.12, 0.21
  #19: 38.12, 0.21
  #20: 38.12, 0.21
  #21: 38.12, 0.21
  #22: 38.12, 0.21
  #23: 38.12, 0.21
  #24: 38.12, 0.21
  #25: 38.12, 0.21
  #26: 38.12, 0.21
  #27: 38.12, 0.21
  #28: 38.12, 0.21
  #29: 38.12, 0.21
  #30: 38.12, 0.21
  #31: 38.12, 0.21
  #32: 58.29, -0.13
  #33: 58.29, -0.13
  #34: 58.29, -0.13
  #35: 58.29, -0.13
  #36: 58.29, -0.13
  #37: 58.29, -0.13
  #38: 58.29, -0.13
  #39: 58.29, -0.13
  #40: 58.29, -0.13
  #41: 58.29, -0.13
  #42: 58.29, -0.13
  #43: 58.29, -0.13
  #44: 78.32, -1.18
  #45: 78.32, -1.18
  #46: 78.32, -1.18
  #47: 78.32, -1.18
  #48: 78.32, -1.18
  #49: 78.32, -1.18
  #50: 78.32, -1.18
  #51: 78.32, -1.18
  #52: 78.32, -1.18
  #53: 78.32, -1.18
  #54: 78.32, -1.18
  #55: 78.32, -1.18
  #56: 98.13, -5.48
  #57: 98.13, -5.48
  #58: 98.13, -5.48
  #59: 98.13, -5.48
  #60: 98.13, -5.48
  #61: 98.13, -5.48
  #62: 98.13, -5.48
  #63: 98.13, -5.48
  #64: 98.13, -5.48
  #65: 98.13, -5.48
  #66: 98.13, -5.48
  #67: 98.13, -5.48
  #68: 116.52, -13.52
  #69: 116.52, -13.52
  #70: 116.52, -13.52
  #71: 116.52, -13.52
  #72: 116.52, -13.52
  #73: 116.52, -13.52
  #74: 116.52, -13.52
  #75: 116.52, -13.52
  #76: 116.52, -13.52
  #77: 116.52, -13.52
  #78: 133.86, -23.53
  #79: 133.86, -23.53
  #80: 133.86, -23.53
  #81: 133.86, -23.53
  #82: 133.86, -23.53
  #83: 133.86, -23.53
  #84: 133.86, -23.53
  #85: 150.93, -34.04
  #86: 150.93, -34.04
  #87: 150.93, -34.04
  #88: 150.93, -34.04
  #89: 150.93, -34.04
  #90: 150.93, -34.04
  #91: 150.93, -34.04
  #92: 150.93, -34.04
  #93: 150.93, -34.04
  #94: 150.93, -34.04
  #95: 150.93, -34.04
  #96: 167.80, -45.12
  #97: 167.80, -45.12
  #98: 167.80, -45.12
  #99: 167.80, -45.12
  #100: 167.80, -45.12
  #101: 167.80, -45.12
  #102: 167.80, -45.12
  #103: 167.80, -45.12
  #104: 167.80, -45.12
  #105: 185.29, -55.75
  #106: 185.29, -55.75
  #107: 185.29, -55.75
  #108: 185.29, -55.75
  #109: 185.29, -55.75
  #110: 185.29, -55.75
  #111: 185.29, -55.75
  #112: 185.29, -55.75
  #113: 185.29, -55.75
  #114: 201.00, -68.75
  #115: 201.00, -68.75
  #116: 201.00, -68.75
  #117: 201.00, -68.75
  #118: 201.00, -68.75
  #119: 201.00, -68.75
  #120: 201.00, -68.75
  #121: 201.00, -68.75
  #122: 201.00, -68.75
  #123: 201.00, -68.75
  #124: 201.00, -68.75
  #125: 215.71, -82.34
  #126: 215.71, -82.34
  #127: 215.71, -82.34
  #128: 215.71, -82.34
  #129: 215.71, -82.34
  #130: 215.71, -82.34
  #131: 215.71, -82.34
  #132: 215.71, -82.34
  #133: 215.71, -82.34
  #134: 215.71, -82.34
  #135: 215.71, -82.34
  #136: 215.71, -82.34
  #137: 215.71, -82.34
  #138: 215.71, -82.34
  #139: 215.71, -82.34
  #140: 230.75, -95.78
  #141: 230.75, -95.78
  #142: 230.75, -95.78
  #143: 230.75, -95.78
  #144: 230.75, -95.78
  #145: 230.75, -95.78
  #146: 230.75, -95.78
  #147: 230.75, -95.78
  #148: 230.75, -95.78
  #149: 230.75, -95.78
  #150: 230.75, -95.78
  #151: 230.75, -95.78
  #152: 245.21, -109.58
  #153: 245.21, -109.58
  #154: 245.21, -109.58
  #155: 245.21, -109.58
  #156: 245.21, -109.58
  #157: 245.21, -109.58
  #158: 245.21, -109.58
  #159: 245.21, -109.58
  #160: 245.21, -109.58
  #161: 245.21, -109.58
  #162: 245.21, -109.58
  #163: 245.21, -109.58
  #164: 245.21, -109.58
  #165: 245.21, -109.58
  #166: 245.21, -109.58
  #167: 245.21, -109.58
  #168: 245.21, -109.58
  #169: 245.21, -109.58
  #170: 245.21, -109.58
  #171: 245.21, -109.58
  #172: 245.21, -109.58
  #173: 245.21, -109.58
  #174: 260.56, -122.62
  #175: 260.56, -122.62
  #176: 260.56, -122.62
  #177: 260.56, -122.62
  #178: 260.56, -122.62
  #179: 260.56, -122.62
  #180: 260.56, -122.62
  #181: 260.56, -122.62
  #182: 260.56, -122.62
  #183: 260.56, -122.62
  #184: 277.26, -134.24
  #185: 277.26, -134.24
  #186: 277.26, -134.24
  #187: 277.26, -134.24
  #188: 277.26, -134.24
  #189: 277.26, -134.24
  #190: 277.26, -134.24
  #191: 277.26, -134.24
  #192: 277.26, -134.24
  #193: 296.06, -142.62
  #194: 296.06, -142.62
  #195: 296.06, -142.62
  #196: 296.06, -142.62
  #197: 296.06, -142.62
  #198: 296.06, -142.62
  #199: 296.06, -142.62
  #200: 296.06, -142.62
  #201: 296.06, -142.62
  #202: 296.06, -142.62
  #203: 316.11, -145.64
  #204: 316.11, -145.64
  #205: 316.11, -145.64
  #206: 316.11, -145.64
  #207: 316.11, -145.64
  #208: 316.11, -145.64
  #209: 316.11, -145.64
  #210: 316.11, -145.64
  #211: 316.11, -145.64
  #212: 316.11, -145.64
  #213: 336.00, -147.97
  #214: 336.00, -147.97
  #215: 336.00, -147.97
  #216: 336.00, -147.97
  #217: 336.00, -147.97
  #218: 336.00, -147.97
  #219: 336.00, -147.97
  #220: 336.00, -147.97
  #221: 336.00, -147.97
  #222: 336.00, -147.97
  #223: 336.00, -147.97
  #224: 336.00, -147.97
  #225: 336.00, -147.97
  #226: 336.00, -147.97
  #227: 356.06, -147.60
  #228: 356.06, -147.60
  #229: 356.06, -147.60
  #230: 356.06, -147.60
  #231: 356.06, -147.60
  #232: 356.06, -147.60
  #233: 356.06, -147.60
  #234: 356.06, -147.60
  #235: 356.06, -147.60
  #236: 356.06, -147.60
  #237: 375.98, -145.64
  #238: 375.98, -145.64
  #239: 375.98, -145.64
  #240: 375.98, -145.64
  #241: 375.98, -145.64
  #242: 375.98, -145.64
  #243: 375.98, -145.64
  #244: 375.98, -145.64
  #245: 375.98, -145.64
  #246: 375.98, -145.64
  #247: 394.84, -138.80
  #248: 394.84, -138.80
  #249: 394.84, -138.80
  #250: 394.84, -138.80
  #251: 394.84, -138.80
  #252: 394.84, -138.80
  #253: 394.84, -138.80
  #254: 394.84, -138.80
  #255: 394.84, -138.80
  #256: 394.84, -138.80
  #257: 394.84, -138.80
  #258: 394.84, -138.80
  #259: 394.84, -138.80
  #260: 394.84, -138.80
  #261: 410.38, -125.96
  #262: 410.38, -125.96
  #263: 410.38, -125.96
  #264: 410.38, -125.96
  #265: 410.38, -125.96
  #266: 410.38, -125.96
  #267: 410.38, -125.96
  #268: 410.38, -125.96
  #269: 410.38, -125.96
  #270: 410.38, -125.96
  #271: 419.91, -108.04
  #272: 419.91, -108.04
  #273: 419.91, -108.04
  #274: 419.91, -108.04
  #275: 419.91, -108.04
  #276: 419.91, -108.04
  #277: 419.91, -108.04
  #278: 419.91, -108.04
  #279: 429.50, -90.40
  #280: 429.50, -90.40
  #281: 429.50, -90.40
  #282: 429.50, -90.40
  #283: 429.50, -90.40
  #284: 429.50, -90.40
  #285: 429.50, -90.40
  #286: 429.50, -90.40
  #287: 439.02, -72.23
  #288: 439.02, -72.23
  #289: 439.02, -72.23
  #290: 439.02, -72.23
  #291: 439.02, -72.23
  #292: 439.02, -72.23
  #293: 439.02, -72.23
  #294: 439.02, -72.23
  #295: 447.73, -54.12
  #296: 447.73, -54.12
  #297: 447.73, -54.12
  #298: 447.73, -54.12
  #299: 447.73, -54.12
  #300: 447.73, -54.12
  #301: 447.73, -54.12
  #302: 447.73, -54.12
  #303: 447.73, -54.12
  #304: 459.13, -37.11
  #305: 459.13, -37.11
  #306: 459.13, -37.11
  #307: 459.13, -37.11
  #308: 459.13, -37.11
  #309: 459.13, -37.11
  #310: 459.13, -37.11
  #311: 459.13, -37.11
  #312: 459.13, -37.11
  #313: 459.13, -37.11
  #314: 459.13, -37.11
  #315: 459.13, -37.11
  #316: 472.02, -21.42
  #317: 472.02, -21.42
  #318: 472.02, -21.42
  #319: 472.02, -21.42
  #320: 472.02, -21.42
  #321: 472.02, -21.42
  #322: 472.02, -21.42
  #323: 472.02, -21.42
  #324: 472.02, -21.42
  #325: 484.24, -5.47
  #326: 484.24, -5.47
  #327: 484.24, -5.47
  #328: 484.24, -5.47
  #329: 484.24, -5.47
  #330: 484.24, -5.47
  #331: 484.24, -5.47
  #332: 498.91, 9.10
  #333: 498.91, 9.10
  #334: 498.91, 9.10
  #335: 498.91, 9.10
  #336: 498.91, 9.10
  #337: 498.91, 9.10
  #338: 498.91, 9.10
  #339: 514.97, 21.19
  #340: 514.97, 21.19
  #341: 514.97, 21.19
  #342: 514.97, 21.19
  #343: 514.97, 21.19
  #344: 514.97, 21.19
  #345: 532.34, 31.59
  #346: 532.34, 31.59
  #347: 532.34, 31.59
  #348: 532.34, 31.59
  #349: 532.34, 31.59
  #350: 532.34, 31.59
  #351: 532.34, 31.59
  #352: 532.34, 31.59
  #353: 532.34, 31.59
  #354: 551.46, 38.39
  #355: 551.46, 38.39
  #356: 551.46, 38.39
  #357: 551.46, 38.39
  #358: 551.46, 38.39
  #359: 551.46, 38.39
  #360: 551.46, 38.39
  #361: 551.46, 38.39
  #362: 551.46, 38.39
  #363: 571.67, 39.77
  #364: 571.67, 39.77
  #365: 571.67, 39.77
  #366: 571.67, 39.77
  #367: 571.67, 39.77
  #368: 571.67, 39.77
  #369: 571.67, 39.77
  #370: 571.67, 39.77
  #371: 571.67, 39.77
  #372: 571.67, 39.77
  #373: 571.67, 39.77
  #374: 571.67, 39.77
  #375: 571.67, 39.77
  #376: 571.67, 39.77
  #377: 571.67, 39.77
  #378: 571.67, 39.77
  #379: 571.67, 39.77
  #380: 571.67, 39.77
  #381: 571.67, 39.77
  #382: 571.67, 39.77
  #383: 571.67, 39.77
  #384: 571.67, 39.77
  #385: 571.67, 39.77
  #386: 571.67, 39.77
  #387: 571.67, 39.77
  #388: 571.67, 39.77
  #389: 571.67, 39.77
  #390: 571.67, 39.77
  #391: 571.67, 39.77
  #392: 571.67, 39.77
  #393: 571.67, 39.77
  #394: 571.67, 39.77
  #395: 571.67, 39.77
  #396: 571.67, 39.77
  #397: 571.67, 39.77
  #398: 571.67, 39.77
  #399: 571.67, 39.77
  #400: 571.67, 39.77
  #401: 571.67, 39.77
  #402: 571.67, 39.77
  #403: 571.67, 39.77
  #404: 571.67, 39.77
  #405: 571.67, 39.77
  #406: 571.67, 39.77
  #407: 571.67, 39.77
  #408: 571.67, 39.77
  #409: 571.67, 39.77
  #410: 571.67, 39.77
  #411: 571.67, 39.77
  #412: 571.67, 39.77
  #413: 571.67, 39.77
  #414: 571.67, 39.77
  #415: 571.67, 39.77
  #416: 571.67, 39.77
  #417: 571.67, 39.77
  #418: 571.67, 39.77
  #419: 571.67, 39.77
  #420: 571.67, 39.77
  #421: 571.67, 39.77
  #422: 571.67, 39.77
  #423: 571.67, 39.77
  #424: 571.67, 39.77
  #425: 571.67, 39.77
  #426: 571.67, 39.77
  #427: 571.67, 39.77
  #428: 571.67, 39.77
  #429: 571.67, 39.77
  #430: 571.67, 39.77
  #431: 571.67, 39.77
  #432: 571.67, 39.77
  #433: 571.67, 39.77
  #434: 571.67, 39.77
  #435: 571.67, 39.77
  #436: 571.67, 39.77
  #437: 571.67, 39.77
  #438: 571.67, 39.77
  #439: 571.67, 39.77
  #440: 571.67, 39.77
  #441: 571.67, 39.77
  #442: 571.67, 39.77
  #443: 571.67, 39.77
  #444: 571.67, 39.77
  #445: 571.67, 39.77
  #446: 571.67, 39.77
  #447: 571.67, 39.77
  #448: 571.67, 39.77
  #449: 571.67, 39.77
  #450: 571.67, 39.77

Raw Data Log:
  [2026-06-24T18:02:34.692353] I: {'ins_mode': 4, 'realtime_x': 0.0, 'realtime_y': 0.0, 'target_x': 0.0, 'target_y': 0.0, 'yaw_ins': 0.0, 'dis_ins': 0.0}
  [2026-06-24T18:02:34.726185] I: {'ins_mode': 4, 'realtime_x': 0.0, 'realtime_y': 0.0, 'target_x': 0.0, 'target_y': 0.0, 'yaw_ins': 0.0, 'dis_ins': 0.0}
  [2026-06-24T18:02:34.809325] I: {'ins_mode': 4, 'realtime_x': 0.0, 'realtime_y': 0.0, 'target_x': 0.0, 'target_y': 0.0, 'yaw_ins': 0.0, 'dis_ins': 0.0}
  [2026-06-24T18:02:34.840656] I: {'ins_mode': 4, 'realtime_x': 0.0, 'realtime_y': 0.0, 'target_x': 0.0, 'target_y': 0.0, 'yaw_ins': 0.0, 'dis_ins': 0.0}
  [2026-06-24T18:02:34.927808] I: {'ins_mode': 4, 'realtime_x': 0.0, 'realtime_y': 0.0, 'target_x': 0.0, 'target_y': 0.0, 'yaw_ins': 0.0, 'dis_ins': 0.0}
  [2026-06-24T18:02:34.959584] I: {'ins_mode': 4, 'realtime_x': 0.0, 'realtime_y': 0.0, 'target_x': 0.0, 'target_y': 0.0, 'yaw_ins': 0.0, 'dis_ins': 0.0}
  [2026-06-24T18:02:35.043883] I: {'ins_mode': 4, 'realtime_x': 0.0, 'realtime_y': 0.0, 'target_x': 0.0, 'target_y': 0.0, 'yaw_ins': 0.0, 'dis_ins': 0.0}
  [2026-06-24T18:02:35.097481] I: {'ins_mode': 4, 'realtime_x': 0.0, 'realtime_y': 0.0, 'target_x': 0.0, 'target_y': 0.0, 'yaw_ins': 0.0, 'dis_ins': 0.0}
  [2026-06-24T18:02:35.160314] I: {'ins_mode': 4, 'realtime_x': 0.0, 'realtime_y': 0.0, 'target_x': 0.0, 'target_y': 0.0, 'yaw_ins': 0.0, 'dis_ins': 0.0}
  [2026-06-24T18:02:35.202923] I: {'ins_mode': 4, 'realtime_x': 0.0, 'realtime_y': 0.0, 'target_x': 0.0, 'target_y': 0.0, 'yaw_ins': 0.0, 'dis_ins': 0.0}
  [2026-06-24T18:02:35.286937] I: {'ins_mode': 4, 'realtime_x': 0.0, 'realtime_y': 0.0, 'target_x': 0.0, 'target_y': 0.0, 'yaw_ins': 0.0, 'dis_ins': 0.0}
  [2026-06-24T18:02:35.345566] I: {'ins_mode': 4, 'realtime_x': 0.0, 'realtime_y': 0.0, 'target_x': 0.0, 'target_y': 0.0, 'yaw_ins': 0.0, 'dis_ins': 0.0}
  [2026-06-24T18:02:35.408310] I: {'ins_mode': 4, 'realtime_x': 0.0, 'realtime_y': 0.0, 'target_x': 0.0, 'target_y': 0.0, 'yaw_ins': 0.0, 'dis_ins': 0.0}
  [2026-06-24T18:02:35.440183] I: {'ins_mode': 4, 'realtime_x': 0.0, 'realtime_y': 0.0, 'target_x': 0.0, 'target_y': 0.0, 'yaw_ins': 0.0, 'dis_ins': 0.0}
  [2026-06-24T18:02:35.530342] I: {'ins_mode': 4, 'realtime_x': 0.0, 'realtime_y': 0.0, 'target_x': 0.0, 'target_y': 0.0, 'yaw_ins': 0.0, 'dis_ins': 0.0}
  [2026-06-24T18:02:35.562179] I: {'ins_mode': 4, 'realtime_x': 0.0, 'realtime_y': 0.0, 'target_x': 0.0, 'target_y': 0.0, 'yaw_ins': 0.0, 'dis_ins': 0.0}
  [2026-06-24T18:02:35.646061] I: {'ins_mode': 4, 'realtime_x': 0.0, 'realtime_y': 0.0, 'target_x': 0.0, 'target_y': 0.0, 'yaw_ins': 0.0, 'dis_ins': 0.0}
  [2026-06-24T18:02:35.687831] I: {'ins_mode': 4, 'realtime_x': 0.0, 'realtime_y': 0.0, 'target_x': 0.0, 'target_y': 0.0, 'yaw_ins': 0.0, 'dis_ins': 0.0}
  [2026-06-24T18:02:35.776551] I: {'ins_mode': 4, 'realtime_x': 0.0, 'realtime_y': 0.0, 'target_x': 0.0, 'target_y': 0.0, 'yaw_ins': 0.0, 'dis_ins': 0.0}
  [2026-06-24T18:02:35.808107] I: {'ins_mode': 4, 'realtime_x': 0.0, 'realtime_y': 0.0, 'target_x': 0.0, 'target_y': 0.0, 'yaw_ins': 0.0, 'dis_ins': 0.0}
  [2026-06-24T18:02:35.882302] I: {'ins_mode': 4, 'realtime_x': 0.0, 'realtime_y': 0.0, 'target_x': 0.0, 'target_y': 0.0, 'yaw_ins': 0.0, 'dis_ins': 0.0}
  [2026-06-24T18:02:35.925826] I: {'ins_mode': 4, 'realtime_x': 0.0, 'realtime_y': 0.0, 'target_x': 0.0, 'target_y': 0.0, 'yaw_ins': 0.0, 'dis_ins': 0.0}
  [2026-06-24T18:02:36.008596] I: {'ins_mode': 4, 'realtime_x': 0.0, 'realtime_y': 0.0, 'target_x': 0.0, 'target_y': 0.0, 'yaw_ins': 0.0, 'dis_ins': 0.0}
  [2026-06-24T18:02:36.040213] I: {'ins_mode': 4, 'realtime_x': 0.0, 'realtime_y': 0.0, 'target_x': 0.0, 'target_y': 0.0, 'yaw_ins': 0.0, 'dis_ins': 0.0}
  [2026-06-24T18:02:36.124953] I: {'ins_mode': 4, 'realtime_x': 0.0, 'realtime_y': 0.0, 'target_x': 0.0, 'target_y': 0.0, 'yaw_ins': 0.0, 'dis_ins': 0.0}
  [2026-06-24T18:02:36.176905] I: {'ins_mode': 4, 'realtime_x': 0.0, 'realtime_y': 0.0, 'target_x': 0.0, 'target_y': 0.0, 'yaw_ins': 0.0, 'dis_ins': 0.0}
  [2026-06-24T18:02:36.239840] I: {'ins_mode': 4, 'realtime_x': 0.0, 'realtime_y': 0.0, 'target_x': 0.0, 'target_y': 0.0, 'yaw_ins': 0.0, 'dis_ins': 0.0}
  [2026-06-24T18:02:36.282806] I: {'ins_mode': 4, 'realtime_x': 0.0, 'realtime_y': 0.0, 'target_x': 0.0, 'target_y': 0.0, 'yaw_ins': 0.0, 'dis_ins': 0.0}
  [2026-06-24T18:02:36.366718] I: {'ins_mode': 4, 'realtime_x': 0.0, 'realtime_y': 0.0, 'target_x': 0.0, 'target_y': 0.0, 'yaw_ins': 0.0, 'dis_ins': 0.0}
  [2026-06-24T18:02:36.399603] I: {'ins_mode': 4, 'realtime_x': 0.0, 'realtime_y': 0.0, 'target_x': 0.0, 'target_y': 0.0, 'yaw_ins': 0.0, 'dis_ins': 0.0}
  [2026-06-24T18:02:36.483419] I: {'ins_mode': 4, 'realtime_x': 0.0, 'realtime_y': 0.0, 'target_x': 0.0, 'target_y': 0.0, 'yaw_ins': 0.0, 'dis_ins': 0.0}
  [2026-06-24T18:02:36.525006] I: {'ins_mode': 4, 'realtime_x': 0.0, 'realtime_y': 0.0, 'target_x': 0.0, 'target_y': 0.0, 'yaw_ins': 0.0, 'dis_ins': 0.0}
  [2026-06-24T18:02:36.616307] I: {'ins_mode': 4, 'realtime_x': 0.0, 'realtime_y': 0.0, 'target_x': 0.0, 'target_y': 0.0, 'yaw_ins': 0.0, 'dis_ins': 0.0}
  [2026-06-24T18:02:36.645972] I: {'ins_mode': 4, 'realtime_x': 0.0, 'realtime_y': 0.0, 'target_x': 0.0, 'target_y': 0.0, 'yaw_ins': 0.0, 'dis_ins': 0.0}
  [2026-06-24T18:02:36.719480] I: {'ins_mode': 4, 'realtime_x': 0.0, 'realtime_y': 0.0, 'target_x': 0.0, 'target_y': 0.0, 'yaw_ins': 0.0, 'dis_ins': 0.0}
  [2026-06-24T18:02:36.762114] I: {'ins_mode': 4, 'realtime_x': 0.0, 'realtime_y': 0.0, 'target_x': 0.0, 'target_y': 0.0, 'yaw_ins': 0.0, 'dis_ins': 0.0}
  [2026-06-24T18:02:36.862267] I: {'ins_mode': 4, 'realtime_x': 0.0, 'realtime_y': 0.0, 'target_x': 0.0, 'target_y': 0.0, 'yaw_ins': 0.0, 'dis_ins': 0.0}
  [2026-06-24T18:02:36.883625] I: {'ins_mode': 4, 'realtime_x': 0.0, 'realtime_y': 0.0, 'target_x': 0.0, 'target_y': 0.0, 'yaw_ins': 0.0, 'dis_ins': 0.0}
  [2026-06-24T18:02:36.967424] I: {'ins_mode': 4, 'realtime_x': 0.0, 'realtime_y': 0.0, 'target_x': 0.0, 'target_y': 0.0, 'yaw_ins': 0.0, 'dis_ins': 0.0}
  [2026-06-24T18:02:36.999335] I: {'ins_mode': 4, 'realtime_x': 0.0, 'realtime_y': 0.0, 'target_x': 0.0, 'target_y': 0.0, 'yaw_ins': 0.0, 'dis_ins': 0.0}
  [2026-06-24T18:02:37.086866] I: {'ins_mode': 4, 'realtime_x': 0.0, 'realtime_y': 0.0, 'target_x': 0.0, 'target_y': 0.0, 'yaw_ins': 0.0, 'dis_ins': 0.0}
  [2026-06-24T18:02:37.120034] I: {'ins_mode': 4, 'realtime_x': 0.0, 'realtime_y': 0.0, 'target_x': 0.0, 'target_y': 0.0, 'yaw_ins': 0.0, 'dis_ins': 0.0}
  [2026-06-24T18:02:37.204237] I: {'ins_mode': 4, 'realtime_x': 0.0, 'realtime_y': 0.0, 'target_x': 0.0, 'target_y': 0.0, 'yaw_ins': 0.0, 'dis_ins': 0.0}
  [2026-06-24T18:02:37.257200] I: {'ins_mode': 4, 'realtime_x': 0.0, 'realtime_y': 0.0, 'target_x': 0.0, 'target_y': 0.0, 'yaw_ins': 0.0, 'dis_ins': 0.0}
  [2026-06-24T18:02:37.320795] I: {'ins_mode': 4, 'realtime_x': 0.0, 'realtime_y': 0.0, 'target_x': 0.0, 'target_y': 0.0, 'yaw_ins': 0.0, 'dis_ins': 0.0}
  [2026-06-24T18:02:37.363462] I: {'ins_mode': 4, 'realtime_x': 0.0, 'realtime_y': 0.0, 'target_x': 0.0, 'target_y': 0.0, 'yaw_ins': 0.0, 'dis_ins': 0.0}
  [2026-06-24T18:02:37.448909] I: {'ins_mode': 4, 'realtime_x': 0.0, 'realtime_y': 0.0, 'target_x': 0.0, 'target_y': 0.0, 'yaw_ins': 0.0, 'dis_ins': 0.0}
  [2026-06-24T18:02:37.498203] I: {'ins_mode': 4, 'realtime_x': 0.0, 'realtime_y': 0.0, 'target_x': 0.0, 'target_y': 0.0, 'yaw_ins': 0.0, 'dis_ins': 0.0}
  [2026-06-24T18:02:37.561227] I: {'ins_mode': 4, 'realtime_x': 0.0, 'realtime_y': 0.0, 'target_x': 0.0, 'target_y': 0.0, 'yaw_ins': 0.0, 'dis_ins': 0.0}
  [2026-06-24T18:02:37.603670] I: {'ins_mode': 4, 'realtime_x': 0.0, 'realtime_y': 0.0, 'target_x': 0.0, 'target_y': 0.0, 'yaw_ins': 0.0, 'dis_ins': 0.0}
  [2026-06-24T18:02:37.711997] I: {'ins_mode': 4, 'realtime_x': 0.0, 'realtime_y': 0.0, 'target_x': 0.0, 'target_y': 0.0, 'yaw_ins': 0.0, 'dis_ins': 0.0}
  [2026-06-24T18:02:37.724290] I: {'ins_mode': 4, 'realtime_x': 0.0, 'realtime_y': 0.0, 'target_x': 0.0, 'target_y': 0.0, 'yaw_ins': 0.0, 'dis_ins': 0.0}
  [2026-06-24T18:02:37.809329] I: {'ins_mode': 4, 'realtime_x': 0.0, 'realtime_y': 0.0, 'target_x': 0.0, 'target_y': 0.0, 'yaw_ins': 0.0, 'dis_ins': 0.0}
  [2026-06-24T18:02:37.844350] I: {'ins_mode': 4, 'realtime_x': 0.0, 'realtime_y': 0.0, 'target_x': 0.0, 'target_y': 0.0, 'yaw_ins': 0.0, 'dis_ins': 0.0}
  [2026-06-24T18:02:37.929544] I: {'ins_mode': 4, 'realtime_x': 0.0, 'realtime_y': 0.0, 'target_x': 0.0, 'target_y': 0.0, 'yaw_ins': 0.0, 'dis_ins': 0.0}
  [2026-06-24T18:02:37.961036] I: {'ins_mode': 4, 'realtime_x': 0.0, 'realtime_y': 0.0, 'target_x': 0.0, 'target_y': 0.0, 'yaw_ins': 0.0, 'dis_ins': 0.0}
  [2026-06-24T18:02:38.045129] I: {'ins_mode': 4, 'realtime_x': 0.0, 'realtime_y': 0.0, 'target_x': 0.0, 'target_y': 0.0, 'yaw_ins': 0.0, 'dis_ins': 0.0}
  [2026-06-24T18:02:38.087351] I: {'ins_mode': 4, 'realtime_x': 0.0, 'realtime_y': 0.0, 'target_x': 0.0, 'target_y': 0.0, 'yaw_ins': 0.0, 'dis_ins': 0.0}
  [2026-06-24T18:02:38.164418] I: {'ins_mode': 4, 'realtime_x': 0.0, 'realtime_y': 0.0, 'target_x': 0.0, 'target_y': 0.0, 'yaw_ins': 0.0, 'dis_ins': 0.0}
  [2026-06-24T18:02:38.206393] I: {'ins_mode': 4, 'realtime_x': 0.0, 'realtime_y': 0.0, 'target_x': 0.0, 'target_y': 0.0, 'yaw_ins': 0.0, 'dis_ins': 0.0}
  [2026-06-24T18:02:38.280661] I: {'ins_mode': 4, 'realtime_x': 0.0, 'realtime_y': 0.0, 'target_x': 0.0, 'target_y': 0.0, 'yaw_ins': 0.0, 'dis_ins': 0.0}
  [2026-06-24T18:02:38.333029] I: {'ins_mode': 4, 'realtime_x': 0.0, 'realtime_y': 0.0, 'target_x': 0.0, 'target_y': 0.0, 'yaw_ins': 0.0, 'dis_ins': 0.0}
  [2026-06-24T18:02:38.406837] I: {'ins_mode': 4, 'realtime_x': 0.0, 'realtime_y': 0.0, 'target_x': 0.0, 'target_y': 0.0, 'yaw_ins': 0.0, 'dis_ins': 0.0}
  [2026-06-24T18:02:38.439253] I: {'ins_mode': 4, 'realtime_x': 0.0, 'realtime_y': 0.0, 'target_x': 0.0, 'target_y': 0.0, 'yaw_ins': 0.0, 'dis_ins': 0.0}
  [2026-06-24T18:02:38.522642] I: {'ins_mode': 4, 'realtime_x': 0.0, 'realtime_y': 0.0, 'target_x': 0.0, 'target_y': 0.0, 'yaw_ins': 0.0, 'dis_ins': 0.0}
  [2026-06-24T18:02:38.575523] I: {'ins_mode': 4, 'realtime_x': 0.0, 'realtime_y': 0.0, 'target_x': 0.0, 'target_y': 0.0, 'yaw_ins': 0.0, 'dis_ins': 0.0}
  [2026-06-24T18:02:38.648346] I: {'ins_mode': 4, 'realtime_x': 0.0, 'realtime_y': 0.0, 'target_x': 0.0, 'target_y': 0.0, 'yaw_ins': 0.0, 'dis_ins': 0.0}
  [2026-06-24T18:02:38.680089] I: {'ins_mode': 4, 'realtime_x': 0.0, 'realtime_y': 0.0, 'target_x': 0.0, 'target_y': 0.0, 'yaw_ins': 0.0, 'dis_ins': 0.0}
  [2026-06-24T18:02:38.765455] I: {'ins_mode': 4, 'realtime_x': 0.0, 'realtime_y': 0.0, 'target_x': 0.0, 'target_y': 0.0, 'yaw_ins': 0.0, 'dis_ins': 0.0}
  [2026-06-24T18:02:38.807965] I: {'ins_mode': 4, 'realtime_x': 0.01, 'realtime_y': 0.0, 'target_x': 0.0, 'target_y': 0.0, 'yaw_ins': 0.0, 'dis_ins': 0.0}
  [2026-06-24T18:02:38.880992] I: {'ins_mode': 4, 'realtime_x': 0.28, 'realtime_y': 0.05, 'target_x': 0.0, 'target_y': 0.0, 'yaw_ins': 0.0, 'dis_ins': 0.0}
  [2026-06-24T18:02:38.923915] I: {'ins_mode': 4, 'realtime_x': 0.44, 'realtime_y': 0.08, 'target_x': 0.0, 'target_y': 0.0, 'yaw_ins': 0.0, 'dis_ins': 0.0}
  [2026-06-24T18:02:39.012790] I: {'ins_mode': 4, 'realtime_x': 1.46, 'realtime_y': 0.25, 'target_x': 0.0, 'target_y': 0.0, 'yaw_ins': 0.0, 'dis_ins': 0.0}
  [2026-06-24T18:02:39.044548] I: {'ins_mode': 4, 'realtime_x': 2.48, 'realtime_y': 0.4, 'target_x': 0.0, 'target_y': 0.0, 'yaw_ins': 0.0, 'dis_ins': 0.0}
  [2026-06-24T18:02:39.129731] I: {'ins_mode': 4, 'realtime_x': 4.08, 'realtime_y': 0.62, 'target_x': 0.0, 'target_y': 0.0, 'yaw_ins': 0.0, 'dis_ins': 0.0}
  [2026-06-24T18:02:39.161597] I: {'ins_mode': 4, 'realtime_x': 4.57, 'realtime_y': 0.69, 'target_x': 0.0, 'target_y': 0.0, 'yaw_ins': 0.0, 'dis_ins': 0.0}
  [2026-06-24T18:02:39.246971] I: {'ins_mode': 4, 'realtime_x': 4.84, 'realtime_y': 0.72, 'target_x': 0.0, 'target_y': 0.0, 'yaw_ins': 0.0, 'dis_ins': 0.0}
  [2026-06-24T18:02:39.290287] I: {'ins_mode': 4, 'realtime_x': 4.6, 'realtime_y': 0.7, 'target_x': 0.0, 'target_y': 0.0, 'yaw_ins': 0.0, 'dis_ins': 0.0}
  [2026-06-24T18:02:39.364922] I: {'ins_mode': 4, 'realtime_x': 4.07, 'realtime_y': 0.63, 'target_x': 0.0, 'target_y': 0.0, 'yaw_ins': 0.0, 'dis_ins': 0.0}
  [2026-06-24T18:02:39.450020] I: {'ins_mode': 4, 'realtime_x': 3.81, 'realtime_y': 0.59, 'target_x': 0.0, 'target_y': 0.0, 'yaw_ins': 0.0, 'dis_ins': 0.0}
  [2026-06-24T18:02:39.481862] I: {'ins_mode': 4, 'realtime_x': 3.56, 'realtime_y': 0.56, 'target_x': 0.0, 'target_y': 0.0, 'yaw_ins': 0.0, 'dis_ins': 0.0}
  [2026-06-24T18:02:39.525774] I: {'ins_mode': 4, 'realtime_x': 3.55, 'realtime_y': 0.55, 'target_x': 0.0, 'target_y': 0.0, 'yaw_ins': 0.0, 'dis_ins': 0.0}
  [2026-06-24T18:02:39.599584] I: {'ins_mode': 4, 'realtime_x': 3.54, 'realtime_y': 0.55, 'target_x': 0.0, 'target_y': 0.0, 'yaw_ins': 0.0, 'dis_ins': 0.0}
  [2026-06-24T18:02:39.661222] I: {'ins_mode': 4, 'realtime_x': 3.54, 'realtime_y': 0.55, 'target_x': 0.0, 'target_y': 0.0, 'yaw_ins': 0.0, 'dis_ins': 0.0}
  [2026-06-24T18:02:39.723766] I: {'ins_mode': 4, 'realtime_x': 3.54, 'realtime_y': 0.55, 'target_x': 0.0, 'target_y': 0.0, 'yaw_ins': 0.0, 'dis_ins': 0.0}
  [2026-06-24T18:02:39.766601] I: {'ins_mode': 4, 'realtime_x': 3.58, 'realtime_y': 0.56, 'target_x': 0.0, 'target_y': 0.0, 'yaw_ins': 0.0, 'dis_ins': 0.0}
  [2026-06-24T18:02:39.846304] I: {'ins_mode': 4, 'realtime_x': 3.61, 'realtime_y': 0.56, 'target_x': 0.0, 'target_y': 0.0, 'yaw_ins': 0.0, 'dis_ins': 0.0}
  [2026-06-24T18:02:39.887788] I: {'ins_mode': 4, 'realtime_x': 3.61, 'realtime_y': 0.56, 'target_x': 0.0, 'target_y': 0.0, 'yaw_ins': 0.0, 'dis_ins': 0.0}
  [2026-06-24T18:02:39.962023] I: {'ins_mode': 4, 'realtime_x': 3.59, 'realtime_y': 0.56, 'target_x': 0.0, 'target_y': 0.0, 'yaw_ins': 0.0, 'dis_ins': 0.0}
  [2026-06-24T18:02:40.004835] I: {'ins_mode': 4, 'realtime_x': 3.6, 'realtime_y': 0.56, 'target_x': 0.0, 'target_y': 0.0, 'yaw_ins': 0.0, 'dis_ins': 0.0}
  [2026-06-24T18:02:40.081958] I: {'ins_mode': 4, 'realtime_x': 3.61, 'realtime_y': 0.56, 'target_x': 0.0, 'target_y': 0.0, 'yaw_ins': 0.0, 'dis_ins': 0.0}
  [2026-06-24T18:02:40.123897] I: {'ins_mode': 4, 'realtime_x': 3.61, 'realtime_y': 0.56, 'target_x': 0.0, 'target_y': 0.0, 'yaw_ins': 0.0, 'dis_ins': 0.0}
  [2026-06-24T18:02:40.207298] I: {'ins_mode': 4, 'realtime_x': 3.61, 'realtime_y': 0.56, 'target_x': 0.0, 'target_y': 0.0, 'yaw_ins': 0.0, 'dis_ins': 0.0}
  [2026-06-24T18:02:40.238587] I: {'ins_mode': 4, 'realtime_x': 3.61, 'realtime_y': 0.56, 'target_x': 0.0, 'target_y': 0.0, 'yaw_ins': 0.0, 'dis_ins': 0.0}
  [2026-06-24T18:02:40.319491] I: {'ins_mode': 4, 'realtime_x': 3.61, 'realtime_y': 0.56, 'target_x': 0.0, 'target_y': 0.0, 'yaw_ins': 0.0, 'dis_ins': 0.0}
  [2026-06-24T18:02:40.362695] I: {'ins_mode': 4, 'realtime_x': 3.61, 'realtime_y': 0.56, 'target_x': 0.0, 'target_y': 0.0, 'yaw_ins': 0.0, 'dis_ins': 0.0}
  [2026-06-24T18:02:40.445692] I: {'ins_mode': 4, 'realtime_x': 3.61, 'realtime_y': 0.56, 'target_x': 0.0, 'target_y': 0.0, 'yaw_ins': 0.0, 'dis_ins': 0.0}
  [2026-06-24T18:02:40.492356] I: {'ins_mode': 4, 'realtime_x': 3.61, 'realtime_y': 0.56, 'target_x': 0.0, 'target_y': 0.0, 'yaw_ins': 0.0, 'dis_ins': 0.0}
  [2026-06-24T18:02:40.566687] I: {'ins_mode': 4, 'realtime_x': 3.61, 'realtime_y': 0.56, 'target_x': 0.0, 'target_y': 0.0, 'yaw_ins': 0.0, 'dis_ins': 0.0}
  [2026-06-24T18:02:40.608642] I: {'ins_mode': 4, 'realtime_x': 3.61, 'realtime_y': 0.56, 'target_x': 0.0, 'target_y': 0.0, 'yaw_ins': 0.0, 'dis_ins': 0.0}
  [2026-06-24T18:02:40.681892] I: {'ins_mode': 4, 'realtime_x': 3.61, 'realtime_y': 0.56, 'target_x': 0.0, 'target_y': 0.0, 'yaw_ins': 0.0, 'dis_ins': 0.0}
  [2026-06-24T18:02:40.739757] I: {'ins_mode': 4, 'realtime_x': 3.61, 'realtime_y': 0.56, 'target_x': 0.0, 'target_y': 0.0, 'yaw_ins': 0.0, 'dis_ins': 0.0}
  [2026-06-24T18:02:40.802589] I: {'ins_mode': 4, 'realtime_x': 3.61, 'realtime_y': 0.56, 'target_x': 0.0, 'target_y': 0.0, 'yaw_ins': 0.0, 'dis_ins': 0.0}
  [2026-06-24T18:02:40.844867] I: {'ins_mode': 4, 'realtime_x': 3.61, 'realtime_y': 0.56, 'target_x': 0.0, 'target_y': 0.0, 'yaw_ins': 0.0, 'dis_ins': 0.0}
  [2026-06-24T18:02:40.961452] I: {'ins_mode': 4, 'realtime_x': 3.61, 'realtime_y': 0.56, 'target_x': 0.0, 'target_y': 0.0, 'yaw_ins': 0.0, 'dis_ins': 0.0}
  [2026-06-24T18:02:40.961703] I: {'ins_mode': 4, 'realtime_x': 3.61, 'realtime_y': 0.56, 'target_x': 0.0, 'target_y': 0.0, 'yaw_ins': 0.0, 'dis_ins': 0.0}
  [2026-06-24T18:02:41.044801] I: {'ins_mode': 4, 'realtime_x': 3.61, 'realtime_y': 0.56, 'target_x': 0.0, 'target_y': 0.0, 'yaw_ins': 0.0, 'dis_ins': 0.0}
  [2026-06-24T18:02:41.087303] I: {'ins_mode': 4, 'realtime_x': 3.61, 'realtime_y': 0.56, 'target_x': 0.0, 'target_y': 0.0, 'yaw_ins': 0.0, 'dis_ins': 0.0}
  [2026-06-24T18:02:41.180669] I: {'ins_mode': 4, 'realtime_x': 3.61, 'realtime_y': 0.56, 'target_x': 0.0, 'target_y': 0.0, 'yaw_ins': 0.0, 'dis_ins': 0.0}
  [2026-06-24T18:02:41.202101] I: {'ins_mode': 4, 'realtime_x': 3.61, 'realtime_y': 0.56, 'target_x': 0.0, 'target_y': 0.0, 'yaw_ins': 0.0, 'dis_ins': 0.0}
  [2026-06-24T18:02:41.286578] I: {'ins_mode': 4, 'realtime_x': 3.61, 'realtime_y': 0.56, 'target_x': 0.0, 'target_y': 0.0, 'yaw_ins': 0.0, 'dis_ins': 0.0}
  [2026-06-24T18:02:41.328829] I: {'ins_mode': 4, 'realtime_x': 3.61, 'realtime_y': 0.56, 'target_x': 0.0, 'target_y': 0.0, 'yaw_ins': 0.0, 'dis_ins': 0.0}
  [2026-06-24T18:02:41.408294] I: {'ins_mode': 4, 'realtime_x': 3.61, 'realtime_y': 0.56, 'target_x': 0.0, 'target_y': 0.0, 'yaw_ins': 0.0, 'dis_ins': 0.0}
  [2026-06-24T18:02:41.439472] I: {'ins_mode': 4, 'realtime_x': 3.61, 'realtime_y': 0.56, 'target_x': 0.0, 'target_y': 0.0, 'yaw_ins': 0.0, 'dis_ins': 0.0}
  [2026-06-24T18:02:41.522856] I: {'ins_mode': 4, 'realtime_x': 3.61, 'realtime_y': 0.56, 'target_x': 0.0, 'target_y': 0.0, 'yaw_ins': 0.0, 'dis_ins': 0.0}
  [2026-06-24T18:02:41.565098] I: {'ins_mode': 4, 'realtime_x': 3.61, 'realtime_y': 0.56, 'target_x': 0.0, 'target_y': 0.0, 'yaw_ins': 0.0, 'dis_ins': 0.0}
  [2026-06-24T18:02:41.645184] I: {'ins_mode': 4, 'realtime_x': 3.61, 'realtime_y': 0.56, 'target_x': 0.0, 'target_y': 0.0, 'yaw_ins': 0.0, 'dis_ins': 0.0}
  [2026-06-24T18:02:41.687538] I: {'ins_mode': 4, 'realtime_x': 3.61, 'realtime_y': 0.56, 'target_x': 0.0, 'target_y': 0.0, 'yaw_ins': 0.0, 'dis_ins': 0.0}
  [2026-06-24T18:02:41.761798] I: {'ins_mode': 4, 'realtime_x': 3.61, 'realtime_y': 0.56, 'target_x': 0.0, 'target_y': 0.0, 'yaw_ins': 0.0, 'dis_ins': 0.0}
  [2026-06-24T18:02:41.801468] I: {'ins_mode': 4, 'realtime_x': 3.61, 'realtime_y': 0.56, 'target_x': 0.0, 'target_y': 0.0, 'yaw_ins': 0.0, 'dis_ins': 0.0}
  [2026-06-24T18:02:41.886590] I: {'ins_mode': 4, 'realtime_x': 3.61, 'realtime_y': 0.56, 'target_x': 0.0, 'target_y': 0.0, 'yaw_ins': 0.0, 'dis_ins': 0.0}
  [2026-06-24T18:02:41.918846] I: {'ins_mode': 4, 'realtime_x': 3.61, 'realtime_y': 0.56, 'target_x': 0.0, 'target_y': 0.0, 'yaw_ins': 0.0, 'dis_ins': 0.0}
  [2026-06-24T18:02:42.012942] I: {'ins_mode': 4, 'realtime_x': 3.61, 'realtime_y': 0.56, 'target_x': 0.0, 'target_y': 0.0, 'yaw_ins': 0.0, 'dis_ins': 0.0}
  [2026-06-24T18:02:42.042628] I: {'ins_mode': 4, 'realtime_x': 3.61, 'realtime_y': 0.56, 'target_x': 0.0, 'target_y': 0.0, 'yaw_ins': 0.0, 'dis_ins': 0.0}
  [2026-06-24T18:02:42.127214] I: {'ins_mode': 4, 'realtime_x': 3.61, 'realtime_y': 0.56, 'target_x': 0.0, 'target_y': 0.0, 'yaw_ins': 0.0, 'dis_ins': 0.0}
  [2026-06-24T18:02:42.159660] I: {'ins_mode': 4, 'realtime_x': 3.61, 'realtime_y': 0.56, 'target_x': 0.0, 'target_y': 0.0, 'yaw_ins': 0.0, 'dis_ins': 0.0}
  [2026-06-24T18:02:42.263321] I: {'ins_mode': 4, 'realtime_x': 3.61, 'realtime_y': 0.56, 'target_x': 0.0, 'target_y': 0.0, 'yaw_ins': 0.0, 'dis_ins': 0.0}
  [2026-06-24T18:02:42.284443] I: {'ins_mode': 4, 'realtime_x': 3.61, 'realtime_y': 0.56, 'target_x': 0.0, 'target_y': 0.0, 'yaw_ins': 0.0, 'dis_ins': 0.0}
  [2026-06-24T18:02:42.369320] I: {'ins_mode': 4, 'realtime_x': 3.61, 'realtime_y': 0.56, 'target_x': 0.0, 'target_y': 0.0, 'yaw_ins': 0.0, 'dis_ins': 0.0}
  [2026-06-24T18:02:42.401317] I: {'ins_mode': 4, 'realtime_x': 3.61, 'realtime_y': 0.56, 'target_x': 0.0, 'target_y': 0.0, 'yaw_ins': 0.0, 'dis_ins': 0.0}
  [2026-06-24T18:02:42.482529] I: {'ins_mode': 4, 'realtime_x': 3.61, 'realtime_y': 0.56, 'target_x': 0.0, 'target_y': 0.0, 'yaw_ins': 0.0, 'dis_ins': 0.0}
  [2026-06-24T18:02:42.524792] I: {'ins_mode': 4, 'realtime_x': 3.61, 'realtime_y': 0.56, 'target_x': 0.0, 'target_y': 0.0, 'yaw_ins': 0.0, 'dis_ins': 0.0}
  [2026-06-24T18:02:42.611070] I: {'ins_mode': 4, 'realtime_x': 3.61, 'realtime_y': 0.56, 'target_x': 0.0, 'target_y': 0.0, 'yaw_ins': 0.0, 'dis_ins': 0.0}
  [2026-06-24T18:02:42.642539] I: {'ins_mode': 4, 'realtime_x': 3.61, 'realtime_y': 0.56, 'target_x': 0.0, 'target_y': 0.0, 'yaw_ins': 0.0, 'dis_ins': 0.0}
  [2026-06-24T18:02:42.719300] I: {'ins_mode': 4, 'realtime_x': 3.61, 'realtime_y': 0.56, 'target_x': 0.0, 'target_y': 0.0, 'yaw_ins': 0.0, 'dis_ins': 0.0}
  [2026-06-24T18:02:42.761773] I: {'ins_mode': 4, 'realtime_x': 3.61, 'realtime_y': 0.56, 'target_x': 0.0, 'target_y': 0.0, 'yaw_ins': 0.0, 'dis_ins': 0.0}
  [2026-06-24T18:02:42.846697] I: {'ins_mode': 4, 'realtime_x': 3.61, 'realtime_y': 0.56, 'target_x': 0.0, 'target_y': 0.0, 'yaw_ins': 0.0, 'dis_ins': 0.0}
  [2026-06-24T18:02:42.912108] I: {'ins_mode': 4, 'realtime_x': 3.61, 'realtime_y': 0.56, 'target_x': 0.0, 'target_y': 0.0, 'yaw_ins': 0.0, 'dis_ins': 0.0}
  [2026-06-24T18:02:42.965072] I: {'ins_mode': 4, 'realtime_x': 3.61, 'realtime_y': 0.56, 'target_x': 0.0, 'target_y': 0.0, 'yaw_ins': 0.0, 'dis_ins': 0.0}
  [2026-06-24T18:02:43.010274] I: {'ins_mode': 4, 'realtime_x': 3.61, 'realtime_y': 0.56, 'target_x': 0.0, 'target_y': 0.0, 'yaw_ins': 0.0, 'dis_ins': 0.0}
  [2026-06-24T18:02:43.096924] I: {'ins_mode': 4, 'realtime_x': 3.61, 'realtime_y': 0.56, 'target_x': 0.0, 'target_y': 0.0, 'yaw_ins': 0.0, 'dis_ins': 0.0}
  [2026-06-24T18:02:43.129976] I: {'ins_mode': 4, 'realtime_x': 3.61, 'realtime_y': 0.56, 'target_x': 0.0, 'target_y': 0.0, 'yaw_ins': 0.0, 'dis_ins': 0.0}
  [2026-06-24T18:02:43.204175] I: {'ins_mode': 4, 'realtime_x': 3.61, 'realtime_y': 0.56, 'target_x': 0.0, 'target_y': 0.0, 'yaw_ins': 0.0, 'dis_ins': 0.0}
  [2026-06-24T18:02:43.246735] I: {'ins_mode': 4, 'realtime_x': 3.61, 'realtime_y': 0.56, 'target_x': 0.0, 'target_y': 0.0, 'yaw_ins': 0.0, 'dis_ins': 0.0}
  [2026-06-24T18:02:43.346492] I: {'ins_mode': 4, 'realtime_x': 3.61, 'realtime_y': 0.56, 'target_x': 0.0, 'target_y': 0.0, 'yaw_ins': 0.0, 'dis_ins': 0.0}
  [2026-06-24T18:02:43.367545] I: {'ins_mode': 4, 'realtime_x': 3.61, 'realtime_y': 0.56, 'target_x': 0.0, 'target_y': 0.0, 'yaw_ins': 0.0, 'dis_ins': 0.0}
  [2026-06-24T18:02:43.440878] I: {'ins_mode': 4, 'realtime_x': 3.61, 'realtime_y': 0.56, 'target_x': 0.0, 'target_y': 0.0, 'yaw_ins': 0.0, 'dis_ins': 0.0}
  [2026-06-24T18:02:43.484325] I: {'ins_mode': 4, 'realtime_x': 3.61, 'realtime_y': 0.56, 'target_x': 0.0, 'target_y': 0.0, 'yaw_ins': 0.0, 'dis_ins': 0.0}
  [2026-06-24T18:02:43.568204] I: {'ins_mode': 4, 'realtime_x': 3.61, 'realtime_y': 0.56, 'target_x': 0.0, 'target_y': 0.0, 'yaw_ins': 0.0, 'dis_ins': 0.0}
  [2026-06-24T18:02:43.600070] I: {'ins_mode': 4, 'realtime_x': 3.61, 'realtime_y': 0.56, 'target_x': 0.0, 'target_y': 0.0, 'yaw_ins': 0.0, 'dis_ins': 0.0}
  [2026-06-24T18:02:43.684132] I: {'ins_mode': 4, 'realtime_x': 3.61, 'realtime_y': 0.56, 'target_x': 0.0, 'target_y': 0.0, 'yaw_ins': 0.0, 'dis_ins': 0.0}
  [2026-06-24T18:02:43.727840] I: {'ins_mode': 4, 'realtime_x': 3.61, 'realtime_y': 0.56, 'target_x': 0.0, 'target_y': 0.0, 'yaw_ins': 0.0, 'dis_ins': 0.0}
  [2026-06-24T18:02:43.804648] I: {'ins_mode': 4, 'realtime_x': 3.61, 'realtime_y': 0.56, 'target_x': 0.0, 'target_y': 0.0, 'yaw_ins': 0.0, 'dis_ins': 0.0}
  [2026-06-24T18:02:43.846412] I: {'ins_mode': 4, 'realtime_x': 3.61, 'realtime_y': 0.56, 'target_x': 0.0, 'target_y': 0.0, 'yaw_ins': 0.0, 'dis_ins': 0.0}
  [2026-06-24T18:02:43.920102] I: {'ins_mode': 4, 'realtime_x': 3.61, 'realtime_y': 0.56, 'target_x': 0.0, 'target_y': 0.0, 'yaw_ins': 0.0, 'dis_ins': 0.0}
  [2026-06-24T18:02:43.993303] I: {'ins_mode': 4, 'realtime_x': 3.61, 'realtime_y': 0.56, 'target_x': 0.0, 'target_y': 0.0, 'yaw_ins': 0.0, 'dis_ins': 0.0}
  [2026-06-24T18:02:44.045450] I: {'ins_mode': 4, 'realtime_x': 3.61, 'realtime_y': 0.56, 'target_x': 0.0, 'target_y': 0.0, 'yaw_ins': 0.0, 'dis_ins': 0.0}
  [2026-06-24T18:02:44.088079] I: {'ins_mode': 4, 'realtime_x': 3.61, 'realtime_y': 0.56, 'target_x': 0.0, 'target_y': 0.0, 'yaw_ins': 0.0, 'dis_ins': 0.0}
  [2026-06-24T18:02:44.162628] I: {'ins_mode': 4, 'realtime_x': 3.61, 'realtime_y': 0.56, 'target_x': 0.0, 'target_y': 0.0, 'yaw_ins': 0.0, 'dis_ins': 0.0}
  [2026-06-24T18:02:44.213545] I: {'ins_mode': 4, 'realtime_x': 3.61, 'realtime_y': 0.56, 'target_x': 0.0, 'target_y': 0.0, 'yaw_ins': 0.0, 'dis_ins': 0.0}
  [2026-06-24T18:02:44.286813] I: {'ins_mode': 4, 'realtime_x': 3.61, 'realtime_y': 0.56, 'target_x': 0.0, 'target_y': 0.0, 'yaw_ins': 0.0, 'dis_ins': 0.0}
  [2026-06-24T18:02:44.328184] I: {'ins_mode': 4, 'realtime_x': 3.61, 'realtime_y': 0.56, 'target_x': 0.0, 'target_y': 0.0, 'yaw_ins': 0.0, 'dis_ins': 0.0}
  [2026-06-24T18:02:44.403197] I: {'ins_mode': 4, 'realtime_x': 3.61, 'realtime_y': 0.56, 'target_x': 0.0, 'target_y': 0.0, 'yaw_ins': 0.0, 'dis_ins': 0.0}
  [2026-06-24T18:02:44.445067] I: {'ins_mode': 4, 'realtime_x': 3.61, 'realtime_y': 0.56, 'target_x': 0.0, 'target_y': 0.0, 'yaw_ins': 0.0, 'dis_ins': 0.0}
  [2026-06-24T18:02:44.528406] I: {'ins_mode': 4, 'realtime_x': 3.61, 'realtime_y': 0.56, 'target_x': 0.0, 'target_y': 0.0, 'yaw_ins': 0.0, 'dis_ins': 0.0}
  [2026-06-24T18:02:44.560222] I: {'ins_mode': 4, 'realtime_x': 3.61, 'realtime_y': 0.56, 'target_x': 0.0, 'target_y': 0.0, 'yaw_ins': 0.0, 'dis_ins': 0.0}
  [2026-06-24T18:02:44.651094] I: {'ins_mode': 4, 'realtime_x': 3.61, 'realtime_y': 0.56, 'target_x': 0.0, 'target_y': 0.0, 'yaw_ins': 0.0, 'dis_ins': 0.0}
  [2026-06-24T18:02:44.682670] I: {'ins_mode': 4, 'realtime_x': 3.61, 'realtime_y': 0.56, 'target_x': 0.0, 'target_y': 0.0, 'yaw_ins': 0.0, 'dis_ins': 0.0}
  [2026-06-24T18:02:44.765957] I: {'ins_mode': 4, 'realtime_x': 3.61, 'realtime_y': 0.56, 'target_x': 0.0, 'target_y': 0.0, 'yaw_ins': 0.0, 'dis_ins': 0.0}
  [2026-06-24T18:02:44.809456] I: {'ins_mode': 4, 'realtime_x': 2.87, 'realtime_y': 0.55, 'target_x': 0.0, 'target_y': 0.0, 'yaw_ins': 0.0, 'dis_ins': 0.0}
  [2026-06-24T18:02:44.888400] I: {'ins_mode': 4, 'realtime_x': 2.69, 'realtime_y': 0.54, 'target_x': 0.0, 'target_y': 0.0, 'yaw_ins': 0.0, 'dis_ins': 0.0}
  [2026-06-24T18:02:44.920212] I: {'ins_mode': 4, 'realtime_x': 2.68, 'realtime_y': 0.54, 'target_x': 0.0, 'target_y': 0.0, 'yaw_ins': 0.0, 'dis_ins': 0.0}
  [2026-06-24T18:02:45.004221] I: {'ins_mode': 4, 'realtime_x': 2.68, 'realtime_y': 0.54, 'target_x': 0.0, 'target_y': 0.0, 'yaw_ins': 0.0, 'dis_ins': 0.0}
  [2026-06-24T18:02:45.045764] I: {'ins_mode': 4, 'realtime_x': 2.68, 'realtime_y': 0.54, 'target_x': 0.0, 'target_y': 0.0, 'yaw_ins': 0.0, 'dis_ins': 0.0}
  [2026-06-24T18:02:45.130307] I: {'ins_mode': 4, 'realtime_x': 2.68, 'realtime_y': 0.54, 'target_x': 0.0, 'target_y': 0.0, 'yaw_ins': 0.0, 'dis_ins': 0.0}
  [2026-06-24T18:02:45.162376] I: {'ins_mode': 4, 'realtime_x': 2.68, 'realtime_y': 0.54, 'target_x': 0.0, 'target_y': 0.0, 'yaw_ins': 0.0, 'dis_ins': 0.0}
  [2026-06-24T18:02:45.256023] I: {'ins_mode': 4, 'realtime_x': 2.68, 'realtime_y': 0.54, 'target_x': 0.0, 'target_y': 0.0, 'yaw_ins': 0.0, 'dis_ins': 0.0}
  [2026-06-24T18:02:45.284114] I: {'ins_mode': 4, 'realtime_x': 2.68, 'realtime_y': 0.54, 'target_x': 0.0, 'target_y': 0.0, 'yaw_ins': 0.0, 'dis_ins': 0.0}
  [2026-06-24T18:02:45.368679] I: {'ins_mode': 4, 'realtime_x': 2.68, 'realtime_y': 0.54, 'target_x': 0.0, 'target_y': 0.0, 'yaw_ins': 0.0, 'dis_ins': 0.0}
  [2026-06-24T18:02:45.400845] I: {'ins_mode': 4, 'realtime_x': 2.68, 'realtime_y': 0.54, 'target_x': 0.0, 'target_y': 0.0, 'yaw_ins': 0.0, 'dis_ins': 0.0}
  [2026-06-24T18:02:45.493766] I: {'ins_mode': 4, 'realtime_x': 2.68, 'realtime_y': 0.54, 'target_x': 0.0, 'target_y': 0.0, 'yaw_ins': 0.0, 'dis_ins': 0.0}
  [2026-06-24T18:02:45.525509] I: {'ins_mode': 4, 'realtime_x': 2.68, 'realtime_y': 0.54, 'target_x': 0.0, 'target_y': 0.0, 'yaw_ins': 0.0, 'dis_ins': 0.0}
  [2026-06-24T18:02:45.611867] I: {'ins_mode': 4, 'realtime_x': 2.68, 'realtime_y': 0.54, 'target_x': 0.0, 'target_y': 0.0, 'yaw_ins': 0.0, 'dis_ins': 0.0}
  [2026-06-24T18:02:45.643315] I: {'ins_mode': 4, 'realtime_x': 2.68, 'realtime_y': 0.54, 'target_x': 0.0, 'target_y': 0.0, 'yaw_ins': 0.0, 'dis_ins': 0.0}
  [2026-06-24T18:02:45.726489] I: {'ins_mode': 4, 'realtime_x': 2.68, 'realtime_y': 0.54, 'target_x': 0.0, 'target_y': 0.0, 'yaw_ins': 0.0, 'dis_ins': 0.0}
  [2026-06-24T18:02:45.768361] I: {'ins_mode': 4, 'realtime_x': 2.68, 'realtime_y': 0.54, 'target_x': 0.0, 'target_y': 0.0, 'yaw_ins': 0.0, 'dis_ins': 0.0}
  [2026-06-24T18:02:45.841466] I: {'ins_mode': 4, 'realtime_x': 2.68, 'realtime_y': 0.54, 'target_x': 0.0, 'target_y': 0.0, 'yaw_ins': 0.0, 'dis_ins': 0.0}
  [2026-06-24T18:02:45.883469] I: {'ins_mode': 4, 'realtime_x': 2.68, 'realtime_y': 0.54, 'target_x': 0.0, 'target_y': 0.0, 'yaw_ins': 0.0, 'dis_ins': 0.0}
  [2026-06-24T18:02:45.968057] I: {'ins_mode': 4, 'realtime_x': 2.53, 'realtime_y': 0.53, 'target_x': 0.0, 'target_y': 0.0, 'yaw_ins': 0.0, 'dis_ins': 0.0}
  [2026-06-24T18:02:45.999654] I: {'ins_mode': 4, 'realtime_x': 2.86, 'realtime_y': 0.56, 'target_x': 0.0, 'target_y': 0.0, 'yaw_ins': 0.0, 'dis_ins': 0.0}
  [2026-06-24T18:02:46.083177] I: {'ins_mode': 4, 'realtime_x': 3.03, 'realtime_y': 0.58, 'target_x': 0.0, 'target_y': 0.0, 'yaw_ins': 0.0, 'dis_ins': 0.0}
  [2026-06-24T18:02:46.128491] I: {'ins_mode': 4, 'realtime_x': 2.93, 'realtime_y': 0.57, 'target_x': 0.0, 'target_y': 0.0, 'yaw_ins': 0.0, 'dis_ins': 0.0}
  [2026-06-24T18:02:46.201592] I: {'ins_mode': 4, 'realtime_x': 2.91, 'realtime_y': 0.57, 'target_x': 0.0, 'target_y': 0.0, 'yaw_ins': 0.0, 'dis_ins': 0.0}
  [2026-06-24T18:02:46.243572] I: {'ins_mode': 4, 'realtime_x': 2.91, 'realtime_y': 0.57, 'target_x': 0.0, 'target_y': 0.0, 'yaw_ins': 0.0, 'dis_ins': 0.0}
  [2026-06-24T18:02:46.341909] I: {'ins_mode': 4, 'realtime_x': 2.91, 'realtime_y': 0.57, 'target_x': 0.0, 'target_y': 0.0, 'yaw_ins': 0.0, 'dis_ins': 0.0}
  [2026-06-24T18:02:46.362692] I: {'ins_mode': 4, 'realtime_x': 2.91, 'realtime_y': 0.57, 'target_x': 0.0, 'target_y': 0.0, 'yaw_ins': 0.0, 'dis_ins': 0.0}
  [2026-06-24T18:02:46.446217] I: {'ins_mode': 4, 'realtime_x': 2.91, 'realtime_y': 0.57, 'target_x': 0.0, 'target_y': 0.0, 'yaw_ins': 0.0, 'dis_ins': 0.0}
  [2026-06-24T18:02:46.488325] I: {'ins_mode': 4, 'realtime_x': 2.91, 'realtime_y': 0.57, 'target_x': 0.0, 'target_y': 0.0, 'yaw_ins': 0.0, 'dis_ins': 0.0}
  [2026-06-24T18:02:46.566049] I: {'ins_mode': 4, 'realtime_x': 2.91, 'realtime_y': 0.57, 'target_x': 0.0, 'target_y': 0.0, 'yaw_ins': 0.0, 'dis_ins': 0.0}
  [2026-06-24T18:02:46.607427] I: {'ins_mode': 4, 'realtime_x': 2.91, 'realtime_y': 0.57, 'target_x': 0.0, 'target_y': 0.0, 'yaw_ins': 0.0, 'dis_ins': 0.0}
  [2026-06-24T18:02:46.689995] I: {'ins_mode': 4, 'realtime_x': 2.91, 'realtime_y': 0.57, 'target_x': 0.0, 'target_y': 0.0, 'yaw_ins': 0.0, 'dis_ins': 0.0}
  [2026-06-24T18:02:46.721300] I: {'ins_mode': 4, 'realtime_x': 2.91, 'realtime_y': 0.57, 'target_x': 0.0, 'target_y': 0.0, 'yaw_ins': 0.0, 'dis_ins': 0.0}
  [2026-06-24T18:02:46.801302] I: {'ins_mode': 4, 'realtime_x': 2.91, 'realtime_y': 0.57, 'target_x': 0.0, 'target_y': 0.0, 'yaw_ins': 0.0, 'dis_ins': 0.0}
  [2026-06-24T18:02:46.843139] I: {'ins_mode': 4, 'realtime_x': 2.91, 'realtime_y': 0.57, 'target_x': 0.0, 'target_y': 0.0, 'yaw_ins': 0.0, 'dis_ins': 0.0}
  [2026-06-24T18:02:46.926635] I: {'ins_mode': 4, 'realtime_x': 2.91, 'realtime_y': 0.57, 'target_x': 0.0, 'target_y': 0.0, 'yaw_ins': 0.0, 'dis_ins': 0.0}
  [2026-06-24T18:02:46.962301] I: {'ins_mode': 4, 'realtime_x': 2.91, 'realtime_y': 0.57, 'target_x': 0.0, 'target_y': 0.0, 'yaw_ins': 0.0, 'dis_ins': 0.0}
  [2026-06-24T18:02:47.038842] I: {'ins_mode': 4, 'realtime_x': 2.91, 'realtime_y': 0.57, 'target_x': 0.0, 'target_y': 0.0, 'yaw_ins': 0.0, 'dis_ins': 0.0}
  [2026-06-24T18:02:47.081596] I: {'ins_mode': 4, 'realtime_x': 2.91, 'realtime_y': 0.57, 'target_x': 0.0, 'target_y': 0.0, 'yaw_ins': 0.0, 'dis_ins': 0.0}
  [2026-06-24T18:02:47.175971] I: {'ins_mode': 4, 'realtime_x': 2.91, 'realtime_y': 0.57, 'target_x': 0.0, 'target_y': 0.0, 'yaw_ins': 0.0, 'dis_ins': 0.0}
  [2026-06-24T18:02:47.207709] I: {'ins_mode': 4, 'realtime_x': 2.91, 'realtime_y': 0.57, 'target_x': 0.0, 'target_y': 0.0, 'yaw_ins': 0.0, 'dis_ins': 0.0}
  [2026-06-24T18:02:47.281145] I: {'ins_mode': 4, 'realtime_x': 2.91, 'realtime_y': 0.57, 'target_x': 0.0, 'target_y': 0.0, 'yaw_ins': 0.0, 'dis_ins': 0.0}
  [2026-06-24T18:02:47.324092] I: {'ins_mode': 4, 'realtime_x': 2.91, 'realtime_y': 0.57, 'target_x': 0.0, 'target_y': 0.0, 'yaw_ins': 0.0, 'dis_ins': 0.0}
  [2026-06-24T18:02:47.413878] I: {'ins_mode': 4, 'realtime_x': 2.91, 'realtime_y': 0.57, 'target_x': 0.0, 'target_y': 0.0, 'yaw_ins': 0.0, 'dis_ins': 0.0}
  [2026-06-24T18:02:47.445670] I: {'ins_mode': 4, 'realtime_x': 2.91, 'realtime_y': 0.57, 'target_x': 0.0, 'target_y': 0.0, 'yaw_ins': 0.0, 'dis_ins': 0.0}
  [2026-06-24T18:02:47.520915] I: {'ins_mode': 4, 'realtime_x': 2.91, 'realtime_y': 0.57, 'target_x': 0.0, 'target_y': 0.0, 'yaw_ins': 0.0, 'dis_ins': 0.0}
  [2026-06-24T18:02:47.563604] I: {'ins_mode': 4, 'realtime_x': 2.91, 'realtime_y': 0.57, 'target_x': 0.0, 'target_y': 0.0, 'yaw_ins': 0.0, 'dis_ins': 0.0}
  [2026-06-24T18:02:47.642093] I: {'ins_mode': 4, 'realtime_x': 2.91, 'realtime_y': 0.57, 'target_x': 0.0, 'target_y': 0.0, 'yaw_ins': 0.0, 'dis_ins': 0.0}
  [2026-06-24T18:02:47.684185] I: {'ins_mode': 4, 'realtime_x': 2.91, 'realtime_y': 0.57, 'target_x': 0.0, 'target_y': 0.0, 'yaw_ins': 0.0, 'dis_ins': 0.0}
  [2026-06-24T18:02:47.768969] I: {'ins_mode': 4, 'realtime_x': 2.91, 'realtime_y': 0.57, 'target_x': 0.0, 'target_y': 0.0, 'yaw_ins': 0.0, 'dis_ins': 0.0}
  [2026-06-24T18:02:47.807935] I: {'ins_mode': 4, 'realtime_x': 2.91, 'realtime_y': 0.57, 'target_x': 0.0, 'target_y': 0.0, 'yaw_ins': 0.0, 'dis_ins': 0.0}
  [2026-06-24T18:02:47.885349] I: {'ins_mode': 4, 'realtime_x': 2.91, 'realtime_y': 0.57, 'target_x': 0.0, 'target_y': 0.0, 'yaw_ins': 0.0, 'dis_ins': 0.0}
  [2026-06-24T18:02:47.928031] I: {'ins_mode': 4, 'realtime_x': 2.91, 'realtime_y': 0.57, 'target_x': 0.0, 'target_y': 0.0, 'yaw_ins': 0.0, 'dis_ins': 0.0}
  [2026-06-24T18:02:48.002533] I: {'ins_mode': 4, 'realtime_x': 2.91, 'realtime_y': 0.57, 'target_x': 0.0, 'target_y': 0.0, 'yaw_ins': 0.0, 'dis_ins': 0.0}
  [2026-06-24T18:02:48.053501] I: {'ins_mode': 4, 'realtime_x': 2.91, 'realtime_y': 0.57, 'target_x': 0.0, 'target_y': 0.0, 'yaw_ins': 0.0, 'dis_ins': 0.0}
  [2026-06-24T18:02:48.127465] I: {'ins_mode': 4, 'realtime_x': 2.91, 'realtime_y': 0.57, 'target_x': 0.0, 'target_y': 0.0, 'yaw_ins': 0.0, 'dis_ins': 0.0}
  [2026-06-24T18:02:48.169871] I: {'ins_mode': 4, 'realtime_x': 2.91, 'realtime_y': 0.57, 'target_x': 0.0, 'target_y': 0.0, 'yaw_ins': 0.0, 'dis_ins': 0.0}
  [2026-06-24T18:02:48.245331] I: {'ins_mode': 4, 'realtime_x': 2.91, 'realtime_y': 0.57, 'target_x': 0.0, 'target_y': 0.0, 'yaw_ins': 0.0, 'dis_ins': 0.0}
  [2026-06-24T18:02:48.287232] I: {'ins_mode': 4, 'realtime_x': 2.91, 'realtime_y': 0.57, 'target_x': 0.0, 'target_y': 0.0, 'yaw_ins': 0.0, 'dis_ins': 0.0}
  [2026-06-24T18:02:48.370304] I: {'ins_mode': 4, 'realtime_x': 2.91, 'realtime_y': 0.57, 'target_x': 0.0, 'target_y': 0.0, 'yaw_ins': 0.0, 'dis_ins': 0.0}
  [2026-06-24T18:02:48.401764] I: {'ins_mode': 4, 'realtime_x': 2.91, 'realtime_y': 0.57, 'target_x': 0.0, 'target_y': 0.0, 'yaw_ins': 0.0, 'dis_ins': 0.0}
  [2026-06-24T18:02:48.491713] I: {'ins_mode': 4, 'realtime_x': 2.91, 'realtime_y': 0.57, 'target_x': 0.0, 'target_y': 0.0, 'yaw_ins': 0.0, 'dis_ins': 0.0}
  [2026-06-24T18:02:48.523527] I: {'ins_mode': 4, 'realtime_x': 2.91, 'realtime_y': 0.57, 'target_x': 0.0, 'target_y': 0.0, 'yaw_ins': 0.0, 'dis_ins': 0.0}
  [2026-06-24T18:02:48.609727] I: {'ins_mode': 4, 'realtime_x': 2.91, 'realtime_y': 0.57, 'target_x': 0.0, 'target_y': 0.0, 'yaw_ins': 0.0, 'dis_ins': 0.0}
  [2026-06-24T18:02:48.650795] I: {'ins_mode': 4, 'realtime_x': 2.91, 'realtime_y': 0.57, 'target_x': 0.0, 'target_y': 0.0, 'yaw_ins': 0.0, 'dis_ins': 0.0}
  [2026-06-24T18:02:48.721064] I: {'ins_mode': 4, 'realtime_x': 2.91, 'realtime_y': 0.57, 'target_x': 0.0, 'target_y': 0.0, 'yaw_ins': 0.0, 'dis_ins': 0.0}
  [2026-06-24T18:02:48.762961] I: {'ins_mode': 4, 'realtime_x': 2.91, 'realtime_y': 0.57, 'target_x': 0.0, 'target_y': 0.0, 'yaw_ins': 0.0, 'dis_ins': 0.0}
  [2026-06-24T18:02:48.846664] I: {'ins_mode': 4, 'realtime_x': 2.91, 'realtime_y': 0.57, 'target_x': 0.0, 'target_y': 0.0, 'yaw_ins': 0.0, 'dis_ins': 0.0}
  [2026-06-24T18:02:48.895053] I: {'ins_mode': 4, 'realtime_x': 2.91, 'realtime_y': 0.57, 'target_x': 0.0, 'target_y': 0.0, 'yaw_ins': 0.0, 'dis_ins': 0.0}
  [2026-06-24T18:02:48.962197] I: {'ins_mode': 4, 'realtime_x': 2.91, 'realtime_y': 0.57, 'target_x': 0.0, 'target_y': 0.0, 'yaw_ins': 0.0, 'dis_ins': 0.0}
  [2026-06-24T18:02:49.005136] I: {'ins_mode': 4, 'realtime_x': 2.91, 'realtime_y': 0.57, 'target_x': 0.0, 'target_y': 0.0, 'yaw_ins': 0.0, 'dis_ins': 0.0}
  [2026-06-24T18:02:49.089467] I: {'ins_mode': 4, 'realtime_x': 2.91, 'realtime_y': 0.57, 'target_x': 0.0, 'target_y': 0.0, 'yaw_ins': 0.0, 'dis_ins': 0.0}
  [2026-06-24T18:02:49.145016] I: {'ins_mode': 4, 'realtime_x': 2.91, 'realtime_y': 0.57, 'target_x': 0.0, 'target_y': 0.0, 'yaw_ins': 0.0, 'dis_ins': 0.0}
  [2026-06-24T18:02:49.210800] I: {'ins_mode': 4, 'realtime_x': 2.91, 'realtime_y': 0.57, 'target_x': 0.0, 'target_y': 0.0, 'yaw_ins': 0.0, 'dis_ins': 0.0}
  [2026-06-24T18:02:49.246043] I: {'ins_mode': 4, 'realtime_x': 2.91, 'realtime_y': 0.57, 'target_x': 0.0, 'target_y': 0.0, 'yaw_ins': 0.0, 'dis_ins': 0.0}
  [2026-06-24T18:02:49.362219] I: {'ins_mode': 4, 'realtime_x': 2.91, 'realtime_y': 0.57, 'target_x': 0.0, 'target_y': 0.0, 'yaw_ins': 0.0, 'dis_ins': 0.0}
  [2026-06-24T18:02:49.363781] I: {'ins_mode': 4, 'realtime_x': 2.91, 'realtime_y': 0.57, 'target_x': 0.0, 'target_y': 0.0, 'yaw_ins': 0.0, 'dis_ins': 0.0}
  [2026-06-24T18:02:49.447722] I: {'ins_mode': 4, 'realtime_x': 2.91, 'realtime_y': 0.57, 'target_x': 0.0, 'target_y': 0.0, 'yaw_ins': 0.0, 'dis_ins': 0.0}
  [2026-06-24T18:02:49.490733] I: {'ins_mode': 4, 'realtime_x': 2.91, 'realtime_y': 0.57, 'target_x': 0.0, 'target_y': 0.0, 'yaw_ins': 0.0, 'dis_ins': 0.0}
  [2026-06-24T18:02:49.578127] I: {'ins_mode': 4, 'realtime_x': 2.91, 'realtime_y': 0.57, 'target_x': 0.0, 'target_y': 0.0, 'yaw_ins': 0.0, 'dis_ins': 0.0}
  [2026-06-24T18:02:49.609714] I: {'ins_mode': 4, 'realtime_x': 2.91, 'realtime_y': 0.57, 'target_x': 0.0, 'target_y': 0.0, 'yaw_ins': 0.0, 'dis_ins': 0.0}
  [2026-06-24T18:02:49.684459] I: {'ins_mode': 4, 'realtime_x': 2.91, 'realtime_y': 0.57, 'target_x': 0.0, 'target_y': 0.0, 'yaw_ins': 0.0, 'dis_ins': 0.0}
  [2026-06-24T18:02:49.728300] I: {'ins_mode': 4, 'realtime_x': 2.91, 'realtime_y': 0.57, 'target_x': 0.0, 'target_y': 0.0, 'yaw_ins': 0.0, 'dis_ins': 0.0}
  [2026-06-24T18:02:49.801071] I: {'ins_mode': 4, 'realtime_x': 2.91, 'realtime_y': 0.57, 'target_x': 0.0, 'target_y': 0.0, 'yaw_ins': 0.0, 'dis_ins': 0.0}
  [2026-06-24T18:02:49.842423] I: {'ins_mode': 4, 'realtime_x': 2.91, 'realtime_y': 0.57, 'target_x': 0.0, 'target_y': 0.0, 'yaw_ins': 0.0, 'dis_ins': 0.0}
  [2026-06-24T18:02:49.926337] I: {'ins_mode': 4, 'realtime_x': 2.91, 'realtime_y': 0.57, 'target_x': 0.0, 'target_y': 0.0, 'yaw_ins': 0.0, 'dis_ins': 0.0}
  [2026-06-24T18:02:49.974253] I: {'ins_mode': 4, 'realtime_x': 2.91, 'realtime_y': 0.57, 'target_x': 0.0, 'target_y': 0.0, 'yaw_ins': 0.0, 'dis_ins': 0.0}
  [2026-06-24T18:02:50.048053] I: {'ins_mode': 4, 'realtime_x': 2.91, 'realtime_y': 0.57, 'target_x': 0.0, 'target_y': 0.0, 'yaw_ins': 0.0, 'dis_ins': 0.0}
  [2026-06-24T18:02:50.091061] I: {'ins_mode': 4, 'realtime_x': 2.91, 'realtime_y': 0.57, 'target_x': 0.0, 'target_y': 0.0, 'yaw_ins': 0.0, 'dis_ins': 0.0}
  [2026-06-24T18:02:50.164215] I: {'ins_mode': 4, 'realtime_x': 2.91, 'realtime_y': 0.57, 'target_x': 0.0, 'target_y': 0.0, 'yaw_ins': 0.0, 'dis_ins': 0.0}
  [2026-06-24T18:02:50.227158] I: {'ins_mode': 4, 'realtime_x': 2.91, 'realtime_y': 0.57, 'target_x': 0.0, 'target_y': 0.0, 'yaw_ins': 0.0, 'dis_ins': 0.0}
  [2026-06-24T18:02:50.291689] I: {'ins_mode': 4, 'realtime_x': 2.91, 'realtime_y': 0.57, 'target_x': 0.0, 'target_y': 0.0, 'yaw_ins': 0.0, 'dis_ins': 0.0}
  [2026-06-24T18:02:50.324440] I: {'ins_mode': 4, 'realtime_x': 2.91, 'realtime_y': 0.57, 'target_x': 0.0, 'target_y': 0.0, 'yaw_ins': 0.0, 'dis_ins': 0.0}
  [2026-06-24T18:02:50.445489] I: {'ins_mode': 4, 'realtime_x': 2.91, 'realtime_y': 0.57, 'target_x': 0.0, 'target_y': 0.0, 'yaw_ins': 0.0, 'dis_ins': 0.0}
  [2026-06-24T18:02:50.445540] I: {'ins_mode': 4, 'realtime_x': 2.91, 'realtime_y': 0.57, 'target_x': 0.0, 'target_y': 0.0, 'yaw_ins': 0.0, 'dis_ins': 0.0}
  [2026-06-24T18:02:50.529074] I: {'ins_mode': 4, 'realtime_x': 2.91, 'realtime_y': 0.57, 'target_x': 0.0, 'target_y': 0.0, 'yaw_ins': 0.0, 'dis_ins': 0.0}
  [2026-06-24T18:02:50.561303] I: {'ins_mode': 4, 'realtime_x': 2.91, 'realtime_y': 0.57, 'target_x': 0.0, 'target_y': 0.0, 'yaw_ins': 0.0, 'dis_ins': 0.0}
  [2026-06-24T18:02:50.660181] I: {'ins_mode': 4, 'realtime_x': 2.91, 'realtime_y': 0.57, 'target_x': 0.0, 'target_y': 0.0, 'yaw_ins': 0.0, 'dis_ins': 0.0}
  [2026-06-24T18:02:50.691735] I: {'ins_mode': 4, 'realtime_x': 2.91, 'realtime_y': 0.57, 'target_x': 0.0, 'target_y': 0.0, 'yaw_ins': 0.0, 'dis_ins': 0.0}
  [2026-06-24T18:02:50.765205] I: {'ins_mode': 4, 'realtime_x': 2.91, 'realtime_y': 0.57, 'target_x': 0.0, 'target_y': 0.0, 'yaw_ins': 0.0, 'dis_ins': 0.0}
  [2026-06-24T18:02:50.808409] I: {'ins_mode': 4, 'realtime_x': 2.91, 'realtime_y': 0.57, 'target_x': 0.0, 'target_y': 0.0, 'yaw_ins': 0.0, 'dis_ins': 0.0}
  [2026-06-24T18:02:50.882065] I: {'ins_mode': 4, 'realtime_x': 2.91, 'realtime_y': 0.57, 'target_x': 0.0, 'target_y': 0.0, 'yaw_ins': 0.0, 'dis_ins': 0.0}
  [2026-06-24T18:02:50.924512] I: {'ins_mode': 4, 'realtime_x': 2.91, 'realtime_y': 0.57, 'target_x': 0.0, 'target_y': 0.0, 'yaw_ins': 0.0, 'dis_ins': 0.0}
  [2026-06-24T18:02:51.010049] I: {'ins_mode': 4, 'realtime_x': 2.91, 'realtime_y': 0.57, 'target_x': 0.0, 'target_y': 0.0, 'yaw_ins': 0.0, 'dis_ins': 0.0}
  [2026-06-24T18:02:51.040982] I: {'ins_mode': 4, 'realtime_x': 2.91, 'realtime_y': 0.57, 'target_x': 0.0, 'target_y': 0.0, 'yaw_ins': 0.0, 'dis_ins': 0.0}
  [2026-06-24T18:02:51.127411] I: {'ins_mode': 4, 'realtime_x': 2.91, 'realtime_y': 0.57, 'target_x': 0.0, 'target_y': 0.0, 'yaw_ins': 0.0, 'dis_ins': 0.0}
  [2026-06-24T18:02:51.169186] I: {'ins_mode': 4, 'realtime_x': 2.91, 'realtime_y': 0.57, 'target_x': 0.0, 'target_y': 0.0, 'yaw_ins': 0.0, 'dis_ins': 0.0}
  [2026-06-24T18:02:51.244193] I: {'ins_mode': 4, 'realtime_x': 2.91, 'realtime_y': 0.57, 'target_x': 0.0, 'target_y': 0.0, 'yaw_ins': 0.0, 'dis_ins': 0.0}
  [2026-06-24T18:02:51.280433] I: {'ins_mode': 4, 'realtime_x': 2.91, 'realtime_y': 0.57, 'target_x': 0.0, 'target_y': 0.0, 'yaw_ins': 0.0, 'dis_ins': 0.0}
  [2026-06-24T18:02:51.364316] I: {'ins_mode': 4, 'realtime_x': 2.91, 'realtime_y': 0.57, 'target_x': 0.0, 'target_y': 0.0, 'yaw_ins': 0.0, 'dis_ins': 0.0}
  [2026-06-24T18:02:51.406930] I: {'ins_mode': 4, 'realtime_x': 2.91, 'realtime_y': 0.57, 'target_x': 0.0, 'target_y': 0.0, 'yaw_ins': 0.0, 'dis_ins': 0.0}
  [2026-06-24T18:02:51.499781] I: {'ins_mode': 4, 'realtime_x': 2.91, 'realtime_y': 0.57, 'target_x': 0.0, 'target_y': 0.0, 'yaw_ins': 0.0, 'dis_ins': 0.0}
  [2026-06-24T18:02:51.527615] I: {'ins_mode': 4, 'realtime_x': 2.91, 'realtime_y': 0.57, 'target_x': 0.0, 'target_y': 0.0, 'yaw_ins': 0.0, 'dis_ins': 0.0}
  [2026-06-24T18:02:51.601628] I: {'ins_mode': 4, 'realtime_x': 2.91, 'realtime_y': 0.57, 'target_x': 0.0, 'target_y': 0.0, 'yaw_ins': 0.0, 'dis_ins': 0.0}
  [2026-06-24T18:02:51.645131] I: {'ins_mode': 4, 'realtime_x': 2.91, 'realtime_y': 0.57, 'target_x': 0.0, 'target_y': 0.0, 'yaw_ins': 0.0, 'dis_ins': 0.0}
  [2026-06-24T18:02:51.748274] I: {'ins_mode': 4, 'realtime_x': 2.91, 'realtime_y': 0.57, 'target_x': 0.0, 'target_y': 0.0, 'yaw_ins': 0.0, 'dis_ins': 0.0}
  [2026-06-24T18:02:51.770016] I: {'ins_mode': 4, 'realtime_x': 2.91, 'realtime_y': 0.57, 'target_x': 0.0, 'target_y': 0.0, 'yaw_ins': 0.0, 'dis_ins': 0.0}
  [2026-06-24T18:02:51.843069] I: {'ins_mode': 4, 'realtime_x': 2.91, 'realtime_y': 0.57, 'target_x': 0.0, 'target_y': 0.0, 'yaw_ins': 0.0, 'dis_ins': 0.0}
  [2026-06-24T18:02:51.885491] I: {'ins_mode': 4, 'realtime_x': 2.91, 'realtime_y': 0.57, 'target_x': 0.0, 'target_y': 0.0, 'yaw_ins': 0.0, 'dis_ins': 0.0}
  [2026-06-24T18:02:51.963376] I: {'ins_mode': 4, 'realtime_x': 2.91, 'realtime_y': 0.57, 'target_x': 0.0, 'target_y': 0.0, 'yaw_ins': 0.0, 'dis_ins': 0.0}
  [2026-06-24T18:02:52.005802] I: {'ins_mode': 4, 'realtime_x': 2.91, 'realtime_y': 0.57, 'target_x': 0.0, 'target_y': 0.0, 'yaw_ins': 0.0, 'dis_ins': 0.0}
  [2026-06-24T18:02:52.093060] I: {'ins_mode': 4, 'realtime_x': 2.91, 'realtime_y': 0.57, 'target_x': 0.0, 'target_y': 0.0, 'yaw_ins': 0.0, 'dis_ins': 0.0}
  [2026-06-24T18:02:52.124979] I: {'ins_mode': 4, 'realtime_x': 2.91, 'realtime_y': 0.57, 'target_x': 0.0, 'target_y': 0.0, 'yaw_ins': 0.0, 'dis_ins': 0.0}
  [2026-06-24T18:02:52.202874] I: {'ins_mode': 4, 'realtime_x': 2.91, 'realtime_y': 0.57, 'target_x': 0.0, 'target_y': 0.0, 'yaw_ins': 0.0, 'dis_ins': 0.0}
  [2026-06-24T18:02:52.245379] I: {'ins_mode': 4, 'realtime_x': 2.91, 'realtime_y': 0.57, 'target_x': 0.0, 'target_y': 0.0, 'yaw_ins': 0.0, 'dis_ins': 0.0}
  [2026-06-24T18:02:52.328498] I: {'ins_mode': 4, 'realtime_x': 2.91, 'realtime_y': 0.57, 'target_x': 0.0, 'target_y': 0.0, 'yaw_ins': 0.0, 'dis_ins': 0.0}
  [2026-06-24T18:02:52.369363] I: {'ins_mode': 4, 'realtime_x': 2.91, 'realtime_y': 0.57, 'target_x': 0.0, 'target_y': 0.0, 'yaw_ins': 0.0, 'dis_ins': 0.0}
  [2026-06-24T18:02:52.443628] I: {'ins_mode': 4, 'realtime_x': 2.91, 'realtime_y': 0.57, 'target_x': 0.0, 'target_y': 0.0, 'yaw_ins': 0.0, 'dis_ins': 0.0}
  [2026-06-24T18:02:52.486039] I: {'ins_mode': 4, 'realtime_x': 2.91, 'realtime_y': 0.57, 'target_x': 0.0, 'target_y': 0.0, 'yaw_ins': 0.0, 'dis_ins': 0.0}
  [2026-06-24T18:02:52.577320] I: {'ins_mode': 4, 'realtime_x': 2.91, 'realtime_y': 0.57, 'target_x': 0.0, 'target_y': 0.0, 'yaw_ins': 0.0, 'dis_ins': 0.0}
  [2026-06-24T18:03:16.873350] I: {'ins_mode': 4, 'realtime_x': 0.01, 'realtime_y': 0.0, 'target_x': 0.0, 'target_y': 0.0, 'yaw_ins': 0.0, 'dis_ins': 0.0}
  [2026-06-24T18:03:16.884061] I: {'ins_mode': 4, 'realtime_x': 0.02, 'realtime_y': 0.0, 'target_x': 0.0, 'target_y': 0.0, 'yaw_ins': 0.0, 'dis_ins': 0.0}
  [2026-06-24T18:03:16.884302] I: {'ins_mode': 4, 'realtime_x': 0.02, 'realtime_y': 0.0, 'target_x': 0.0, 'target_y': 0.0, 'yaw_ins': 0.0, 'dis_ins': 0.0}
  [2026-06-24T18:03:16.884476] I: {'ins_mode': 4, 'realtime_x': 0.03, 'realtime_y': 0.0, 'target_x': 0.0, 'target_y': 0.0, 'yaw_ins': 0.0, 'dis_ins': 0.0}
  [2026-06-24T18:03:16.884636] I: {'ins_mode': 4, 'realtime_x': 0.04, 'realtime_y': 0.0, 'target_x': 0.0, 'target_y': 0.0, 'yaw_ins': 0.0, 'dis_ins': 0.0}
  [2026-06-24T18:03:16.884793] I: {'ins_mode': 4, 'realtime_x': 0.02, 'realtime_y': 0.0, 'target_x': 0.0, 'target_y': 0.0, 'yaw_ins': 0.0, 'dis_ins': 0.0}
  [2026-06-24T18:03:16.895479] I: {'ins_mode': 4, 'realtime_x': 0.0, 'realtime_y': -0.0, 'target_x': 0.0, 'target_y': 0.0, 'yaw_ins': 0.0, 'dis_ins': 0.0}
  [2026-06-24T18:03:16.917422] I: {'ins_mode': 4, 'realtime_x': -0.04, 'realtime_y': -0.0, 'target_x': 0.0, 'target_y': 0.0, 'yaw_ins': 0.0, 'dis_ins': 0.0}
  [2026-06-24T18:03:16.959943] I: {'ins_mode': 4, 'realtime_x': -0.06, 'realtime_y': -0.0, 'target_x': 0.0, 'target_y': 0.0, 'yaw_ins': 0.0, 'dis_ins': 0.0}
  [2026-06-24T18:03:17.284481] I: {'ins_mode': 4, 'realtime_x': -0.15, 'realtime_y': -0.0, 'target_x': 0.0, 'target_y': 0.0, 'yaw_ins': 0.0, 'dis_ins': 0.0}
  [2026-06-24T18:03:17.284828] I: {'ins_mode': 4, 'realtime_x': -0.18, 'realtime_y': -0.0, 'target_x': 0.0, 'target_y': 0.0, 'yaw_ins': 0.0, 'dis_ins': 0.0}
  [2026-06-24T18:03:17.306763] I: {'ins_mode': 4, 'realtime_x': -0.19, 'realtime_y': -0.0, 'target_x': 0.0, 'target_y': 0.0, 'yaw_ins': 0.0, 'dis_ins': 0.0}
  [2026-06-24T18:03:17.306974] I: {'ins_mode': 4, 'realtime_x': -0.19, 'realtime_y': -0.0, 'target_x': 0.0, 'target_y': 0.0, 'yaw_ins': 0.0, 'dis_ins': 0.0}
  [2026-06-24T18:03:17.370547] I: {'ins_mode': 4, 'realtime_x': -0.26, 'realtime_y': -0.0, 'target_x': 0.0, 'target_y': 0.0, 'yaw_ins': 0.0, 'dis_ins': 0.0}
  [2026-06-24T18:03:17.479078] I: {'ins_mode': 4, 'realtime_x': -0.29, 'realtime_y': -0.0, 'target_x': 0.0, 'target_y': 0.0, 'yaw_ins': 0.0, 'dis_ins': 0.0}
  [2026-06-24T18:03:17.479182] I: {'ins_mode': 4, 'realtime_x': -0.35, 'realtime_y': -0.01, 'target_x': 0.0, 'target_y': 0.0, 'yaw_ins': 0.0, 'dis_ins': 0.0}
  [2026-06-24T18:03:17.479447] I: {'ins_mode': 4, 'realtime_x': -0.37, 'realtime_y': -0.01, 'target_x': 0.0, 'target_y': 0.0, 'yaw_ins': 0.0, 'dis_ins': 0.0}
  [2026-06-24T18:03:17.574009] I: {'ins_mode': 4, 'realtime_x': -0.44, 'realtime_y': -0.01, 'target_x': 0.0, 'target_y': 0.0, 'yaw_ins': 0.0, 'dis_ins': 0.0}
  [2026-06-24T18:03:17.636884] I: {'ins_mode': 4, 'realtime_x': -0.45, 'realtime_y': -0.01, 'target_x': 0.0, 'target_y': 0.0, 'yaw_ins': 0.0, 'dis_ins': 0.0}
  [2026-06-24T18:03:17.690409] I: {'ins_mode': 4, 'realtime_x': -0.45, 'realtime_y': -0.01, 'target_x': 0.0, 'target_y': 0.0, 'yaw_ins': 0.0, 'dis_ins': 0.0}
  [2026-06-24T18:03:17.690559] I: {'ins_mode': 4, 'realtime_x': -0.43, 'realtime_y': -0.01, 'target_x': 0.0, 'target_y': 0.0, 'yaw_ins': 0.0, 'dis_ins': 0.0}
  [2026-06-24T18:03:17.774458] I: {'ins_mode': 4, 'realtime_x': -0.43, 'realtime_y': -0.01, 'target_x': 0.0, 'target_y': 0.0, 'yaw_ins': 0.0, 'dis_ins': 0.0}
  [2026-06-24T18:03:18.496721] I: {'ins_mode': 4, 'realtime_x': -0.43, 'realtime_y': -0.01, 'target_x': 0.0, 'target_y': 0.0, 'yaw_ins': 0.0, 'dis_ins': 0.0}
  [2026-06-24T18:03:18.518383] I: {'ins_mode': 4, 'realtime_x': -0.43, 'realtime_y': -0.01, 'target_x': 0.0, 'target_y': 0.0, 'yaw_ins': 0.0, 'dis_ins': 0.0}
  [2026-06-24T18:03:18.573433] I: {'ins_mode': 4, 'realtime_x': -0.44, 'realtime_y': -0.01, 'target_x': 0.0, 'target_y': 0.0, 'yaw_ins': 0.0, 'dis_ins': 0.0}
  [2026-06-24T18:03:18.584217] I: {'ins_mode': 4, 'realtime_x': -0.44, 'realtime_y': -0.01, 'target_x': 0.0, 'target_y': 0.0, 'yaw_ins': 0.0, 'dis_ins': 0.0}
  [2026-06-24T18:03:18.584400] I: {'ins_mode': 4, 'realtime_x': -0.44, 'realtime_y': -0.01, 'target_x': 0.0, 'target_y': 0.0, 'yaw_ins': 0.0, 'dis_ins': 0.0}
  [2026-06-24T18:03:18.584504] I: {'ins_mode': 4, 'realtime_x': -0.44, 'realtime_y': -0.01, 'target_x': 0.0, 'target_y': 0.0, 'yaw_ins': 0.0, 'dis_ins': 0.0}
  [2026-06-24T18:03:18.720467] I: {'ins_mode': 4, 'realtime_x': -0.44, 'realtime_y': -0.01, 'target_x': 0.0, 'target_y': 0.0, 'yaw_ins': 0.0, 'dis_ins': 0.0}
  [2026-06-24T18:03:18.774809] I: {'ins_mode': 4, 'realtime_x': -0.44, 'realtime_y': -0.01, 'target_x': 0.0, 'target_y': 0.0, 'yaw_ins': 0.0, 'dis_ins': 0.0}
  [2026-06-24T18:03:18.775027] I: {'ins_mode': 4, 'realtime_x': -0.44, 'realtime_y': -0.01, 'target_x': 0.0, 'target_y': 0.0, 'yaw_ins': 0.0, 'dis_ins': 0.0}
  [2026-06-24T18:03:18.806339] I: {'ins_mode': 4, 'realtime_x': -0.44, 'realtime_y': -0.01, 'target_x': 0.0, 'target_y': 0.0, 'yaw_ins': 0.0, 'dis_ins': 0.0}
  [2026-06-24T18:03:18.806514] I: {'ins_mode': 4, 'realtime_x': -0.44, 'realtime_y': -0.01, 'target_x': 0.0, 'target_y': 0.0, 'yaw_ins': 0.0, 'dis_ins': 0.0}
  [2026-06-24T18:03:18.817337] I: {'ins_mode': 4, 'realtime_x': -0.44, 'realtime_y': -0.01, 'target_x': 0.0, 'target_y': 0.0, 'yaw_ins': 0.0, 'dis_ins': 0.0}
  [2026-06-24T18:03:18.828662] I: {'ins_mode': 4, 'realtime_x': -0.44, 'realtime_y': -0.01, 'target_x': 0.0, 'target_y': 0.0, 'yaw_ins': 0.0, 'dis_ins': 0.0}
  [2026-06-24T18:03:18.829040] I: {'ins_mode': 4, 'realtime_x': -0.44, 'realtime_y': -0.01, 'target_x': 0.0, 'target_y': 0.0, 'yaw_ins': 0.0, 'dis_ins': 0.0}
  [2026-06-24T18:03:18.829082] I: {'ins_mode': 4, 'realtime_x': -0.44, 'realtime_y': -0.01, 'target_x': 0.0, 'target_y': 0.0, 'yaw_ins': 0.0, 'dis_ins': 0.0}
  [2026-06-24T18:03:18.829176] I: {'ins_mode': 4, 'realtime_x': -0.44, 'realtime_y': -0.01, 'target_x': 0.0, 'target_y': 0.0, 'yaw_ins': 0.0, 'dis_ins': 0.0}
  [2026-06-24T18:03:18.829297] I: {'ins_mode': 4, 'realtime_x': -0.45, 'realtime_y': -0.01, 'target_x': 0.0, 'target_y': 0.0, 'yaw_ins': 0.0, 'dis_ins': 0.0}
  [2026-06-24T18:03:18.850212] I: {'ins_mode': 4, 'realtime_x': -0.46, 'realtime_y': -0.01, 'target_x': 0.0, 'target_y': 0.0, 'yaw_ins': 0.0, 'dis_ins': 0.0}
  [2026-06-24T18:03:18.881797] I: {'ins_mode': 4, 'realtime_x': -0.46, 'realtime_y': -0.01, 'target_x': 0.0, 'target_y': 0.0, 'yaw_ins': 0.0, 'dis_ins': 0.0}
  [2026-06-24T18:03:18.965152] I: {'ins_mode': 4, 'realtime_x': -0.46, 'realtime_y': -0.01, 'target_x': 0.0, 'target_y': 0.0, 'yaw_ins': 0.0, 'dis_ins': 0.0}
  [2026-06-24T18:03:19.004769] I: {'ins_mode': 4, 'realtime_x': -0.46, 'realtime_y': -0.01, 'target_x': 0.0, 'target_y': 0.0, 'yaw_ins': 0.0, 'dis_ins': 0.0}
  [2026-06-24T18:03:19.089281] I: {'ins_mode': 4, 'realtime_x': -0.46, 'realtime_y': -0.01, 'target_x': 0.0, 'target_y': 0.0, 'yaw_ins': 0.0, 'dis_ins': 0.0}
  [2026-06-24T18:03:19.123286] I: {'ins_mode': 4, 'realtime_x': -0.46, 'realtime_y': -0.01, 'target_x': 0.0, 'target_y': 0.0, 'yaw_ins': 0.0, 'dis_ins': 0.0}
  [2026-06-24T18:03:19.213024] I: {'ins_mode': 4, 'realtime_x': -0.46, 'realtime_y': -0.01, 'target_x': 0.0, 'target_y': 0.0, 'yaw_ins': 0.0, 'dis_ins': 0.0}
  [2026-06-24T18:03:19.244125] I: {'ins_mode': 4, 'realtime_x': -0.46, 'realtime_y': -0.01, 'target_x': 0.0, 'target_y': 0.0, 'yaw_ins': 0.0, 'dis_ins': 0.0}
  [2026-06-24T18:03:19.338625] I: {'ins_mode': 4, 'realtime_x': -0.46, 'realtime_y': -0.01, 'target_x': 0.0, 'target_y': 0.0, 'yaw_ins': 0.0, 'dis_ins': 0.0}
  [2026-06-24T18:03:19.359983] I: {'ins_mode': 4, 'realtime_x': -0.46, 'realtime_y': -0.01, 'target_x': 0.0, 'target_y': 0.0, 'yaw_ins': 0.0, 'dis_ins': 0.0}
  [2026-06-24T18:03:19.452727] I: {'ins_mode': 4, 'realtime_x': -0.46, 'realtime_y': -0.01, 'target_x': 0.0, 'target_y': 0.0, 'yaw_ins': 0.0, 'dis_ins': 0.0}
  [2026-06-24T18:03:19.484554] I: {'ins_mode': 4, 'realtime_x': -0.46, 'realtime_y': -0.01, 'target_x': 0.0, 'target_y': 0.0, 'yaw_ins': 0.0, 'dis_ins': 0.0}
  [2026-06-24T18:03:19.558067] I: {'ins_mode': 4, 'realtime_x': -0.46, 'realtime_y': -0.01, 'target_x': 0.0, 'target_y': 0.0, 'yaw_ins': 0.0, 'dis_ins': 0.0}
  [2026-06-24T18:03:19.617230] I: {'ins_mode': 4, 'realtime_x': -0.46, 'realtime_y': -0.01, 'target_x': 0.0, 'target_y': 0.0, 'yaw_ins': 0.0, 'dis_ins': 0.0}
  [2026-06-24T18:03:19.690940] I: {'ins_mode': 4, 'realtime_x': -0.46, 'realtime_y': -0.01, 'target_x': 0.0, 'target_y': 0.0, 'yaw_ins': 0.0, 'dis_ins': 0.0}
  [2026-06-24T18:03:19.723761] I: {'ins_mode': 4, 'realtime_x': -0.46, 'realtime_y': -0.01, 'target_x': 0.0, 'target_y': 0.0, 'yaw_ins': 0.0, 'dis_ins': 0.0}
  [2026-06-24T18:03:19.796844] I: {'ins_mode': 4, 'realtime_x': -0.46, 'realtime_y': -0.01, 'target_x': 0.0, 'target_y': 0.0, 'yaw_ins': 0.0, 'dis_ins': 0.0}
  [2026-06-24T18:03:19.859254] I: {'ins_mode': 4, 'realtime_x': -0.47, 'realtime_y': -0.01, 'target_x': 0.0, 'target_y': 0.0, 'yaw_ins': 0.0, 'dis_ins': 0.0}
  [2026-06-24T18:03:19.931679] I: {'ins_mode': 4, 'realtime_x': -0.47, 'realtime_y': -0.01, 'target_x': 0.0, 'target_y': 0.0, 'yaw_ins': 0.0, 'dis_ins': 0.0}
  [2026-06-24T18:03:20.026394] I: {'ins_mode': 4, 'realtime_x': -0.47, 'realtime_y': -0.01, 'target_x': 0.0, 'target_y': 0.0, 'yaw_ins': 0.0, 'dis_ins': 0.0}
  [2026-06-24T18:03:20.068282] I: {'ins_mode': 4, 'realtime_x': -0.47, 'realtime_y': -0.01, 'target_x': 0.0, 'target_y': 0.0, 'yaw_ins': 0.0, 'dis_ins': 0.0}
  [2026-06-24T18:03:23.892533] I: {'ins_mode': 4, 'realtime_x': -0.47, 'realtime_y': -0.01, 'target_x': 0.0, 'target_y': 0.0, 'yaw_ins': 0.0, 'dis_ins': 0.0}
  [2026-06-24T18:03:23.903881] I: {'ins_mode': 4, 'realtime_x': -0.5, 'realtime_y': -0.01, 'target_x': 0.0, 'target_y': 0.0, 'yaw_ins': 0.0, 'dis_ins': 0.0}
  [2026-06-24T18:03:23.904340] I: {'ins_mode': 4, 'realtime_x': -0.51, 'realtime_y': -0.01, 'target_x': 0.0, 'target_y': 0.0, 'yaw_ins': 0.0, 'dis_ins': 0.0}
  [2026-06-24T18:03:23.904787] I: {'ins_mode': 4, 'realtime_x': -0.51, 'realtime_y': -0.01, 'target_x': 0.0, 'target_y': 0.0, 'yaw_ins': 0.0, 'dis_ins': 0.0}
  [2026-06-24T18:03:23.905342] I: {'ins_mode': 4, 'realtime_x': -0.48, 'realtime_y': -0.01, 'target_x': 0.0, 'target_y': 0.0, 'yaw_ins': 0.0, 'dis_ins': 0.0}
  [2026-06-24T18:03:23.916602] I: {'ins_mode': 4, 'realtime_x': -0.45, 'realtime_y': -0.01, 'target_x': 0.0, 'target_y': 0.0, 'yaw_ins': 0.0, 'dis_ins': 0.0}
  [2026-06-24T18:03:23.927547] I: {'ins_mode': 4, 'realtime_x': -0.45, 'realtime_y': -0.01, 'target_x': 0.0, 'target_y': 0.0, 'yaw_ins': 0.0, 'dis_ins': 0.0}
  [2026-06-24T18:03:23.927674] I: {'ins_mode': 4, 'realtime_x': -0.48, 'realtime_y': -0.01, 'target_x': 0.0, 'target_y': 0.0, 'yaw_ins': 0.0, 'dis_ins': 0.0}
  [2026-06-24T18:03:23.927767] I: {'ins_mode': 4, 'realtime_x': -0.52, 'realtime_y': -0.01, 'target_x': 0.0, 'target_y': 0.0, 'yaw_ins': 0.0, 'dis_ins': 0.0}
  [2026-06-24T18:03:23.927884] I: {'ins_mode': 4, 'realtime_x': -0.53, 'realtime_y': -0.01, 'target_x': 0.0, 'target_y': 0.0, 'yaw_ins': 0.0, 'dis_ins': 0.0}
  [2026-06-24T18:03:23.927983] I: {'ins_mode': 4, 'realtime_x': -0.53, 'realtime_y': -0.01, 'target_x': 0.0, 'target_y': 0.0, 'yaw_ins': 0.0, 'dis_ins': 0.0}
  [2026-06-24T18:03:23.947973] I: {'ins_mode': 4, 'realtime_x': -0.53, 'realtime_y': -0.01, 'target_x': 0.0, 'target_y': 0.0, 'yaw_ins': 0.0, 'dis_ins': 0.0}
  [2026-06-24T18:03:23.973799] I: {'ins_mode': 4, 'realtime_x': -0.53, 'realtime_y': -0.01, 'target_x': 0.0, 'target_y': 0.0, 'yaw_ins': 0.0, 'dis_ins': 0.0}
  [2026-06-24T18:03:23.974835] I: {'ins_mode': 4, 'realtime_x': -0.53, 'realtime_y': -0.01, 'target_x': 0.0, 'target_y': 0.0, 'yaw_ins': 0.0, 'dis_ins': 0.0}
  [2026-06-24T18:03:23.974886] I: {'ins_mode': 4, 'realtime_x': -0.53, 'realtime_y': -0.01, 'target_x': 0.0, 'target_y': 0.0, 'yaw_ins': 0.0, 'dis_ins': 0.0}
  [2026-06-24T18:03:23.974997] I: {'ins_mode': 4, 'realtime_x': -0.53, 'realtime_y': -0.01, 'target_x': 0.0, 'target_y': 0.0, 'yaw_ins': 0.0, 'dis_ins': 0.0}
  [2026-06-24T18:03:23.975034] I: {'ins_mode': 4, 'realtime_x': -0.53, 'realtime_y': -0.01, 'target_x': 0.0, 'target_y': 0.0, 'yaw_ins': 0.0, 'dis_ins': 0.0}
  [2026-06-24T18:03:23.975150] I: {'ins_mode': 4, 'realtime_x': -0.53, 'realtime_y': -0.01, 'target_x': 0.0, 'target_y': 0.0, 'yaw_ins': 0.0, 'dis_ins': 0.0}
  [2026-06-24T18:03:23.975323] I: {'ins_mode': 4, 'realtime_x': -0.53, 'realtime_y': -0.01, 'target_x': 0.0, 'target_y': 0.0, 'yaw_ins': 0.0, 'dis_ins': 0.0}
  [2026-06-24T18:03:23.975363] I: {'ins_mode': 4, 'realtime_x': -0.53, 'realtime_y': -0.01, 'target_x': 0.0, 'target_y': 0.0, 'yaw_ins': 0.0, 'dis_ins': 0.0}
  [2026-06-24T18:03:23.975397] I: {'ins_mode': 4, 'realtime_x': -0.54, 'realtime_y': -0.01, 'target_x': 0.0, 'target_y': 0.0, 'yaw_ins': 0.0, 'dis_ins': 0.0}
  [2026-06-24T18:03:23.975425] I: {'ins_mode': 4, 'realtime_x': -0.54, 'realtime_y': -0.01, 'target_x': 0.0, 'target_y': 0.0, 'yaw_ins': 0.0, 'dis_ins': 0.0}
  [2026-06-24T18:03:23.975450] I: {'ins_mode': 4, 'realtime_x': -0.54, 'realtime_y': -0.01, 'target_x': 0.0, 'target_y': 0.0, 'yaw_ins': 0.0, 'dis_ins': 0.0}
  [2026-06-24T18:03:23.975477] I: {'ins_mode': 4, 'realtime_x': -0.54, 'realtime_y': -0.01, 'target_x': 0.0, 'target_y': 0.0, 'yaw_ins': 0.0, 'dis_ins': 0.0}
  [2026-06-24T18:03:23.975503] I: {'ins_mode': 4, 'realtime_x': -0.54, 'realtime_y': -0.01, 'target_x': 0.0, 'target_y': 0.0, 'yaw_ins': 0.0, 'dis_ins': 0.0}
  [2026-06-24T18:03:23.975529] I: {'ins_mode': 4, 'realtime_x': -0.54, 'realtime_y': -0.01, 'target_x': 0.0, 'target_y': 0.0, 'yaw_ins': 0.0, 'dis_ins': 0.0}
  [2026-06-24T18:03:23.975554] I: {'ins_mode': 4, 'realtime_x': -0.54, 'realtime_y': -0.01, 'target_x': 0.0, 'target_y': 0.0, 'yaw_ins': 0.0, 'dis_ins': 0.0}
  [2026-06-24T18:03:23.975580] I: {'ins_mode': 4, 'realtime_x': -0.54, 'realtime_y': -0.01, 'target_x': 0.0, 'target_y': 0.0, 'yaw_ins': 0.0, 'dis_ins': 0.0}
  [2026-06-24T18:03:23.975606] I: {'ins_mode': 4, 'realtime_x': -0.54, 'realtime_y': -0.01, 'target_x': 0.0, 'target_y': 0.0, 'yaw_ins': 0.0, 'dis_ins': 0.0}
  [2026-06-24T18:03:23.975631] I: {'ins_mode': 4, 'realtime_x': -0.53, 'realtime_y': -0.01, 'target_x': 0.0, 'target_y': 0.0, 'yaw_ins': 0.0, 'dis_ins': 0.0}
  [2026-06-24T18:03:23.975659] I: {'ins_mode': 4, 'realtime_x': -0.53, 'realtime_y': -0.01, 'target_x': 0.0, 'target_y': 0.0, 'yaw_ins': 0.0, 'dis_ins': 0.0}
  [2026-06-24T18:03:23.975684] I: {'ins_mode': 4, 'realtime_x': -0.53, 'realtime_y': -0.01, 'target_x': 0.0, 'target_y': 0.0, 'yaw_ins': 0.0, 'dis_ins': 0.0}
  [2026-06-24T18:03:23.975709] I: {'ins_mode': 4, 'realtime_x': -0.53, 'realtime_y': -0.01, 'target_x': 0.0, 'target_y': 0.0, 'yaw_ins': 0.0, 'dis_ins': 0.0}
  [2026-06-24T18:03:23.975771] I: {'ins_mode': 4, 'realtime_x': -0.53, 'realtime_y': -0.01, 'target_x': 0.0, 'target_y': 0.0, 'yaw_ins': 0.0, 'dis_ins': 0.0}
  [2026-06-24T18:03:23.986431] I: {'ins_mode': 4, 'realtime_x': -0.53, 'realtime_y': -0.01, 'target_x': 0.0, 'target_y': 0.0, 'yaw_ins': 0.0, 'dis_ins': 0.0}
  [2026-06-24T18:03:23.986494] I: {'ins_mode': 4, 'realtime_x': -0.53, 'realtime_y': -0.01, 'target_x': 0.0, 'target_y': 0.0, 'yaw_ins': 0.0, 'dis_ins': 0.0}
  [2026-06-24T18:03:23.986622] I: {'ins_mode': 4, 'realtime_x': -0.53, 'realtime_y': -0.01, 'target_x': 0.0, 'target_y': 0.0, 'yaw_ins': 0.0, 'dis_ins': 0.0}
  [2026-06-24T18:03:23.986678] I: {'ins_mode': 4, 'realtime_x': -0.53, 'realtime_y': -0.01, 'target_x': 0.0, 'target_y': 0.0, 'yaw_ins': 0.0, 'dis_ins': 0.0}
  [2026-06-24T18:03:23.986807] I: {'ins_mode': 4, 'realtime_x': -0.53, 'realtime_y': -0.01, 'target_x': 0.0, 'target_y': 0.0, 'yaw_ins': 0.0, 'dis_ins': 0.0}
  [2026-06-24T18:03:23.986866] I: {'ins_mode': 4, 'realtime_x': -0.53, 'realtime_y': -0.01, 'target_x': 0.0, 'target_y': 0.0, 'yaw_ins': 0.0, 'dis_ins': 0.0}
  [2026-06-24T18:03:23.986988] I: {'ins_mode': 4, 'realtime_x': -0.53, 'realtime_y': -0.01, 'target_x': 0.0, 'target_y': 0.0, 'yaw_ins': 0.0, 'dis_ins': 0.0}
  [2026-06-24T18:03:23.987051] I: {'ins_mode': 4, 'realtime_x': -0.53, 'realtime_y': -0.01, 'target_x': 0.0, 'target_y': 0.0, 'yaw_ins': 0.0, 'dis_ins': 0.0}
  [2026-06-24T18:03:23.997946] I: {'ins_mode': 4, 'realtime_x': -0.53, 'realtime_y': -0.01, 'target_x': 0.0, 'target_y': 0.0, 'yaw_ins': 0.0, 'dis_ins': 0.0}
  [2026-06-24T18:03:23.997996] I: {'ins_mode': 4, 'realtime_x': -0.53, 'realtime_y': -0.01, 'target_x': 0.0, 'target_y': 0.0, 'yaw_ins': 0.0, 'dis_ins': 0.0}
  [2026-06-24T18:03:23.998030] I: {'ins_mode': 4, 'realtime_x': -0.53, 'realtime_y': -0.01, 'target_x': 0.0, 'target_y': 0.0, 'yaw_ins': 0.0, 'dis_ins': 0.0}
  [2026-06-24T18:03:23.998060] I: {'ins_mode': 4, 'realtime_x': -0.53, 'realtime_y': -0.01, 'target_x': 0.0, 'target_y': 0.0, 'yaw_ins': 0.0, 'dis_ins': 0.0}
  [2026-06-24T18:03:23.998088] I: {'ins_mode': 4, 'realtime_x': -0.53, 'realtime_y': -0.01, 'target_x': 0.0, 'target_y': 0.0, 'yaw_ins': 0.0, 'dis_ins': 0.0}
  [2026-06-24T18:03:24.008858] I: {'ins_mode': 4, 'realtime_x': -0.53, 'realtime_y': -0.01, 'target_x': 0.0, 'target_y': 0.0, 'yaw_ins': 0.0, 'dis_ins': 0.0}
  [2026-06-24T18:03:24.008917] I: {'ins_mode': 4, 'realtime_x': -0.53, 'realtime_y': -0.01, 'target_x': 0.0, 'target_y': 0.0, 'yaw_ins': 0.0, 'dis_ins': 0.0}
  [2026-06-24T18:03:24.008958] I: {'ins_mode': 4, 'realtime_x': -0.53, 'realtime_y': -0.01, 'target_x': 0.0, 'target_y': 0.0, 'yaw_ins': 0.0, 'dis_ins': 0.0}
  [2026-06-24T18:03:24.020007] I: {'ins_mode': 4, 'realtime_x': -0.53, 'realtime_y': -0.01, 'target_x': 0.0, 'target_y': 0.0, 'yaw_ins': 0.0, 'dis_ins': 0.0}
  [2026-06-24T18:03:24.020047] I: {'ins_mode': 4, 'realtime_x': -0.53, 'realtime_y': -0.01, 'target_x': 0.0, 'target_y': 0.0, 'yaw_ins': 0.0, 'dis_ins': 0.0}
  [2026-06-24T18:03:24.020194] I: {'ins_mode': 4, 'realtime_x': -0.53, 'realtime_y': -0.01, 'target_x': 0.0, 'target_y': 0.0, 'yaw_ins': 0.0, 'dis_ins': 0.0}
  [2026-06-24T18:03:24.020335] I: {'ins_mode': 4, 'realtime_x': -0.53, 'realtime_y': -0.01, 'target_x': 0.0, 'target_y': 0.0, 'yaw_ins': 0.0, 'dis_ins': 0.0}
  [2026-06-24T18:03:24.030998] I: {'ins_mode': 4, 'realtime_x': -0.53, 'realtime_y': -0.01, 'target_x': 0.0, 'target_y': 0.0, 'yaw_ins': 0.0, 'dis_ins': 0.0}
  [2026-06-24T18:03:24.031107] I: {'ins_mode': 4, 'realtime_x': -0.53, 'realtime_y': -0.01, 'target_x': 0.0, 'target_y': 0.0, 'yaw_ins': 0.0, 'dis_ins': 0.0}
  [2026-06-24T18:03:24.031213] I: {'ins_mode': 4, 'realtime_x': -0.53, 'realtime_y': -0.01, 'target_x': 0.0, 'target_y': 0.0, 'yaw_ins': 0.0, 'dis_ins': 0.0}
  [2026-06-24T18:03:24.031258] I: {'ins_mode': 4, 'realtime_x': -0.53, 'realtime_y': -0.01, 'target_x': 0.0, 'target_y': 0.0, 'yaw_ins': 0.0, 'dis_ins': 0.0}
  [2026-06-24T18:03:24.041896] I: {'ins_mode': 4, 'realtime_x': -0.53, 'realtime_y': -0.01, 'target_x': 0.0, 'target_y': 0.0, 'yaw_ins': 0.0, 'dis_ins': 0.0}
  [2026-06-24T18:03:24.041932] I: {'ins_mode': 4, 'realtime_x': -0.53, 'realtime_y': -0.01, 'target_x': 0.0, 'target_y': 0.0, 'yaw_ins': 0.0, 'dis_ins': 0.0}
  [2026-06-24T18:03:24.041961] I: {'ins_mode': 4, 'realtime_x': -0.53, 'realtime_y': -0.01, 'target_x': 0.0, 'target_y': 0.0, 'yaw_ins': 0.0, 'dis_ins': 0.0}
  [2026-06-24T18:03:24.041989] I: {'ins_mode': 4, 'realtime_x': -0.53, 'realtime_y': -0.01, 'target_x': 0.0, 'target_y': 0.0, 'yaw_ins': 0.0, 'dis_ins': 0.0}
  [2026-06-24T18:03:24.042017] I: {'ins_mode': 4, 'realtime_x': -0.53, 'realtime_y': -0.01, 'target_x': 0.0, 'target_y': 0.0, 'yaw_ins': 0.0, 'dis_ins': 0.0}
  [2026-06-24T18:03:24.052454] I: {'ins_mode': 4, 'realtime_x': -0.53, 'realtime_y': -0.01, 'target_x': 0.0, 'target_y': 0.0, 'yaw_ins': 0.0, 'dis_ins': 0.0}
  [2026-06-24T18:03:24.052507] I: {'ins_mode': 4, 'realtime_x': -0.54, 'realtime_y': -0.01, 'target_x': 0.0, 'target_y': 0.0, 'yaw_ins': 0.0, 'dis_ins': 0.0}
  [2026-06-24T18:03:24.052558] I: {'ins_mode': 4, 'realtime_x': -0.56, 'realtime_y': -0.01, 'target_x': 0.0, 'target_y': 0.0, 'yaw_ins': 0.0, 'dis_ins': 0.0}
  [2026-06-24T18:03:24.052609] I: {'ins_mode': 4, 'realtime_x': -0.56, 'realtime_y': -0.01, 'target_x': 0.0, 'target_y': 0.0, 'yaw_ins': 0.0, 'dis_ins': 0.0}
  [2026-06-24T18:03:24.137657] I: {'ins_mode': 4, 'realtime_x': -0.56, 'realtime_y': -0.01, 'target_x': 0.0, 'target_y': 0.0, 'yaw_ins': 0.0, 'dis_ins': 0.0}
  [2026-06-24T18:03:24.193441] I: {'ins_mode': 4, 'realtime_x': -0.56, 'realtime_y': -0.01, 'target_x': 0.0, 'target_y': 0.0, 'yaw_ins': 0.0, 'dis_ins': 0.0}
  [2026-06-24T18:03:24.256080] I: {'ins_mode': 4, 'realtime_x': -0.56, 'realtime_y': -0.01, 'target_x': 0.0, 'target_y': 0.0, 'yaw_ins': 0.0, 'dis_ins': 0.0}
  [2026-06-24T18:03:24.287447] I: {'ins_mode': 4, 'realtime_x': -0.56, 'realtime_y': -0.01, 'target_x': 0.0, 'target_y': 0.0, 'yaw_ins': 0.0, 'dis_ins': 0.0}
  [2026-06-24T18:03:24.379656] I: {'ins_mode': 4, 'realtime_x': -0.56, 'realtime_y': -0.01, 'target_x': 0.0, 'target_y': 0.0, 'yaw_ins': 0.0, 'dis_ins': 0.0}
  [2026-06-24T18:03:24.407200] I: {'ins_mode': 4, 'realtime_x': -0.56, 'realtime_y': -0.01, 'target_x': 0.0, 'target_y': 0.0, 'yaw_ins': 0.0, 'dis_ins': 0.0}
  [2026-06-24T18:03:24.491673] I: {'ins_mode': 4, 'realtime_x': -0.58, 'realtime_y': -0.01, 'target_x': 0.0, 'target_y': 0.0, 'yaw_ins': 0.0, 'dis_ins': 0.0}
  [2026-06-24T18:03:24.533629] I: {'ins_mode': 4, 'realtime_x': -0.59, 'realtime_y': -0.01, 'target_x': 0.0, 'target_y': 0.0, 'yaw_ins': 0.0, 'dis_ins': 0.0}
  [2026-06-24T18:03:24.616120] I: {'ins_mode': 4, 'realtime_x': -0.59, 'realtime_y': -0.01, 'target_x': 0.0, 'target_y': 0.0, 'yaw_ins': 0.0, 'dis_ins': 0.0}
  [2026-06-24T18:03:24.647603] I: {'ins_mode': 4, 'realtime_x': -0.59, 'realtime_y': -0.01, 'target_x': 0.0, 'target_y': 0.0, 'yaw_ins': 0.0, 'dis_ins': 0.0}
  [2026-06-24T18:03:24.732783] I: {'ins_mode': 4, 'realtime_x': -0.59, 'realtime_y': -0.01, 'target_x': 0.0, 'target_y': 0.0, 'yaw_ins': 0.0, 'dis_ins': 0.0}
  [2026-06-24T18:03:24.774561] I: {'ins_mode': 4, 'realtime_x': -0.59, 'realtime_y': -0.01, 'target_x': 0.0, 'target_y': 0.0, 'yaw_ins': 0.0, 'dis_ins': 0.0}
  [2026-06-24T18:03:24.853199] I: {'ins_mode': 4, 'realtime_x': -0.59, 'realtime_y': -0.01, 'target_x': 0.0, 'target_y': 0.0, 'yaw_ins': 0.0, 'dis_ins': 0.0}
  [2026-06-24T18:03:24.895326] I: {'ins_mode': 4, 'realtime_x': -0.59, 'realtime_y': -0.01, 'target_x': 0.0, 'target_y': 0.0, 'yaw_ins': 0.0, 'dis_ins': 0.0}
  [2026-06-24T18:03:25.037904] I: {'ins_mode': 4, 'realtime_x': -0.59, 'realtime_y': -0.01, 'target_x': 0.0, 'target_y': 0.0, 'yaw_ins': 0.0, 'dis_ins': 0.0}
  [2026-06-24T18:03:25.038995] I: {'ins_mode': 4, 'realtime_x': -0.58, 'realtime_y': -0.01, 'target_x': 0.0, 'target_y': 0.0, 'yaw_ins': 0.0, 'dis_ins': 0.0}
  [2026-06-24T18:03:25.091361] I: {'ins_mode': 4, 'realtime_x': -0.55, 'realtime_y': -0.01, 'target_x': 0.0, 'target_y': 0.0, 'yaw_ins': 0.0, 'dis_ins': 0.0}
  [2026-06-24T18:03:25.134612] I: {'ins_mode': 4, 'realtime_x': -0.56, 'realtime_y': -0.01, 'target_x': 0.0, 'target_y': 0.0, 'yaw_ins': 0.0, 'dis_ins': 0.0}
  [2026-06-24T18:03:25.209597] I: {'ins_mode': 4, 'realtime_x': -0.6, 'realtime_y': -0.01, 'target_x': 0.0, 'target_y': 0.0, 'yaw_ins': 0.0, 'dis_ins': 0.0}
  [2026-06-24T18:03:25.256971] I: {'ins_mode': 4, 'realtime_x': -0.62, 'realtime_y': -0.01, 'target_x': 0.0, 'target_y': 0.0, 'yaw_ins': 0.0, 'dis_ins': 0.0}
  [2026-06-24T18:03:25.331015] I: {'ins_mode': 4, 'realtime_x': -0.64, 'realtime_y': -0.01, 'target_x': 0.0, 'target_y': 0.0, 'yaw_ins': 0.0, 'dis_ins': 0.0}
  [2026-06-24T18:03:25.373268] I: {'ins_mode': 4, 'realtime_x': -0.64, 'realtime_y': -0.01, 'target_x': 0.0, 'target_y': 0.0, 'yaw_ins': 0.0, 'dis_ins': 0.0}
  [2026-06-24T18:03:25.473651] I: {'ins_mode': 4, 'realtime_x': -0.64, 'realtime_y': -0.01, 'target_x': 0.0, 'target_y': 0.0, 'yaw_ins': 0.0, 'dis_ins': 0.0}
  [2026-06-24T18:03:25.494880] I: {'ins_mode': 4, 'realtime_x': -0.64, 'realtime_y': -0.01, 'target_x': 0.0, 'target_y': 0.0, 'yaw_ins': 0.0, 'dis_ins': 0.0}
  [2026-06-24T18:03:25.568984] I: {'ins_mode': 4, 'realtime_x': -0.62, 'realtime_y': -0.01, 'target_x': 0.0, 'target_y': 0.0, 'yaw_ins': 0.0, 'dis_ins': 0.0}
  [2026-06-24T18:03:25.611593] I: {'ins_mode': 4, 'realtime_x': -0.56, 'realtime_y': -0.01, 'target_x': 0.0, 'target_y': 0.0, 'yaw_ins': 0.0, 'dis_ins': 0.0}
  [2026-06-24T18:03:25.692219] I: {'ins_mode': 4, 'realtime_x': -0.46, 'realtime_y': -0.01, 'target_x': 0.0, 'target_y': 0.0, 'yaw_ins': 0.0, 'dis_ins': 0.0}
  [2026-06-24T18:03:25.733996] I: {'ins_mode': 4, 'realtime_x': -0.45, 'realtime_y': -0.01, 'target_x': 0.0, 'target_y': 0.0, 'yaw_ins': 0.0, 'dis_ins': 0.0}
  [2026-06-24T18:03:25.807555] I: {'ins_mode': 4, 'realtime_x': -0.5, 'realtime_y': -0.01, 'target_x': 0.0, 'target_y': 0.0, 'yaw_ins': 0.0, 'dis_ins': 0.0}
  [2026-06-24T18:03:25.850327] I: {'ins_mode': 4, 'realtime_x': -0.56, 'realtime_y': -0.01, 'target_x': 0.0, 'target_y': 0.0, 'yaw_ins': 0.0, 'dis_ins': 0.0}
  [2026-06-24T18:03:25.935590] I: {'ins_mode': 4, 'realtime_x': -0.6, 'realtime_y': -0.01, 'target_x': 0.0, 'target_y': 0.0, 'yaw_ins': 0.0, 'dis_ins': 0.0}
  [2026-06-24T18:03:25.978130] I: {'ins_mode': 4, 'realtime_x': -0.59, 'realtime_y': -0.01, 'target_x': 0.0, 'target_y': 0.0, 'yaw_ins': 0.0, 'dis_ins': 0.0}
  [2026-06-24T18:03:26.052489] I: {'ins_mode': 4, 'realtime_x': -0.59, 'realtime_y': -0.01, 'target_x': 0.0, 'target_y': 0.0, 'yaw_ins': 0.0, 'dis_ins': 0.0}
  [2026-06-24T18:03:26.095327] I: {'ins_mode': 4, 'realtime_x': -0.59, 'realtime_y': -0.01, 'target_x': 0.0, 'target_y': 0.0, 'yaw_ins': 0.0, 'dis_ins': 0.0}
  [2026-06-24T18:03:26.168738] I: {'ins_mode': 4, 'realtime_x': -0.62, 'realtime_y': -0.01, 'target_x': 0.0, 'target_y': 0.0, 'yaw_ins': 0.0, 'dis_ins': 0.0}
  [2026-06-24T18:03:26.212469] I: {'ins_mode': 4, 'realtime_x': -0.64, 'realtime_y': -0.01, 'target_x': 0.0, 'target_y': 0.0, 'yaw_ins': 0.0, 'dis_ins': 0.0}
  [2026-06-24T18:03:26.286768] I: {'ins_mode': 4, 'realtime_x': -0.7, 'realtime_y': -0.01, 'target_x': 0.0, 'target_y': 0.0, 'yaw_ins': 0.0, 'dis_ins': 0.0}
  [2026-06-24T18:03:26.342461] I: {'ins_mode': 4, 'realtime_x': -0.8, 'realtime_y': -0.01, 'target_x': 0.0, 'target_y': 0.0, 'yaw_ins': 0.0, 'dis_ins': 0.0}
  [2026-06-24T18:03:26.416645] I: {'ins_mode': 4, 'realtime_x': -1.01, 'realtime_y': -0.01, 'target_x': 0.0, 'target_y': 0.0, 'yaw_ins': 0.0, 'dis_ins': 0.0}
  [2026-06-24T18:03:26.449144] I: {'ins_mode': 4, 'realtime_x': -1.07, 'realtime_y': -0.01, 'target_x': 0.0, 'target_y': 0.0, 'yaw_ins': 0.0, 'dis_ins': 0.0}
  [2026-06-24T18:03:26.532112] I: {'ins_mode': 4, 'realtime_x': -1.11, 'realtime_y': -0.01, 'target_x': 0.0, 'target_y': 0.0, 'yaw_ins': 0.0, 'dis_ins': 0.0}
  [2026-06-24T18:03:26.574460] I: {'ins_mode': 4, 'realtime_x': -1.1, 'realtime_y': -0.01, 'target_x': 0.0, 'target_y': 0.0, 'yaw_ins': 0.0, 'dis_ins': 0.0}
  [2026-06-24T18:03:26.648134] I: {'ins_mode': 4, 'realtime_x': -1.03, 'realtime_y': -0.01, 'target_x': 0.0, 'target_y': 0.0, 'yaw_ins': 0.0, 'dis_ins': 0.0}
  [2026-06-24T18:03:26.690193] I: {'ins_mode': 4, 'realtime_x': -1.0, 'realtime_y': -0.01, 'target_x': 0.0, 'target_y': 0.0, 'yaw_ins': 0.0, 'dis_ins': 0.0}
  [2026-06-24T18:03:26.775206] I: {'ins_mode': 4, 'realtime_x': -0.9, 'realtime_y': -0.01, 'target_x': 0.0, 'target_y': 0.0, 'yaw_ins': 0.0, 'dis_ins': 0.0}
  [2026-06-24T18:03:26.806642] I: {'ins_mode': 4, 'realtime_x': -0.83, 'realtime_y': -0.01, 'target_x': 0.0, 'target_y': 0.0, 'yaw_ins': 0.0, 'dis_ins': 0.0}
  [2026-06-24T18:03:26.891000] I: {'ins_mode': 4, 'realtime_x': -0.72, 'realtime_y': -0.01, 'target_x': 0.0, 'target_y': 0.0, 'yaw_ins': 0.0, 'dis_ins': 0.0}
  [2026-06-24T18:03:26.934007] I: {'ins_mode': 4, 'realtime_x': -0.63, 'realtime_y': -0.01, 'target_x': 0.0, 'target_y': 0.0, 'yaw_ins': 0.0, 'dis_ins': 0.0}
  [2026-06-24T18:03:27.016337] I: {'ins_mode': 4, 'realtime_x': -0.45, 'realtime_y': -0.01, 'target_x': 0.0, 'target_y': 0.0, 'yaw_ins': 0.0, 'dis_ins': 0.0}
  [2026-06-24T18:03:27.047909] I: {'ins_mode': 4, 'realtime_x': -0.41, 'realtime_y': -0.01, 'target_x': 0.0, 'target_y': 0.0, 'yaw_ins': 0.0, 'dis_ins': 0.0}
  [2026-06-24T18:03:27.131542] I: {'ins_mode': 4, 'realtime_x': -0.45, 'realtime_y': -0.01, 'target_x': 0.0, 'target_y': 0.0, 'yaw_ins': 0.0, 'dis_ins': 0.0}
  [2026-06-24T18:03:27.208327] I: {'ins_mode': 4, 'realtime_x': -0.43, 'realtime_y': -0.01, 'target_x': 0.0, 'target_y': 0.0, 'yaw_ins': 0.0, 'dis_ins': 0.0}
  [2026-06-24T18:03:27.250988] I: {'ins_mode': 4, 'realtime_x': -0.43, 'realtime_y': -0.01, 'target_x': 0.0, 'target_y': 0.0, 'yaw_ins': 0.0, 'dis_ins': 0.0}
  [2026-06-24T18:03:27.293036] I: {'ins_mode': 4, 'realtime_x': -0.4, 'realtime_y': -0.01, 'target_x': 0.0, 'target_y': 0.0, 'yaw_ins': 0.0, 'dis_ins': 0.0}
  [2026-06-24T18:03:27.377637] I: {'ins_mode': 4, 'realtime_x': -0.34, 'realtime_y': -0.02, 'target_x': 0.0, 'target_y': 0.0, 'yaw_ins': 0.0, 'dis_ins': 0.0}
  [2026-06-24T18:03:27.428494] I: {'ins_mode': 4, 'realtime_x': -0.32, 'realtime_y': -0.02, 'target_x': 0.0, 'target_y': 0.0, 'yaw_ins': 0.0, 'dis_ins': 0.0}
  [2026-06-24T18:03:27.492333] I: {'ins_mode': 4, 'realtime_x': -0.26, 'realtime_y': -0.02, 'target_x': 0.0, 'target_y': 0.0, 'yaw_ins': 0.0, 'dis_ins': 0.0}
  [2026-06-24T18:03:27.535313] I: {'ins_mode': 4, 'realtime_x': -0.26, 'realtime_y': -0.02, 'target_x': 0.0, 'target_y': 0.0, 'yaw_ins': 0.0, 'dis_ins': 0.0}
  [2026-06-24T18:03:27.616403] I: {'ins_mode': 4, 'realtime_x': -0.21, 'realtime_y': -0.02, 'target_x': 0.0, 'target_y': 0.0, 'yaw_ins': 0.0, 'dis_ins': 0.0}
  [2026-06-24T18:03:27.647731] I: {'ins_mode': 4, 'realtime_x': -0.16, 'realtime_y': -0.02, 'target_x': 0.0, 'target_y': 0.0, 'yaw_ins': 0.0, 'dis_ins': 0.0}
  [2026-06-24T18:03:27.731170] I: {'ins_mode': 4, 'realtime_x': 0.04, 'realtime_y': -0.02, 'target_x': 0.0, 'target_y': 0.0, 'yaw_ins': 0.0, 'dis_ins': 0.0}
  [2026-06-24T18:03:27.774095] I: {'ins_mode': 4, 'realtime_x': 0.17, 'realtime_y': -0.02, 'target_x': 0.0, 'target_y': 0.0, 'yaw_ins': 0.0, 'dis_ins': 0.0}
  [2026-06-24T18:03:27.860109] I: {'ins_mode': 4, 'realtime_x': 0.83, 'realtime_y': -0.04, 'target_x': 0.0, 'target_y': 0.0, 'yaw_ins': 0.0, 'dis_ins': 0.0}
  [2026-06-24T18:03:27.892637] I: {'ins_mode': 4, 'realtime_x': 1.11, 'realtime_y': -0.05, 'target_x': 0.0, 'target_y': 0.0, 'yaw_ins': 0.0, 'dis_ins': 0.0}
  [2026-06-24T18:03:27.967409] I: {'ins_mode': 4, 'realtime_x': 1.85, 'realtime_y': -0.07, 'target_x': 0.0, 'target_y': 0.0, 'yaw_ins': 0.0, 'dis_ins': 0.0}
  [2026-06-24T18:03:28.009571] I: {'ins_mode': 4, 'realtime_x': 2.37, 'realtime_y': -0.08, 'target_x': 0.0, 'target_y': 0.0, 'yaw_ins': 0.0, 'dis_ins': 0.0}
  [2026-06-24T18:03:28.095754] I: {'ins_mode': 4, 'realtime_x': 3.18, 'realtime_y': -0.1, 'target_x': 0.0, 'target_y': 0.0, 'yaw_ins': 0.0, 'dis_ins': 0.0}
  [2026-06-24T18:03:28.139901] I: {'ins_mode': 4, 'realtime_x': 3.48, 'realtime_y': -0.1, 'target_x': 0.0, 'target_y': 0.0, 'yaw_ins': 0.0, 'dis_ins': 0.0}
  [2026-06-24T18:03:28.213860] I: {'ins_mode': 4, 'realtime_x': 4.17, 'realtime_y': -0.11, 'target_x': 0.0, 'target_y': 0.0, 'yaw_ins': 0.0, 'dis_ins': 0.0}
  [2026-06-24T18:03:28.259660] I: {'ins_mode': 4, 'realtime_x': 4.49, 'realtime_y': -0.12, 'target_x': 0.0, 'target_y': 0.0, 'yaw_ins': 0.0, 'dis_ins': 0.0}
  [2026-06-24T18:03:28.332581] I: {'ins_mode': 4, 'realtime_x': 4.86, 'realtime_y': -0.13, 'target_x': 0.0, 'target_y': 0.0, 'yaw_ins': 0.0, 'dis_ins': 0.0}
  [2026-06-24T18:03:28.375042] I: {'ins_mode': 4, 'realtime_x': 5.15, 'realtime_y': -0.14, 'target_x': 0.0, 'target_y': 0.0, 'yaw_ins': 0.0, 'dis_ins': 0.0}
  [2026-06-24T18:03:28.447315] I: {'ins_mode': 4, 'realtime_x': 5.67, 'realtime_y': -0.16, 'target_x': 0.0, 'target_y': 0.0, 'yaw_ins': 0.0, 'dis_ins': 0.0}
  [2026-06-24T18:03:28.502654] I: {'ins_mode': 4, 'realtime_x': 5.94, 'realtime_y': -0.17, 'target_x': 0.0, 'target_y': 0.0, 'yaw_ins': 0.0, 'dis_ins': 0.0}
  [2026-06-24T18:03:28.575684] I: {'ins_mode': 4, 'realtime_x': 6.3, 'realtime_y': -0.17, 'target_x': 0.0, 'target_y': 0.0, 'yaw_ins': 0.0, 'dis_ins': 0.0}
  [2026-06-24T18:03:28.607108] I: {'ins_mode': 4, 'realtime_x': 6.38, 'realtime_y': -0.17, 'target_x': 0.0, 'target_y': 0.0, 'yaw_ins': 0.0, 'dis_ins': 0.0}
  [2026-06-24T18:03:28.696828] I: {'ins_mode': 4, 'realtime_x': 6.54, 'realtime_y': -0.18, 'target_x': 0.0, 'target_y': 0.0, 'yaw_ins': 0.0, 'dis_ins': 0.0}
  [2026-06-24T18:03:28.728495] I: {'ins_mode': 4, 'realtime_x': 6.57, 'realtime_y': -0.18, 'target_x': 0.0, 'target_y': 0.0, 'yaw_ins': 0.0, 'dis_ins': 0.0}
  [2026-06-24T18:03:28.813245] I: {'ins_mode': 4, 'realtime_x': 6.67, 'realtime_y': -0.18, 'target_x': 0.0, 'target_y': 0.0, 'yaw_ins': 0.0, 'dis_ins': 0.0}
  [2026-06-24T18:03:28.856011] I: {'ins_mode': 4, 'realtime_x': 6.72, 'realtime_y': -0.18, 'target_x': 0.0, 'target_y': 0.0, 'yaw_ins': 0.0, 'dis_ins': 0.0}
  [2026-06-24T18:03:28.942022] I: {'ins_mode': 4, 'realtime_x': 6.82, 'realtime_y': -0.18, 'target_x': 0.0, 'target_y': 0.0, 'yaw_ins': 0.0, 'dis_ins': 0.0}
  [2026-06-24T18:03:28.974067] I: {'ins_mode': 4, 'realtime_x': 6.84, 'realtime_y': -0.18, 'target_x': 0.0, 'target_y': 0.0, 'yaw_ins': 0.0, 'dis_ins': 0.0}
  [2026-06-24T18:03:29.056879] I: {'ins_mode': 4, 'realtime_x': 6.84, 'realtime_y': -0.18, 'target_x': 0.0, 'target_y': 0.0, 'yaw_ins': 0.0, 'dis_ins': 0.0}
  [2026-06-24T18:03:29.088762] I: {'ins_mode': 4, 'realtime_x': 6.84, 'realtime_y': -0.18, 'target_x': 0.0, 'target_y': 0.0, 'yaw_ins': 0.0, 'dis_ins': 0.0}
  [2026-06-24T18:03:29.176574] I: {'ins_mode': 4, 'realtime_x': 6.81, 'realtime_y': -0.18, 'target_x': 0.0, 'target_y': 0.0, 'yaw_ins': 0.0, 'dis_ins': 0.0}
  [2026-06-24T18:03:29.207815] I: {'ins_mode': 4, 'realtime_x': 6.88, 'realtime_y': -0.19, 'target_x': 0.0, 'target_y': 0.0, 'yaw_ins': 0.0, 'dis_ins': 0.0}
  [2026-06-24T18:03:29.292961] I: {'ins_mode': 4, 'realtime_x': 7.06, 'realtime_y': -0.19, 'target_x': 0.0, 'target_y': 0.0, 'yaw_ins': 0.0, 'dis_ins': 0.0}
  [2026-06-24T18:03:29.343212] I: {'ins_mode': 4, 'realtime_x': 7.1, 'realtime_y': -0.2, 'target_x': 0.0, 'target_y': 0.0, 'yaw_ins': 0.0, 'dis_ins': 0.0}
  [2026-06-24T18:03:29.409938] I: {'ins_mode': 4, 'realtime_x': 7.16, 'realtime_y': -0.2, 'target_x': 0.0, 'target_y': 0.0, 'yaw_ins': 0.0, 'dis_ins': 0.0}
  [2026-06-24T18:03:29.453293] I: {'ins_mode': 4, 'realtime_x': 7.19, 'realtime_y': -0.2, 'target_x': 0.0, 'target_y': 0.0, 'yaw_ins': 0.0, 'dis_ins': 0.0}
  [2026-06-24T18:03:29.537624] I: {'ins_mode': 4, 'realtime_x': 7.24, 'realtime_y': -0.2, 'target_x': 0.0, 'target_y': 0.0, 'yaw_ins': 0.0, 'dis_ins': 0.0}
  [2026-06-24T18:03:29.592077] I: {'ins_mode': 4, 'realtime_x': 7.25, 'realtime_y': -0.2, 'target_x': 0.0, 'target_y': 0.0, 'yaw_ins': 0.0, 'dis_ins': 0.0}
  [2026-06-24T18:03:29.654978] I: {'ins_mode': 4, 'realtime_x': 7.25, 'realtime_y': -0.2, 'target_x': 0.0, 'target_y': 0.0, 'yaw_ins': 0.0, 'dis_ins': 0.0}
  [2026-06-24T18:03:29.696985] I: {'ins_mode': 4, 'realtime_x': 7.25, 'realtime_y': -0.2, 'target_x': 0.0, 'target_y': 0.0, 'yaw_ins': 0.0, 'dis_ins': 0.0}
  [2026-06-24T18:03:29.782016] I: {'ins_mode': 4, 'realtime_x': 7.35, 'realtime_y': -0.21, 'target_x': 0.0, 'target_y': 0.0, 'yaw_ins': 0.0, 'dis_ins': 0.0}
  [2026-06-24T18:03:29.813599] I: {'ins_mode': 4, 'realtime_x': 7.43, 'realtime_y': -0.21, 'target_x': 0.0, 'target_y': 0.0, 'yaw_ins': 0.0, 'dis_ins': 0.0}
  [2026-06-24T18:03:29.897784] I: {'ins_mode': 4, 'realtime_x': 7.72, 'realtime_y': -0.22, 'target_x': 0.0, 'target_y': 0.0, 'yaw_ins': 0.0, 'dis_ins': 0.0}
  [2026-06-24T18:03:29.929981] I: {'ins_mode': 4, 'realtime_x': 7.96, 'realtime_y': -0.22, 'target_x': 0.0, 'target_y': 0.0, 'yaw_ins': 0.0, 'dis_ins': 0.0}
  [2026-06-24T18:03:30.028346] I: {'ins_mode': 4, 'realtime_x': 8.34, 'realtime_y': -0.22, 'target_x': 0.0, 'target_y': 0.0, 'yaw_ins': 0.0, 'dis_ins': 0.0}
  [2026-06-24T18:03:30.056273] I: {'ins_mode': 4, 'realtime_x': 8.65, 'realtime_y': -0.23, 'target_x': 0.0, 'target_y': 0.0, 'yaw_ins': 0.0, 'dis_ins': 0.0}
  [2026-06-24T18:03:30.129624] I: {'ins_mode': 4, 'realtime_x': 9.3, 'realtime_y': -0.24, 'target_x': 0.0, 'target_y': 0.0, 'yaw_ins': 0.0, 'dis_ins': 0.0}
  [2026-06-24T18:03:30.172612] I: {'ins_mode': 4, 'realtime_x': 9.67, 'realtime_y': -0.25, 'target_x': 0.0, 'target_y': 0.0, 'yaw_ins': 0.0, 'dis_ins': 0.0}
  [2026-06-24T18:03:30.248164] I: {'ins_mode': 4, 'realtime_x': 10.2, 'realtime_y': -0.25, 'target_x': 0.0, 'target_y': 0.0, 'yaw_ins': 0.0, 'dis_ins': 0.0}
  [2026-06-24T18:03:30.290271] I: {'ins_mode': 4, 'realtime_x': 10.42, 'realtime_y': -0.25, 'target_x': 0.0, 'target_y': 0.0, 'yaw_ins': 0.0, 'dis_ins': 0.0}
  [2026-06-24T18:03:30.376822] I: {'ins_mode': 4, 'realtime_x': 11.03, 'realtime_y': -0.25, 'target_x': 0.0, 'target_y': 0.0, 'yaw_ins': 0.0, 'dis_ins': 0.0}
  [2026-06-24T18:03:30.408596] I: {'ins_mode': 4, 'realtime_x': 11.47, 'realtime_y': -0.25, 'target_x': 0.0, 'target_y': 0.0, 'yaw_ins': 0.0, 'dis_ins': 0.0}
  [2026-06-24T18:03:30.494927] I: {'ins_mode': 4, 'realtime_x': 12.37, 'realtime_y': -0.26, 'target_x': 0.0, 'target_y': 0.0, 'yaw_ins': 0.0, 'dis_ins': 0.0}
  [2026-06-24T18:03:30.526608] I: {'ins_mode': 4, 'realtime_x': 12.75, 'realtime_y': -0.27, 'target_x': 0.0, 'target_y': 0.0, 'yaw_ins': 0.0, 'dis_ins': 0.0}
  [2026-06-24T18:03:30.611265] I: {'ins_mode': 4, 'realtime_x': 13.71, 'realtime_y': -0.3, 'target_x': 0.0, 'target_y': 0.0, 'yaw_ins': 0.0, 'dis_ins': 0.0}
  [2026-06-24T18:03:30.676851] I: {'ins_mode': 4, 'realtime_x': 14.27, 'realtime_y': -0.31, 'target_x': 0.0, 'target_y': 0.0, 'yaw_ins': 0.0, 'dis_ins': 0.0}
  [2026-06-24T18:03:30.729770] I: {'ins_mode': 4, 'realtime_x': 15.26, 'realtime_y': -0.3, 'target_x': 0.0, 'target_y': 0.0, 'yaw_ins': 0.0, 'dis_ins': 0.0}
  [2026-06-24T18:03:30.774066] I: {'ins_mode': 4, 'realtime_x': 15.71, 'realtime_y': -0.29, 'target_x': 0.0, 'target_y': 0.0, 'yaw_ins': 0.0, 'dis_ins': 0.0}
  [2026-06-24T18:03:30.847462] I: {'ins_mode': 4, 'realtime_x': 16.74, 'realtime_y': -0.25, 'target_x': 0.0, 'target_y': 0.0, 'yaw_ins': 0.0, 'dis_ins': 0.0}
  [2026-06-24T18:03:30.892300] I: {'ins_mode': 4, 'realtime_x': 17.27, 'realtime_y': -0.23, 'target_x': 0.0, 'target_y': 0.0, 'yaw_ins': 0.0, 'dis_ins': 0.0}
  [2026-06-24T18:03:30.976568] I: {'ins_mode': 4, 'realtime_x': 18.16, 'realtime_y': -0.19, 'target_x': 17.91, 'target_y': -0.2, 'yaw_ins': 0.0, 'dis_ins': 0.0}
  [2026-06-24T18:03:30.982366] W: {'wp_x': 17.91, 'wp_y': -0.2}
  [2026-06-24T18:03:31.009203] I: {'ins_mode': 4, 'realtime_x': 18.97, 'realtime_y': -0.16, 'target_x': 17.91, 'target_y': -0.2, 'yaw_ins': 0.0, 'dis_ins': 0.0}
  [2026-06-24T18:03:31.013921] W: {'wp_x': 17.91, 'wp_y': -0.2}
  [2026-06-24T18:03:31.115626] I: {'ins_mode': 4, 'realtime_x': 20.34, 'realtime_y': -0.11, 'target_x': 17.91, 'target_y': -0.2, 'yaw_ins': 0.0, 'dis_ins': 0.0}
  [2026-06-24T18:03:31.117887] W: {'wp_x': 17.91, 'wp_y': -0.2}
  [2026-06-24T18:03:31.137474] I: {'ins_mode': 4, 'realtime_x': 21.22, 'realtime_y': -0.09, 'target_x': 17.91, 'target_y': -0.2, 'yaw_ins': 0.0, 'dis_ins': 0.0}
  [2026-06-24T18:03:31.139432] W: {'wp_x': 17.91, 'wp_y': -0.2}
  [2026-06-24T18:03:31.210772] I: {'ins_mode': 4, 'realtime_x': 22.79, 'realtime_y': -0.04, 'target_x': 17.91, 'target_y': -0.2, 'yaw_ins': 0.0, 'dis_ins': 0.0}
  [2026-06-24T18:03:31.216106] W: {'wp_x': 17.91, 'wp_y': -0.2}
  [2026-06-24T18:03:31.253319] I: {'ins_mode': 4, 'realtime_x': 23.42, 'realtime_y': -0.01, 'target_x': 17.91, 'target_y': -0.2, 'yaw_ins': 0.0, 'dis_ins': 0.0}
  [2026-06-24T18:03:31.261901] W: {'wp_x': 17.91, 'wp_y': -0.2}
  [2026-06-24T18:03:31.330646] I: {'ins_mode': 4, 'realtime_x': 24.99, 'realtime_y': 0.09, 'target_x': 17.91, 'target_y': -0.2, 'yaw_ins': 0.0, 'dis_ins': 0.0}
  [2026-06-24T18:03:31.332914] W: {'wp_x': 17.91, 'wp_y': -0.2}
  [2026-06-24T18:03:31.373789] I: {'ins_mode': 4, 'realtime_x': 25.99, 'realtime_y': 0.17, 'target_x': 17.91, 'target_y': -0.2, 'yaw_ins': 0.0, 'dis_ins': 0.0}
  [2026-06-24T18:03:31.378972] W: {'wp_x': 17.91, 'wp_y': -0.2}
  [2026-06-24T18:03:31.447953] I: {'ins_mode': 4, 'realtime_x': 27.75, 'realtime_y': 0.3, 'target_x': 17.91, 'target_y': -0.2, 'yaw_ins': 0.0, 'dis_ins': 0.0}
  [2026-06-24T18:03:31.451333] W: {'wp_x': 17.91, 'wp_y': -0.2}
  [2026-06-24T18:03:31.491264] I: {'ins_mode': 4, 'realtime_x': 28.48, 'realtime_y': 0.34, 'target_x': 17.91, 'target_y': -0.2, 'yaw_ins': 0.0, 'dis_ins': 0.0}
  [2026-06-24T18:03:31.497477] W: {'wp_x': 17.91, 'wp_y': -0.2}
  [2026-06-24T18:03:31.573053] I: {'ins_mode': 4, 'realtime_x': 30.25, 'realtime_y': 0.37, 'target_x': 17.91, 'target_y': -0.2, 'yaw_ins': 0.0, 'dis_ins': 0.0}
  [2026-06-24T18:03:31.575715] W: {'wp_x': 17.91, 'wp_y': -0.2}
  [2026-06-24T18:03:31.615463] I: {'ins_mode': 4, 'realtime_x': 31.35, 'realtime_y': 0.37, 'target_x': 17.91, 'target_y': -0.2, 'yaw_ins': 0.0, 'dis_ins': 0.0}
  [2026-06-24T18:03:31.622697] W: {'wp_x': 17.91, 'wp_y': -0.2}
  [2026-06-24T18:03:31.689623] I: {'ins_mode': 4, 'realtime_x': 33.16, 'realtime_y': 0.35, 'target_x': 17.91, 'target_y': -0.2, 'yaw_ins': 0.0, 'dis_ins': 0.0}
  [2026-06-24T18:03:31.695896] W: {'wp_x': 17.91, 'wp_y': -0.2}
  [2026-06-24T18:03:31.743161] I: {'ins_mode': 4, 'realtime_x': 33.85, 'realtime_y': 0.33, 'target_x': 17.91, 'target_y': -0.2, 'yaw_ins': 0.0, 'dis_ins': 0.0}
  [2026-06-24T18:03:31.776902] W: {'wp_x': 17.91, 'wp_y': -0.2}
  [2026-06-24T18:03:31.817604] I: {'ins_mode': 4, 'realtime_x': 35.61, 'realtime_y': 0.28, 'target_x': 17.91, 'target_y': -0.2, 'yaw_ins': 0.0, 'dis_ins': 0.0}
  [2026-06-24T18:03:31.825390] W: {'wp_x': 17.91, 'wp_y': -0.2}
  [2026-06-24T18:03:31.849467] I: {'ins_mode': 4, 'realtime_x': 36.72, 'realtime_y': 0.25, 'target_x': 17.91, 'target_y': -0.2, 'yaw_ins': 0.0, 'dis_ins': 0.0}
  [2026-06-24T18:03:31.854080] W: {'wp_x': 17.91, 'wp_y': -0.2}
  [2026-06-24T18:03:31.934629] I: {'ins_mode': 4, 'realtime_x': 38.46, 'realtime_y': 0.2, 'target_x': 17.91, 'target_y': -0.2, 'yaw_ins': 0.0, 'dis_ins': 0.0}
  [2026-06-24T18:03:31.942275] W: {'wp_x': 38.12, 'wp_y': 0.21}
  [2026-06-24T18:03:31.993007] I: {'ins_mode': 4, 'realtime_x': 39.13, 'realtime_y': 0.19, 'target_x': 17.91, 'target_y': -0.2, 'yaw_ins': 0.0, 'dis_ins': 0.0}
  [2026-06-24T18:03:31.995067] W: {'wp_x': 38.12, 'wp_y': 0.21}
  [2026-06-24T18:03:32.056854] I: {'ins_mode': 4, 'realtime_x': 40.91, 'realtime_y': 0.14, 'target_x': 17.91, 'target_y': -0.2, 'yaw_ins': 0.0, 'dis_ins': 0.0}
  [2026-06-24T18:03:32.058906] W: {'wp_x': 38.12, 'wp_y': 0.21}
  [2026-06-24T18:03:32.088610] I: {'ins_mode': 4, 'realtime_x': 42.03, 'realtime_y': 0.09, 'target_x': 17.91, 'target_y': -0.2, 'yaw_ins': 0.0, 'dis_ins': 0.0}
  [2026-06-24T18:03:32.094748] W: {'wp_x': 38.12, 'wp_y': 0.21}
  [2026-06-24T18:03:32.193113] I: {'ins_mode': 4, 'realtime_x': 43.88, 'realtime_y': 0.0, 'target_x': 17.91, 'target_y': -0.2, 'yaw_ins': 0.0, 'dis_ins': 0.0}
  [2026-06-24T18:03:32.231004] W: {'wp_x': 38.12, 'wp_y': 0.21}
  [2026-06-24T18:03:32.231997] I: {'ins_mode': 4, 'realtime_x': 44.69, 'realtime_y': -0.03, 'target_x': 17.91, 'target_y': -0.2, 'yaw_ins': 0.0, 'dis_ins': 0.0}
  [2026-06-24T18:03:32.234110] W: {'wp_x': 38.12, 'wp_y': 0.21}
  [2026-06-24T18:03:32.295065] I: {'ins_mode': 4, 'realtime_x': 46.83, 'realtime_y': -0.09, 'target_x': 17.91, 'target_y': -0.2, 'yaw_ins': 0.0, 'dis_ins': 0.0}
  [2026-06-24T18:03:32.300369] W: {'wp_x': 38.12, 'wp_y': 0.21}
  [2026-06-24T18:03:32.337180] I: {'ins_mode': 4, 'realtime_x': 48.13, 'realtime_y': -0.11, 'target_x': 17.91, 'target_y': -0.2, 'yaw_ins': 0.0, 'dis_ins': 0.0}
  [2026-06-24T18:03:32.340559] W: {'wp_x': 38.12, 'wp_y': 0.21}
  [2026-06-24T18:03:32.431526] I: {'ins_mode': 4, 'realtime_x': 50.22, 'realtime_y': -0.11, 'target_x': 17.91, 'target_y': -0.2, 'yaw_ins': 0.0, 'dis_ins': 0.0}
  [2026-06-24T18:03:32.474829] W: {'wp_x': 38.12, 'wp_y': 0.21}
  [2026-06-24T18:03:32.475879] I: {'ins_mode': 4, 'realtime_x': 51.02, 'realtime_y': -0.11, 'target_x': 17.91, 'target_y': -0.2, 'yaw_ins': 0.0, 'dis_ins': 0.0}
  [2026-06-24T18:03:32.477795] W: {'wp_x': 38.12, 'wp_y': 0.21}
  [2026-06-24T18:03:32.538403] I: {'ins_mode': 4, 'realtime_x': 52.84, 'realtime_y': -0.07, 'target_x': 17.91, 'target_y': -0.2, 'yaw_ins': 0.0, 'dis_ins': 0.0}
  [2026-06-24T18:03:32.541886] W: {'wp_x': 38.12, 'wp_y': 0.21}
  [2026-06-24T18:03:32.570246] I: {'ins_mode': 4, 'realtime_x': 53.52, 'realtime_y': -0.06, 'target_x': 17.91, 'target_y': -0.2, 'yaw_ins': 0.0, 'dis_ins': 0.0}
  [2026-06-24T18:03:32.574858] W: {'wp_x': 38.12, 'wp_y': 0.21}
  [2026-06-24T18:03:32.668029] I: {'ins_mode': 4, 'realtime_x': 55.65, 'realtime_y': -0.05, 'target_x': 17.91, 'target_y': -0.2, 'yaw_ins': 0.0, 'dis_ins': 0.0}
  [2026-06-24T18:03:32.712403] W: {'wp_x': 38.12, 'wp_y': 0.21}
  [2026-06-24T18:03:32.713446] I: {'ins_mode': 4, 'realtime_x': 56.34, 'realtime_y': -0.06, 'target_x': 17.91, 'target_y': -0.2, 'yaw_ins': 0.0, 'dis_ins': 0.0}
  [2026-06-24T18:03:32.715276] W: {'wp_x': 38.12, 'wp_y': 0.21}
  [2026-06-24T18:03:32.776726] I: {'ins_mode': 4, 'realtime_x': 57.98, 'realtime_y': -0.11, 'target_x': 17.91, 'target_y': -0.2, 'yaw_ins': 0.0, 'dis_ins': 0.0}
  [2026-06-24T18:03:32.781002] W: {'wp_x': 38.12, 'wp_y': 0.21}
  [2026-06-24T18:03:32.808918] I: {'ins_mode': 4, 'realtime_x': 58.94, 'realtime_y': -0.15, 'target_x': 17.91, 'target_y': -0.2, 'yaw_ins': 0.0, 'dis_ins': 0.0}
  [2026-06-24T18:03:32.812321] W: {'wp_x': 58.29, 'wp_y': -0.13}
  [2026-06-24T18:03:32.942641] I: {'ins_mode': 4, 'realtime_x': 60.72, 'realtime_y': -0.2, 'target_x': 17.91, 'target_y': -0.2, 'yaw_ins': 0.0, 'dis_ins': 0.0}
  [2026-06-24T18:03:32.946463] W: {'wp_x': 58.29, 'wp_y': -0.13}
  [2026-06-24T18:03:32.946559] I: {'ins_mode': 4, 'realtime_x': 61.49, 'realtime_y': -0.21, 'target_x': 17.91, 'target_y': -0.2, 'yaw_ins': 0.0, 'dis_ins': 0.0}
  [2026-06-24T18:03:32.948492] W: {'wp_x': 58.29, 'wp_y': -0.13}
  [2026-06-24T18:03:33.009816] I: {'ins_mode': 4, 'realtime_x': 63.67, 'realtime_y': -0.24, 'target_x': 17.91, 'target_y': -0.2, 'yaw_ins': 0.0, 'dis_ins': 0.0}
  [2026-06-24T18:03:33.014563] W: {'wp_x': 58.29, 'wp_y': -0.13}
  [2026-06-24T18:03:33.052040] I: {'ins_mode': 4, 'realtime_x': 64.63, 'realtime_y': -0.26, 'target_x': 17.91, 'target_y': -0.2, 'yaw_ins': 0.0, 'dis_ins': 0.0}
  [2026-06-24T18:03:33.059118] W: {'wp_x': 58.29, 'wp_y': -0.13}
  [2026-06-24T18:03:33.140703] I: {'ins_mode': 4, 'realtime_x': 67.45, 'realtime_y': -0.35, 'target_x': 17.91, 'target_y': -0.2, 'yaw_ins': 0.0, 'dis_ins': 0.0}
  [2026-06-24T18:03:33.185392] W: {'wp_x': 58.29, 'wp_y': -0.13}
  [2026-06-24T18:03:33.185431] I: {'ins_mode': 4, 'realtime_x': 68.38, 'realtime_y': -0.39, 'target_x': 17.91, 'target_y': -0.2, 'yaw_ins': 0.0, 'dis_ins': 0.0}
  [2026-06-24T18:03:33.189373] W: {'wp_x': 58.29, 'wp_y': -0.13}
  [2026-06-24T18:03:33.249861] I: {'ins_mode': 4, 'realtime_x': 70.8, 'realtime_y': -0.5, 'target_x': 17.91, 'target_y': -0.2, 'yaw_ins': 0.0, 'dis_ins': 0.0}
  [2026-06-24T18:03:33.257790] W: {'wp_x': 58.29, 'wp_y': -0.13}
  [2026-06-24T18:03:33.293544] I: {'ins_mode': 4, 'realtime_x': 72.25, 'realtime_y': -0.59, 'target_x': 17.91, 'target_y': -0.2, 'yaw_ins': 0.0, 'dis_ins': 0.0}
  [2026-06-24T18:03:33.298035] W: {'wp_x': 58.29, 'wp_y': -0.13}
  [2026-06-24T18:03:33.394608] I: {'ins_mode': 4, 'realtime_x': 74.6, 'realtime_y': -0.77, 'target_x': 17.91, 'target_y': -0.2, 'yaw_ins': 0.0, 'dis_ins': 0.0}
  [2026-06-24T18:03:33.438877] W: {'wp_x': 58.29, 'wp_y': -0.13}
  [2026-06-24T18:03:33.439861] I: {'ins_mode': 4, 'realtime_x': 75.53, 'realtime_y': -0.85, 'target_x': 17.91, 'target_y': -0.2, 'yaw_ins': 0.0, 'dis_ins': 0.0}
  [2026-06-24T18:03:33.441680] W: {'wp_x': 58.29, 'wp_y': -0.13}
  [2026-06-24T18:03:33.492599] I: {'ins_mode': 4, 'realtime_x': 77.86, 'realtime_y': -1.12, 'target_x': 17.91, 'target_y': -0.2, 'yaw_ins': 0.0, 'dis_ins': 0.0}
  [2026-06-24T18:03:33.497851] W: {'wp_x': 58.29, 'wp_y': -0.13}
  [2026-06-24T18:03:33.535514] I: {'ins_mode': 4, 'realtime_x': 79.24, 'realtime_y': -1.32, 'target_x': 17.91, 'target_y': -0.2, 'yaw_ins': 0.0, 'dis_ins': 0.0}
  [2026-06-24T18:03:33.544317] W: {'wp_x': 78.32, 'wp_y': -1.18}
  [2026-06-24T18:03:33.701820] I: {'ins_mode': 4, 'realtime_x': 81.57, 'realtime_y': -1.66, 'target_x': 17.91, 'target_y': -0.2, 'yaw_ins': 0.0, 'dis_ins': 0.0}
  [2026-06-24T18:03:33.706723] W: {'wp_x': 78.32, 'wp_y': -1.18}
  [2026-06-24T18:03:33.706862] I: {'ins_mode': 4, 'realtime_x': 82.48, 'realtime_y': -1.8, 'target_x': 17.91, 'target_y': -0.2, 'yaw_ins': 0.0, 'dis_ins': 0.0}
  [2026-06-24T18:03:33.708680] W: {'wp_x': 78.32, 'wp_y': -1.18}
  [2026-06-24T18:03:33.728025] I: {'ins_mode': 4, 'realtime_x': 84.79, 'realtime_y': -2.21, 'target_x': 17.91, 'target_y': -0.2, 'yaw_ins': 0.0, 'dis_ins': 0.0}
  [2026-06-24T18:03:33.741873] W: {'wp_x': 78.32, 'wp_y': -1.18}
  [2026-06-24T18:03:33.770551] I: {'ins_mode': 4, 'realtime_x': 86.16, 'realtime_y': -2.48, 'target_x': 17.91, 'target_y': -0.2, 'yaw_ins': 0.0, 'dis_ins': 0.0}
  [2026-06-24T18:03:33.779608] W: {'wp_x': 78.32, 'wp_y': -1.18}
  [2026-06-24T18:03:33.855155] I: {'ins_mode': 4, 'realtime_x': 88.34, 'realtime_y': -2.94, 'target_x': 17.91, 'target_y': -0.2, 'yaw_ins': 0.0, 'dis_ins': 0.0}
  [2026-06-24T18:03:33.857735] W: {'wp_x': 78.32, 'wp_y': -1.18}
  [2026-06-24T18:03:33.912113] I: {'ins_mode': 4, 'realtime_x': 89.18, 'realtime_y': -3.12, 'target_x': 17.91, 'target_y': -0.2, 'yaw_ins': 0.0, 'dis_ins': 0.0}
  [2026-06-24T18:03:33.957644] W: {'wp_x': 78.32, 'wp_y': -1.18}
  [2026-06-24T18:03:33.977300] I: {'ins_mode': 4, 'realtime_x': 91.31, 'realtime_y': -3.59, 'target_x': 17.91, 'target_y': -0.2, 'yaw_ins': 0.0, 'dis_ins': 0.0}
  [2026-06-24T18:03:33.979257] W: {'wp_x': 78.32, 'wp_y': -1.18}
  [2026-06-24T18:03:34.009196] I: {'ins_mode': 4, 'realtime_x': 92.6, 'realtime_y': -3.9, 'target_x': 17.91, 'target_y': -0.2, 'yaw_ins': 0.0, 'dis_ins': 0.0}
  [2026-06-24T18:03:34.015554] W: {'wp_x': 78.32, 'wp_y': -1.18}
  [2026-06-24T18:03:34.094049] I: {'ins_mode': 4, 'realtime_x': 94.6, 'realtime_y': -4.43, 'target_x': 17.91, 'target_y': -0.2, 'yaw_ins': 0.0, 'dis_ins': 0.0}
  [2026-06-24T18:03:34.096691] W: {'wp_x': 78.32, 'wp_y': -1.18}
  [2026-06-24T18:03:34.210090] I: {'ins_mode': 4, 'realtime_x': 95.38, 'realtime_y': -4.65, 'target_x': 17.91, 'target_y': -0.2, 'yaw_ins': 0.0, 'dis_ins': 0.0}
  [2026-06-24T18:03:34.213020] W: {'wp_x': 78.32, 'wp_y': -1.18}
  [2026-06-24T18:03:34.213170] I: {'ins_mode': 4, 'realtime_x': 97.34, 'realtime_y': -5.24, 'target_x': 17.91, 'target_y': -0.2, 'yaw_ins': 0.0, 'dis_ins': 0.0}
  [2026-06-24T18:03:34.214856] W: {'wp_x': 78.32, 'wp_y': -1.18}
  [2026-06-24T18:03:34.255791] I: {'ins_mode': 4, 'realtime_x': 98.52, 'realtime_y': -5.61, 'target_x': 17.91, 'target_y': -0.2, 'yaw_ins': 0.0, 'dis_ins': 0.0}
  [2026-06-24T18:03:34.258363] W: {'wp_x': 98.13, 'wp_y': -5.48}
  [2026-06-24T18:03:34.330064] I: {'ins_mode': 4, 'realtime_x': 100.47, 'realtime_y': -6.27, 'target_x': 17.91, 'target_y': -0.2, 'yaw_ins': 0.0, 'dis_ins': 0.0}
  [2026-06-24T18:03:34.336325] W: {'wp_x': 98.13, 'wp_y': -5.48}
  [2026-06-24T18:03:34.471919] I: {'ins_mode': 4, 'realtime_x': 101.28, 'realtime_y': -6.55, 'target_x': 17.91, 'target_y': -0.2, 'yaw_ins': 0.0, 'dis_ins': 0.0}
  [2026-06-24T18:03:34.475103] W: {'wp_x': 98.13, 'wp_y': -5.48}
  [2026-06-24T18:03:34.475318] I: {'ins_mode': 4, 'realtime_x': 103.51, 'realtime_y': -7.41, 'target_x': 17.91, 'target_y': -0.2, 'yaw_ins': 0.0, 'dis_ins': 0.0}
  [2026-06-24T18:03:34.477153] W: {'wp_x': 98.13, 'wp_y': -5.48}
  [2026-06-24T18:03:34.497137] I: {'ins_mode': 4, 'realtime_x': 104.46, 'realtime_y': -7.8, 'target_x': 17.91, 'target_y': -0.2, 'yaw_ins': 0.0, 'dis_ins': 0.0}
  [2026-06-24T18:03:34.499607] W: {'wp_x': 98.13, 'wp_y': -5.48}
  [2026-06-24T18:03:34.572157] I: {'ins_mode': 4, 'realtime_x': 107.21, 'realtime_y': -8.98, 'target_x': 17.91, 'target_y': -0.2, 'yaw_ins': 0.0, 'dis_ins': 0.0}
  [2026-06-24T18:03:34.574933] W: {'wp_x': 98.13, 'wp_y': -5.48}
  [2026-06-24T18:03:34.615303] I: {'ins_mode': 4, 'realtime_x': 108.05, 'realtime_y': -9.35, 'target_x': 17.91, 'target_y': -0.2, 'yaw_ins': 0.0, 'dis_ins': 0.0}
  [2026-06-24T18:03:34.620205] W: {'wp_x': 98.13, 'wp_y': -5.48}
  [2026-06-24T18:03:34.727221] I: {'ins_mode': 4, 'realtime_x': 110.18, 'realtime_y': -10.32, 'target_x': 17.91, 'target_y': -0.2, 'yaw_ins': 0.0, 'dis_ins': 0.0}
  [2026-06-24T18:03:34.729318] W: {'wp_x': 98.13, 'wp_y': -5.48}
  [2026-06-24T18:03:34.729373] I: {'ins_mode': 4, 'realtime_x': 111.35, 'realtime_y': -10.86, 'target_x': 17.91, 'target_y': -0.2, 'yaw_ins': 0.0, 'dis_ins': 0.0}
  [2026-06-24T18:03:34.731201] W: {'wp_x': 98.13, 'wp_y': -5.48}
  [2026-06-24T18:03:34.813692] I: {'ins_mode': 4, 'realtime_x': 113.28, 'realtime_y': -11.79, 'target_x': 17.91, 'target_y': -0.2, 'yaw_ins': 0.0, 'dis_ins': 0.0}
  [2026-06-24T18:03:34.818227] W: {'wp_x': 98.13, 'wp_y': -5.48}
  [2026-06-24T18:03:34.856135] I: {'ins_mode': 4, 'realtime_x': 114.11, 'realtime_y': -12.21, 'target_x': 17.91, 'target_y': -0.2, 'yaw_ins': 0.0, 'dis_ins': 0.0}
  [2026-06-24T18:03:34.860715] W: {'wp_x': 98.13, 'wp_y': -5.48}
  [2026-06-24T18:03:35.004211] I: {'ins_mode': 4, 'realtime_x': 116.13, 'realtime_y': -13.3, 'target_x': 17.91, 'target_y': -0.2, 'yaw_ins': 0.0, 'dis_ins': 0.0}
  [2026-06-24T18:03:35.008104] W: {'wp_x': 98.13, 'wp_y': -5.48}
  [2026-06-24T18:03:35.008270] I: {'ins_mode': 4, 'realtime_x': 117.26, 'realtime_y': -13.95, 'target_x': 17.91, 'target_y': -0.2, 'yaw_ins': 0.0, 'dis_ins': 0.0}
  [2026-06-24T18:03:35.010358] W: {'wp_x': 116.52, 'wp_y': -13.52}
  [2026-06-24T18:03:35.050694] I: {'ins_mode': 4, 'realtime_x': 119.03, 'realtime_y': -14.95, 'target_x': 17.91, 'target_y': -0.2, 'yaw_ins': 0.0, 'dis_ins': 0.0}
  [2026-06-24T18:03:35.060192] W: {'wp_x': 116.52, 'wp_y': -13.52}
  [2026-06-24T18:03:35.093013] I: {'ins_mode': 4, 'realtime_x': 119.79, 'realtime_y': -15.39, 'target_x': 17.91, 'target_y': -0.2, 'yaw_ins': 0.0, 'dis_ins': 0.0}
  [2026-06-24T18:03:35.097458] W: {'wp_x': 116.52, 'wp_y': -13.52}
  [2026-06-24T18:03:35.216449] I: {'ins_mode': 4, 'realtime_x': 121.95, 'realtime_y': -16.65, 'target_x': 17.91, 'target_y': -0.2, 'yaw_ins': 0.0, 'dis_ins': 0.0}
  [2026-06-24T18:03:35.272993] W: {'wp_x': 116.52, 'wp_y': -13.52}
  [2026-06-24T18:03:35.273090] I: {'ins_mode': 4, 'realtime_x': 123.24, 'realtime_y': -17.42, 'target_x': 17.91, 'target_y': -0.2, 'yaw_ins': 0.0, 'dis_ins': 0.0}
  [2026-06-24T18:03:35.275101] W: {'wp_x': 116.52, 'wp_y': -13.52}
  [2026-06-24T18:03:35.294074] I: {'ins_mode': 4, 'realtime_x': 125.61, 'realtime_y': -18.81, 'target_x': 17.91, 'target_y': -0.2, 'yaw_ins': 0.0, 'dis_ins': 0.0}
  [2026-06-24T18:03:35.296164] W: {'wp_x': 116.52, 'wp_y': -13.52}
  [2026-06-24T18:03:35.336072] I: {'ins_mode': 4, 'realtime_x': 126.74, 'realtime_y': -19.45, 'target_x': 17.91, 'target_y': -0.2, 'yaw_ins': 0.0, 'dis_ins': 0.0}
  [2026-06-24T18:03:35.342303] W: {'wp_x': 116.52, 'wp_y': -13.52}
  [2026-06-24T18:03:35.409299] I: {'ins_mode': 4, 'realtime_x': 129.35, 'realtime_y': -20.96, 'target_x': 17.91, 'target_y': -0.2, 'yaw_ins': 0.0, 'dis_ins': 0.0}
  [2026-06-24T18:03:35.414269] W: {'wp_x': 116.52, 'wp_y': -13.52}
  [2026-06-24T18:03:35.540119] I: {'ins_mode': 4, 'realtime_x': 130.85, 'realtime_y': -21.82, 'target_x': 17.91, 'target_y': -0.2, 'yaw_ins': 0.0, 'dis_ins': 0.0}
  [2026-06-24T18:03:35.543221] W: {'wp_x': 116.52, 'wp_y': -13.52}
  [2026-06-24T18:03:35.543514] I: {'ins_mode': 4, 'realtime_x': 133.23, 'realtime_y': -23.17, 'target_x': 17.91, 'target_y': -0.2, 'yaw_ins': 0.0, 'dis_ins': 0.0}
  [2026-06-24T18:03:35.545505] W: {'wp_x': 116.52, 'wp_y': -13.52}
  [2026-06-24T18:03:35.575067] I: {'ins_mode': 4, 'realtime_x': 135.1, 'realtime_y': -24.25, 'target_x': 17.91, 'target_y': -0.2, 'yaw_ins': 0.0, 'dis_ins': 0.0}
  [2026-06-24T18:03:35.579430] W: {'wp_x': 133.86, 'wp_y': -23.53}
  [2026-06-24T18:03:35.648803] I: {'ins_mode': 4, 'realtime_x': 137.88, 'realtime_y': -25.88, 'target_x': 17.91, 'target_y': -0.2, 'yaw_ins': 0.0, 'dis_ins': 0.0}
  [2026-06-24T18:03:35.653900] W: {'wp_x': 133.86, 'wp_y': -23.53}
  [2026-06-24T18:03:35.809552] I: {'ins_mode': 4, 'realtime_x': 139.48, 'realtime_y': -26.8, 'target_x': 17.91, 'target_y': -0.2, 'yaw_ins': 0.0, 'dis_ins': 0.0}
  [2026-06-24T18:03:35.812694] W: {'wp_x': 133.86, 'wp_y': -23.53}
  [2026-06-24T18:03:35.812756] I: {'ins_mode': 4, 'realtime_x': 142.39, 'realtime_y': -28.49, 'target_x': 17.91, 'target_y': -0.2, 'yaw_ins': 0.0, 'dis_ins': 0.0}
  [2026-06-24T18:03:35.814672] W: {'wp_x': 133.86, 'wp_y': -23.53}
  [2026-06-24T18:03:35.814695] I: {'ins_mode': 4, 'realtime_x': 143.61, 'realtime_y': -29.22, 'target_x': 17.91, 'target_y': -0.2, 'yaw_ins': 0.0, 'dis_ins': 0.0}
  [2026-06-24T18:03:35.816638] W: {'wp_x': 133.86, 'wp_y': -23.53}
  [2026-06-24T18:03:35.898456] I: {'ins_mode': 4, 'realtime_x': 146.58, 'realtime_y': -31.14, 'target_x': 17.91, 'target_y': -0.2, 'yaw_ins': 0.0, 'dis_ins': 0.0}
  [2026-06-24T18:03:35.904007] W: {'wp_x': 133.86, 'wp_y': -23.53}
  [2026-06-24T18:03:35.930189] I: {'ins_mode': 4, 'realtime_x': 148.21, 'realtime_y': -32.25, 'target_x': 17.91, 'target_y': -0.2, 'yaw_ins': 0.0, 'dis_ins': 0.0}
  [2026-06-24T18:03:35.934201] W: {'wp_x': 133.86, 'wp_y': -23.53}
  [2026-06-24T18:03:36.045911] I: {'ins_mode': 4, 'realtime_x': 150.93, 'realtime_y': -34.04, 'target_x': 17.91, 'target_y': -0.2, 'yaw_ins': 0.0, 'dis_ins': 0.0}
  [2026-06-24T18:03:36.114561] W: {'wp_x': 150.93, 'wp_y': -34.04}
  [2026-06-24T18:03:36.116291] I: {'ins_mode': 4, 'realtime_x': 152.05, 'realtime_y': -34.75, 'target_x': 17.91, 'target_y': -0.2, 'yaw_ins': 0.0, 'dis_ins': 0.0}
  [2026-06-24T18:03:36.118970] W: {'wp_x': 150.93, 'wp_y': -34.04}
  [2026-06-24T18:03:36.137493] I: {'ins_mode': 4, 'realtime_x': 154.66, 'realtime_y': -36.46, 'target_x': 17.91, 'target_y': -0.2, 'yaw_ins': 0.0, 'dis_ins': 0.0}
  [2026-06-24T18:03:36.139504] W: {'wp_x': 150.93, 'wp_y': -34.04}
  [2026-06-24T18:03:36.168984] I: {'ins_mode': 4, 'realtime_x': 156.0, 'realtime_y': -37.37, 'target_x': 17.91, 'target_y': -0.2, 'yaw_ins': 0.0, 'dis_ins': 0.0}
  [2026-06-24T18:03:36.175092] W: {'wp_x': 150.93, 'wp_y': -34.04}
  [2026-06-24T18:03:36.400052] I: {'ins_mode': 4, 'realtime_x': 158.0, 'realtime_y': -38.72, 'target_x': 17.91, 'target_y': -0.2, 'yaw_ins': 0.0, 'dis_ins': 0.0}
  [2026-06-24T18:03:36.403522] W: {'wp_x': 150.93, 'wp_y': -34.04}
  [2026-06-24T18:03:36.403591] I: {'ins_mode': 4, 'realtime_x': 158.73, 'realtime_y': -39.22, 'target_x': 17.91, 'target_y': -0.2, 'yaw_ins': 0.0, 'dis_ins': 0.0}
  [2026-06-24T18:03:36.406073] W: {'wp_x': 150.93, 'wp_y': -34.04}
  [2026-06-24T18:03:36.406131] I: {'ins_mode': 4, 'realtime_x': 160.57, 'realtime_y': -40.47, 'target_x': 17.91, 'target_y': -0.2, 'yaw_ins': 0.0, 'dis_ins': 0.0}
  [2026-06-24T18:03:36.409245] W: {'wp_x': 150.93, 'wp_y': -34.04}
  [2026-06-24T18:03:36.416579] I: {'ins_mode': 4, 'realtime_x': 161.36, 'realtime_y': -41.0, 'target_x': 17.91, 'target_y': -0.2, 'yaw_ins': 0.0, 'dis_ins': 0.0}
  [2026-06-24T18:03:36.418442] W: {'wp_x': 150.93, 'wp_y': -34.04}
  [2026-06-24T18:03:36.489852] I: {'ins_mode': 4, 'realtime_x': 163.25, 'realtime_y': -42.26, 'target_x': 17.91, 'target_y': -0.2, 'yaw_ins': 0.0, 'dis_ins': 0.0}
  [2026-06-24T18:03:36.494825] W: {'wp_x': 150.93, 'wp_y': -34.04}
  [2026-06-24T18:03:36.617490] I: {'ins_mode': 4, 'realtime_x': 164.41, 'realtime_y': -43.01, 'target_x': 17.91, 'target_y': -0.2, 'yaw_ins': 0.0, 'dis_ins': 0.0}
  [2026-06-24T18:03:36.693439] W: {'wp_x': 150.93, 'wp_y': -34.04}
  [2026-06-24T18:03:36.694521] I: {'ins_mode': 4, 'realtime_x': 166.75, 'realtime_y': -44.46, 'target_x': 17.91, 'target_y': -0.2, 'yaw_ins': 0.0, 'dis_ins': 0.0}
  [2026-06-24T18:03:36.696642] W: {'wp_x': 150.93, 'wp_y': -34.04}
  [2026-06-24T18:03:36.696742] I: {'ins_mode': 4, 'realtime_x': 168.32, 'realtime_y': -45.45, 'target_x': 17.91, 'target_y': -0.2, 'yaw_ins': 0.0, 'dis_ins': 0.0}
  [2026-06-24T18:03:36.698724] W: {'wp_x': 167.8, 'wp_y': -45.12}
  [2026-06-24T18:03:36.739126] I: {'ins_mode': 4, 'realtime_x': 170.91, 'realtime_y': -47.07, 'target_x': 17.91, 'target_y': -0.2, 'yaw_ins': 0.0, 'dis_ins': 0.0}
  [2026-06-24T18:03:36.744105] W: {'wp_x': 167.8, 'wp_y': -45.12}
  [2026-06-24T18:03:36.772817] I: {'ins_mode': 4, 'realtime_x': 172.0, 'realtime_y': -47.72, 'target_x': 17.91, 'target_y': -0.2, 'yaw_ins': 0.0, 'dis_ins': 0.0}
  [2026-06-24T18:03:36.777785] W: {'wp_x': 167.8, 'wp_y': -45.12}
  [2026-06-24T18:03:36.973558] I: {'ins_mode': 4, 'realtime_x': 174.82, 'realtime_y': -49.4, 'target_x': 17.91, 'target_y': -0.2, 'yaw_ins': 0.0, 'dis_ins': 0.0}
  [2026-06-24T18:03:36.976636] W: {'wp_x': 167.8, 'wp_y': -45.12}
  [2026-06-24T18:03:36.976752] I: {'ins_mode': 4, 'realtime_x': 176.45, 'realtime_y': -50.37, 'target_x': 17.91, 'target_y': -0.2, 'yaw_ins': 0.0, 'dis_ins': 0.0}
  [2026-06-24T18:03:36.978801] W: {'wp_x': 167.8, 'wp_y': -45.12}
  [2026-06-24T18:03:36.978892] I: {'ins_mode': 4, 'realtime_x': 178.94, 'realtime_y': -51.88, 'target_x': 17.91, 'target_y': -0.2, 'yaw_ins': 0.0, 'dis_ins': 0.0}
  [2026-06-24T18:03:36.980786] W: {'wp_x': 167.8, 'wp_y': -45.12}
  [2026-06-24T18:03:37.010887] I: {'ins_mode': 4, 'realtime_x': 179.89, 'realtime_y': -52.45, 'target_x': 17.91, 'target_y': -0.2, 'yaw_ins': 0.0, 'dis_ins': 0.0}
  [2026-06-24T18:03:37.015313] W: {'wp_x': 167.8, 'wp_y': -45.12}
  [2026-06-24T18:03:37.094522] I: {'ins_mode': 4, 'realtime_x': 182.18, 'realtime_y': -53.8, 'target_x': 17.91, 'target_y': -0.2, 'yaw_ins': 0.0, 'dis_ins': 0.0}
  [2026-06-24T18:03:37.098319] W: {'wp_x': 167.8, 'wp_y': -45.12}
  [2026-06-24T18:03:37.192481] I: {'ins_mode': 4, 'realtime_x': 183.5, 'realtime_y': -54.6, 'target_x': 17.91, 'target_y': -0.2, 'yaw_ins': 0.0, 'dis_ins': 0.0}
  [2026-06-24T18:03:37.263595] W: {'wp_x': 167.8, 'wp_y': -45.12}
  [2026-06-24T18:03:37.265389] I: {'ins_mode': 4, 'realtime_x': 185.75, 'realtime_y': -56.07, 'target_x': 17.91, 'target_y': -0.2, 'yaw_ins': 0.0, 'dis_ins': 0.0}
  [2026-06-24T18:03:37.267354] W: {'wp_x': 185.29, 'wp_y': -55.75}
  [2026-06-24T18:03:37.267418] I: {'ins_mode': 4, 'realtime_x': 186.72, 'realtime_y': -56.75, 'target_x': 17.91, 'target_y': -0.2, 'yaw_ins': 0.0, 'dis_ins': 0.0}
  [2026-06-24T18:03:37.269895] W: {'wp_x': 185.29, 'wp_y': -55.75}
  [2026-06-24T18:03:37.331481] I: {'ins_mode': 4, 'realtime_x': 189.23, 'realtime_y': -58.66, 'target_x': 17.91, 'target_y': -0.2, 'yaw_ins': 0.0, 'dis_ins': 0.0}
  [2026-06-24T18:03:37.341011] W: {'wp_x': 185.29, 'wp_y': -55.75}
  [2026-06-24T18:03:37.374710] I: {'ins_mode': 4, 'realtime_x': 190.22, 'realtime_y': -59.46, 'target_x': 17.91, 'target_y': -0.2, 'yaw_ins': 0.0, 'dis_ins': 0.0}
  [2026-06-24T18:03:37.378942] W: {'wp_x': 185.29, 'wp_y': -55.75}
  [2026-06-24T18:03:37.569055] I: {'ins_mode': 4, 'realtime_x': 193.02, 'realtime_y': -61.76, 'target_x': 17.91, 'target_y': -0.2, 'yaw_ins': 0.0, 'dis_ins': 0.0}
  [2026-06-24T18:03:37.574992] W: {'wp_x': 185.29, 'wp_y': -55.75}
  [2026-06-24T18:03:37.575168] I: {'ins_mode': 4, 'realtime_x': 193.99, 'realtime_y': -62.56, 'target_x': 17.91, 'target_y': -0.2, 'yaw_ins': 0.0, 'dis_ins': 0.0}
  [2026-06-24T18:03:37.577109] W: {'wp_x': 185.29, 'wp_y': -55.75}
  [2026-06-24T18:03:37.577284] I: {'ins_mode': 4, 'realtime_x': 196.54, 'realtime_y': -64.74, 'target_x': 17.91, 'target_y': -0.2, 'yaw_ins': 0.0, 'dis_ins': 0.0}
  [2026-06-24T18:03:37.579308] W: {'wp_x': 185.29, 'wp_y': -55.75}
  [2026-06-24T18:03:37.608990] I: {'ins_mode': 4, 'realtime_x': 198.11, 'realtime_y': -66.14, 'target_x': 17.91, 'target_y': -0.2, 'yaw_ins': 0.0, 'dis_ins': 0.0}
  [2026-06-24T18:03:37.612602] W: {'wp_x': 185.29, 'wp_y': -55.75}
  [2026-06-24T18:03:37.693241] I: {'ins_mode': 4, 'realtime_x': 200.55, 'realtime_y': -68.33, 'target_x': 17.91, 'target_y': -0.2, 'yaw_ins': 0.0, 'dis_ins': 0.0}
  [2026-06-24T18:03:37.700546] W: {'wp_x': 185.29, 'wp_y': -55.75}
  [2026-06-24T18:03:37.873651] I: {'ins_mode': 4, 'realtime_x': 201.45, 'realtime_y': -69.15, 'target_x': 17.91, 'target_y': -0.2, 'yaw_ins': 0.0, 'dis_ins': 0.0}
  [2026-06-24T18:03:37.876860] W: {'wp_x': 201.0, 'wp_y': -68.75}
  [2026-06-24T18:03:37.876907] I: {'ins_mode': 4, 'realtime_x': 203.56, 'realtime_y': -71.07, 'target_x': 17.91, 'target_y': -0.2, 'yaw_ins': 0.0, 'dis_ins': 0.0}
  [2026-06-24T18:03:37.878836] W: {'wp_x': 201.0, 'wp_y': -68.75}
  [2026-06-24T18:03:37.878862] I: {'ins_mode': 4, 'realtime_x': 204.72, 'realtime_y': -72.12, 'target_x': 17.91, 'target_y': -0.2, 'yaw_ins': 0.0, 'dis_ins': 0.0}
  [2026-06-24T18:03:37.880866] W: {'wp_x': 201.0, 'wp_y': -68.75}
  [2026-06-24T18:03:37.931356] I: {'ins_mode': 4, 'realtime_x': 206.57, 'realtime_y': -73.79, 'target_x': 17.91, 'target_y': -0.2, 'yaw_ins': 0.0, 'dis_ins': 0.0}
  [2026-06-24T18:03:37.938009] W: {'wp_x': 201.0, 'wp_y': -68.75}
  [2026-06-24T18:03:37.974798] I: {'ins_mode': 4, 'realtime_x': 207.27, 'realtime_y': -74.44, 'target_x': 17.91, 'target_y': -0.2, 'yaw_ins': 0.0, 'dis_ins': 0.0}
  [2026-06-24T18:03:37.981313] W: {'wp_x': 201.0, 'wp_y': -68.75}
  [2026-06-24T18:03:38.102375] I: {'ins_mode': 4, 'realtime_x': 208.84, 'realtime_y': -75.91, 'target_x': 17.91, 'target_y': -0.2, 'yaw_ins': 0.0, 'dis_ins': 0.0}
  [2026-06-24T18:03:38.175286] W: {'wp_x': 201.0, 'wp_y': -68.75}
  [2026-06-24T18:03:38.176872] I: {'ins_mode': 4, 'realtime_x': 209.71, 'realtime_y': -76.77, 'target_x': 17.91, 'target_y': -0.2, 'yaw_ins': 0.0, 'dis_ins': 0.0}
  [2026-06-24T18:03:38.179390] W: {'wp_x': 201.0, 'wp_y': -68.75}
  [2026-06-24T18:03:38.179434] I: {'ins_mode': 4, 'realtime_x': 211.15, 'realtime_y': -78.18, 'target_x': 17.91, 'target_y': -0.2, 'yaw_ins': 0.0, 'dis_ins': 0.0}
  [2026-06-24T18:03:38.181352] W: {'wp_x': 201.0, 'wp_y': -68.75}
  [2026-06-24T18:03:38.211213] I: {'ins_mode': 4, 'realtime_x': 211.73, 'realtime_y': -78.74, 'target_x': 17.91, 'target_y': -0.2, 'yaw_ins': 0.0, 'dis_ins': 0.0}
  [2026-06-24T18:03:38.215415] W: {'wp_x': 201.0, 'wp_y': -68.75}
  [2026-06-24T18:03:38.294911] I: {'ins_mode': 4, 'realtime_x': 213.33, 'realtime_y': -80.23, 'target_x': 17.91, 'target_y': -0.2, 'yaw_ins': 0.0, 'dis_ins': 0.0}
  [2026-06-24T18:03:38.299732] W: {'wp_x': 201.0, 'wp_y': -68.75}
  [2026-06-24T18:03:38.495475] I: {'ins_mode': 4, 'realtime_x': 214.38, 'realtime_y': -81.16, 'target_x': 17.91, 'target_y': -0.2, 'yaw_ins': 0.0, 'dis_ins': 0.0}
  [2026-06-24T18:03:38.498837] W: {'wp_x': 201.0, 'wp_y': -68.75}
  [2026-06-24T18:03:38.498946] I: {'ins_mode': 4, 'realtime_x': 216.02, 'realtime_y': -82.61, 'target_x': 17.91, 'target_y': -0.2, 'yaw_ins': 0.0, 'dis_ins': 0.0}
  [2026-06-24T18:03:38.501054] W: {'wp_x': 215.71, 'wp_y': -82.34}
  [2026-06-24T18:03:38.501090] I: {'ins_mode': 4, 'realtime_x': 216.61, 'realtime_y': -83.14, 'target_x': 17.91, 'target_y': -0.2, 'yaw_ins': 0.0, 'dis_ins': 0.0}
  [2026-06-24T18:03:38.505352] W: {'wp_x': 215.71, 'wp_y': -82.34}
  [2026-06-24T18:03:38.532332] I: {'ins_mode': 4, 'realtime_x': 217.98, 'realtime_y': -84.34, 'target_x': 17.91, 'target_y': -0.2, 'yaw_ins': 0.0, 'dis_ins': 0.0}
  [2026-06-24T18:03:38.537702] W: {'wp_x': 215.71, 'wp_y': -82.34}
  [2026-06-24T18:03:38.574258] I: {'ins_mode': 4, 'realtime_x': 218.74, 'realtime_y': -84.98, 'target_x': 17.91, 'target_y': -0.2, 'yaw_ins': 0.0, 'dis_ins': 0.0}
  [2026-06-24T18:03:38.580085] W: {'wp_x': 215.71, 'wp_y': -82.34}
  [2026-06-24T18:03:38.740229] I: {'ins_mode': 4, 'realtime_x': 219.97, 'realtime_y': -86.01, 'target_x': 17.91, 'target_y': -0.2, 'yaw_ins': 0.0, 'dis_ins': 0.0}
  [2026-06-24T18:03:38.826778] W: {'wp_x': 215.71, 'wp_y': -82.34}
  [2026-06-24T18:03:38.826835] I: {'ins_mode': 4, 'realtime_x': 220.49, 'realtime_y': -86.44, 'target_x': 17.91, 'target_y': -0.2, 'yaw_ins': 0.0, 'dis_ins': 0.0}
  [2026-06-24T18:03:38.830117] W: {'wp_x': 215.71, 'wp_y': -82.34}
  [2026-06-24T18:03:38.830236] I: {'ins_mode': 4, 'realtime_x': 221.89, 'realtime_y': -87.61, 'target_x': 17.91, 'target_y': -0.2, 'yaw_ins': 0.0, 'dis_ins': 0.0}
  [2026-06-24T18:03:38.832403] W: {'wp_x': 215.71, 'wp_y': -82.34}
  [2026-06-24T18:03:38.832488] I: {'ins_mode': 4, 'realtime_x': 222.5, 'realtime_y': -88.12, 'target_x': 17.91, 'target_y': -0.2, 'yaw_ins': 0.0, 'dis_ins': 0.0}
  [2026-06-24T18:03:38.834493] W: {'wp_x': 215.71, 'wp_y': -82.34}
  [2026-06-24T18:03:38.894828] I: {'ins_mode': 4, 'realtime_x': 224.29, 'realtime_y': -89.65, 'target_x': 17.91, 'target_y': -0.2, 'yaw_ins': 0.0, 'dis_ins': 0.0}
  [2026-06-24T18:03:38.899316] W: {'wp_x': 215.71, 'wp_y': -82.34}
  [2026-06-24T18:03:38.937247] I: {'ins_mode': 4, 'realtime_x': 224.85, 'realtime_y': -90.15, 'target_x': 17.91, 'target_y': -0.2, 'yaw_ins': 0.0, 'dis_ins': 0.0}
  [2026-06-24T18:03:38.941543] W: {'wp_x': 215.71, 'wp_y': -82.34}
  [2026-06-24T18:03:39.074719] I: {'ins_mode': 4, 'realtime_x': 226.21, 'realtime_y': -91.35, 'target_x': 17.91, 'target_y': -0.2, 'yaw_ins': 0.0, 'dis_ins': 0.0}
  [2026-06-24T18:03:39.172601] W: {'wp_x': 215.71, 'wp_y': -82.34}
  [2026-06-24T18:03:39.174380] I: {'ins_mode': 4, 'realtime_x': 227.01, 'realtime_y': -92.09, 'target_x': 17.91, 'target_y': -0.2, 'yaw_ins': 0.0, 'dis_ins': 0.0}
  [2026-06-24T18:03:39.176462] W: {'wp_x': 215.71, 'wp_y': -82.34}
  [2026-06-24T18:03:39.176629] I: {'ins_mode': 4, 'realtime_x': 228.3, 'realtime_y': -93.33, 'target_x': 17.91, 'target_y': -0.2, 'yaw_ins': 0.0, 'dis_ins': 0.0}
  [2026-06-24T18:03:39.178528] W: {'wp_x': 215.71, 'wp_y': -82.34}
  [2026-06-24T18:03:39.178612] I: {'ins_mode': 4, 'realtime_x': 228.85, 'realtime_y': -93.87, 'target_x': 17.91, 'target_y': -0.2, 'yaw_ins': 0.0, 'dis_ins': 0.0}
  [2026-06-24T18:03:39.180460] W: {'wp_x': 215.71, 'wp_y': -82.34}
  [2026-06-24T18:03:39.252725] I: {'ins_mode': 4, 'realtime_x': 230.4, 'realtime_y': -95.43, 'target_x': 17.91, 'target_y': -0.2, 'yaw_ins': 0.0, 'dis_ins': 0.0}
  [2026-06-24T18:03:39.260076] W: {'wp_x': 215.71, 'wp_y': -82.34}
  [2026-06-24T18:03:39.507141] I: {'ins_mode': 4, 'realtime_x': 231.47, 'realtime_y': -96.51, 'target_x': 17.91, 'target_y': -0.2, 'yaw_ins': 0.0, 'dis_ins': 0.0}
  [2026-06-24T18:03:39.510855] W: {'wp_x': 230.75, 'wp_y': -95.78}
  [2026-06-24T18:03:39.510940] I: {'ins_mode': 4, 'realtime_x': 233.31, 'realtime_y': -98.41, 'target_x': 17.91, 'target_y': -0.2, 'yaw_ins': 0.0, 'dis_ins': 0.0}
  [2026-06-24T18:03:39.512929] W: {'wp_x': 230.75, 'wp_y': -95.78}
  [2026-06-24T18:03:39.513003] I: {'ins_mode': 4, 'realtime_x': 234.09, 'realtime_y': -99.2, 'target_x': 17.91, 'target_y': -0.2, 'yaw_ins': 0.0, 'dis_ins': 0.0}
  [2026-06-24T18:03:39.514911] W: {'wp_x': 230.75, 'wp_y': -95.78}
  [2026-06-24T18:03:39.514991] I: {'ins_mode': 4, 'realtime_x': 236.13, 'realtime_y': -101.17, 'target_x': 17.91, 'target_y': -0.2, 'yaw_ins': 0.0, 'dis_ins': 0.0}
  [2026-06-24T18:03:39.517311] W: {'wp_x': 230.75, 'wp_y': -95.78}
  [2026-06-24T18:03:39.536719] I: {'ins_mode': 4, 'realtime_x': 237.41, 'realtime_y': -102.34, 'target_x': 17.91, 'target_y': -0.2, 'yaw_ins': 0.0, 'dis_ins': 0.0}
  [2026-06-24T18:03:39.539065] W: {'wp_x': 230.75, 'wp_y': -95.78}
  [2026-06-24T18:03:39.610919] I: {'ins_mode': 4, 'realtime_x': 239.46, 'realtime_y': -104.16, 'target_x': 17.91, 'target_y': -0.2, 'yaw_ins': 0.0, 'dis_ins': 0.0}
  [2026-06-24T18:03:39.617513] W: {'wp_x': 230.75, 'wp_y': -95.78}
  [2026-06-24T18:03:39.750683] I: {'ins_mode': 4, 'realtime_x': 240.14, 'realtime_y': -104.77, 'target_x': 17.91, 'target_y': -0.2, 'yaw_ins': 0.0, 'dis_ins': 0.0}
  [2026-06-24T18:03:39.843399] W: {'wp_x': 230.75, 'wp_y': -95.78}
  [2026-06-24T18:03:39.844431] I: {'ins_mode': 4, 'realtime_x': 241.56, 'realtime_y': -106.07, 'target_x': 17.91, 'target_y': -0.2, 'yaw_ins': 0.0, 'dis_ins': 0.0}
  [2026-06-24T18:03:39.846776] W: {'wp_x': 230.75, 'wp_y': -95.78}
  [2026-06-24T18:03:39.846908] I: {'ins_mode': 4, 'realtime_x': 242.28, 'realtime_y': -106.74, 'target_x': 17.91, 'target_y': -0.2, 'yaw_ins': 0.0, 'dis_ins': 0.0}
  [2026-06-24T18:03:39.849057] W: {'wp_x': 230.75, 'wp_y': -95.78}
  [2026-06-24T18:03:39.857559] I: {'ins_mode': 4, 'realtime_x': 243.33, 'realtime_y': -107.75, 'target_x': 17.91, 'target_y': -0.2, 'yaw_ins': 0.0, 'dis_ins': 0.0}
  [2026-06-24T18:03:39.859544] W: {'wp_x': 230.75, 'wp_y': -95.78}
  [2026-06-24T18:03:39.889213] I: {'ins_mode': 4, 'realtime_x': 243.74, 'realtime_y': -108.16, 'target_x': 17.91, 'target_y': -0.2, 'yaw_ins': 0.0, 'dis_ins': 0.0}
  [2026-06-24T18:03:39.892769] W: {'wp_x': 230.75, 'wp_y': -95.78}
  [2026-06-24T18:03:40.095691] I: {'ins_mode': 4, 'realtime_x': 244.79, 'realtime_y': -109.18, 'target_x': 17.91, 'target_y': -0.2, 'yaw_ins': 0.0, 'dis_ins': 0.0}
  [2026-06-24T18:03:40.192874] W: {'wp_x': 230.75, 'wp_y': -95.78}
  [2026-06-24T18:03:40.194515] I: {'ins_mode': 4, 'realtime_x': 245.42, 'realtime_y': -109.79, 'target_x': 17.91, 'target_y': -0.2, 'yaw_ins': 0.0, 'dis_ins': 0.0}
  [2026-06-24T18:03:40.196539] W: {'wp_x': 245.21, 'wp_y': -109.58}
  [2026-06-24T18:03:40.196632] I: {'ins_mode': 4, 'realtime_x': 246.45, 'realtime_y': -110.75, 'target_x': 17.91, 'target_y': -0.2, 'yaw_ins': 0.0, 'dis_ins': 0.0}
  [2026-06-24T18:03:40.198538] W: {'wp_x': 245.21, 'wp_y': -109.58}
  [2026-06-24T18:03:40.198616] I: {'ins_mode': 4, 'realtime_x': 246.83, 'realtime_y': -111.11, 'target_x': 17.91, 'target_y': -0.2, 'yaw_ins': 0.0, 'dis_ins': 0.0}
  [2026-06-24T18:03:40.201835] W: {'wp_x': 245.21, 'wp_y': -109.58}
  [2026-06-24T18:03:40.209196] I: {'ins_mode': 4, 'realtime_x': 247.66, 'realtime_y': -111.9, 'target_x': 17.91, 'target_y': -0.2, 'yaw_ins': 0.0, 'dis_ins': 0.0}
  [2026-06-24T18:03:40.221943] W: {'wp_x': 245.21, 'wp_y': -109.58}
  [2026-06-24T18:03:40.251114] I: {'ins_mode': 4, 'realtime_x': 248.02, 'realtime_y': -112.23, 'target_x': 17.91, 'target_y': -0.2, 'yaw_ins': 0.0, 'dis_ins': 0.0}
  [2026-06-24T18:03:40.255398] W: {'wp_x': 245.21, 'wp_y': -109.58}
  [2026-06-24T18:03:40.462213] I: {'ins_mode': 4, 'realtime_x': 248.3, 'realtime_y': -112.5, 'target_x': 17.91, 'target_y': -0.2, 'yaw_ins': 0.0, 'dis_ins': 0.0}
  [2026-06-24T18:03:40.567653] W: {'wp_x': 245.21, 'wp_y': -109.58}
  [2026-06-24T18:03:40.568839] I: {'ins_mode': 4, 'realtime_x': 248.37, 'realtime_y': -112.56, 'target_x': 17.91, 'target_y': -0.2, 'yaw_ins': 0.0, 'dis_ins': 0.0}
  [2026-06-24T18:03:40.573656] W: {'wp_x': 245.21, 'wp_y': -109.58}
  [2026-06-24T18:03:40.573800] I: {'ins_mode': 4, 'realtime_x': 248.53, 'realtime_y': -112.71, 'target_x': 17.91, 'target_y': -0.2, 'yaw_ins': 0.0, 'dis_ins': 0.0}
  [2026-06-24T18:03:40.575990] W: {'wp_x': 245.21, 'wp_y': -109.58}
  [2026-06-24T18:03:40.576166] I: {'ins_mode': 4, 'realtime_x': 248.67, 'realtime_y': -112.83, 'target_x': 17.91, 'target_y': -0.2, 'yaw_ins': 0.0, 'dis_ins': 0.0}
  [2026-06-24T18:03:40.578301] W: {'wp_x': 245.21, 'wp_y': -109.58}
  [2026-06-24T18:03:40.578409] I: {'ins_mode': 4, 'realtime_x': 249.02, 'realtime_y': -113.15, 'target_x': 17.91, 'target_y': -0.2, 'yaw_ins': 0.0, 'dis_ins': 0.0}
  [2026-06-24T18:03:40.580431] W: {'wp_x': 245.21, 'wp_y': -109.58}
  [2026-06-24T18:03:40.610091] I: {'ins_mode': 4, 'realtime_x': 249.22, 'realtime_y': -113.32, 'target_x': 17.91, 'target_y': -0.2, 'yaw_ins': 0.0, 'dis_ins': 0.0}
  [2026-06-24T18:03:40.613778] W: {'wp_x': 245.21, 'wp_y': -109.58}
  [2026-06-24T18:03:40.814751] I: {'ins_mode': 4, 'realtime_x': 249.87, 'realtime_y': -113.88, 'target_x': 17.91, 'target_y': -0.2, 'yaw_ins': 0.0, 'dis_ins': 0.0}
  [2026-06-24T18:03:40.911724] W: {'wp_x': 245.21, 'wp_y': -109.58}
  [2026-06-24T18:03:40.912751] I: {'ins_mode': 4, 'realtime_x': 250.39, 'realtime_y': -114.31, 'target_x': 17.91, 'target_y': -0.2, 'yaw_ins': 0.0, 'dis_ins': 0.0}
  [2026-06-24T18:03:40.914914] W: {'wp_x': 245.21, 'wp_y': -109.58}
  [2026-06-24T18:03:40.915064] I: {'ins_mode': 4, 'realtime_x': 251.56, 'realtime_y': -115.31, 'target_x': 17.91, 'target_y': -0.2, 'yaw_ins': 0.0, 'dis_ins': 0.0}
  [2026-06-24T18:03:40.917364] W: {'wp_x': 245.21, 'wp_y': -109.58}
  [2026-06-24T18:03:40.917542] I: {'ins_mode': 4, 'realtime_x': 252.03, 'realtime_y': -115.72, 'target_x': 17.91, 'target_y': -0.2, 'yaw_ins': 0.0, 'dis_ins': 0.0}
  [2026-06-24T18:03:40.919598] W: {'wp_x': 245.21, 'wp_y': -109.58}
  [2026-06-24T18:03:40.938620] I: {'ins_mode': 4, 'realtime_x': 253.27, 'realtime_y': -116.82, 'target_x': 17.91, 'target_y': -0.2, 'yaw_ins': 0.0, 'dis_ins': 0.0}
  [2026-06-24T18:03:40.940686] W: {'wp_x': 245.21, 'wp_y': -109.58}
  [2026-06-24T18:03:40.971380] I: {'ins_mode': 4, 'realtime_x': 254.09, 'realtime_y': -117.54, 'target_x': 17.91, 'target_y': -0.2, 'yaw_ins': 0.0, 'dis_ins': 0.0}
  [2026-06-24T18:03:40.976551] W: {'wp_x': 245.21, 'wp_y': -109.58}
  [2026-06-24T18:03:41.177769] I: {'ins_mode': 4, 'realtime_x': 255.61, 'realtime_y': -118.82, 'target_x': 17.91, 'target_y': -0.2, 'yaw_ins': 0.0, 'dis_ins': 0.0}
  [2026-06-24T18:03:41.290364] W: {'wp_x': 245.21, 'wp_y': -109.58}
  [2026-06-24T18:03:41.292147] I: {'ins_mode': 4, 'realtime_x': 256.26, 'realtime_y': -119.32, 'target_x': 17.91, 'target_y': -0.2, 'yaw_ins': 0.0, 'dis_ins': 0.0}
  [2026-06-24T18:03:41.294501] W: {'wp_x': 245.21, 'wp_y': -109.58}
  [2026-06-24T18:03:41.294670] I: {'ins_mode': 4, 'realtime_x': 257.83, 'realtime_y': -120.51, 'target_x': 17.91, 'target_y': -0.2, 'yaw_ins': 0.0, 'dis_ins': 0.0}
  [2026-06-24T18:03:41.296773] W: {'wp_x': 245.21, 'wp_y': -109.58}
  [2026-06-24T18:03:41.297019] I: {'ins_mode': 4, 'realtime_x': 258.74, 'realtime_y': -121.19, 'target_x': 17.91, 'target_y': -0.2, 'yaw_ins': 0.0, 'dis_ins': 0.0}
  [2026-06-24T18:03:41.299108] W: {'wp_x': 245.21, 'wp_y': -109.58}
  [2026-06-24T18:03:41.299275] I: {'ins_mode': 4, 'realtime_x': 260.26, 'realtime_y': -122.38, 'target_x': 17.91, 'target_y': -0.2, 'yaw_ins': 0.0, 'dis_ins': 0.0}
  [2026-06-24T18:03:41.302180] W: {'wp_x': 245.21, 'wp_y': -109.58}
  [2026-06-24T18:03:41.330607] I: {'ins_mode': 4, 'realtime_x': 260.87, 'realtime_y': -122.87, 'target_x': 17.91, 'target_y': -0.2, 'yaw_ins': 0.0, 'dis_ins': 0.0}
  [2026-06-24T18:03:41.334391] W: {'wp_x': 260.56, 'wp_y': -122.62}
  [2026-06-24T18:03:41.659535] I: {'ins_mode': 4, 'realtime_x': 262.5, 'realtime_y': -124.15, 'target_x': 17.91, 'target_y': -0.2, 'yaw_ins': 0.0, 'dis_ins': 0.0}
  [2026-06-24T18:03:41.663203] W: {'wp_x': 260.56, 'wp_y': -122.62}
  [2026-06-24T18:03:41.663297] I: {'ins_mode': 4, 'realtime_x': 263.6, 'realtime_y': -124.98, 'target_x': 17.91, 'target_y': -0.2, 'yaw_ins': 0.0, 'dis_ins': 0.0}
  [2026-06-24T18:03:41.665560] W: {'wp_x': 260.56, 'wp_y': -122.62}
  [2026-06-24T18:03:41.665646] I: {'ins_mode': 4, 'realtime_x': 265.64, 'realtime_y': -126.45, 'target_x': 17.91, 'target_y': -0.2, 'yaw_ins': 0.0, 'dis_ins': 0.0}
  [2026-06-24T18:03:41.667896] W: {'wp_x': 260.56, 'wp_y': -122.62}
  [2026-06-24T18:03:41.667974] I: {'ins_mode': 4, 'realtime_x': 266.54, 'realtime_y': -127.08, 'target_x': 17.91, 'target_y': -0.2, 'yaw_ins': 0.0, 'dis_ins': 0.0}
  [2026-06-24T18:03:41.671374] W: {'wp_x': 260.56, 'wp_y': -122.62}
  [2026-06-24T18:03:41.671513] I: {'ins_mode': 4, 'realtime_x': 268.95, 'realtime_y': -128.74, 'target_x': 17.91, 'target_y': -0.2, 'yaw_ins': 0.0, 'dis_ins': 0.0}
  [2026-06-24T18:03:41.673776] W: {'wp_x': 260.56, 'wp_y': -122.62}
  [2026-06-24T18:03:41.692448] I: {'ins_mode': 4, 'realtime_x': 270.44, 'realtime_y': -129.77, 'target_x': 17.91, 'target_y': -0.2, 'yaw_ins': 0.0, 'dis_ins': 0.0}
  [2026-06-24T18:03:41.694796] W: {'wp_x': 260.56, 'wp_y': -122.62}
  [2026-06-24T18:03:41.909382] I: {'ins_mode': 4, 'realtime_x': 272.74, 'realtime_y': -131.36, 'target_x': 17.91, 'target_y': -0.2, 'yaw_ins': 0.0, 'dis_ins': 0.0}
  [2026-06-24T18:03:42.024572] W: {'wp_x': 260.56, 'wp_y': -122.62}
  [2026-06-24T18:03:42.025529] I: {'ins_mode': 4, 'realtime_x': 273.6, 'realtime_y': -131.95, 'target_x': 17.91, 'target_y': -0.2, 'yaw_ins': 0.0, 'dis_ins': 0.0}
  [2026-06-24T18:03:42.027636] W: {'wp_x': 260.56, 'wp_y': -122.62}
  [2026-06-24T18:03:42.027721] I: {'ins_mode': 4, 'realtime_x': 275.82, 'realtime_y': -133.38, 'target_x': 17.91, 'target_y': -0.2, 'yaw_ins': 0.0, 'dis_ins': 0.0}
  [2026-06-24T18:03:42.029744] W: {'wp_x': 260.56, 'wp_y': -122.62}
  [2026-06-24T18:03:42.029823] I: {'ins_mode': 4, 'realtime_x': 277.26, 'realtime_y': -134.24, 'target_x': 17.91, 'target_y': -0.2, 'yaw_ins': 0.0, 'dis_ins': 0.0}
  [2026-06-24T18:03:42.032010] W: {'wp_x': 277.26, 'wp_y': -134.24}
  [2026-06-24T18:03:42.032100] I: {'ins_mode': 4, 'realtime_x': 279.52, 'realtime_y': -135.61, 'target_x': 17.91, 'target_y': -0.2, 'yaw_ins': 0.0, 'dis_ins': 0.0}
  [2026-06-24T18:03:42.034612] W: {'wp_x': 277.26, 'wp_y': -134.24}
  [2026-06-24T18:03:42.053458] I: {'ins_mode': 4, 'realtime_x': 280.36, 'realtime_y': -136.12, 'target_x': 17.91, 'target_y': -0.2, 'yaw_ins': 0.0, 'dis_ins': 0.0}
  [2026-06-24T18:03:42.055640] W: {'wp_x': 277.26, 'wp_y': -134.24}
  [2026-06-24T18:03:42.405106] I: {'ins_mode': 4, 'realtime_x': 282.6, 'realtime_y': -137.4, 'target_x': 17.91, 'target_y': -0.2, 'yaw_ins': 0.0, 'dis_ins': 0.0}
  [2026-06-24T18:03:42.409164] W: {'wp_x': 277.26, 'wp_y': -134.24}
  [2026-06-24T18:03:42.409259] I: {'ins_mode': 4, 'realtime_x': 284.11, 'realtime_y': -138.17, 'target_x': 17.91, 'target_y': -0.2, 'yaw_ins': 0.0, 'dis_ins': 0.0}
  [2026-06-24T18:03:42.411527] W: {'wp_x': 277.26, 'wp_y': -134.24}
  [2026-06-24T18:03:42.411610] I: {'ins_mode': 4, 'realtime_x': 287.06, 'realtime_y': -139.49, 'target_x': 17.91, 'target_y': -0.2, 'yaw_ins': 0.0, 'dis_ins': 0.0}
  [2026-06-24T18:03:42.413783] W: {'wp_x': 277.26, 'wp_y': -134.24}
  [2026-06-24T18:03:42.413869] I: {'ins_mode': 4, 'realtime_x': 288.44, 'realtime_y': -140.05, 'target_x': 17.91, 'target_y': -0.2, 'yaw_ins': 0.0, 'dis_ins': 0.0}
  [2026-06-24T18:03:42.416064] W: {'wp_x': 277.26, 'wp_y': -134.24}
  [2026-06-24T18:03:42.416151] I: {'ins_mode': 4, 'realtime_x': 292.05, 'realtime_y': -141.38, 'target_x': 17.91, 'target_y': -0.2, 'yaw_ins': 0.0, 'dis_ins': 0.0}
  [2026-06-24T18:03:42.418435] W: {'wp_x': 277.26, 'wp_y': -134.24}
  [2026-06-24T18:03:42.418791] I: {'ins_mode': 4, 'realtime_x': 294.07, 'realtime_y': -142.05, 'target_x': 17.91, 'target_y': -0.2, 'yaw_ins': 0.0, 'dis_ins': 0.0}
  [2026-06-24T18:03:42.421617] W: {'wp_x': 277.26, 'wp_y': -134.24}
  [2026-06-24T18:03:42.764534] I: {'ins_mode': 4, 'realtime_x': 297.39, 'realtime_y': -142.93, 'target_x': 17.91, 'target_y': -0.2, 'yaw_ins': 0.0, 'dis_ins': 0.0}
  [2026-06-24T18:03:42.768168] W: {'wp_x': 296.06, 'wp_y': -142.62}
  [2026-06-24T18:03:42.768228] I: {'ins_mode': 4, 'realtime_x': 298.69, 'realtime_y': -143.2, 'target_x': 17.91, 'target_y': -0.2, 'yaw_ins': 0.0, 'dis_ins': 0.0}
  [2026-06-24T18:03:42.771846] W: {'wp_x': 296.06, 'wp_y': -142.62}
  [2026-06-24T18:03:42.771947] I: {'ins_mode': 4, 'realtime_x': 301.82, 'realtime_y': -143.76, 'target_x': 17.91, 'target_y': -0.2, 'yaw_ins': 0.0, 'dis_ins': 0.0}
  [2026-06-24T18:03:42.774427] W: {'wp_x': 296.06, 'wp_y': -142.62}
  [2026-06-24T18:03:42.774653] I: {'ins_mode': 4, 'realtime_x': 303.08, 'realtime_y': -143.96, 'target_x': 17.91, 'target_y': -0.2, 'yaw_ins': 0.0, 'dis_ins': 0.0}
  [2026-06-24T18:03:42.776999] W: {'wp_x': 296.06, 'wp_y': -142.62}
  [2026-06-24T18:03:42.777047] I: {'ins_mode': 4, 'realtime_x': 306.86, 'realtime_y': -144.48, 'target_x': 17.91, 'target_y': -0.2, 'yaw_ins': 0.0, 'dis_ins': 0.0}
  [2026-06-24T18:03:42.779183] W: {'wp_x': 296.06, 'wp_y': -142.62}
  [2026-06-24T18:03:42.779339] I: {'ins_mode': 4, 'realtime_x': 308.02, 'realtime_y': -144.62, 'target_x': 17.91, 'target_y': -0.2, 'yaw_ins': 0.0, 'dis_ins': 0.0}
  [2026-06-24T18:03:42.781539] W: {'wp_x': 296.06, 'wp_y': -142.62}
  [2026-06-24T18:03:43.045334] I: {'ins_mode': 4, 'realtime_x': 310.74, 'realtime_y': -144.93, 'target_x': 17.91, 'target_y': -0.2, 'yaw_ins': 0.0, 'dis_ins': 0.0}
  [2026-06-24T18:03:43.173253] W: {'wp_x': 296.06, 'wp_y': -142.62}
  [2026-06-24T18:03:43.174382] I: {'ins_mode': 4, 'realtime_x': 312.21, 'realtime_y': -145.1, 'target_x': 17.91, 'target_y': -0.2, 'yaw_ins': 0.0, 'dis_ins': 0.0}
  [2026-06-24T18:03:43.176651] W: {'wp_x': 296.06, 'wp_y': -142.62}
  [2026-06-24T18:03:43.176853] I: {'ins_mode': 4, 'realtime_x': 314.24, 'realtime_y': -145.37, 'target_x': 17.91, 'target_y': -0.2, 'yaw_ins': 0.0, 'dis_ins': 0.0}
  [2026-06-24T18:03:43.178903] W: {'wp_x': 296.06, 'wp_y': -142.62}
  [2026-06-24T18:03:43.179003] I: {'ins_mode': 4, 'realtime_x': 314.97, 'realtime_y': -145.47, 'target_x': 17.91, 'target_y': -0.2, 'yaw_ins': 0.0, 'dis_ins': 0.0}
  [2026-06-24T18:03:43.181004] W: {'wp_x': 296.06, 'wp_y': -142.62}
  [2026-06-24T18:03:43.181064] I: {'ins_mode': 4, 'realtime_x': 316.9, 'realtime_y': -145.75, 'target_x': 17.91, 'target_y': -0.2, 'yaw_ins': 0.0, 'dis_ins': 0.0}
  [2026-06-24T18:03:43.183024] W: {'wp_x': 316.11, 'wp_y': -145.64}
  [2026-06-24T18:03:43.183109] I: {'ins_mode': 4, 'realtime_x': 318.09, 'realtime_y': -145.94, 'target_x': 17.91, 'target_y': -0.2, 'yaw_ins': 0.0, 'dis_ins': 0.0}
  [2026-06-24T18:03:43.185395] W: {'wp_x': 316.11, 'wp_y': -145.64}
  [2026-06-24T18:03:43.214786] I: {'ins_mode': 4, 'realtime_x': 320.11, 'realtime_y': -146.29, 'target_x': 17.91, 'target_y': -0.2, 'yaw_ins': 0.0, 'dis_ins': 0.0}
  [2026-06-24T18:03:43.216829] W: {'wp_x': 316.11, 'wp_y': -145.64}
  [2026-06-24T18:03:43.439978] I: {'ins_mode': 4, 'realtime_x': 320.92, 'realtime_y': -146.43, 'target_x': 17.91, 'target_y': -0.2, 'yaw_ins': 0.0, 'dis_ins': 0.0}
  [2026-06-24T18:03:43.564843] W: {'wp_x': 316.11, 'wp_y': -145.64}
  [2026-06-24T18:03:43.566530] I: {'ins_mode': 4, 'realtime_x': 323.09, 'realtime_y': -146.79, 'target_x': 17.91, 'target_y': -0.2, 'yaw_ins': 0.0, 'dis_ins': 0.0}
  [2026-06-24T18:03:43.568929] W: {'wp_x': 316.11, 'wp_y': -145.64}
  [2026-06-24T18:03:43.569099] I: {'ins_mode': 4, 'realtime_x': 324.6, 'realtime_y': -147.02, 'target_x': 17.91, 'target_y': -0.2, 'yaw_ins': 0.0, 'dis_ins': 0.0}
  [2026-06-24T18:03:43.572853] W: {'wp_x': 316.11, 'wp_y': -145.64}
  [2026-06-24T18:03:43.573077] I: {'ins_mode': 4, 'realtime_x': 327.67, 'realtime_y': -147.41, 'target_x': 17.91, 'target_y': -0.2, 'yaw_ins': 0.0, 'dis_ins': 0.0}
  [2026-06-24T18:03:43.575148] W: {'wp_x': 316.11, 'wp_y': -145.64}
  [2026-06-24T18:03:43.575292] I: {'ins_mode': 4, 'realtime_x': 328.97, 'realtime_y': -147.54, 'target_x': 17.91, 'target_y': -0.2, 'yaw_ins': 0.0, 'dis_ins': 0.0}
  [2026-06-24T18:03:43.577228] W: {'wp_x': 316.11, 'wp_y': -145.64}
  [2026-06-24T18:03:43.577313] I: {'ins_mode': 4, 'realtime_x': 332.2, 'realtime_y': -147.81, 'target_x': 17.91, 'target_y': -0.2, 'yaw_ins': 0.0, 'dis_ins': 0.0}
  [2026-06-24T18:03:43.579235] W: {'wp_x': 316.11, 'wp_y': -145.64}
  [2026-06-24T18:03:43.619814] I: {'ins_mode': 4, 'realtime_x': 334.09, 'realtime_y': -147.92, 'target_x': 17.91, 'target_y': -0.2, 'yaw_ins': 0.0, 'dis_ins': 0.0}
  [2026-06-24T18:03:43.625355] W: {'wp_x': 316.11, 'wp_y': -145.64}
  [2026-06-24T18:03:43.971680] I: {'ins_mode': 4, 'realtime_x': 337.3, 'realtime_y': -147.97, 'target_x': 17.91, 'target_y': -0.2, 'yaw_ins': 0.0, 'dis_ins': 0.0}
  [2026-06-24T18:03:43.974925] W: {'wp_x': 336.0, 'wp_y': -147.97}
  [2026-06-24T18:03:43.974996] I: {'ins_mode': 4, 'realtime_x': 338.59, 'realtime_y': -147.96, 'target_x': 17.91, 'target_y': -0.2, 'yaw_ins': 0.0, 'dis_ins': 0.0}
  [2026-06-24T18:03:43.977094] W: {'wp_x': 336.0, 'wp_y': -147.97}
  [2026-06-24T18:03:43.977296] I: {'ins_mode': 4, 'realtime_x': 341.59, 'realtime_y': -147.92, 'target_x': 17.91, 'target_y': -0.2, 'yaw_ins': 0.0, 'dis_ins': 0.0}
  [2026-06-24T18:03:43.979268] W: {'wp_x': 336.0, 'wp_y': -147.97}
  [2026-06-24T18:03:43.979409] I: {'ins_mode': 4, 'realtime_x': 343.21, 'realtime_y': -147.88, 'target_x': 17.91, 'target_y': -0.2, 'yaw_ins': 0.0, 'dis_ins': 0.0}
  [2026-06-24T18:03:43.981401] W: {'wp_x': 336.0, 'wp_y': -147.97}
  [2026-06-24T18:03:43.981447] I: {'ins_mode': 4, 'realtime_x': 345.53, 'realtime_y': -147.77, 'target_x': 17.91, 'target_y': -0.2, 'yaw_ins': 0.0, 'dis_ins': 0.0}
  [2026-06-24T18:03:43.983363] W: {'wp_x': 336.0, 'wp_y': -147.97}
  [2026-06-24T18:03:43.983385] I: {'ins_mode': 4, 'realtime_x': 346.34, 'realtime_y': -147.74, 'target_x': 17.91, 'target_y': -0.2, 'yaw_ins': 0.0, 'dis_ins': 0.0}
  [2026-06-24T18:03:43.986079] W: {'wp_x': 336.0, 'wp_y': -147.97}
  [2026-06-24T18:03:44.056660] I: {'ins_mode': 4, 'realtime_x': 348.19, 'realtime_y': -147.69, 'target_x': 17.91, 'target_y': -0.2, 'yaw_ins': 0.0, 'dis_ins': 0.0}
  [2026-06-24T18:03:44.252312] W: {'wp_x': 336.0, 'wp_y': -147.97}
  [2026-06-24T18:03:44.252368] I: {'ins_mode': 4, 'realtime_x': 349.21, 'realtime_y': -147.67, 'target_x': 17.91, 'target_y': -0.2, 'yaw_ins': 0.0, 'dis_ins': 0.0}
  [2026-06-24T18:03:44.374104] W: {'wp_x': 336.0, 'wp_y': -147.97}
  [2026-06-24T18:03:44.374170] I: {'ins_mode': 4, 'realtime_x': 350.51, 'realtime_y': -147.64, 'target_x': 17.91, 'target_y': -0.2, 'yaw_ins': 0.0, 'dis_ins': 0.0}
  [2026-06-24T18:03:44.378457] W: {'wp_x': 336.0, 'wp_y': -147.97}
  [2026-06-24T18:03:44.378510] I: {'ins_mode': 4, 'realtime_x': 351.47, 'realtime_y': -147.62, 'target_x': 17.91, 'target_y': -0.2, 'yaw_ins': 0.0, 'dis_ins': 0.0}
  [2026-06-24T18:03:44.380906] W: {'wp_x': 336.0, 'wp_y': -147.97}
  [2026-06-24T18:03:44.381006] I: {'ins_mode': 4, 'realtime_x': 353.16, 'realtime_y': -147.6, 'target_x': 17.91, 'target_y': -0.2, 'yaw_ins': 0.0, 'dis_ins': 0.0}
  [2026-06-24T18:03:44.382971] W: {'wp_x': 336.0, 'wp_y': -147.97}
  [2026-06-24T18:03:44.383017] I: {'ins_mode': 4, 'realtime_x': 354.06, 'realtime_y': -147.6, 'target_x': 17.91, 'target_y': -0.2, 'yaw_ins': 0.0, 'dis_ins': 0.0}
  [2026-06-24T18:03:44.384973] W: {'wp_x': 336.0, 'wp_y': -147.97}
  [2026-06-24T18:03:44.414951] I: {'ins_mode': 4, 'realtime_x': 355.23, 'realtime_y': -147.61, 'target_x': 17.91, 'target_y': -0.2, 'yaw_ins': 0.0, 'dis_ins': 0.0}
  [2026-06-24T18:03:44.417265] W: {'wp_x': 336.0, 'wp_y': -147.97}
  [2026-06-24T18:03:44.655708] I: {'ins_mode': 4, 'realtime_x': 355.76, 'realtime_y': -147.61, 'target_x': 17.91, 'target_y': -0.2, 'yaw_ins': 0.0, 'dis_ins': 0.0}
  [2026-06-24T18:03:44.795991] W: {'wp_x': 336.0, 'wp_y': -147.97}
  [2026-06-24T18:03:44.797167] I: {'ins_mode': 4, 'realtime_x': 357.5, 'realtime_y': -147.6, 'target_x': 17.91, 'target_y': -0.2, 'yaw_ins': 0.0, 'dis_ins': 0.0}
  [2026-06-24T18:03:44.799622] W: {'wp_x': 356.06, 'wp_y': -147.6}
  [2026-06-24T18:03:44.799708] I: {'ins_mode': 4, 'realtime_x': 358.77, 'realtime_y': -147.59, 'target_x': 17.91, 'target_y': -0.2, 'yaw_ins': 0.0, 'dis_ins': 0.0}
  [2026-06-24T18:03:44.802007] W: {'wp_x': 356.06, 'wp_y': -147.6}
  [2026-06-24T18:03:44.802089] I: {'ins_mode': 4, 'realtime_x': 361.11, 'realtime_y': -147.53, 'target_x': 17.91, 'target_y': -0.2, 'yaw_ins': 0.0, 'dis_ins': 0.0}
  [2026-06-24T18:03:44.805252] W: {'wp_x': 356.06, 'wp_y': -147.6}
  [2026-06-24T18:03:44.805393] I: {'ins_mode': 4, 'realtime_x': 362.11, 'realtime_y': -147.49, 'target_x': 17.91, 'target_y': -0.2, 'yaw_ins': 0.0, 'dis_ins': 0.0}
  [2026-06-24T18:03:44.807714] W: {'wp_x': 356.06, 'wp_y': -147.6}
  [2026-06-24T18:03:44.807814] I: {'ins_mode': 4, 'realtime_x': 364.65, 'realtime_y': -147.36, 'target_x': 17.91, 'target_y': -0.2, 'yaw_ins': 0.0, 'dis_ins': 0.0}
  [2026-06-24T18:03:44.810050] W: {'wp_x': 356.06, 'wp_y': -147.6}
  [2026-06-24T18:03:44.819164] I: {'ins_mode': 4, 'realtime_x': 366.08, 'realtime_y': -147.25, 'target_x': 17.91, 'target_y': -0.2, 'yaw_ins': 0.0, 'dis_ins': 0.0}
  [2026-06-24T18:03:44.821703] W: {'wp_x': 356.06, 'wp_y': -147.6}
  [2026-06-24T18:03:45.077925] I: {'ins_mode': 4, 'realtime_x': 368.5, 'realtime_y': -146.93, 'target_x': 17.91, 'target_y': -0.2, 'yaw_ins': 0.0, 'dis_ins': 0.0}
  [2026-06-24T18:03:45.222887] W: {'wp_x': 356.06, 'wp_y': -147.6}
  [2026-06-24T18:03:45.223942] I: {'ins_mode': 4, 'realtime_x': 369.51, 'realtime_y': -146.77, 'target_x': 17.91, 'target_y': -0.2, 'yaw_ins': 0.0, 'dis_ins': 0.0}
  [2026-06-24T18:03:45.225936] W: {'wp_x': 356.06, 'wp_y': -147.6}
  [2026-06-24T18:03:45.226030] I: {'ins_mode': 4, 'realtime_x': 372.22, 'realtime_y': -146.3, 'target_x': 17.91, 'target_y': -0.2, 'yaw_ins': 0.0, 'dis_ins': 0.0}
  [2026-06-24T18:03:45.227898] W: {'wp_x': 356.06, 'wp_y': -147.6}
  [2026-06-24T18:03:45.227981] I: {'ins_mode': 4, 'realtime_x': 374.06, 'realtime_y': -145.98, 'target_x': 17.91, 'target_y': -0.2, 'yaw_ins': 0.0, 'dis_ins': 0.0}
  [2026-06-24T18:03:45.229818] W: {'wp_x': 356.06, 'wp_y': -147.6}
  [2026-06-24T18:03:45.229897] I: {'ins_mode': 4, 'realtime_x': 377.2, 'realtime_y': -145.4, 'target_x': 17.91, 'target_y': -0.2, 'yaw_ins': 0.0, 'dis_ins': 0.0}
  [2026-06-24T18:03:45.231735] W: {'wp_x': 375.98, 'wp_y': -145.64}
  [2026-06-24T18:03:45.231758] I: {'ins_mode': 4, 'realtime_x': 378.33, 'realtime_y': -145.16, 'target_x': 17.91, 'target_y': -0.2, 'yaw_ins': 0.0, 'dis_ins': 0.0}
  [2026-06-24T18:03:45.233618] W: {'wp_x': 375.98, 'wp_y': -145.64}
  [2026-06-24T18:03:45.253591] I: {'ins_mode': 4, 'realtime_x': 380.78, 'realtime_y': -144.51, 'target_x': 17.91, 'target_y': -0.2, 'yaw_ins': 0.0, 'dis_ins': 0.0}
  [2026-06-24T18:03:45.256368] W: {'wp_x': 375.98, 'wp_y': -145.64}
  [2026-06-24T18:03:45.496675] I: {'ins_mode': 4, 'realtime_x': 382.24, 'realtime_y': -144.04, 'target_x': 17.91, 'target_y': -0.2, 'yaw_ins': 0.0, 'dis_ins': 0.0}
  [2026-06-24T18:03:45.621705] W: {'wp_x': 375.98, 'wp_y': -145.64}
  [2026-06-24T18:03:45.623546] I: {'ins_mode': 4, 'realtime_x': 384.97, 'realtime_y': -143.08, 'target_x': 17.91, 'target_y': -0.2, 'yaw_ins': 0.0, 'dis_ins': 0.0}
  [2026-06-24T18:03:45.625575] W: {'wp_x': 375.98, 'wp_y': -145.64}
  [2026-06-24T18:03:45.625743] I: {'ins_mode': 4, 'realtime_x': 386.16, 'realtime_y': -142.64, 'target_x': 17.91, 'target_y': -0.2, 'yaw_ins': 0.0, 'dis_ins': 0.0}
  [2026-06-24T18:03:45.627946] W: {'wp_x': 375.98, 'wp_y': -145.64}
  [2026-06-24T18:03:45.628023] I: {'ins_mode': 4, 'realtime_x': 389.21, 'realtime_y': -141.41, 'target_x': 17.91, 'target_y': -0.2, 'yaw_ins': 0.0, 'dis_ins': 0.0}
  [2026-06-24T18:03:45.629972] W: {'wp_x': 375.98, 'wp_y': -145.64}
  [2026-06-24T18:03:45.630052] I: {'ins_mode': 4, 'realtime_x': 390.84, 'realtime_y': -140.7, 'target_x': 17.91, 'target_y': -0.2, 'yaw_ins': 0.0, 'dis_ins': 0.0}
  [2026-06-24T18:03:45.632055] W: {'wp_x': 375.98, 'wp_y': -145.64}
  [2026-06-24T18:03:45.632136] I: {'ins_mode': 4, 'realtime_x': 393.38, 'realtime_y': -139.53, 'target_x': 17.91, 'target_y': -0.2, 'yaw_ins': 0.0, 'dis_ins': 0.0}
  [2026-06-24T18:03:45.634797] W: {'wp_x': 375.98, 'wp_y': -145.64}
  [2026-06-24T18:03:45.653921] I: {'ins_mode': 4, 'realtime_x': 394.36, 'realtime_y': -139.04, 'target_x': 17.91, 'target_y': -0.2, 'yaw_ins': 0.0, 'dis_ins': 0.0}
  [2026-06-24T18:03:45.656367] W: {'wp_x': 375.98, 'wp_y': -145.64}
  [2026-06-24T18:03:45.946137] I: {'ins_mode': 4, 'realtime_x': 396.6, 'realtime_y': -137.87, 'target_x': 17.91, 'target_y': -0.2, 'yaw_ins': 0.0, 'dis_ins': 0.0}
  [2026-06-24T18:03:46.106613] W: {'wp_x': 394.84, 'wp_y': -138.8}
  [2026-06-24T18:03:46.107750] I: {'ins_mode': 4, 'realtime_x': 397.77, 'realtime_y': -137.22, 'target_x': 17.91, 'target_y': -0.2, 'yaw_ins': 0.0, 'dis_ins': 0.0}
  [2026-06-24T18:03:46.110076] W: {'wp_x': 394.84, 'wp_y': -138.8}
  [2026-06-24T18:03:46.110141] I: {'ins_mode': 4, 'realtime_x': 399.54, 'realtime_y': -136.16, 'target_x': 17.91, 'target_y': -0.2, 'yaw_ins': 0.0, 'dis_ins': 0.0}
  [2026-06-24T18:03:46.112327] W: {'wp_x': 394.84, 'wp_y': -138.8}
  [2026-06-24T18:03:46.112364] I: {'ins_mode': 4, 'realtime_x': 400.17, 'realtime_y': -135.77, 'target_x': 17.91, 'target_y': -0.2, 'yaw_ins': 0.0, 'dis_ins': 0.0}
  [2026-06-24T18:03:46.114438] W: {'wp_x': 394.84, 'wp_y': -138.8}
  [2026-06-24T18:03:46.114468] I: {'ins_mode': 4, 'realtime_x': 401.54, 'realtime_y': -134.87, 'target_x': 17.91, 'target_y': -0.2, 'yaw_ins': 0.0, 'dis_ins': 0.0}
  [2026-06-24T18:03:46.116474] W: {'wp_x': 394.84, 'wp_y': -138.8}
  [2026-06-24T18:03:46.116555] I: {'ins_mode': 4, 'realtime_x': 402.23, 'realtime_y': -134.39, 'target_x': 17.91, 'target_y': -0.2, 'yaw_ins': 0.0, 'dis_ins': 0.0}
  [2026-06-24T18:03:46.119551] W: {'wp_x': 394.84, 'wp_y': -138.8}
  [2026-06-24T18:03:46.119611] I: {'ins_mode': 4, 'realtime_x': 403.04, 'realtime_y': -133.77, 'target_x': 17.91, 'target_y': -0.2, 'yaw_ins': 0.0, 'dis_ins': 0.0}
  [2026-06-24T18:03:46.121948] W: {'wp_x': 394.84, 'wp_y': -138.8}
  [2026-06-24T18:03:46.130264] I: {'ins_mode': 4, 'realtime_x': 403.66, 'realtime_y': -133.27, 'target_x': 17.91, 'target_y': -0.2, 'yaw_ins': 0.0, 'dis_ins': 0.0}
  [2026-06-24T18:03:46.132373] W: {'wp_x': 394.84, 'wp_y': -138.8}
  [2026-06-24T18:03:46.531886] I: {'ins_mode': 4, 'realtime_x': 404.73, 'realtime_y': -132.38, 'target_x': 17.91, 'target_y': -0.2, 'yaw_ins': 0.0, 'dis_ins': 0.0}
  [2026-06-24T18:03:46.538038] W: {'wp_x': 394.84, 'wp_y': -138.8}
  [2026-06-24T18:03:46.538256] I: {'ins_mode': 4, 'realtime_x': 405.42, 'realtime_y': -131.77, 'target_x': 17.91, 'target_y': -0.2, 'yaw_ins': 0.0, 'dis_ins': 0.0}
  [2026-06-24T18:03:46.540573] W: {'wp_x': 394.84, 'wp_y': -138.8}
  [2026-06-24T18:03:46.540706] I: {'ins_mode': 4, 'realtime_x': 406.65, 'realtime_y': -130.61, 'target_x': 17.91, 'target_y': -0.2, 'yaw_ins': 0.0, 'dis_ins': 0.0}
  [2026-06-24T18:03:46.542758] W: {'wp_x': 394.84, 'wp_y': -138.8}
  [2026-06-24T18:03:46.542842] I: {'ins_mode': 4, 'realtime_x': 407.16, 'realtime_y': -130.08, 'target_x': 17.91, 'target_y': -0.2, 'yaw_ins': 0.0, 'dis_ins': 0.0}
  [2026-06-24T18:03:46.544715] W: {'wp_x': 394.84, 'wp_y': -138.8}
  [2026-06-24T18:03:46.544788] I: {'ins_mode': 4, 'realtime_x': 408.79, 'realtime_y': -128.13, 'target_x': 17.91, 'target_y': -0.2, 'yaw_ins': 0.0, 'dis_ins': 0.0}
  [2026-06-24T18:03:46.546630] W: {'wp_x': 394.84, 'wp_y': -138.8}
  [2026-06-24T18:03:46.546704] I: {'ins_mode': 4, 'realtime_x': 409.79, 'realtime_y': -126.79, 'target_x': 17.91, 'target_y': -0.2, 'yaw_ins': 0.0, 'dis_ins': 0.0}
  [2026-06-24T18:03:46.548555] W: {'wp_x': 394.84, 'wp_y': -138.8}
  [2026-06-24T18:03:46.577776] I: {'ins_mode': 4, 'realtime_x': 411.18, 'realtime_y': -124.73, 'target_x': 17.91, 'target_y': -0.2, 'yaw_ins': 0.0, 'dis_ins': 0.0}
  [2026-06-24T18:03:46.582095] W: {'wp_x': 410.38, 'wp_y': -125.96}
  [2026-06-24T18:03:46.974629] I: {'ins_mode': 4, 'realtime_x': 411.68, 'realtime_y': -123.89, 'target_x': 17.91, 'target_y': -0.2, 'yaw_ins': 0.0, 'dis_ins': 0.0}
  [2026-06-24T18:03:46.977996] W: {'wp_x': 410.38, 'wp_y': -125.96}
  [2026-06-24T18:03:46.978157] I: {'ins_mode': 4, 'realtime_x': 412.91, 'realtime_y': -121.68, 'target_x': 17.91, 'target_y': -0.2, 'yaw_ins': 0.0, 'dis_ins': 0.0}
  [2026-06-24T18:03:46.980372] W: {'wp_x': 410.38, 'wp_y': -125.96}
  [2026-06-24T18:03:46.980612] I: {'ins_mode': 4, 'realtime_x': 413.62, 'realtime_y': -120.35, 'target_x': 17.91, 'target_y': -0.2, 'yaw_ins': 0.0, 'dis_ins': 0.0}
  [2026-06-24T18:03:46.982544] W: {'wp_x': 410.38, 'wp_y': -125.96}
  [2026-06-24T18:03:46.982630] I: {'ins_mode': 4, 'realtime_x': 414.84, 'realtime_y': -118.03, 'target_x': 17.91, 'target_y': -0.2, 'yaw_ins': 0.0, 'dis_ins': 0.0}
  [2026-06-24T18:03:46.984468] W: {'wp_x': 410.38, 'wp_y': -125.96}
  [2026-06-24T18:03:46.984542] I: {'ins_mode': 4, 'realtime_x': 415.33, 'realtime_y': -117.08, 'target_x': 17.91, 'target_y': -0.2, 'yaw_ins': 0.0, 'dis_ins': 0.0}
  [2026-06-24T18:03:46.987441] W: {'wp_x': 410.38, 'wp_y': -125.96}
  [2026-06-24T18:03:46.987871] I: {'ins_mode': 4, 'realtime_x': 416.52, 'realtime_y': -114.7, 'target_x': 17.91, 'target_y': -0.2, 'yaw_ins': 0.0, 'dis_ins': 0.0}
  [2026-06-24T18:03:46.990122] W: {'wp_x': 410.38, 'wp_y': -125.96}
  [2026-06-24T18:03:46.990154] I: {'ins_mode': 4, 'realtime_x': 417.26, 'realtime_y': -113.21, 'target_x': 17.91, 'target_y': -0.2, 'yaw_ins': 0.0, 'dis_ins': 0.0}
  [2026-06-24T18:03:46.992176] W: {'wp_x': 410.38, 'wp_y': -125.96}
  [2026-06-24T18:03:47.293138] I: {'ins_mode': 4, 'realtime_x': 418.53, 'realtime_y': -110.68, 'target_x': 17.91, 'target_y': -0.2, 'yaw_ins': 0.0, 'dis_ins': 0.0}
  [2026-06-24T18:03:47.442052] W: {'wp_x': 410.38, 'wp_y': -125.96}
  [2026-06-24T18:03:47.442977] I: {'ins_mode': 4, 'realtime_x': 419.06, 'realtime_y': -109.64, 'target_x': 17.91, 'target_y': -0.2, 'yaw_ins': 0.0, 'dis_ins': 0.0}
  [2026-06-24T18:03:47.445152] W: {'wp_x': 410.38, 'wp_y': -125.96}
  [2026-06-24T18:03:47.445319] I: {'ins_mode': 4, 'realtime_x': 420.5, 'realtime_y': -106.94, 'target_x': 17.91, 'target_y': -0.2, 'yaw_ins': 0.0, 'dis_ins': 0.0}
  [2026-06-24T18:03:47.447441] W: {'wp_x': 419.91, 'wp_y': -108.04}
  [2026-06-24T18:03:47.447501] I: {'ins_mode': 4, 'realtime_x': 421.39, 'realtime_y': -105.31, 'target_x': 17.91, 'target_y': -0.2, 'yaw_ins': 0.0, 'dis_ins': 0.0}
  [2026-06-24T18:03:47.449477] W: {'wp_x': 419.91, 'wp_y': -108.04}
  [2026-06-24T18:03:47.449637] I: {'ins_mode': 4, 'realtime_x': 422.9, 'realtime_y': -102.5, 'target_x': 17.91, 'target_y': -0.2, 'yaw_ins': 0.0, 'dis_ins': 0.0}
  [2026-06-24T18:03:47.452707] W: {'wp_x': 419.91, 'wp_y': -108.04}
  [2026-06-24T18:03:47.452772] I: {'ins_mode': 4, 'realtime_x': 423.51, 'realtime_y': -101.34, 'target_x': 17.91, 'target_y': -0.2, 'yaw_ins': 0.0, 'dis_ins': 0.0}
  [2026-06-24T18:03:47.454944] W: {'wp_x': 419.91, 'wp_y': -108.04}
  [2026-06-24T18:03:47.741767] I: {'ins_mode': 4, 'realtime_x': 425.04, 'realtime_y': -98.29, 'target_x': 17.91, 'target_y': -0.2, 'yaw_ins': 0.0, 'dis_ins': 0.0}
  [2026-06-24T18:03:47.893864] W: {'wp_x': 419.91, 'wp_y': -108.04}
  [2026-06-24T18:03:47.893994] I: {'ins_mode': 4, 'realtime_x': 425.99, 'realtime_y': -96.44, 'target_x': 17.91, 'target_y': -0.2, 'yaw_ins': 0.0, 'dis_ins': 0.0}
  [2026-06-24T18:03:47.896031] W: {'wp_x': 419.91, 'wp_y': -108.04}
  [2026-06-24T18:03:47.896137] I: {'ins_mode': 4, 'realtime_x': 427.52, 'realtime_y': -93.71, 'target_x': 17.91, 'target_y': -0.2, 'yaw_ins': 0.0, 'dis_ins': 0.0}
  [2026-06-24T18:03:47.898068] W: {'wp_x': 419.91, 'wp_y': -108.04}
  [2026-06-24T18:03:47.898160] I: {'ins_mode': 4, 'realtime_x': 428.09, 'realtime_y': -92.73, 'target_x': 17.91, 'target_y': -0.2, 'yaw_ins': 0.0, 'dis_ins': 0.0}
  [2026-06-24T18:03:47.900093] W: {'wp_x': 419.91, 'wp_y': -108.04}
  [2026-06-24T18:03:47.900122] I: {'ins_mode': 4, 'realtime_x': 429.5, 'realtime_y': -90.4, 'target_x': 17.91, 'target_y': -0.2, 'yaw_ins': 0.0, 'dis_ins': 0.0}
  [2026-06-24T18:03:47.902422] W: {'wp_x': 429.5, 'wp_y': -90.4}
  [2026-06-24T18:03:47.902484] I: {'ins_mode': 4, 'realtime_x': 430.08, 'realtime_y': -89.44, 'target_x': 17.91, 'target_y': -0.2, 'yaw_ins': 0.0, 'dis_ins': 0.0}
  [2026-06-24T18:03:47.904413] W: {'wp_x': 429.5, 'wp_y': -90.4}
  [2026-06-24T18:03:47.904534] I: {'ins_mode': 4, 'realtime_x': 431.81, 'realtime_y': -86.62, 'target_x': 17.91, 'target_y': -0.2, 'yaw_ins': 0.0, 'dis_ins': 0.0}
  [2026-06-24T18:03:47.906537] W: {'wp_x': 429.5, 'wp_y': -90.4}
  [2026-06-24T18:03:47.906763] I: {'ins_mode': 4, 'realtime_x': 432.39, 'realtime_y': -85.65, 'target_x': 17.91, 'target_y': -0.2, 'yaw_ins': 0.0, 'dis_ins': 0.0}
  [2026-06-24T18:03:47.908734] W: {'wp_x': 429.5, 'wp_y': -90.4}
  [2026-06-24T18:03:47.908878] I: {'ins_mode': 4, 'realtime_x': 433.95, 'realtime_y': -82.82, 'target_x': 17.91, 'target_y': -0.2, 'yaw_ins': 0.0, 'dis_ins': 0.0}
  [2026-06-24T18:03:47.910745] W: {'wp_x': 429.5, 'wp_y': -90.4}
  [2026-06-24T18:03:47.930122] I: {'ins_mode': 4, 'realtime_x': 434.93, 'realtime_y': -80.89, 'target_x': 17.91, 'target_y': -0.2, 'yaw_ins': 0.0, 'dis_ins': 0.0}
  [2026-06-24T18:03:47.944452] W: {'wp_x': 429.5, 'wp_y': -90.4}
  [2026-06-24T18:03:48.229827] I: {'ins_mode': 4, 'realtime_x': 436.55, 'realtime_y': -77.54, 'target_x': 17.91, 'target_y': -0.2, 'yaw_ins': 0.0, 'dis_ins': 0.0}
  [2026-06-24T18:03:48.399343] W: {'wp_x': 429.5, 'wp_y': -90.4}
  [2026-06-24T18:03:48.400376] I: {'ins_mode': 4, 'realtime_x': 437.22, 'realtime_y': -76.11, 'target_x': 17.91, 'target_y': -0.2, 'yaw_ins': 0.0, 'dis_ins': 0.0}
  [2026-06-24T18:03:48.402471] W: {'wp_x': 429.5, 'wp_y': -90.4}
  [2026-06-24T18:03:48.402524] I: {'ins_mode': 4, 'realtime_x': 439.02, 'realtime_y': -72.23, 'target_x': 17.91, 'target_y': -0.2, 'yaw_ins': 0.0, 'dis_ins': 0.0}
  [2026-06-24T18:03:48.405792] W: {'wp_x': 439.02, 'wp_y': -72.23}
  [2026-06-24T18:03:48.405926] I: {'ins_mode': 4, 'realtime_x': 440.07, 'realtime_y': -69.98, 'target_x': 17.91, 'target_y': -0.2, 'yaw_ins': 0.0, 'dis_ins': 0.0}
  [2026-06-24T18:03:48.407937] W: {'wp_x': 439.02, 'wp_y': -72.23}
  [2026-06-24T18:03:48.408001] I: {'ins_mode': 4, 'realtime_x': 441.69, 'realtime_y': -66.44, 'target_x': 17.91, 'target_y': -0.2, 'yaw_ins': 0.0, 'dis_ins': 0.0}
  [2026-06-24T18:03:48.409906] W: {'wp_x': 439.02, 'wp_y': -72.23}
  [2026-06-24T18:03:48.410030] I: {'ins_mode': 4, 'realtime_x': 442.27, 'realtime_y': -65.12, 'target_x': 17.91, 'target_y': -0.2, 'yaw_ins': 0.0, 'dis_ins': 0.0}
  [2026-06-24T18:03:48.412339] W: {'wp_x': 439.02, 'wp_y': -72.23}
  [2026-06-24T18:03:48.412390] I: {'ins_mode': 4, 'realtime_x': 443.71, 'realtime_y': -61.91, 'target_x': 17.91, 'target_y': -0.2, 'yaw_ins': 0.0, 'dis_ins': 0.0}
  [2026-06-24T18:03:48.415271] W: {'wp_x': 439.02, 'wp_y': -72.23}
  [2026-06-24T18:03:48.415435] I: {'ins_mode': 4, 'realtime_x': 444.3, 'realtime_y': -60.67, 'target_x': 17.91, 'target_y': -0.2, 'yaw_ins': 0.0, 'dis_ins': 0.0}
  [2026-06-24T18:03:48.417364] W: {'wp_x': 439.02, 'wp_y': -72.23}
  [2026-06-24T18:03:48.738484] I: {'ins_mode': 4, 'realtime_x': 446.05, 'realtime_y': -57.27, 'target_x': 17.91, 'target_y': -0.2, 'yaw_ins': 0.0, 'dis_ins': 0.0}
  [2026-06-24T18:03:48.939183] W: {'wp_x': 439.02, 'wp_y': -72.23}
  [2026-06-24T18:03:49.277002] I: {'ins_mode': 4, 'realtime_x': 446.62, 'realtime_y': -56.21, 'target_x': 17.91, 'target_y': -0.2, 'yaw_ins': 0.0, 'dis_ins': 0.0}
  [2026-06-24T18:03:49.456535] W: {'wp_x': 439.02, 'wp_y': -72.23}
  [2026-06-24T18:03:49.457822] I: {'ins_mode': 4, 'realtime_x': 448.02, 'realtime_y': -53.6, 'target_x': 17.91, 'target_y': -0.2, 'yaw_ins': 0.0, 'dis_ins': 0.0}
  [2026-06-24T18:03:49.460290] W: {'wp_x': 447.73, 'wp_y': -54.12}
  [2026-06-24T18:03:49.460456] I: {'ins_mode': 4, 'realtime_x': 448.9, 'realtime_y': -52.0, 'target_x': 17.91, 'target_y': -0.2, 'yaw_ins': 0.0, 'dis_ins': 0.0}
  [2026-06-24T18:03:49.462883] W: {'wp_x': 447.73, 'wp_y': -54.12}
  [2026-06-24T18:03:49.463103] I: {'ins_mode': 4, 'realtime_x': 450.2, 'realtime_y': -49.78, 'target_x': 17.91, 'target_y': -0.2, 'yaw_ins': 0.0, 'dis_ins': 0.0}
  [2026-06-24T18:03:49.465467] W: {'wp_x': 447.73, 'wp_y': -54.12}
  [2026-06-24T18:03:49.465623] I: {'ins_mode': 4, 'realtime_x': 451.27, 'realtime_y': -48.11, 'target_x': 17.91, 'target_y': -0.2, 'yaw_ins': 0.0, 'dis_ins': 0.0}
  [2026-06-24T18:03:49.468150] W: {'wp_x': 447.73, 'wp_y': -54.12}
  [2026-06-24T18:03:49.468199] I: {'ins_mode': 4, 'realtime_x': 453.06, 'realtime_y': -45.46, 'target_x': 17.91, 'target_y': -0.2, 'yaw_ins': 0.0, 'dis_ins': 0.0}
  [2026-06-24T18:03:49.470376] W: {'wp_x': 447.73, 'wp_y': -54.12}
  [2026-06-24T18:03:49.470502] I: {'ins_mode': 4, 'realtime_x': 454.14, 'realtime_y': -43.91, 'target_x': 17.91, 'target_y': -0.2, 'yaw_ins': 0.0, 'dis_ins': 0.0}
  [2026-06-24T18:03:49.472516] W: {'wp_x': 447.73, 'wp_y': -54.12}
  [2026-06-24T18:03:49.472673] I: {'ins_mode': 4, 'realtime_x': 455.95, 'realtime_y': -41.34, 'target_x': 17.91, 'target_y': -0.2, 'yaw_ins': 0.0, 'dis_ins': 0.0}
  [2026-06-24T18:03:49.474550] W: {'wp_x': 447.73, 'wp_y': -54.12}
  [2026-06-24T18:03:49.474704] I: {'ins_mode': 4, 'realtime_x': 456.65, 'realtime_y': -40.37, 'target_x': 17.91, 'target_y': -0.2, 'yaw_ins': 0.0, 'dis_ins': 0.0}
  [2026-06-24T18:03:49.476574] W: {'wp_x': 447.73, 'wp_y': -54.12}
  [2026-06-24T18:03:49.476651] I: {'ins_mode': 4, 'realtime_x': 458.39, 'realtime_y': -38.04, 'target_x': 17.91, 'target_y': -0.2, 'yaw_ins': 0.0, 'dis_ins': 0.0}
  [2026-06-24T18:03:49.478591] W: {'wp_x': 447.73, 'wp_y': -54.12}
  [2026-06-24T18:03:49.757160] I: {'ins_mode': 4, 'realtime_x': 459.51, 'realtime_y': -36.65, 'target_x': 17.91, 'target_y': -0.2, 'yaw_ins': 0.0, 'dis_ins': 0.0}
  [2026-06-24T18:03:49.917300] W: {'wp_x': 459.13, 'wp_y': -37.11}
  [2026-06-24T18:03:49.919098] I: {'ins_mode': 4, 'realtime_x': 461.31, 'realtime_y': -34.55, 'target_x': 17.91, 'target_y': -0.2, 'yaw_ins': 0.0, 'dis_ins': 0.0}
  [2026-06-24T18:03:49.922441] W: {'wp_x': 459.13, 'wp_y': -37.11}
  [2026-06-24T18:03:49.922710] I: {'ins_mode': 4, 'realtime_x': 461.97, 'realtime_y': -33.79, 'target_x': 17.91, 'target_y': -0.2, 'yaw_ins': 0.0, 'dis_ins': 0.0}
  [2026-06-24T18:03:49.924842] W: {'wp_x': 459.13, 'wp_y': -37.11}
  [2026-06-24T18:03:49.924977] I: {'ins_mode': 4, 'realtime_x': 463.62, 'realtime_y': -31.88, 'target_x': 17.91, 'target_y': -0.2, 'yaw_ins': 0.0, 'dis_ins': 0.0}
  [2026-06-24T18:03:49.927191] W: {'wp_x': 459.13, 'wp_y': -37.11}
  [2026-06-24T18:03:49.927278] I: {'ins_mode': 4, 'realtime_x': 464.58, 'realtime_y': -30.75, 'target_x': 17.91, 'target_y': -0.2, 'yaw_ins': 0.0, 'dis_ins': 0.0}
  [2026-06-24T18:03:49.929499] W: {'wp_x': 459.13, 'wp_y': -37.11}
  [2026-06-24T18:03:49.929557] I: {'ins_mode': 4, 'realtime_x': 465.98, 'realtime_y': -29.06, 'target_x': 17.91, 'target_y': -0.2, 'yaw_ins': 0.0, 'dis_ins': 0.0}
  [2026-06-24T18:03:49.932009] W: {'wp_x': 459.13, 'wp_y': -37.11}
  [2026-06-24T18:03:49.932182] I: {'ins_mode': 4, 'realtime_x': 466.45, 'realtime_y': -28.46, 'target_x': 17.91, 'target_y': -0.2, 'yaw_ins': 0.0, 'dis_ins': 0.0}
  [2026-06-24T18:03:49.934305] W: {'wp_x': 459.13, 'wp_y': -37.11}
  [2026-06-24T18:03:49.934469] I: {'ins_mode': 4, 'realtime_x': 467.48, 'realtime_y': -27.12, 'target_x': 17.91, 'target_y': -0.2, 'yaw_ins': 0.0, 'dis_ins': 0.0}
  [2026-06-24T18:03:49.937339] W: {'wp_x': 459.13, 'wp_y': -37.11}
  [2026-06-24T18:03:49.937462] I: {'ins_mode': 4, 'realtime_x': 468.04, 'realtime_y': -26.38, 'target_x': 17.91, 'target_y': -0.2, 'yaw_ins': 0.0, 'dis_ins': 0.0}
  [2026-06-24T18:03:49.939537] W: {'wp_x': 459.13, 'wp_y': -37.11}
  [2026-06-24T18:03:49.939625] I: {'ins_mode': 4, 'realtime_x': 469.36, 'realtime_y': -24.73, 'target_x': 17.91, 'target_y': -0.2, 'yaw_ins': 0.0, 'dis_ins': 0.0}
  [2026-06-24T18:03:49.941565] W: {'wp_x': 459.13, 'wp_y': -37.11}
  [2026-06-24T18:03:49.941707] I: {'ins_mode': 4, 'realtime_x': 470.03, 'realtime_y': -23.9, 'target_x': 17.91, 'target_y': -0.2, 'yaw_ins': 0.0, 'dis_ins': 0.0}
  [2026-06-24T18:03:49.943681] W: {'wp_x': 459.13, 'wp_y': -37.11}
  [2026-06-24T18:03:49.943826] I: {'ins_mode': 4, 'realtime_x': 471.69, 'realtime_y': -21.84, 'target_x': 17.91, 'target_y': -0.2, 'yaw_ins': 0.0, 'dis_ins': 0.0}
  [2026-06-24T18:03:49.945803] W: {'wp_x': 459.13, 'wp_y': -37.11}
  [2026-06-24T18:03:49.945838] I: {'ins_mode': 4, 'realtime_x': 472.7, 'realtime_y': -20.54, 'target_x': 17.91, 'target_y': -0.2, 'yaw_ins': 0.0, 'dis_ins': 0.0}
  [2026-06-24T18:03:49.947749] W: {'wp_x': 472.02, 'wp_y': -21.42}
  [2026-06-24T18:03:49.947833] I: {'ins_mode': 4, 'realtime_x': 474.41, 'realtime_y': -18.33, 'target_x': 17.91, 'target_y': -0.2, 'yaw_ins': 0.0, 'dis_ins': 0.0}
  [2026-06-24T18:03:49.949892] W: {'wp_x': 472.02, 'wp_y': -21.42}
  [2026-06-24T18:03:50.322025] I: {'ins_mode': 4, 'realtime_x': 475.11, 'realtime_y': -17.41, 'target_x': 17.91, 'target_y': -0.2, 'yaw_ins': 0.0, 'dis_ins': 0.0}
  [2026-06-24T18:03:50.510930] W: {'wp_x': 472.02, 'wp_y': -21.42}
  [2026-06-24T18:03:50.511108] I: {'ins_mode': 4, 'realtime_x': 476.93, 'realtime_y': -14.97, 'target_x': 17.91, 'target_y': -0.2, 'yaw_ins': 0.0, 'dis_ins': 0.0}
  [2026-06-24T18:03:50.513421] W: {'wp_x': 472.02, 'wp_y': -21.42}
  [2026-06-24T18:03:50.513588] I: {'ins_mode': 4, 'realtime_x': 477.98, 'realtime_y': -13.57, 'target_x': 17.91, 'target_y': -0.2, 'yaw_ins': 0.0, 'dis_ins': 0.0}
  [2026-06-24T18:03:50.515804] W: {'wp_x': 472.02, 'wp_y': -21.42}
  [2026-06-24T18:03:50.515956] I: {'ins_mode': 4, 'realtime_x': 479.75, 'realtime_y': -11.19, 'target_x': 17.91, 'target_y': -0.2, 'yaw_ins': 0.0, 'dis_ins': 0.0}
  [2026-06-24T18:03:50.519100] W: {'wp_x': 472.02, 'wp_y': -21.42}
  [2026-06-24T18:03:50.519363] I: {'ins_mode': 4, 'realtime_x': 480.51, 'realtime_y': -10.18, 'target_x': 17.91, 'target_y': -0.2, 'yaw_ins': 0.0, 'dis_ins': 0.0}
  [2026-06-24T18:03:50.521905] W: {'wp_x': 472.02, 'wp_y': -21.42}
  [2026-06-24T18:03:50.829418] I: {'ins_mode': 4, 'realtime_x': 482.52, 'realtime_y': -7.6, 'target_x': 17.91, 'target_y': -0.2, 'yaw_ins': 0.0, 'dis_ins': 0.0}
  [2026-06-24T18:03:50.997126] W: {'wp_x': 472.02, 'wp_y': -21.42}
  [2026-06-24T18:03:50.997255] I: {'ins_mode': 4, 'realtime_x': 483.37, 'realtime_y': -6.54, 'target_x': 17.91, 'target_y': -0.2, 'yaw_ins': 0.0, 'dis_ins': 0.0}
  [2026-06-24T18:03:50.999253] W: {'wp_x': 472.02, 'wp_y': -21.42}
  [2026-06-24T18:03:50.999424] I: {'ins_mode': 4, 'realtime_x': 486.08, 'realtime_y': -3.36, 'target_x': 17.91, 'target_y': -0.2, 'yaw_ins': 0.0, 'dis_ins': 0.0}
  [2026-06-24T18:03:51.001416] W: {'wp_x': 484.24, 'wp_y': -5.47}
  [2026-06-24T18:03:51.001580] I: {'ins_mode': 4, 'realtime_x': 487.07, 'realtime_y': -2.29, 'target_x': 17.91, 'target_y': -0.2, 'yaw_ins': 0.0, 'dis_ins': 0.0}
  [2026-06-24T18:03:51.004876] W: {'wp_x': 484.24, 'wp_y': -5.47}
  [2026-06-24T18:03:51.005115] I: {'ins_mode': 4, 'realtime_x': 489.72, 'realtime_y': 0.45, 'target_x': 17.91, 'target_y': -0.2, 'yaw_ins': 0.0, 'dis_ins': 0.0}
  [2026-06-24T18:03:51.007183] W: {'wp_x': 484.24, 'wp_y': -5.47}
  [2026-06-24T18:03:51.007342] I: {'ins_mode': 4, 'realtime_x': 491.36, 'realtime_y': 2.08, 'target_x': 17.91, 'target_y': -0.2, 'yaw_ins': 0.0, 'dis_ins': 0.0}
  [2026-06-24T18:03:51.009591] W: {'wp_x': 484.24, 'wp_y': -5.47}
  [2026-06-24T18:03:51.009754] I: {'ins_mode': 4, 'realtime_x': 494.04, 'realtime_y': 4.76, 'target_x': 17.91, 'target_y': -0.2, 'yaw_ins': 0.0, 'dis_ins': 0.0}
  [2026-06-24T18:03:51.012154] W: {'wp_x': 484.24, 'wp_y': -5.47}
  [2026-06-24T18:03:51.012345] I: {'ins_mode': 4, 'realtime_x': 495.21, 'realtime_y': 5.87, 'target_x': 17.91, 'target_y': -0.2, 'yaw_ins': 0.0, 'dis_ins': 0.0}
  [2026-06-24T18:03:51.015259] W: {'wp_x': 484.24, 'wp_y': -5.47}
  [2026-06-24T18:03:51.015460] I: {'ins_mode': 4, 'realtime_x': 498.29, 'realtime_y': 8.58, 'target_x': 17.91, 'target_y': -0.2, 'yaw_ins': 0.0, 'dis_ins': 0.0}
  [2026-06-24T18:03:51.018341] W: {'wp_x': 484.24, 'wp_y': -5.47}
  [2026-06-24T18:03:51.018518] I: {'ins_mode': 4, 'realtime_x': 500.12, 'realtime_y': 10.1, 'target_x': 17.91, 'target_y': -0.2, 'yaw_ins': 0.0, 'dis_ins': 0.0}
  [2026-06-24T18:03:51.023036] W: {'wp_x': 498.91, 'wp_y': 9.1}
  [2026-06-24T18:03:51.023185] I: {'ins_mode': 4, 'realtime_x': 503.17, 'realtime_y': 12.56, 'target_x': 17.91, 'target_y': -0.2, 'yaw_ins': 0.0, 'dis_ins': 0.0}
  [2026-06-24T18:03:51.025886] W: {'wp_x': 498.91, 'wp_y': 9.1}
  [2026-06-24T18:03:51.025983] I: {'ins_mode': 4, 'realtime_x': 504.41, 'realtime_y': 13.53, 'target_x': 17.91, 'target_y': -0.2, 'yaw_ins': 0.0, 'dis_ins': 0.0}
  [2026-06-24T18:03:51.028523] W: {'wp_x': 498.91, 'wp_y': 9.1}
  [2026-06-24T18:03:51.028609] I: {'ins_mode': 4, 'realtime_x': 507.63, 'realtime_y': 15.94, 'target_x': 17.91, 'target_y': -0.2, 'yaw_ins': 0.0, 'dis_ins': 0.0}
  [2026-06-24T18:03:51.031072] W: {'wp_x': 498.91, 'wp_y': 9.1}
  [2026-06-24T18:03:51.375466] I: {'ins_mode': 4, 'realtime_x': 508.93, 'realtime_y': 16.9, 'target_x': 17.91, 'target_y': -0.2, 'yaw_ins': 0.0, 'dis_ins': 0.0}
  [2026-06-24T18:03:51.549064] W: {'wp_x': 498.91, 'wp_y': 9.1}
  [2026-06-24T18:03:51.550105] I: {'ins_mode': 4, 'realtime_x': 512.98, 'realtime_y': 19.8, 'target_x': 17.91, 'target_y': -0.2, 'yaw_ins': 0.0, 'dis_ins': 0.0}
  [2026-06-24T18:03:51.552974] W: {'wp_x': 498.91, 'wp_y': 9.1}
  [2026-06-24T18:03:51.553030] I: {'ins_mode': 4, 'realtime_x': 514.31, 'realtime_y': 20.73, 'target_x': 17.91, 'target_y': -0.2, 'yaw_ins': 0.0, 'dis_ins': 0.0}
  [2026-06-24T18:03:51.555442] W: {'wp_x': 498.91, 'wp_y': 9.1}
  [2026-06-24T18:03:51.555685] I: {'ins_mode': 4, 'realtime_x': 517.58, 'realtime_y': 23.01, 'target_x': 17.91, 'target_y': -0.2, 'yaw_ins': 0.0, 'dis_ins': 0.0}
  [2026-06-24T18:03:51.557595] W: {'wp_x': 514.97, 'wp_y': 21.19}
  [2026-06-24T18:03:51.557676] I: {'ins_mode': 4, 'realtime_x': 518.86, 'realtime_y': 23.92, 'target_x': 17.91, 'target_y': -0.2, 'yaw_ins': 0.0, 'dis_ins': 0.0}
  [2026-06-24T18:03:51.559462] W: {'wp_x': 514.97, 'wp_y': 21.19}
  [2026-06-24T18:03:51.559546] I: {'ins_mode': 4, 'realtime_x': 522.96, 'realtime_y': 26.64, 'target_x': 17.91, 'target_y': -0.2, 'yaw_ins': 0.0, 'dis_ins': 0.0}
  [2026-06-24T18:03:51.561349] W: {'wp_x': 514.97, 'wp_y': 21.19}
  [2026-06-24T18:03:51.561435] I: {'ins_mode': 4, 'realtime_x': 524.33, 'realtime_y': 27.43, 'target_x': 17.91, 'target_y': -0.2, 'yaw_ins': 0.0, 'dis_ins': 0.0}
  [2026-06-24T18:03:51.563268] W: {'wp_x': 514.97, 'wp_y': 21.19}
  [2026-06-24T18:03:51.563361] I: {'ins_mode': 4, 'realtime_x': 527.4, 'realtime_y': 29.08, 'target_x': 17.91, 'target_y': -0.2, 'yaw_ins': 0.0, 'dis_ins': 0.0}
  [2026-06-24T18:03:51.565628] W: {'wp_x': 514.97, 'wp_y': 21.19}
  [2026-06-24T18:03:51.565725] I: {'ins_mode': 4, 'realtime_x': 529.22, 'realtime_y': 30.01, 'target_x': 17.91, 'target_y': -0.2, 'yaw_ins': 0.0, 'dis_ins': 0.0}
  [2026-06-24T18:03:51.568490] W: {'wp_x': 514.97, 'wp_y': 21.19}
  [2026-06-24T18:03:52.020320] I: {'ins_mode': 4, 'realtime_x': 532.34, 'realtime_y': 31.59, 'target_x': 17.91, 'target_y': -0.2, 'yaw_ins': 0.0, 'dis_ins': 0.0}
  [2026-06-24T18:03:52.633096] W: {'wp_x': 532.34, 'wp_y': 31.59}
  [2026-06-24T18:03:53.217278] I: {'ins_mode': 4, 'realtime_x': 533.57, 'realtime_y': 32.18, 'target_x': 17.91, 'target_y': -0.2, 'yaw_ins': 0.0, 'dis_ins': 0.0}
  [2026-06-24T18:03:53.411956] W: {'wp_x': 532.34, 'wp_y': 31.59}
  [2026-06-24T18:03:53.413165] I: {'ins_mode': 4, 'realtime_x': 536.58, 'realtime_y': 33.53, 'target_x': 17.91, 'target_y': -0.2, 'yaw_ins': 0.0, 'dis_ins': 0.0}
  [2026-06-24T18:03:53.415882] W: {'wp_x': 532.34, 'wp_y': 31.59}
  [2026-06-24T18:03:53.415918] I: {'ins_mode': 4, 'realtime_x': 538.47, 'realtime_y': 34.31, 'target_x': 17.91, 'target_y': -0.2, 'yaw_ins': 0.0, 'dis_ins': 0.0}
  [2026-06-24T18:03:53.418181] W: {'wp_x': 532.34, 'wp_y': 31.59}
  [2026-06-24T18:03:53.807192] I: {'ins_mode': 4, 'realtime_x': 541.74, 'realtime_y': 35.54, 'target_x': 17.91, 'target_y': -0.2, 'yaw_ins': 0.0, 'dis_ins': 0.0}
  [2026-06-24T18:03:54.390928] W: {'wp_x': 532.34, 'wp_y': 31.59}
  [2026-06-24T18:03:54.580315] I: {'ins_mode': 4, 'realtime_x': 543.02, 'realtime_y': 35.97, 'target_x': 17.91, 'target_y': -0.2, 'yaw_ins': 0.0, 'dis_ins': 0.0}
  [2026-06-24T18:03:54.583997] W: {'wp_x': 532.34, 'wp_y': 31.59}
  [2026-06-24T18:03:54.584164] I: {'ins_mode': 4, 'realtime_x': 546.16, 'realtime_y': 36.97, 'target_x': 17.91, 'target_y': -0.2, 'yaw_ins': 0.0, 'dis_ins': 0.0}
  [2026-06-24T18:03:54.588283] W: {'wp_x': 532.34, 'wp_y': 31.59}
  [2026-06-24T18:03:54.588434] I: {'ins_mode': 4, 'realtime_x': 548.03, 'realtime_y': 37.52, 'target_x': 17.91, 'target_y': -0.2, 'yaw_ins': 0.0, 'dis_ins': 0.0}
  [2026-06-24T18:03:54.590712] W: {'wp_x': 532.34, 'wp_y': 31.59}
  [2026-06-24T18:03:54.952272] I: {'ins_mode': 4, 'realtime_x': 550.96, 'realtime_y': 38.28, 'target_x': 17.91, 'target_y': -0.2, 'yaw_ins': 0.0, 'dis_ins': 0.0}
  [2026-06-24T18:03:55.135602] W: {'wp_x': 532.34, 'wp_y': 31.59}
  [2026-06-24T18:03:55.137505] I: {'ins_mode': 4, 'realtime_x': 551.94, 'realtime_y': 38.48, 'target_x': 17.91, 'target_y': -0.2, 'yaw_ins': 0.0, 'dis_ins': 0.0}
  [2026-06-24T18:03:55.139995] W: {'wp_x': 551.46, 'wp_y': 38.39}
  [2026-06-24T18:03:55.140150] I: {'ins_mode': 4, 'realtime_x': 554.14, 'realtime_y': 38.81, 'target_x': 17.91, 'target_y': -0.2, 'yaw_ins': 0.0, 'dis_ins': 0.0}
  [2026-06-24T18:03:55.142592] W: {'wp_x': 551.46, 'wp_y': 38.39}
  [2026-06-24T18:03:55.142793] I: {'ins_mode': 4, 'realtime_x': 555.61, 'realtime_y': 39.01, 'target_x': 17.91, 'target_y': -0.2, 'yaw_ins': 0.0, 'dis_ins': 0.0}
  [2026-06-24T18:03:55.145168] W: {'wp_x': 551.46, 'wp_y': 38.39}
  [2026-06-24T18:03:55.145316] I: {'ins_mode': 4, 'realtime_x': 558.41, 'realtime_y': 39.35, 'target_x': 17.91, 'target_y': -0.2, 'yaw_ins': 0.0, 'dis_ins': 0.0}
  [2026-06-24T18:03:55.147510] W: {'wp_x': 551.46, 'wp_y': 38.39}
  [2026-06-24T18:03:55.147777] I: {'ins_mode': 4, 'realtime_x': 559.62, 'realtime_y': 39.48, 'target_x': 17.91, 'target_y': -0.2, 'yaw_ins': 0.0, 'dis_ins': 0.0}
  [2026-06-24T18:03:55.150199] W: {'wp_x': 551.46, 'wp_y': 38.39}
  [2026-06-24T18:03:55.150447] I: {'ins_mode': 4, 'realtime_x': 562.93, 'realtime_y': 39.77, 'target_x': 17.91, 'target_y': -0.2, 'yaw_ins': 0.0, 'dis_ins': 0.0}
  [2026-06-24T18:03:55.155001] W: {'wp_x': 551.46, 'wp_y': 38.39}
  [2026-06-24T18:03:55.529287] I: {'ins_mode': 4, 'realtime_x': 564.98, 'realtime_y': 39.87, 'target_x': 17.91, 'target_y': -0.2, 'yaw_ins': 0.0, 'dis_ins': 0.0}
  [2026-06-24T18:03:55.711962] W: {'wp_x': 551.46, 'wp_y': 38.39}
  [2026-06-24T18:03:55.712927] I: {'ins_mode': 4, 'realtime_x': 568.36, 'realtime_y': 39.87, 'target_x': 17.91, 'target_y': -0.2, 'yaw_ins': 0.0, 'dis_ins': 0.0}
  [2026-06-24T18:03:55.714945] W: {'wp_x': 551.46, 'wp_y': 38.39}
  [2026-06-24T18:03:55.715157] I: {'ins_mode': 4, 'realtime_x': 569.7, 'realtime_y': 39.83, 'target_x': 17.91, 'target_y': -0.2, 'yaw_ins': 0.0, 'dis_ins': 0.0}
  [2026-06-24T18:03:55.717230] W: {'wp_x': 551.46, 'wp_y': 38.39}
  [2026-06-24T18:03:55.717467] I: {'ins_mode': 4, 'realtime_x': 572.95, 'realtime_y': 39.73, 'target_x': 17.91, 'target_y': -0.2, 'yaw_ins': 0.0, 'dis_ins': 0.0}
  [2026-06-24T18:03:55.720712] W: {'wp_x': 571.67, 'wp_y': 39.77}
  [2026-06-24T18:03:55.720779] I: {'ins_mode': 4, 'realtime_x': 574.86, 'realtime_y': 39.7, 'target_x': 17.91, 'target_y': -0.2, 'yaw_ins': 0.0, 'dis_ins': 0.0}
  [2026-06-24T18:03:55.722785] W: {'wp_x': 571.67, 'wp_y': 39.77}
  [2026-06-24T18:03:55.723028] I: {'ins_mode': 4, 'realtime_x': 577.94, 'realtime_y': 39.67, 'target_x': 17.91, 'target_y': -0.2, 'yaw_ins': 0.0, 'dis_ins': 0.0}
  [2026-06-24T18:03:55.725062] W: {'wp_x': 571.67, 'wp_y': 39.77}
  [2026-06-24T18:03:55.725309] I: {'ins_mode': 4, 'realtime_x': 579.13, 'realtime_y': 39.65, 'target_x': 17.91, 'target_y': -0.2, 'yaw_ins': 0.0, 'dis_ins': 0.0}
  [2026-06-24T18:03:55.727292] W: {'wp_x': 571.67, 'wp_y': 39.77}
  [2026-06-24T18:03:55.727513] I: {'ins_mode': 4, 'realtime_x': 581.92, 'realtime_y': 39.51, 'target_x': 17.91, 'target_y': -0.2, 'yaw_ins': 0.0, 'dis_ins': 0.0}
  [2026-06-24T18:03:55.729500] W: {'wp_x': 571.67, 'wp_y': 39.77}
  [2026-06-24T18:03:56.099599] I: {'ins_mode': 4, 'realtime_x': 583.41, 'realtime_y': 39.38, 'target_x': 17.91, 'target_y': -0.2, 'yaw_ins': 0.0, 'dis_ins': 0.0}
  [2026-06-24T18:03:56.678844] W: {'wp_x': 571.67, 'wp_y': 39.77}
  [2026-06-24T18:03:56.678974] I: {'ins_mode': 4, 'realtime_x': 585.41, 'realtime_y': 39.16, 'target_x': 17.91, 'target_y': -0.2, 'yaw_ins': 0.0, 'dis_ins': 0.0}
  [2026-06-24T18:03:57.284214] W: {'wp_x': 571.67, 'wp_y': 39.77}
  [2026-06-24T18:03:57.284355] I: {'ins_mode': 4, 'realtime_x': 586.09, 'realtime_y': 39.07, 'target_x': 17.91, 'target_y': -0.2, 'yaw_ins': 0.0, 'dis_ins': 0.0}
  [2026-06-24T18:03:57.914024] W: {'wp_x': 571.67, 'wp_y': 39.77}
  [2026-06-24T18:03:57.914150] I: {'ins_mode': 4, 'realtime_x': 587.42, 'realtime_y': 38.9, 'target_x': 17.91, 'target_y': -0.2, 'yaw_ins': 0.0, 'dis_ins': 0.0}
  [2026-06-24T18:03:58.528322] W: {'wp_x': 571.67, 'wp_y': 39.77}
  [2026-06-24T18:03:59.155758] I: {'ins_mode': 4, 'realtime_x': 587.92, 'realtime_y': 38.82, 'target_x': 17.91, 'target_y': -0.2, 'yaw_ins': 0.0, 'dis_ins': 0.0}
  [2026-06-24T18:03:59.341786] W: {'wp_x': 571.67, 'wp_y': 39.77}
  [2026-06-24T18:03:59.342809] I: {'ins_mode': 4, 'realtime_x': 588.41, 'realtime_y': 38.74, 'target_x': 17.91, 'target_y': -0.2, 'yaw_ins': 0.0, 'dis_ins': 0.0}
  [2026-06-24T18:03:59.344929] W: {'wp_x': 571.67, 'wp_y': 39.77}
  [2026-06-24T18:03:59.345093] I: {'ins_mode': 4, 'realtime_x': 588.53, 'realtime_y': 38.72, 'target_x': 17.91, 'target_y': -0.2, 'yaw_ins': 0.0, 'dis_ins': 0.0}
  [2026-06-24T18:03:59.346884] W: {'wp_x': 571.67, 'wp_y': 39.77}
  [2026-06-24T18:03:59.347028] I: {'ins_mode': 4, 'realtime_x': 588.63, 'realtime_y': 38.7, 'target_x': 17.91, 'target_y': -0.2, 'yaw_ins': 0.0, 'dis_ins': 0.0}
  [2026-06-24T18:03:59.349029] W: {'wp_x': 571.67, 'wp_y': 39.77}
  [2026-06-24T18:03:59.349178] I: {'ins_mode': 4, 'realtime_x': 588.61, 'realtime_y': 38.7, 'target_x': 17.91, 'target_y': -0.2, 'yaw_ins': 0.0, 'dis_ins': 0.0}
  [2026-06-24T18:03:59.351846] W: {'wp_x': 571.67, 'wp_y': 39.77}
  [2026-06-24T18:03:59.351965] I: {'ins_mode': 4, 'realtime_x': 588.56, 'realtime_y': 38.71, 'target_x': 17.91, 'target_y': -0.2, 'yaw_ins': 0.0, 'dis_ins': 0.0}
  [2026-06-24T18:03:59.354642] W: {'wp_x': 571.67, 'wp_y': 39.77}
  [2026-06-24T18:03:59.354782] I: {'ins_mode': 4, 'realtime_x': 588.58, 'realtime_y': 38.71, 'target_x': 17.91, 'target_y': -0.2, 'yaw_ins': 0.0, 'dis_ins': 0.0}
  [2026-06-24T18:03:59.356672] W: {'wp_x': 571.67, 'wp_y': 39.77}
  [2026-06-24T18:03:59.741049] I: {'ins_mode': 4, 'realtime_x': 588.67, 'realtime_y': 38.69, 'target_x': 17.91, 'target_y': -0.2, 'yaw_ins': 0.0, 'dis_ins': 0.0}
  [2026-06-24T18:04:00.378869] W: {'wp_x': 571.67, 'wp_y': 39.77}
  [2026-06-24T18:04:00.999128] I: {'ins_mode': 4, 'realtime_x': 588.7, 'realtime_y': 38.69, 'target_x': 17.91, 'target_y': -0.2, 'yaw_ins': 0.0, 'dis_ins': 0.0}
  [2026-06-24T18:04:01.659637] W: {'wp_x': 571.67, 'wp_y': 39.77}
  [2026-06-24T18:04:01.659772] I: {'ins_mode': 4, 'realtime_x': 588.71, 'realtime_y': 38.69, 'target_x': 17.91, 'target_y': -0.2, 'yaw_ins': 0.0, 'dis_ins': 0.0}
  [2026-06-24T18:04:02.289586] W: {'wp_x': 571.67, 'wp_y': 39.77}
  [2026-06-24T18:04:02.289762] I: {'ins_mode': 4, 'realtime_x': 588.71, 'realtime_y': 38.69, 'target_x': 17.91, 'target_y': -0.2, 'yaw_ins': 0.0, 'dis_ins': 0.0}
  [2026-06-24T18:04:02.489817] W: {'wp_x': 571.67, 'wp_y': 39.77}
  [2026-06-24T18:04:02.878505] I: {'ins_mode': 4, 'realtime_x': 588.75, 'realtime_y': 38.68, 'target_x': 17.91, 'target_y': -0.2, 'yaw_ins': 0.0, 'dis_ins': 0.0}
  [2026-06-24T18:04:03.072835] W: {'wp_x': 571.67, 'wp_y': 39.77}
  [2026-06-24T18:04:03.073806] I: {'ins_mode': 4, 'realtime_x': 588.75, 'realtime_y': 38.68, 'target_x': 17.91, 'target_y': -0.2, 'yaw_ins': 0.0, 'dis_ins': 0.0}
  [2026-06-24T18:04:03.075700] W: {'wp_x': 571.67, 'wp_y': 39.77}
  [2026-06-24T18:04:03.075851] I: {'ins_mode': 4, 'realtime_x': 588.83, 'realtime_y': 38.66, 'target_x': 17.91, 'target_y': -0.2, 'yaw_ins': 0.0, 'dis_ins': 0.0}
  [2026-06-24T18:04:03.077703] W: {'wp_x': 571.67, 'wp_y': 39.77}
  [2026-06-24T18:04:03.077784] I: {'ins_mode': 4, 'realtime_x': 588.83, 'realtime_y': 38.66, 'target_x': 17.91, 'target_y': -0.2, 'yaw_ins': 0.0, 'dis_ins': 0.0}
  [2026-06-24T18:04:03.079626] W: {'wp_x': 571.67, 'wp_y': 39.77}
  [2026-06-24T18:04:03.500721] I: {'ins_mode': 4, 'realtime_x': 588.8, 'realtime_y': 38.67, 'target_x': 17.91, 'target_y': -0.2, 'yaw_ins': 0.0, 'dis_ins': 0.0}
  [2026-06-24T18:04:03.695609] W: {'wp_x': 571.67, 'wp_y': 39.77}
  [2026-06-24T18:04:03.695796] I: {'ins_mode': 4, 'realtime_x': 588.81, 'realtime_y': 38.67, 'target_x': 17.91, 'target_y': -0.2, 'yaw_ins': 0.0, 'dis_ins': 0.0}
  [2026-06-24T18:04:03.697799] W: {'wp_x': 571.67, 'wp_y': 39.77}
  [2026-06-24T18:04:03.698031] I: {'ins_mode': 4, 'realtime_x': 588.71, 'realtime_y': 38.69, 'target_x': 17.91, 'target_y': -0.2, 'yaw_ins': 0.0, 'dis_ins': 0.0}
  [2026-06-24T18:04:03.700110] W: {'wp_x': 571.67, 'wp_y': 39.77}
  [2026-06-24T18:04:03.700254] I: {'ins_mode': 4, 'realtime_x': 588.56, 'realtime_y': 38.72, 'target_x': 17.91, 'target_y': -0.2, 'yaw_ins': 0.0, 'dis_ins': 0.0}
  [2026-06-24T18:04:03.704195] W: {'wp_x': 571.67, 'wp_y': 39.77}
  [2026-06-24T18:04:04.099010] I: {'ins_mode': 4, 'realtime_x': 588.25, 'realtime_y': 38.78, 'target_x': 17.91, 'target_y': -0.2, 'yaw_ins': 0.0, 'dis_ins': 0.0}
  [2026-06-24T18:04:04.742308] W: {'wp_x': 571.67, 'wp_y': 39.77}
  [2026-06-24T18:04:05.363671] I: {'ins_mode': 4, 'realtime_x': 588.12, 'realtime_y': 38.81, 'target_x': 17.91, 'target_y': -0.2, 'yaw_ins': 0.0, 'dis_ins': 0.0}
  [2026-06-24T18:04:05.558923] W: {'wp_x': 571.67, 'wp_y': 39.77}
  [2026-06-24T18:04:05.560240] I: {'ins_mode': 4, 'realtime_x': 588.01, 'realtime_y': 38.83, 'target_x': 17.91, 'target_y': -0.2, 'yaw_ins': 0.0, 'dis_ins': 0.0}
  [2026-06-24T18:04:05.563284] W: {'wp_x': 571.67, 'wp_y': 39.77}
  [2026-06-24T18:04:05.563459] I: {'ins_mode': 4, 'realtime_x': 587.94, 'realtime_y': 38.84, 'target_x': 17.91, 'target_y': -0.2, 'yaw_ins': 0.0, 'dis_ins': 0.0}
  [2026-06-24T18:04:05.566076] W: {'wp_x': 571.67, 'wp_y': 39.77}
  [2026-06-24T18:04:06.044133] I: {'ins_mode': 4, 'realtime_x': 587.67, 'realtime_y': 38.89, 'target_x': 17.91, 'target_y': -0.2, 'yaw_ins': 0.0, 'dis_ins': 0.0}
  [2026-06-24T18:04:06.727467] W: {'wp_x': 571.67, 'wp_y': 39.77}
  [2026-06-24T18:04:07.384995] I: {'ins_mode': 4, 'realtime_x': 587.57, 'realtime_y': 38.9, 'target_x': 17.91, 'target_y': -0.2, 'yaw_ins': 0.0, 'dis_ins': 0.0}
  [2026-06-24T18:04:08.041047] W: {'wp_x': 571.67, 'wp_y': 39.77}
  [2026-06-24T18:04:08.702476] I: {'ins_mode': 4, 'realtime_x': 587.31, 'realtime_y': 38.94, 'target_x': 17.91, 'target_y': -0.2, 'yaw_ins': 0.0, 'dis_ins': 0.0}
  [2026-06-24T18:04:08.901795] W: {'wp_x': 571.67, 'wp_y': 39.77}
  [2026-06-24T18:04:08.901865] I: {'ins_mode': 4, 'realtime_x': 587.18, 'realtime_y': 38.96, 'target_x': 17.91, 'target_y': -0.2, 'yaw_ins': 0.0, 'dis_ins': 0.0}
  [2026-06-24T18:04:09.359064] W: {'wp_x': 571.67, 'wp_y': 39.77}
  [2026-06-24T18:04:09.359182] I: {'ins_mode': 4, 'realtime_x': 586.99, 'realtime_y': 39.0, 'target_x': 17.91, 'target_y': -0.2, 'yaw_ins': 0.0, 'dis_ins': 0.0}
  [2026-06-24T18:04:09.984440] W: {'wp_x': 571.67, 'wp_y': 39.77}
  [2026-06-24T18:04:10.670218] I: {'ins_mode': 4, 'realtime_x': 586.94, 'realtime_y': 39.01, 'target_x': 17.91, 'target_y': -0.2, 'yaw_ins': 0.0, 'dis_ins': 0.0}
  [2026-06-24T18:04:10.673181] W: {'wp_x': 571.67, 'wp_y': 39.77}
  [2026-06-24T18:04:11.330742] I: {'ins_mode': 4, 'realtime_x': 586.86, 'realtime_y': 39.03, 'target_x': 17.91, 'target_y': -0.2, 'yaw_ins': 0.0, 'dis_ins': 0.0}
  [2026-06-24T18:04:12.027061] W: {'wp_x': 571.67, 'wp_y': 39.77}
  [2026-06-24T18:04:12.027189] I: {'ins_mode': 4, 'realtime_x': 586.86, 'realtime_y': 39.03, 'target_x': 17.91, 'target_y': -0.2, 'yaw_ins': 0.0, 'dis_ins': 0.0}
  [2026-06-24T18:04:12.761535] W: {'wp_x': 571.67, 'wp_y': 39.77}
  [2026-06-24T18:04:13.429459] I: {'ins_mode': 4, 'realtime_x': 586.95, 'realtime_y': 39.01, 'target_x': 17.91, 'target_y': -0.2, 'yaw_ins': 0.0, 'dis_ins': 0.0}
  [2026-06-24T18:04:14.125848] W: {'wp_x': 571.67, 'wp_y': 39.77}
  [2026-06-24T18:04:14.126025] I: {'ins_mode': 4, 'realtime_x': 587.02, 'realtime_y': 38.99, 'target_x': 17.91, 'target_y': -0.2, 'yaw_ins': 0.0, 'dis_ins': 0.0}
  [2026-06-24T18:04:14.128041] W: {'wp_x': 571.67, 'wp_y': 39.77}
  [2026-06-24T18:04:14.765903] I: {'ins_mode': 4, 'realtime_x': 587.15, 'realtime_y': 38.96, 'target_x': 17.91, 'target_y': -0.2, 'yaw_ins': 0.0, 'dis_ins': 0.0}
  [2026-06-24T18:04:15.436645] W: {'wp_x': 571.67, 'wp_y': 39.77}
  [2026-06-24T18:04:15.436860] I: {'ins_mode': 4, 'realtime_x': 587.18, 'realtime_y': 38.95, 'target_x': 17.91, 'target_y': -0.2, 'yaw_ins': 0.0, 'dis_ins': 0.0}
  [2026-06-24T18:04:16.158324] W: {'wp_x': 571.67, 'wp_y': 39.77}
  [2026-06-24T18:04:16.158670] I: {'ins_mode': 4, 'realtime_x': 587.2, 'realtime_y': 38.95, 'target_x': 17.91, 'target_y': -0.2, 'yaw_ins': 0.0, 'dis_ins': 0.0}
  [2026-06-24T18:04:16.821295] W: {'wp_x': 571.67, 'wp_y': 39.77}
  [2026-06-24T18:04:16.821330] I: {'ins_mode': 4, 'realtime_x': 587.21, 'realtime_y': 38.95, 'target_x': 17.91, 'target_y': -0.2, 'yaw_ins': 0.0, 'dis_ins': 0.0}
  [2026-06-24T18:04:16.823572] W: {'wp_x': 571.67, 'wp_y': 39.77}
  [2026-06-24T18:04:17.494430] I: {'ins_mode': 4, 'realtime_x': 587.22, 'realtime_y': 38.94, 'target_x': 17.91, 'target_y': -0.2, 'yaw_ins': 0.0, 'dis_ins': 0.0}
  [2026-06-24T18:04:17.497688] W: {'wp_x': 571.67, 'wp_y': 39.77}
  [2026-06-24T18:04:17.498668] I: {'ins_mode': 4, 'realtime_x': 587.21, 'realtime_y': 38.95, 'target_x': 17.91, 'target_y': -0.2, 'yaw_ins': 0.0, 'dis_ins': 0.0}
  [2026-06-24T18:04:18.206241] W: {'wp_x': 571.67, 'wp_y': 39.77}
  [2026-06-24T18:04:18.206445] I: {'ins_mode': 4, 'realtime_x': 587.21, 'realtime_y': 38.95, 'target_x': 17.91, 'target_y': -0.2, 'yaw_ins': 0.0, 'dis_ins': 0.0}
  [2026-06-24T18:04:18.815796] W: {'wp_x': 571.67, 'wp_y': 39.77}
  [2026-06-24T18:04:18.817650] I: {'ins_mode': 4, 'realtime_x': 587.21, 'realtime_y': 38.95, 'target_x': 17.91, 'target_y': -0.2, 'yaw_ins': 0.0, 'dis_ins': 0.0}
  [2026-06-24T18:04:18.819908] W: {'wp_x': 571.67, 'wp_y': 39.77}
  [2026-06-24T18:04:18.839138] I: {'ins_mode': 4, 'realtime_x': 587.2, 'realtime_y': 38.95, 'target_x': 17.91, 'target_y': -0.2, 'yaw_ins': 0.0, 'dis_ins': 0.0}
  [2026-06-24T18:04:19.059378] W: {'wp_x': 571.67, 'wp_y': 39.77}
  [2026-06-24T18:04:19.761936] I: {'ins_mode': 4, 'realtime_x': 587.19, 'realtime_y': 38.95, 'target_x': 17.91, 'target_y': -0.2, 'yaw_ins': 0.0, 'dis_ins': 0.0}
  [2026-06-24T18:04:20.498872] W: {'wp_x': 571.67, 'wp_y': 39.77}
  [2026-06-24T18:04:20.980315] I: {'ins_mode': 4, 'realtime_x': 587.25, 'realtime_y': 38.94, 'target_x': 17.91, 'target_y': -0.2, 'yaw_ins': 0.0, 'dis_ins': 0.0}
  [2026-06-24T18:04:21.720823] W: {'wp_x': 571.67, 'wp_y': 39.77}
  [2026-06-24T18:04:22.412576] I: {'ins_mode': 4, 'realtime_x': 587.25, 'realtime_y': 38.94, 'target_x': 17.91, 'target_y': -0.2, 'yaw_ins': 0.0, 'dis_ins': 0.0}
  [2026-06-24T18:04:23.152105] W: {'wp_x': 571.67, 'wp_y': 39.77}
  [2026-06-24T18:04:23.871866] I: {'ins_mode': 4, 'realtime_x': 587.25, 'realtime_y': 38.94, 'target_x': 17.91, 'target_y': -0.2, 'yaw_ins': 0.0, 'dis_ins': 0.0}
  [2026-06-24T18:04:24.542311] W: {'wp_x': 571.67, 'wp_y': 39.77}
  [2026-06-24T18:04:25.201695] I: {'ins_mode': 4, 'realtime_x': 587.25, 'realtime_y': 38.94, 'target_x': 17.91, 'target_y': -0.2, 'yaw_ins': 0.0, 'dis_ins': 0.0}
  [2026-06-24T18:04:25.841729] W: {'wp_x': 571.67, 'wp_y': 39.77}
  [2026-06-24T18:04:26.511978] I: {'ins_mode': 4, 'realtime_x': 587.25, 'realtime_y': 38.94, 'target_x': 17.91, 'target_y': -0.2, 'yaw_ins': 0.0, 'dis_ins': 0.0}
  [2026-06-24T18:04:27.189585] W: {'wp_x': 571.67, 'wp_y': 39.77}
  [2026-06-24T18:04:27.852424] I: {'ins_mode': 4, 'realtime_x': 587.25, 'realtime_y': 38.94, 'target_x': 17.91, 'target_y': -0.2, 'yaw_ins': 0.0, 'dis_ins': 0.0}
  [2026-06-24T18:04:28.547273] W: {'wp_x': 571.67, 'wp_y': 39.77}
  [2026-06-24T18:04:29.288453] I: {'ins_mode': 4, 'realtime_x': 587.25, 'realtime_y': 38.94, 'target_x': 17.91, 'target_y': -0.2, 'yaw_ins': 0.0, 'dis_ins': 0.0}
  [2026-06-24T18:04:30.028421] W: {'wp_x': 571.67, 'wp_y': 39.77}
  [2026-06-24T18:04:30.713779] I: {'ins_mode': 4, 'realtime_x': 587.25, 'realtime_y': 38.94, 'target_x': 17.91, 'target_y': -0.2, 'yaw_ins': 0.0, 'dis_ins': 0.0}
  [2026-06-24T18:04:31.426080] W: {'wp_x': 571.67, 'wp_y': 39.77}
  [2026-06-24T18:04:32.174113] I: {'ins_mode': 4, 'realtime_x': 587.26, 'realtime_y': 38.93, 'target_x': 17.91, 'target_y': -0.2, 'yaw_ins': 0.0, 'dis_ins': 0.0}
  [2026-06-24T18:04:32.887824] W: {'wp_x': 571.67, 'wp_y': 39.77}
  [2026-06-24T18:04:33.606275] I: {'ins_mode': 4, 'realtime_x': 587.26, 'realtime_y': 38.93, 'target_x': 17.91, 'target_y': -0.2, 'yaw_ins': 0.0, 'dis_ins': 0.0}
  [2026-06-24T18:04:34.372545] W: {'wp_x': 571.67, 'wp_y': 39.77}
  [2026-06-24T18:04:35.098096] I: {'ins_mode': 4, 'realtime_x': 587.26, 'realtime_y': 38.93, 'target_x': 17.91, 'target_y': -0.2, 'yaw_ins': 0.0, 'dis_ins': 0.0}
  [2026-06-24T18:04:35.886517] W: {'wp_x': 571.67, 'wp_y': 39.77}
  [2026-06-24T18:04:36.622833] I: {'ins_mode': 4, 'realtime_x': 587.26, 'realtime_y': 38.93, 'target_x': 17.91, 'target_y': -0.2, 'yaw_ins': 0.0, 'dis_ins': 0.0}
  [2026-06-24T18:04:37.362262] W: {'wp_x': 571.67, 'wp_y': 39.77}
  [2026-06-24T18:04:38.111331] I: {'ins_mode': 4, 'realtime_x': 587.26, 'realtime_y': 38.93, 'target_x': 17.91, 'target_y': -0.2, 'yaw_ins': 0.0, 'dis_ins': 0.0}
  [2026-06-24T18:04:38.796264] W: {'wp_x': 571.67, 'wp_y': 39.77}
  [2026-06-24T18:04:39.498157] I: {'ins_mode': 4, 'realtime_x': 587.26, 'realtime_y': 38.93, 'target_x': 17.91, 'target_y': -0.2, 'yaw_ins': 0.0, 'dis_ins': 0.0}
  [2026-06-24T18:04:40.249679] W: {'wp_x': 571.67, 'wp_y': 39.77}
  [2026-06-24T18:04:41.051015] I: {'ins_mode': 4, 'realtime_x': 587.26, 'realtime_y': 38.93, 'target_x': 17.91, 'target_y': -0.2, 'yaw_ins': 0.0, 'dis_ins': 0.0}
  [2026-06-24T18:04:41.811147] W: {'wp_x': 571.67, 'wp_y': 39.77}
  [2026-06-24T18:04:42.487361] I: {'ins_mode': 4, 'realtime_x': 587.26, 'realtime_y': 38.93, 'target_x': 17.91, 'target_y': -0.2, 'yaw_ins': 0.0, 'dis_ins': 0.0}
  [2026-06-24T18:04:43.226245] W: {'wp_x': 571.67, 'wp_y': 39.77}
  [2026-06-24T18:04:43.958752] I: {'ins_mode': 4, 'realtime_x': 587.29, 'realtime_y': 38.93, 'target_x': 17.91, 'target_y': -0.2, 'yaw_ins': 0.0, 'dis_ins': 0.0}
  [2026-06-24T18:04:44.702010] W: {'wp_x': 571.67, 'wp_y': 39.77}
  [2026-06-24T18:04:45.436190] I: {'ins_mode': 4, 'realtime_x': 587.33, 'realtime_y': 38.92, 'target_x': 17.91, 'target_y': -0.2, 'yaw_ins': 0.0, 'dis_ins': 0.0}
  [2026-06-24T18:04:46.223825] W: {'wp_x': 571.67, 'wp_y': 39.77}
  [2026-06-24T18:04:46.957781] I: {'ins_mode': 4, 'realtime_x': 587.35, 'realtime_y': 38.92, 'target_x': 17.91, 'target_y': -0.2, 'yaw_ins': 0.0, 'dis_ins': 0.0}
  [2026-06-24T18:04:47.662500] W: {'wp_x': 571.67, 'wp_y': 39.77}
  [2026-06-24T18:04:48.410706] I: {'ins_mode': 4, 'realtime_x': 587.34, 'realtime_y': 38.92, 'target_x': 17.91, 'target_y': -0.2, 'yaw_ins': 0.0, 'dis_ins': 0.0}
  [2026-06-24T18:04:49.151595] W: {'wp_x': 571.67, 'wp_y': 39.77}
  [2026-06-24T18:04:49.853817] I: {'ins_mode': 4, 'realtime_x': 587.33, 'realtime_y': 38.92, 'target_x': 17.91, 'target_y': -0.2, 'yaw_ins': 0.0, 'dis_ins': 0.0}
  [2026-06-24T18:04:50.614154] W: {'wp_x': 571.67, 'wp_y': 39.77}
  [2026-06-24T18:04:51.343068] I: {'ins_mode': 4, 'realtime_x': 587.33, 'realtime_y': 38.92, 'target_x': 17.91, 'target_y': -0.2, 'yaw_ins': 0.0, 'dis_ins': 0.0}
  [2026-06-24T18:04:52.120397] W: {'wp_x': 571.67, 'wp_y': 39.77}
  [2026-06-24T18:04:52.905524] I: {'ins_mode': 4, 'realtime_x': 587.34, 'realtime_y': 38.92, 'target_x': 17.91, 'target_y': -0.2, 'yaw_ins': 0.0, 'dis_ins': 0.0}
  [2026-06-24T18:04:53.663129] W: {'wp_x': 571.67, 'wp_y': 39.77}
  [2026-06-24T18:04:54.355370] I: {'ins_mode': 4, 'realtime_x': 587.35, 'realtime_y': 38.92, 'target_x': 17.91, 'target_y': -0.2, 'yaw_ins': 0.0, 'dis_ins': 0.0}
  [2026-06-24T18:04:55.105798] W: {'wp_x': 571.67, 'wp_y': 39.77}
  [2026-06-24T18:04:55.872032] I: {'ins_mode': 4, 'realtime_x': 587.33, 'realtime_y': 38.92, 'target_x': 17.91, 'target_y': -0.2, 'yaw_ins': 0.0, 'dis_ins': 0.0}
  [2026-06-24T18:04:56.613175] W: {'wp_x': 571.67, 'wp_y': 39.77}
  [2026-06-24T18:04:57.385170] I: {'ins_mode': 4, 'realtime_x': 587.35, 'realtime_y': 38.92, 'target_x': 17.91, 'target_y': -0.2, 'yaw_ins': 0.0, 'dis_ins': 0.0}
  [2026-06-24T18:04:58.120537] W: {'wp_x': 571.67, 'wp_y': 39.77}
  [2026-06-24T18:04:58.857486] I: {'ins_mode': 4, 'realtime_x': 587.41, 'realtime_y': 38.91, 'target_x': 17.91, 'target_y': -0.2, 'yaw_ins': 0.0, 'dis_ins': 0.0}
  [2026-06-24T18:04:59.625959] W: {'wp_x': 571.67, 'wp_y': 39.77}
  [2026-06-24T18:05:00.436939] I: {'ins_mode': 4, 'realtime_x': 587.41, 'realtime_y': 38.91, 'target_x': 17.91, 'target_y': -0.2, 'yaw_ins': 0.0, 'dis_ins': 0.0}
  [2026-06-24T18:05:01.253394] W: {'wp_x': 571.67, 'wp_y': 39.77}
  [2026-06-24T18:05:01.989654] I: {'ins_mode': 4, 'realtime_x': 587.42, 'realtime_y': 38.9, 'target_x': 17.91, 'target_y': -0.2, 'yaw_ins': 0.0, 'dis_ins': 0.0}
  [2026-06-24T18:05:02.724621] W: {'wp_x': 571.67, 'wp_y': 39.77}
  [2026-06-24T18:05:03.521571] I: {'ins_mode': 4, 'realtime_x': 587.42, 'realtime_y': 38.9, 'target_x': 17.91, 'target_y': -0.2, 'yaw_ins': 0.0, 'dis_ins': 0.0}
  [2026-06-24T18:05:04.262521] W: {'wp_x': 571.67, 'wp_y': 39.77}
  [2026-06-24T18:05:05.104750] I: {'ins_mode': 4, 'realtime_x': 587.49, 'realtime_y': 38.89, 'target_x': 17.91, 'target_y': -0.2, 'yaw_ins': 0.0, 'dis_ins': 0.0}
  [2026-06-24T18:05:05.970156] W: {'wp_x': 571.67, 'wp_y': 39.77}
  [2026-06-24T18:05:06.823758] I: {'ins_mode': 4, 'realtime_x': 587.5, 'realtime_y': 38.89, 'target_x': 17.91, 'target_y': -0.2, 'yaw_ins': 0.0, 'dis_ins': 0.0}
  [2026-06-24T18:05:07.685357] W: {'wp_x': 571.67, 'wp_y': 39.77}
  [2026-06-24T18:05:08.538204] I: {'ins_mode': 4, 'realtime_x': 587.49, 'realtime_y': 38.89, 'target_x': 17.91, 'target_y': -0.2, 'yaw_ins': 0.0, 'dis_ins': 0.0}
  [2026-06-24T18:05:09.334381] W: {'wp_x': 571.67, 'wp_y': 39.77}
  [2026-06-24T18:05:10.117538] I: {'ins_mode': 4, 'realtime_x': 587.51, 'realtime_y': 38.89, 'target_x': 17.91, 'target_y': -0.2, 'yaw_ins': 0.0, 'dis_ins': 0.0}
  [2026-06-24T18:05:10.906965] W: {'wp_x': 571.67, 'wp_y': 39.77}
  [2026-06-24T18:05:11.696335] I: {'ins_mode': 4, 'realtime_x': 587.5, 'realtime_y': 38.89, 'target_x': 17.91, 'target_y': -0.2, 'yaw_ins': 0.0, 'dis_ins': 0.0}
  [2026-06-24T18:05:12.526880] W: {'wp_x': 571.67, 'wp_y': 39.77}
  [2026-06-24T18:05:13.318633] I: {'ins_mode': 4, 'realtime_x': 587.53, 'realtime_y': 38.88, 'target_x': 17.91, 'target_y': -0.2, 'yaw_ins': 0.0, 'dis_ins': 0.0}
  [2026-06-24T18:05:14.102293] W: {'wp_x': 571.67, 'wp_y': 39.77}
  [2026-06-24T18:05:15.635303] I: {'ins_mode': 4, 'realtime_x': 0.0, 'realtime_y': 0.0, 'target_x': 0.0, 'target_y': 0.0, 'yaw_ins': 0.0, 'dis_ins': 0.0}
  [2026-06-24T18:05:16.393423] I: {'ins_mode': 4, 'realtime_x': 0.0, 'realtime_y': 0.0, 'target_x': 0.0, 'target_y': 0.0, 'yaw_ins': 0.0, 'dis_ins': 0.0}
  [2026-06-24T18:05:17.239751] I: {'ins_mode': 4, 'realtime_x': 0.0, 'realtime_y': 0.0, 'target_x': 0.0, 'target_y': 0.0, 'yaw_ins': 0.0, 'dis_ins': 0.0}
  [2026-06-24T18:05:17.999379] I: {'ins_mode': 4, 'realtime_x': 0.0, 'realtime_y': 0.0, 'target_x': 0.0, 'target_y': 0.0, 'yaw_ins': 0.0, 'dis_ins': 0.0}
  [2026-06-24T18:05:18.778997] I: {'ins_mode': 4, 'realtime_x': 0.0, 'realtime_y': 0.0, 'target_x': 0.0, 'target_y': 0.0, 'yaw_ins': 0.0, 'dis_ins': 0.0}
  [2026-06-24T18:05:19.587460] I: {'ins_mode': 4, 'realtime_x': -0.02, 'realtime_y': 0.0, 'target_x': 0.0, 'target_y': 0.0, 'yaw_ins': 0.0, 'dis_ins': 0.0}
  [2026-06-24T18:05:20.351650] I: {'ins_mode': 4, 'realtime_x': -0.0, 'realtime_y': 0.0, 'target_x': 0.0, 'target_y': 0.0, 'yaw_ins': 0.0, 'dis_ins': 0.0}
  [2026-06-24T18:05:21.155954] I: {'ins_mode': 4, 'realtime_x': 0.13, 'realtime_y': 0.0, 'target_x': 0.0, 'target_y': 0.0, 'yaw_ins': 0.0, 'dis_ins': 0.0}
  [2026-06-24T18:05:21.967459] I: {'ins_mode': 4, 'realtime_x': 0.17, 'realtime_y': 0.0, 'target_x': 0.0, 'target_y': 0.0, 'yaw_ins': 0.0, 'dis_ins': 0.0}
  [2026-06-24T18:05:22.746435] I: {'ins_mode': 4, 'realtime_x': 0.06, 'realtime_y': 0.0, 'target_x': 0.0, 'target_y': 0.0, 'yaw_ins': 0.0, 'dis_ins': 0.0}
  [2026-06-24T18:05:23.458407] I: {'ins_mode': 4, 'realtime_x': 0.03, 'realtime_y': 0.0, 'target_x': 0.0, 'target_y': 0.0, 'yaw_ins': 0.0, 'dis_ins': 0.0}
  [2026-06-24T18:05:24.227849] I: {'ins_mode': 4, 'realtime_x': 0.01, 'realtime_y': 0.0, 'target_x': 0.0, 'target_y': 0.0, 'yaw_ins': 0.0, 'dis_ins': 0.0}
  [2026-06-24T18:05:24.964996] I: {'ins_mode': 4, 'realtime_x': 0.01, 'realtime_y': 0.0, 'target_x': 0.0, 'target_y': 0.0, 'yaw_ins': 0.0, 'dis_ins': 0.0}
  [2026-06-24T18:05:25.742857] I: {'ins_mode': 4, 'realtime_x': 0.02, 'realtime_y': 0.0, 'target_x': 0.0, 'target_y': 0.0, 'yaw_ins': 0.0, 'dis_ins': 0.0}
  [2026-06-24T18:05:26.534672] I: {'ins_mode': 4, 'realtime_x': 0.04, 'realtime_y': 0.0, 'target_x': 0.0, 'target_y': 0.0, 'yaw_ins': 0.0, 'dis_ins': 0.0}
  [2026-06-24T18:05:27.315137] I: {'ins_mode': 4, 'realtime_x': 0.06, 'realtime_y': 0.0, 'target_x': 0.0, 'target_y': 0.0, 'yaw_ins': 0.0, 'dis_ins': 0.0}
  [2026-06-24T18:05:28.030845] I: {'ins_mode': 4, 'realtime_x': 0.07, 'realtime_y': 0.0, 'target_x': 0.0, 'target_y': 0.0, 'yaw_ins': 0.0, 'dis_ins': 0.0}
  [2026-06-24T18:05:28.812610] I: {'ins_mode': 4, 'realtime_x': 0.06, 'realtime_y': 0.0, 'target_x': 0.0, 'target_y': 0.0, 'yaw_ins': 0.0, 'dis_ins': 0.0}
  [2026-06-24T18:05:29.583514] I: {'ins_mode': 4, 'realtime_x': 0.05, 'realtime_y': 0.0, 'target_x': 0.0, 'target_y': 0.0, 'yaw_ins': 0.0, 'dis_ins': 0.0}
  [2026-06-24T18:05:30.364666] I: {'ins_mode': 4, 'realtime_x': -0.0, 'realtime_y': 0.0, 'target_x': 0.0, 'target_y': 0.0, 'yaw_ins': 0.0, 'dis_ins': 0.0}
  [2026-06-24T18:05:31.136424] I: {'ins_mode': 4, 'realtime_x': -0.0, 'realtime_y': 0.0, 'target_x': 0.0, 'target_y': 0.0, 'yaw_ins': 0.0, 'dis_ins': 0.0}
  [2026-06-24T18:05:31.952488] I: {'ins_mode': 4, 'realtime_x': -0.0, 'realtime_y': 0.0, 'target_x': 0.0, 'target_y': 0.0, 'yaw_ins': 0.0, 'dis_ins': 0.0}
  [2026-06-24T18:05:32.701800] I: {'ins_mode': 4, 'realtime_x': 0.01, 'realtime_y': 0.0, 'target_x': 0.0, 'target_y': 0.0, 'yaw_ins': 0.0, 'dis_ins': 0.0}
  [2026-06-24T18:05:33.465641] I: {'ins_mode': 4, 'realtime_x': 0.06, 'realtime_y': 0.0, 'target_x': 0.0, 'target_y': 0.0, 'yaw_ins': 0.0, 'dis_ins': 0.0}
  [2026-06-24T18:05:34.240645] I: {'ins_mode': 4, 'realtime_x': 0.09, 'realtime_y': 0.0, 'target_x': 0.0, 'target_y': 0.0, 'yaw_ins': 0.0, 'dis_ins': 0.0}
  [2026-06-24T18:05:34.989297] I: {'ins_mode': 4, 'realtime_x': 0.1, 'realtime_y': 0.0, 'target_x': 0.0, 'target_y': 0.0, 'yaw_ins': 0.0, 'dis_ins': 0.0}
  [2026-06-24T18:05:35.805415] I: {'ins_mode': 4, 'realtime_x': 0.1, 'realtime_y': 0.0, 'target_x': 0.0, 'target_y': 0.0, 'yaw_ins': 0.0, 'dis_ins': 0.0}
  [2026-06-24T18:05:36.632805] I: {'ins_mode': 4, 'realtime_x': 0.1, 'realtime_y': 0.0, 'target_x': 0.0, 'target_y': 0.0, 'yaw_ins': 0.0, 'dis_ins': 0.0}
  [2026-06-24T18:05:37.443463] I: {'ins_mode': 4, 'realtime_x': 0.1, 'realtime_y': 0.0, 'target_x': 0.0, 'target_y': 0.0, 'yaw_ins': 0.0, 'dis_ins': 0.0}
  [2026-06-24T18:05:38.269065] I: {'ins_mode': 4, 'realtime_x': 0.1, 'realtime_y': 0.0, 'target_x': 0.0, 'target_y': 0.0, 'yaw_ins': 0.0, 'dis_ins': 0.0}
  [2026-06-24T18:05:38.965281] I: {'ins_mode': 4, 'realtime_x': 0.09, 'realtime_y': 0.0, 'target_x': 0.0, 'target_y': 0.0, 'yaw_ins': 0.0, 'dis_ins': 0.0}
  [2026-06-24T18:05:39.739561] I: {'ins_mode': 4, 'realtime_x': 0.09, 'realtime_y': 0.0, 'target_x': 0.0, 'target_y': 0.0, 'yaw_ins': 0.0, 'dis_ins': 0.0}
  [2026-06-24T18:05:40.526068] I: {'ins_mode': 4, 'realtime_x': 0.09, 'realtime_y': 0.0, 'target_x': 0.0, 'target_y': 0.0, 'yaw_ins': 0.0, 'dis_ins': 0.0}
  [2026-06-24T18:05:41.232532] I: {'ins_mode': 4, 'realtime_x': 0.09, 'realtime_y': 0.0, 'target_x': 0.0, 'target_y': 0.0, 'yaw_ins': 0.0, 'dis_ins': 0.0}
  [2026-06-24T18:05:41.962017] I: {'ins_mode': 4, 'realtime_x': 0.1, 'realtime_y': 0.0, 'target_x': 0.0, 'target_y': 0.0, 'yaw_ins': 0.0, 'dis_ins': 0.0}
  [2026-06-24T18:05:42.724903] I: {'ins_mode': 4, 'realtime_x': 0.13, 'realtime_y': 0.0, 'target_x': 0.0, 'target_y': 0.0, 'yaw_ins': 0.0, 'dis_ins': 0.0}
  [2026-06-24T18:05:43.449709] I: {'ins_mode': 4, 'realtime_x': 0.16, 'realtime_y': 0.0, 'target_x': 0.0, 'target_y': 0.0, 'yaw_ins': 0.0, 'dis_ins': 0.0}
  [2026-06-24T18:05:44.203014] I: {'ins_mode': 4, 'realtime_x': 0.26, 'realtime_y': 0.0, 'target_x': 0.0, 'target_y': 0.0, 'yaw_ins': 0.0, 'dis_ins': 0.0}
  [2026-06-24T18:05:44.935938] I: {'ins_mode': 4, 'realtime_x': 0.3, 'realtime_y': 0.0, 'target_x': 0.0, 'target_y': 0.0, 'yaw_ins': 0.0, 'dis_ins': 0.0}
  [2026-06-24T18:05:45.689513] I: {'ins_mode': 4, 'realtime_x': 0.3, 'realtime_y': 0.0, 'target_x': 0.0, 'target_y': 0.0, 'yaw_ins': 0.0, 'dis_ins': 0.0}
  [2026-06-24T18:05:46.513339] I: {'ins_mode': 4, 'realtime_x': 0.3, 'realtime_y': 0.0, 'target_x': 0.0, 'target_y': 0.0, 'yaw_ins': 0.0, 'dis_ins': 0.0}
  [2026-06-24T18:05:47.252630] I: {'ins_mode': 4, 'realtime_x': 0.3, 'realtime_y': 0.0, 'target_x': 0.0, 'target_y': 0.0, 'yaw_ins': 0.0, 'dis_ins': 0.0}
  [2026-06-24T18:05:47.977243] I: {'ins_mode': 4, 'realtime_x': 0.3, 'realtime_y': 0.0, 'target_x': 0.0, 'target_y': 0.0, 'yaw_ins': 0.0, 'dis_ins': 0.0}
  [2026-06-24T18:05:48.783889] I: {'ins_mode': 4, 'realtime_x': 0.3, 'realtime_y': 0.0, 'target_x': 0.0, 'target_y': 0.0, 'yaw_ins': 0.0, 'dis_ins': 0.0}
  [2026-06-24T18:05:49.516214] I: {'ins_mode': 4, 'realtime_x': 0.3, 'realtime_y': 0.0, 'target_x': 0.0, 'target_y': 0.0, 'yaw_ins': 0.0, 'dis_ins': 0.0}
  [2026-06-24T18:05:50.962126] I: {'ins_mode': 4, 'realtime_x': 0.0, 'realtime_y': 0.0, 'target_x': 0.0, 'target_y': 0.0, 'yaw_ins': 0.0, 'dis_ins': 0.0}
  [2026-06-24T18:05:51.737798] I: {'ins_mode': 4, 'realtime_x': 0.0, 'realtime_y': 0.0, 'target_x': 0.0, 'target_y': 0.0, 'yaw_ins': 0.0, 'dis_ins': 0.0}
  [2026-06-24T18:05:52.478869] I: {'ins_mode': 4, 'realtime_x': 0.0, 'realtime_y': 0.0, 'target_x': 0.0, 'target_y': 0.0, 'yaw_ins': 0.0, 'dis_ins': 0.0}
  [2026-06-24T18:05:53.218321] I: {'ins_mode': 4, 'realtime_x': 0.0, 'realtime_y': 0.0, 'target_x': 0.0, 'target_y': 0.0, 'yaw_ins': 0.0, 'dis_ins': 0.0}
  [2026-06-24T18:05:53.975842] I: {'ins_mode': 4, 'realtime_x': 0.0, 'realtime_y': 0.0, 'target_x': 0.0, 'target_y': 0.0, 'yaw_ins': 0.0, 'dis_ins': 0.0}
  [2026-06-24T18:05:54.791132] I: {'ins_mode': 4, 'realtime_x': 0.0, 'realtime_y': 0.0, 'target_x': 0.0, 'target_y': 0.0, 'yaw_ins': 0.0, 'dis_ins': 0.0}
  [2026-06-24T18:05:55.578167] I: {'ins_mode': 4, 'realtime_x': 0.0, 'realtime_y': 0.0, 'target_x': 0.0, 'target_y': 0.0, 'yaw_ins': 0.0, 'dis_ins': 0.0}
  [2026-06-24T18:05:56.300770] I: {'ins_mode': 4, 'realtime_x': 0.0, 'realtime_y': 0.0, 'target_x': 0.0, 'target_y': 0.0, 'yaw_ins': 0.0, 'dis_ins': 0.0}
  [2026-06-24T18:05:57.129317] I: {'ins_mode': 4, 'realtime_x': 0.0, 'realtime_y': 0.0, 'target_x': 0.0, 'target_y': 0.0, 'yaw_ins': 0.0, 'dis_ins': 0.0}
  [2026-06-24T18:05:57.867570] I: {'ins_mode': 4, 'realtime_x': -0.01, 'realtime_y': 0.0, 'target_x': 0.0, 'target_y': 0.0, 'yaw_ins': 0.0, 'dis_ins': 0.0}
  [2026-06-24T18:05:58.590064] I: {'ins_mode': 4, 'realtime_x': -0.02, 'realtime_y': 0.0, 'target_x': 0.0, 'target_y': 0.0, 'yaw_ins': 0.0, 'dis_ins': 0.0}
  [2026-06-24T18:05:59.307180] I: {'ins_mode': 4, 'realtime_x': 0.01, 'realtime_y': 0.0, 'target_x': 0.0, 'target_y': 0.0, 'yaw_ins': 0.0, 'dis_ins': 0.0}
  [2026-06-24T18:06:00.076884] I: {'ins_mode': 4, 'realtime_x': 0.04, 'realtime_y': 0.0, 'target_x': 0.0, 'target_y': 0.0, 'yaw_ins': 0.0, 'dis_ins': 0.0}
  [2026-06-24T18:06:00.965150] I: {'ins_mode': 4, 'realtime_x': 0.04, 'realtime_y': 0.0, 'target_x': 0.0, 'target_y': 0.0, 'yaw_ins': 0.0, 'dis_ins': 0.0}
  [2026-06-24T18:06:01.715917] I: {'ins_mode': 4, 'realtime_x': 0.04, 'realtime_y': 0.0, 'target_x': 0.0, 'target_y': 0.0, 'yaw_ins': 0.0, 'dis_ins': 0.0}
  [2026-06-24T18:06:02.508417] I: {'ins_mode': 4, 'realtime_x': 0.03, 'realtime_y': 0.0, 'target_x': 0.0, 'target_y': 0.0, 'yaw_ins': 0.0, 'dis_ins': 0.0}
  [2026-06-24T18:06:03.328419] I: {'ins_mode': 4, 'realtime_x': 0.01, 'realtime_y': 0.0, 'target_x': 0.0, 'target_y': 0.0, 'yaw_ins': 0.0, 'dis_ins': 0.0}
  [2026-06-24T18:06:04.141661] I: {'ins_mode': 4, 'realtime_x': -0.01, 'realtime_y': 0.0, 'target_x': 0.0, 'target_y': 0.0, 'yaw_ins': 0.0, 'dis_ins': 0.0}
  [2026-06-24T18:06:04.991462] I: {'ins_mode': 4, 'realtime_x': -0.01, 'realtime_y': 0.0, 'target_x': 0.0, 'target_y': 0.0, 'yaw_ins': 0.0, 'dis_ins': 0.0}
  [2026-06-24T18:06:05.779671] I: {'ins_mode': 4, 'realtime_x': 0.0, 'realtime_y': 0.0, 'target_x': 0.0, 'target_y': 0.0, 'yaw_ins': 0.0, 'dis_ins': 0.0}
  [2026-06-24T18:06:06.573612] I: {'ins_mode': 4, 'realtime_x': 0.0, 'realtime_y': 0.0, 'target_x': 0.0, 'target_y': 0.0, 'yaw_ins': 0.0, 'dis_ins': 0.0}
  [2026-06-24T18:06:07.326744] I: {'ins_mode': 4, 'realtime_x': 0.0, 'realtime_y': 0.0, 'target_x': 0.0, 'target_y': 0.0, 'yaw_ins': 0.0, 'dis_ins': 0.0}
  [2026-06-24T18:06:08.081057] I: {'ins_mode': 4, 'realtime_x': 0.0, 'realtime_y': 0.0, 'target_x': 0.0, 'target_y': 0.0, 'yaw_ins': 0.0, 'dis_ins': 0.0}
  [2026-06-24T18:06:08.908295] I: {'ins_mode': 4, 'realtime_x': 0.0, 'realtime_y': 0.0, 'target_x': 0.0, 'target_y': 0.0, 'yaw_ins': 0.0, 'dis_ins': 0.0}
  [2026-06-24T18:06:09.746204] I: {'ins_mode': 4, 'realtime_x': 0.0, 'realtime_y': 0.0, 'target_x': 0.0, 'target_y': 0.0, 'yaw_ins': 0.0, 'dis_ins': 0.0}
  [2026-06-24T18:06:10.564125] I: {'ins_mode': 4, 'realtime_x': 0.0, 'realtime_y': 0.0, 'target_x': 0.0, 'target_y': 0.0, 'yaw_ins': 0.0, 'dis_ins': 0.0}
  [2026-06-24T18:06:11.379937] I: {'ins_mode': 4, 'realtime_x': 0.0, 'realtime_y': 0.0, 'target_x': 0.0, 'target_y': 0.0, 'yaw_ins': 0.0, 'dis_ins': 0.0}
  [2026-06-24T18:06:12.187341] I: {'ins_mode': 4, 'realtime_x': 0.0, 'realtime_y': 0.0, 'target_x': 0.0, 'target_y': 0.0, 'yaw_ins': 0.0, 'dis_ins': 0.0}
  [2026-06-24T18:06:13.005353] I: {'ins_mode': 4, 'realtime_x': 0.0, 'realtime_y': 0.0, 'target_x': 0.0, 'target_y': 0.0, 'yaw_ins': 0.0, 'dis_ins': 0.0}
  [2026-06-24T18:06:13.762942] I: {'ins_mode': 4, 'realtime_x': 0.0, 'realtime_y': 0.0, 'target_x': 0.0, 'target_y': 0.0, 'yaw_ins': 0.0, 'dis_ins': 0.0}
  [2026-06-24T18:06:14.534986] I: {'ins_mode': 4, 'realtime_x': 0.0, 'realtime_y': 0.0, 'target_x': 0.0, 'target_y': 0.0, 'yaw_ins': 0.0, 'dis_ins': 0.0}
  [2026-06-24T18:06:15.331221] I: {'ins_mode': 4, 'realtime_x': 0.0, 'realtime_y': 0.0, 'target_x': 0.0, 'target_y': 0.0, 'yaw_ins': 0.0, 'dis_ins': 0.0}
  [2026-06-24T18:06:16.121848] I: {'ins_mode': 4, 'realtime_x': 0.0, 'realtime_y': 0.0, 'target_x': 0.0, 'target_y': 0.0, 'yaw_ins': 0.0, 'dis_ins': 0.0}
  [2026-06-24T18:06:16.941822] I: {'ins_mode': 4, 'realtime_x': 0.0, 'realtime_y': 0.0, 'target_x': 0.0, 'target_y': 0.0, 'yaw_ins': 0.0, 'dis_ins': 0.0}
  [2026-06-24T18:06:17.713578] I: {'ins_mode': 4, 'realtime_x': 0.0, 'realtime_y': 0.0, 'target_x': 0.0, 'target_y': 0.0, 'yaw_ins': 0.0, 'dis_ins': 0.0}
  [2026-06-24T18:06:18.498102] I: {'ins_mode': 4, 'realtime_x': 0.0, 'realtime_y': 0.0, 'target_x': 0.0, 'target_y': 0.0, 'yaw_ins': 0.0, 'dis_ins': 0.0}
  [2026-06-24T18:06:19.246986] I: {'ins_mode': 4, 'realtime_x': 0.0, 'realtime_y': 0.0, 'target_x': 0.0, 'target_y': 0.0, 'yaw_ins': 0.0, 'dis_ins': 0.0}
  [2026-06-24T18:06:19.971316] I: {'ins_mode': 4, 'realtime_x': 0.0, 'realtime_y': 0.0, 'target_x': 0.0, 'target_y': 0.0, 'yaw_ins': 0.0, 'dis_ins': 0.0}
  [2026-06-24T18:06:20.730023] I: {'ins_mode': 4, 'realtime_x': 0.0, 'realtime_y': 0.0, 'target_x': 0.0, 'target_y': 0.0, 'yaw_ins': 0.0, 'dis_ins': 0.0}
  [2026-06-24T18:06:21.500445] I: {'ins_mode': 4, 'realtime_x': 0.0, 'realtime_y': 0.0, 'target_x': 0.0, 'target_y': 0.0, 'yaw_ins': 0.0, 'dis_ins': 0.0}
  [2026-06-24T18:06:22.297315] I: {'ins_mode': 4, 'realtime_x': 0.0, 'realtime_y': 0.0, 'target_x': 0.0, 'target_y': 0.0, 'yaw_ins': 0.0, 'dis_ins': 0.0}
  [2026-06-24T18:06:23.085496] I: {'ins_mode': 4, 'realtime_x': 0.0, 'realtime_y': 0.0, 'target_x': 0.0, 'target_y': 0.0, 'yaw_ins': 0.0, 'dis_ins': 0.0}
  [2026-06-24T18:06:23.894231] I: {'ins_mode': 4, 'realtime_x': 0.0, 'realtime_y': 0.0, 'target_x': 0.0, 'target_y': 0.0, 'yaw_ins': 0.0, 'dis_ins': 0.0}
  [2026-06-24T18:06:24.655928] I: {'ins_mode': 4, 'realtime_x': 0.0, 'realtime_y': 0.0, 'target_x': 0.0, 'target_y': 0.0, 'yaw_ins': 0.0, 'dis_ins': 0.0}
  [2026-06-24T18:06:25.394109] I: {'ins_mode': 4, 'realtime_x': 0.0, 'realtime_y': 0.0, 'target_x': 0.0, 'target_y': 0.0, 'yaw_ins': 0.0, 'dis_ins': 0.0}
  [2026-06-24T18:06:26.085373] I: {'ins_mode': 4, 'realtime_x': -0.01, 'realtime_y': 0.0, 'target_x': 0.0, 'target_y': 0.0, 'yaw_ins': 0.0, 'dis_ins': 0.0}
  [2026-06-24T18:06:26.802354] I: {'ins_mode': 4, 'realtime_x': -0.01, 'realtime_y': 0.0, 'target_x': 0.0, 'target_y': 0.0, 'yaw_ins': 0.0, 'dis_ins': 0.0}
  [2026-06-24T18:06:27.650154] I: {'ins_mode': 4, 'realtime_x': -0.01, 'realtime_y': 0.0, 'target_x': 0.0, 'target_y': 0.0, 'yaw_ins': 0.0, 'dis_ins': 0.0}
  [2026-06-24T18:06:28.452423] I: {'ins_mode': 4, 'realtime_x': -0.01, 'realtime_y': 0.0, 'target_x': 0.0, 'target_y': 0.0, 'yaw_ins': 0.0, 'dis_ins': 0.0}
  [2026-06-24T18:06:29.266368] I: {'ins_mode': 4, 'realtime_x': -0.01, 'realtime_y': 0.0, 'target_x': 0.0, 'target_y': 0.0, 'yaw_ins': 0.0, 'dis_ins': 0.0}
  [2026-06-24T18:06:30.030379] I: {'ins_mode': 4, 'realtime_x': -0.01, 'realtime_y': 0.0, 'target_x': 0.0, 'target_y': 0.0, 'yaw_ins': 0.0, 'dis_ins': 0.0}
  [2026-06-24T18:06:30.834275] I: {'ins_mode': 4, 'realtime_x': -0.01, 'realtime_y': 0.0, 'target_x': 0.0, 'target_y': 0.0, 'yaw_ins': 0.0, 'dis_ins': 0.0}
  [2026-06-24T18:06:31.623315] I: {'ins_mode': 4, 'realtime_x': -0.01, 'realtime_y': 0.0, 'target_x': 0.0, 'target_y': 0.0, 'yaw_ins': 0.0, 'dis_ins': 0.0}
  [2026-06-24T18:06:32.424148] I: {'ins_mode': 4, 'realtime_x': -0.01, 'realtime_y': 0.0, 'target_x': 0.0, 'target_y': 0.0, 'yaw_ins': 0.0, 'dis_ins': 0.0}
  [2026-06-24T18:06:33.248107] I: {'ins_mode': 4, 'realtime_x': -0.01, 'realtime_y': 0.0, 'target_x': 0.0, 'target_y': 0.0, 'yaw_ins': 0.0, 'dis_ins': 0.0}
  [2026-06-24T18:06:34.004300] I: {'ins_mode': 4, 'realtime_x': 0.01, 'realtime_y': 0.0, 'target_x': 0.0, 'target_y': 0.0, 'yaw_ins': 0.0, 'dis_ins': 0.0}
