Ins Auto Telemetry Data Record
Record Time: 2026-06-24T20:01:01.121194
============================================================

Trajectory Points: 926
Waypoints: 528

Trajectory Points (x, y, mode, timestamp):
  10.64, 1.04, 4, 1782302255.2191117
  10.65, 1.04, 4, 1782302255.261605
  10.68, 1.04, 4, 1782302255.3491955
  10.68, 1.04, 4, 1782302255.3810806
  10.68, 1.05, 4, 1782302255.454023
  10.72, 1.05, 4, 1782302255.4965527
  10.85, 1.07, 4, 1782302255.588835
  10.90, 1.08, 4, 1782302255.6204488
  11.01, 1.10, 4, 1782302255.694172
  11.10, 1.11, 4, 1782302255.7367334
  11.34, 1.15, 4, 1782302255.8150697
  11.42, 1.17, 4, 1782302255.8581789
  11.78, 1.22, 4, 1782302255.9425647
  11.88, 1.23, 4, 1782302255.9737408
  12.12, 1.27, 4, 1782302256.059024
  12.26, 1.29, 4, 1782302256.1014962
  12.39, 1.31, 4, 1782302256.17562
  12.42, 1.32, 4, 1782302256.2331054
  12.63, 1.35, 4, 1782302256.296224
  12.64, 1.35, 4, 1782302256.3382897
  12.67, 1.36, 4, 1782302256.4258573
  12.73, 1.37, 4, 1782302256.462034
  12.88, 1.39, 4, 1782302256.5348237
  12.84, 1.38, 4, 1782302256.5772498
  12.86, 1.38, 4, 1782302256.6729856
  12.98, 1.40, 4, 1782302256.6941967
  13.44, 1.45, 4, 1782302256.777795
  13.64, 1.46, 4, 1782302256.8204427
  14.31, 1.50, 4, 1782302256.8952286
  14.38, 1.51, 4, 1782302256.938032
  14.96, 1.56, 4, 1782302257.0223973
  15.51, 1.62, 4, 1782302257.055076
  16.27, 1.72, 4, 1782302257.135749
  16.74, 1.79, 4, 1782302257.1781263
  17.50, 1.92, 4, 1782302257.262014
  17.74, 1.96, 4, 1782302257.2985935
  17.70, 1.95, 4, 1782302257.382719
  17.66, 1.95, 4, 1782302257.4142506
  17.41, 1.92, 4, 1782302257.507664
  17.32, 1.91, 4, 1782302257.540362
  17.40, 1.91, 4, 1782302257.6236172
  17.58, 1.92, 4, 1782302257.6591234
  18.45, 1.97, 4, 1782302257.7588642
  19.04, 2.01, 4, 1782302257.7798731
  20.99, 2.17, 4, 1782302257.862904
  21.32, 2.20, 4, 1782302257.8947325
  21.33, 2.20, 4, 1782302257.982815
  21.24, 2.19, 4, 1782302258.0147471
  21.16, 2.18, 4, 1782302258.0985892
  21.15, 2.18, 4, 1782302258.141115
  21.16, 2.18, 4, 1782302258.216226
  21.56, 2.23, 4, 1782302258.257848
  22.80, 2.36, 4, 1782302258.3418188
  23.40, 2.43, 4, 1782302258.3829832
  24.67, 2.61, 4, 1782302258.4568365
  25.18, 2.67, 4, 1782302258.4993463
  25.53, 2.72, 4, 1782302258.5829234
  25.56, 2.72, 4, 1782302258.6245432
  25.63, 2.73, 4, 1782302258.6979809
  25.67, 2.74, 4, 1782302258.7418873
  25.67, 2.74, 4, 1782302258.8426008
  25.68, 2.74, 4, 1782302258.8530822
  26.23, 2.77, 4, 1782302258.9369292
  26.94, 2.81, 4, 1782302258.9796276
  28.70, 2.92, 4, 1782302259.0594256
  29.38, 2.98, 4, 1782302259.10101
  29.95, 3.03, 4, 1782302259.176785
  30.01, 3.04, 4, 1782302259.2184215
  30.14, 3.05, 4, 1782302259.2970603
  30.14, 3.05, 4, 1782302259.339023
  30.14, 3.05, 4, 1782302259.4227657
  30.14, 3.05, 4, 1782302259.462357
  30.52, 3.05, 4, 1782302259.53607
  30.92, 3.05, 4, 1782302259.5786357
  32.55, 3.05, 4, 1782302259.6624577
  33.62, 3.08, 4, 1782302259.7004626
  34.59, 3.12, 4, 1782302259.7841134
  34.63, 3.12, 4, 1782302259.8151953
  34.63, 3.12, 4, 1782302259.9109776
  34.63, 3.12, 4, 1782302259.9426436
  34.63, 3.12, 4, 1782302260.01623
  34.63, 3.12, 4, 1782302260.0577655
  34.76, 3.13, 4, 1782302260.1401234
  35.19, 3.14, 4, 1782302260.1816862
  36.60, 3.19, 4, 1782302260.2551022
  37.40, 3.24, 4, 1782302260.3027778
  38.84, 3.35, 4, 1782302260.3774858
  39.04, 3.37, 4, 1782302260.419613
  39.03, 3.36, 4, 1782302260.5105133
  39.03, 3.36, 4, 1782302260.5379083
  39.03, 3.36, 4, 1782302260.6225772
  39.03, 3.36, 4, 1782302260.654021
  39.07, 3.37, 4, 1782302260.752427
  39.30, 3.38, 4, 1782302260.773486
  40.59, 3.43, 4, 1782302260.8570302
  41.75, 3.50, 4, 1782302260.8996854
  43.17, 3.60, 4, 1782302260.9755251
  43.36, 3.61, 4, 1782302261.01727
  43.50, 3.62, 4, 1782302261.1016161
  43.50, 3.62, 4, 1782302261.1456141
  43.50, 3.62, 4, 1782302261.2184727
  43.50, 3.62, 4, 1782302261.2605426
  43.51, 3.62, 4, 1782302261.3342195
  43.61, 3.61, 4, 1782302261.393088
  44.07, 3.56, 4, 1782302261.4561079
  44.62, 3.48, 4, 1782302261.4985018
  46.02, 3.29, 4, 1782302261.609143
  47.13, 3.18, 4, 1782302261.6216052
  47.90, 3.12, 4, 1782302261.704668
  47.94, 3.12, 4, 1782302261.7359982
  47.95, 3.12, 4, 1782302261.8268192
  47.95, 3.12, 4, 1782302261.8587961
  47.95, 3.12, 4, 1782302261.9416704
  47.95, 3.12, 4, 1782302261.9841094
  47.98, 3.12, 4, 1782302262.062331
  48.20, 3.09, 4, 1782302262.1061969
  49.13, 2.96, 4, 1782302262.1786156
  49.77, 2.88, 4, 1782302262.233102
  51.70, 2.67, 4, 1782302262.2957494
  52.39, 2.63, 4, 1782302262.3379629
  52.78, 2.61, 4, 1782302262.423819
  52.78, 2.61, 4, 1782302262.4770968
  52.78, 2.61, 4, 1782302262.540505
  52.78, 2.61, 4, 1782302262.582688
  52.78, 2.61, 4, 1782302262.6937497
  52.83, 2.60, 4, 1782302262.694726
  53.96, 2.48, 4, 1782302262.7779734
  55.34, 2.37, 4, 1782302262.8197734
  57.15, 2.32, 4, 1782302262.9113855
  57.48, 2.32, 4, 1782302262.9432316
  57.44, 2.32, 4, 1782302263.0168064
  57.43, 2.32, 4, 1782302263.0588155
  57.43, 2.32, 4, 1782302263.137537
  57.43, 2.32, 4, 1782302263.179359
  57.49, 2.32, 4, 1782302263.2627318
  57.94, 2.30, 4, 1782302263.2945774
  59.34, 2.26, 4, 1782302263.378887
  60.12, 2.26, 4, 1782302263.4203894
  61.15, 2.29, 4, 1782302263.5074978
  61.30, 2.29, 4, 1782302263.5338624
  61.28, 2.29, 4, 1782302263.6178725
  61.27, 2.29, 4, 1782302263.6605623
  61.25, 2.29, 4, 1782302263.777714
  61.24, 2.29, 4, 1782302263.778722
  61.41, 2.29, 4, 1782302263.863327
  61.97, 2.27, 4, 1782302263.8950202
  63.51, 2.25, 4, 1782302263.9931934
  64.85, 2.26, 4, 1782302264.0145037
  66.38, 2.32, 4, 1782302264.0988839
  66.52, 2.33, 4, 1782302264.1408463
  66.42, 2.32, 4, 1782302264.2251976
  66.41, 2.32, 4, 1782302264.2563493
  66.37, 2.32, 4, 1782302264.339354
  66.37, 2.32, 4, 1782302264.3816845
  66.56, 2.32, 4, 1782302264.4602466
  67.24, 2.32, 4, 1782302264.5015607
  69.09, 2.32, 4, 1782302264.585004
  70.03, 2.34, 4, 1782302264.6445227
  71.48, 2.41, 4, 1782302264.6975245
  71.79, 2.43, 4, 1782302264.73958
  72.08, 2.43, 4, 1782302264.8302162
  72.08, 2.43, 4, 1782302264.8619084
  72.08, 2.43, 4, 1782302264.9349399
  72.05, 2.43, 4, 1782302264.9773183
  72.54, 2.40, 4, 1782302265.0691974
  73.01, 2.37, 4, 1782302265.1005669
  74.78, 2.28, 4, 1782302265.1845763
  76.01, 2.25, 4, 1782302265.2163846
  76.69, 2.24, 4, 1782302265.304151
  76.70, 2.24, 4, 1782302265.335703
  76.72, 2.23, 4, 1782302265.4189653
  76.73, 2.23, 4, 1782302265.4606473
  76.73, 2.23, 4, 1782302265.5415475
  76.78, 2.23, 4, 1782302265.5835197
  77.59, 2.16, 4, 1782302265.6591427
  78.49, 2.08, 4, 1782302265.7240727
  80.41, 1.99, 4, 1782302265.7768626
  80.83, 1.98, 4, 1782302265.81916
  81.35, 1.97, 4, 1782302265.9352605
  81.45, 1.97, 4, 1782302265.9362948
  81.46, 1.97, 4, 1782302266.0215678
  81.46, 1.97, 4, 1782302266.0644164
  81.47, 1.97, 4, 1782302266.1581178
  81.90, 1.96, 4, 1782302266.1789944
  83.33, 1.95, 4, 1782302266.2622857
  84.18, 1.96, 4, 1782302266.3055909
  85.77, 2.05, 4, 1782302266.3747525
  86.09, 2.07, 4, 1782302266.4166155
  86.13, 2.07, 4, 1782302266.5007286
  86.13, 2.07, 4, 1782302266.5540328
  86.11, 2.07, 4, 1782302266.6188033
  86.09, 2.07, 4, 1782302266.6614633
  86.16, 2.07, 4, 1782302266.7347136
  86.57, 2.03, 4, 1782302266.7791739
  87.86, 1.90, 4, 1782302266.862842
  89.21, 1.80, 4, 1782302266.9050288
  90.62, 1.73, 4, 1782302266.9785123
  90.75, 1.73, 4, 1782302267.023004
  90.47, 1.75, 4, 1782302267.0963807
  90.45, 1.75, 4, 1782302267.1392896
  90.45, 1.75, 4, 1782302267.2273605
  90.45, 1.75, 4, 1782302267.258585
  90.44, 1.75, 4, 1782302267.3439498
  90.52, 1.73, 4, 1782302267.375392
  91.04, 1.61, 4, 1782302267.4577303
  91.32, 1.54, 4, 1782302267.499383
  92.55, 1.22, 4, 1782302267.583236
  93.26, 1.04, 4, 1782302267.6154747
  94.53, 0.73, 4, 1782302267.7010767
  94.44, 0.75, 4, 1782302267.7431583
  94.28, 0.79, 4, 1782302267.8175912
  94.28, 0.79, 4, 1782302267.872569
  94.28, 0.79, 4, 1782302267.9365487
  94.28, 0.79, 4, 1782302267.9789042
  94.33, 0.78, 4, 1782302268.063903
  94.50, 0.74, 4, 1782302268.0995784
  95.44, 0.48, 4, 1782302268.183856
  95.97, 0.33, 4, 1782302268.2155514
  97.67, -0.10, 4, 1782302268.3041801
  98.74, -0.33, 4, 1782302268.3360343
  99.38, -0.44, 4, 1782302268.4191566
  99.34, -0.43, 4, 1782302268.460566
  99.34, -0.44, 4, 1782302268.5364609
  99.34, -0.44, 4, 1782302268.5792341
  99.34, -0.44, 4, 1782302268.661815
  99.34, -0.44, 4, 1782302268.7098691
  99.41, -0.45, 4, 1782302268.7824094
  99.65, -0.53, 4, 1782302268.8250375
  101.53, -1.10, 4, 1782302268.8983808
  102.38, -1.33, 4, 1782302268.9584255
  103.58, -1.63, 4, 1782302269.0211573
  104.16, -1.79, 4, 1782302269.0645063
  104.72, -1.95, 4, 1782302269.175748
  104.73, -1.96, 4, 1782302269.176716
  104.48, -1.88, 4, 1782302269.2613945
  104.24, -1.80, 4, 1782302269.304618
  104.27, -1.81, 4, 1782302269.3931892
  104.27, -1.81, 4, 1782302269.4144514
  104.32, -1.83, 4, 1782302269.4989157
  104.55, -1.90, 4, 1782302269.5411413
  106.17, -2.37, 4, 1782302269.615896
  107.18, -2.62, 4, 1782302269.6579869
  108.55, -2.90, 4, 1782302269.7421923
  108.66, -2.93, 4, 1782302269.7955806
  108.71, -2.94, 4, 1782302269.8622377
  108.71, -2.94, 4, 1782302269.9049118
  108.71, -2.94, 4, 1782302269.977832
  108.74, -2.95, 4, 1782302270.0389616
  109.84, -3.27, 4, 1782302270.102094
  110.74, -3.51, 4, 1782302270.144644
  112.22, -3.86, 4, 1782302270.2227063
  112.25, -3.86, 4, 1782302270.2591448
  111.53, -3.71, 4, 1782302270.3426769
  111.36, -3.67, 4, 1782302270.385631
  111.32, -3.66, 4, 1782302270.4712965
  111.34, -3.66, 4, 1782302270.5025036
  112.58, -3.99, 4, 1782302270.5760758
  113.54, -4.24, 4, 1782302270.6178098
  115.91, -4.76, 4, 1782302270.6977189
  116.30, -4.84, 4, 1782302270.7412503
  116.24, -4.83, 4, 1782302270.8251996
  116.26, -4.83, 4, 1782302270.8578286
  116.16, -4.80, 4, 1782302270.9433117
  115.96, -4.75, 4, 1782302270.9858444
  115.94, -4.74, 4, 1782302271.0586803
  116.08, -4.79, 4, 1782302271.1176176
  116.68, -4.97, 4, 1782302271.181427
  117.50, -5.18, 4, 1782302271.2230005
  119.01, -5.49, 4, 1782302271.3075538
  119.39, -5.55, 4, 1782302271.3397717
  119.61, -5.58, 4, 1782302271.4237344
  119.60, -5.58, 4, 1782302271.4569483
  119.69, -5.60, 4, 1782302271.5601513
  119.69, -5.60, 4, 1782302271.5816479
  119.72, -5.60, 4, 1782302271.6589644
  119.96, -5.66, 4, 1782302271.7011683
  120.81, -5.86, 4, 1782302271.7791862
  121.36, -6.00, 4, 1782302271.824752
  122.68, -6.32, 4, 1782302271.8982615
  122.92, -6.38, 4, 1782302271.9421003
  122.95, -6.38, 4, 1782302272.0156624
  122.95, -6.38, 4, 1782302272.057901
  122.93, -6.38, 4, 1782302272.1418836
  122.93, -6.38, 4, 1782302272.1772912
  122.97, -6.39, 4, 1782302272.2617056
  123.03, -6.40, 4, 1782302272.3035717
  123.10, -6.42, 4, 1782302272.3765967
  123.09, -6.42, 4, 1782302272.4186194
  123.09, -6.42, 4, 1782302272.5014417
  123.09, -6.42, 4, 1782302272.543544
  123.09, -6.42, 4, 1782302272.6276357
  123.09, -6.42, 4, 1782302272.6592605
  123.11, -6.42, 4, 1782302272.7431176
  123.13, -6.43, 4, 1782302272.7847617
  123.15, -6.43, 4, 1782302272.8579607
  123.16, -6.43, 4, 1782302272.8999727
  123.16, -6.43, 4, 1782302272.9833393
  123.16, -6.43, 4, 1782302273.0277796
  123.16, -6.43, 4, 1782302273.1057084
  123.18, -6.44, 4, 1782302273.1384196
  123.23, -6.45, 4, 1782302273.2215211
  123.25, -6.45, 4, 1782302273.273056
  123.33, -6.47, 4, 1782302273.3372264
  123.39, -6.47, 4, 1782302273.3784268
  123.59, -6.50, 4, 1782302273.486663
  123.68, -6.52, 4, 1782302273.4974236
  123.78, -6.53, 4, 1782302273.5807128
  123.78, -6.53, 4, 1782302273.623145
  123.78, -6.53, 4, 1782302273.7042408
  123.78, -6.53, 4, 1782302273.7463179
  123.78, -6.53, 4, 1782302273.8202517
  123.78, -6.53, 4, 1782302273.862934
  123.78, -6.53, 4, 1782302273.942709
  123.78, -6.53, 4, 1782302273.985777
  123.78, -6.53, 4, 1782302274.0585308
  123.78, -6.53, 4, 1782302274.0964382
  123.78, -6.53, 4, 1782302274.1818075
  123.78, -6.53, 4, 1782302274.2267482
  123.78, -6.53, 4, 1782302274.3095133
  123.78, -6.53, 4, 1782302274.345425
  123.78, -6.53, 4, 1782302274.4212294
  123.78, -6.53, 4, 1782302274.4626007
  123.78, -6.53, 4, 1782302274.5623324
  123.78, -6.53, 4, 1782302274.5836291
  123.78, -6.53, 4, 1782302274.6563742
  123.78, -6.53, 4, 1782302274.6983478
  123.78, -6.53, 4, 1782302274.781179
  123.78, -6.53, 4, 1782302274.8230958
  123.79, -6.54, 4, 1782302274.8967927
  123.80, -6.54, 4, 1782302274.9400778
  123.83, -6.54, 4, 1782302275.0161903
  123.84, -6.55, 4, 1782302275.058239
  123.92, -6.56, 4, 1782302275.1421654
  123.95, -6.57, 4, 1782302275.1769943
  123.90, -6.56, 4, 1782302275.261022
  123.85, -6.55, 4, 1782302275.3032513
  123.82, -6.54, 4, 1782302275.3875341
  123.87, -6.55, 4, 1782302275.4191625
  124.47, -6.71, 4, 1782302275.502936
  125.00, -6.85, 4, 1782302275.5450954
  125.47, -6.97, 4, 1782302275.6239722
  125.51, -6.98, 4, 1782302275.6666827
  125.47, -6.97, 4, 1782302275.7399406
  125.47, -6.97, 4, 1782302275.7827027
  125.49, -6.98, 4, 1782302275.8569956
  125.76, -7.04, 4, 1782302275.899777
  126.83, -7.29, 4, 1782302275.9838428
  126.98, -7.32, 4, 1782302276.0527186
  126.97, -7.32, 4, 1782302276.0955825
  126.96, -7.32, 4, 1782302276.1381276
  126.89, -7.30, 4, 1782302276.2227533
  127.06, -7.34, 4, 1782302276.2668214
  128.31, -7.62, 4, 1782302276.3403127
  128.82, -7.73, 4, 1782302276.3819609
  129.16, -7.81, 4, 1782302276.4603467
  129.15, -7.80, 4, 1782302276.5023036
  129.14, -7.80, 4, 1782302276.5862057
  129.13, -7.80, 4, 1782302276.6183336
  129.14, -7.80, 4, 1782302276.706716
  129.18, -7.81, 4, 1782302276.7384038
  129.25, -7.83, 4, 1782302276.8222616
  129.25, -7.83, 4, 1782302276.8648286
  129.25, -7.83, 4, 1782302276.9412656
  129.25, -7.83, 4, 1782302276.9831133
  129.24, -7.82, 4, 1782302277.0564578
  129.23, -7.82, 4, 1782302277.0988798
  128.92, -7.75, 4, 1782302277.1767302
  128.85, -7.73, 4, 1782302277.21969
  129.59, -7.88, 4, 1782302277.3039255
  130.07, -7.97, 4, 1782302277.35738
  131.25, -8.16, 4, 1782302277.420181
  131.76, -8.25, 4, 1782302277.4619524
  131.64, -8.23, 4, 1782302277.5704303
  131.58, -8.21, 4, 1782302277.5809536
  131.64, -8.23, 4, 1782302277.6668317
  132.16, -8.33, 4, 1782302277.697951
  133.53, -8.58, 4, 1782302277.7872863
  134.03, -8.67, 4, 1782302277.8189018
  134.38, -8.74, 4, 1782302277.9025717
  134.34, -8.73, 4, 1782302277.9445028
  134.32, -8.73, 4, 1782302278.0178335
  134.51, -8.77, 4, 1782302278.0596004
  135.87, -9.05, 4, 1782302278.1439307
  136.43, -9.16, 4, 1782302278.1757615
  136.80, -9.24, 4, 1782302278.2606583
  136.79, -9.23, 4, 1782302278.302613
  136.79, -9.23, 4, 1782302278.3946939
  136.79, -9.23, 4, 1782302278.4262805
  137.53, -9.38, 4, 1782302278.4993343
  138.07, -9.48, 4, 1782302278.541502
  139.04, -9.66, 4, 1782302278.6407008
  139.10, -9.67, 4, 1782302278.6621156
  139.10, -9.67, 4, 1782302278.745913
  139.10, -9.67, 4, 1782302278.7773576
  139.44, -9.75, 4, 1782302278.863782
  140.05, -9.88, 4, 1782302278.9068794
  141.04, -10.08, 4, 1782302278.979065
  141.37, -10.14, 4, 1782302279.0216
  141.93, -10.26, 4, 1782302279.10794
  142.00, -10.28, 4, 1782302279.1399648
  141.98, -10.27, 4, 1782302279.2247221
  141.98, -10.27, 4, 1782302279.2664437
  142.03, -10.29, 4, 1782302279.3367803
  142.36, -10.36, 4, 1782302279.3789763
  143.52, -10.61, 4, 1782302279.4639769
  144.23, -10.77, 4, 1782302279.5147657
  146.86, -11.35, 4, 1782302279.57734
  147.51, -11.51, 4, 1782302279.6197019
  147.53, -11.51, 4, 1782302279.7034001
  147.54, -11.51, 4, 1782302279.7442567
  147.59, -11.53, 4, 1782302279.8200924
  147.60, -11.53, 4, 1782302279.8624773
  147.64, -11.54, 4, 1782302279.957601
  147.77, -11.58, 4, 1782302279.97869
  148.63, -11.79, 4, 1782302280.063142
  149.26, -11.94, 4, 1782302280.1062717
  150.58, -12.26, 4, 1782302280.198356
  151.24, -12.43, 4, 1782302280.2197676
  153.17, -12.90, 4, 1782302280.3038077
  154.15, -13.14, 4, 1782302280.3456738
  154.39, -13.20, 4, 1782302280.4307353
  154.39, -13.20, 4, 1782302280.4631243
  154.40, -13.20, 4, 1782302280.5467198
  154.42, -13.20, 4, 1782302280.5785177
  154.44, -13.21, 4, 1782302280.6742456
  154.44, -13.21, 4, 1782302280.7054906
  154.52, -13.22, 4, 1782302280.78028
  154.93, -13.31, 4, 1782302280.8232074
  155.88, -13.52, 4, 1782302280.9106796
  156.35, -13.62, 4, 1782302280.9425673
  157.69, -13.95, 4, 1782302281.016512
  158.27, -14.10, 4, 1782302281.058954
  159.87, -14.48, 4, 1782302281.1461504
  160.27, -14.58, 4, 1782302281.1791952
  160.65, -14.67, 4, 1782302281.2630272
  160.63, -14.66, 4, 1782302281.3056188
  160.63, -14.66, 4, 1782302281.3921287
  160.63, -14.66, 4, 1782302281.4244184
  160.63, -14.66, 4, 1782302281.4986286
  160.64, -14.67, 4, 1782302281.5411346
  160.88, -14.73, 4, 1782302281.6259942
  161.22, -14.82, 4, 1782302281.6574702
  162.21, -15.08, 4, 1782302281.7418878
  162.78, -15.25, 4, 1782302281.830672
  164.10, -15.64, 4, 1782302281.8817568
  164.73, -15.83, 4, 1782302281.902514
  166.30, -16.29, 4, 1782302281.9878168
  167.14, -16.52, 4, 1782302282.0195436
  167.39, -16.59, 4, 1782302282.1268952
  167.35, -16.58, 4, 1782302282.137921
  167.31, -16.57, 4, 1782302282.222166
  167.31, -16.57, 4, 1782302282.2649655
  167.31, -16.57, 4, 1782302282.3838756
  167.31, -16.57, 4, 1782302282.386734
  167.33, -16.57, 4, 1782302282.4606416
  167.50, -16.62, 4, 1782302282.5029206
  168.28, -16.82, 4, 1782302282.6519287
  168.64, -16.91, 4, 1782302282.6570814
  169.93, -17.26, 4, 1782302282.7000947
  170.93, -17.54, 4, 1782302282.7421794
  172.61, -18.01, 4, 1782302282.924095
  173.26, -18.19, 4, 1782302282.9283078
  174.22, -18.46, 4, 1782302282.938687
  174.24, -18.46, 4, 1782302282.9808896
  174.24, -18.46, 4, 1782302283.0639055
  174.25, -18.46, 4, 1782302283.1294057
  174.26, -18.47, 4, 1782302283.188856
  174.26, -18.47, 4, 1782302283.2224922
  174.18, -18.44, 4, 1782302283.2967167
  174.25, -18.46, 4, 1782302283.451512
  175.13, -18.73, 4, 1782302283.458825
  175.77, -18.92, 4, 1782302283.461386
  177.05, -19.32, 4, 1782302283.5447447
  177.75, -19.54, 4, 1782302283.5769002
  179.57, -20.12, 4, 1782302283.7251508
  180.24, -20.33, 4, 1782302283.7290895
  181.39, -20.68, 4, 1782302283.7815673
  181.41, -20.69, 4, 1782302283.8249261
  181.38, -20.68, 4, 1782302284.0097344
  181.38, -20.68, 4, 1782302284.0130153
  181.39, -20.68, 4, 1782302284.0240648
  181.39, -20.68, 4, 1782302284.0658455
  181.02, -20.57, 4, 1782302284.140877
  181.20, -20.62, 4, 1782302284.2980137
  181.85, -20.83, 4, 1782302284.301353
  182.11, -20.91, 4, 1782302284.3036394
  182.92, -21.18, 4, 1782302284.3883462
  183.71, -21.45, 4, 1782302284.4199307
  185.47, -22.03, 4, 1782302284.589549
  186.15, -22.24, 4, 1782302284.5925245
  187.72, -22.71, 4, 1782302284.6241188
  188.32, -22.89, 4, 1782302284.666098
  188.38, -22.91, 4, 1782302284.8603053
  188.37, -22.90, 4, 1782302284.8639338
  188.36, -22.90, 4, 1782302284.8660347
  188.36, -22.90, 4, 1782302284.897893
  188.36, -22.90, 4, 1782302284.9814074
  188.34, -22.89, 4, 1782302285.0939126
  188.33, -22.89, 4, 1782302285.1656694
  188.68, -23.00, 4, 1782302285.168561
  189.65, -23.32, 4, 1782302285.2213757
  190.05, -23.45, 4, 1782302285.26363
  191.24, -23.84, 4, 1782302285.4763448
  192.28, -24.17, 4, 1782302285.4795423
  194.17, -24.75, 4, 1782302285.4816957
  194.86, -24.96, 4, 1782302285.5023925
  195.70, -25.20, 4, 1782302285.585793
  195.60, -25.17, 4, 1782302285.697471
  195.52, -25.15, 4, 1782302285.7756615
  195.47, -25.14, 4, 1782302285.7784686
  195.47, -25.14, 4, 1782302285.8228078
  195.47, -25.14, 4, 1782302285.8654912
  195.47, -25.14, 4, 1782302286.0753162
  195.47, -25.14, 4, 1782302286.0800753
  195.59, -25.17, 4, 1782302286.082591
  196.24, -25.37, 4, 1782302286.1038601
  197.52, -25.76, 4, 1782302286.1776621
  198.12, -25.95, 4, 1782302286.3953485
  199.85, -26.51, 4, 1782302286.3990731
  200.68, -26.78, 4, 1782302286.401731
  202.21, -27.27, 4, 1782302286.4227624
  202.25, -27.28, 4, 1782302286.4656131
  202.24, -27.28, 4, 1782302286.7086554
  202.24, -27.28, 4, 1782302286.7118824
  202.26, -27.29, 4, 1782302286.7140703
  202.26, -27.29, 4, 1782302286.7160952
  202.24, -27.28, 4, 1782302286.778471
  202.23, -27.28, 4, 1782302286.8210323
  202.21, -27.27, 4, 1782302287.0274186
  202.22, -27.28, 4, 1782302287.0312014
  202.44, -27.35, 4, 1782302287.033153
  203.14, -27.58, 4, 1782302287.0649529
  204.43, -28.02, 4, 1782302287.2585545
  204.98, -28.21, 4, 1782302287.3439975
  206.64, -28.79, 4, 1782302287.3470962
  207.76, -29.17, 4, 1782302287.3490276
  208.79, -29.52, 4, 1782302287.3805695
  208.81, -29.53, 4, 1782302287.4232202
  208.81, -29.53, 4, 1782302287.6087534
  208.82, -29.53, 4, 1782302287.708545
  208.82, -29.53, 4, 1782302287.7114608
  208.81, -29.53, 4, 1782302287.71336
  208.77, -29.51, 4, 1782302287.7340915
  208.77, -29.51, 4, 1782302287.7887666
  208.83, -29.54, 4, 1782302287.960453
  209.13, -29.64, 4, 1782302288.044775
  210.00, -29.94, 4, 1782302288.0493565
  210.65, -30.16, 4, 1782302288.0515723
  212.14, -30.68, 4, 1782302288.103698
  212.90, -30.94, 4, 1782302288.1455011
  214.55, -31.47, 4, 1782302288.4276454
  214.66, -31.50, 4, 1782302288.4312832
  214.66, -31.50, 4, 1782302288.433619
  214.67, -31.51, 4, 1782302288.4367876
  214.67, -31.51, 4, 1782302288.4684901
  214.67, -31.51, 4, 1782302288.4999862
  214.67, -31.51, 4, 1782302288.7697978
  214.67, -31.51, 4, 1782302288.7732174
  214.67, -31.51, 4, 1782302288.7754598
  214.67, -31.51, 4, 1782302288.7774413
  214.67, -31.51, 4, 1782302288.8195875
  214.67, -31.51, 4, 1782302288.8620255
  214.67, -31.51, 4, 1782302289.0288663
  214.67, -31.51, 4, 1782302289.126318
  214.67, -31.51, 4, 1782302289.1285217
  214.67, -31.51, 4, 1782302289.1304994
  214.67, -31.51, 4, 1782302289.1832151
  214.67, -31.51, 4, 1782302289.2259922
  214.67, -31.51, 4, 1782302289.4784365
  214.67, -31.51, 4, 1782302289.4819438
  214.67, -31.51, 4, 1782302289.484266
  214.67, -31.51, 4, 1782302289.4877884
  214.67, -31.51, 4, 1782302289.5400372
  214.67, -31.51, 4, 1782302289.754274
  214.67, -31.51, 4, 1782302289.8677967
  214.67, -31.51, 4, 1782302289.8728395
  214.67, -31.51, 4, 1782302289.8752353
  214.67, -31.51, 4, 1782302289.8772242
  214.67, -31.51, 4, 1782302289.89861
  214.67, -31.51, 4, 1782302289.9411185
  214.67, -31.51, 4, 1782302290.1194155
  214.67, -31.51, 4, 1782302290.1235788
  214.67, -31.51, 4, 1782302290.2381425
  214.67, -31.51, 4, 1782302290.2424266
  214.67, -31.51, 4, 1782302290.2642066
  214.67, -31.51, 4, 1782302290.3076887
  214.69, -31.51, 4, 1782302290.4995718
  214.81, -31.56, 4, 1782302290.6264806
  215.16, -31.70, 4, 1782302290.6287823
  215.35, -31.78, 4, 1782302290.6307418
  216.20, -32.18, 4, 1782302290.6338277
  216.79, -32.46, 4, 1782302290.6654236
  217.37, -32.75, 4, 1782302290.8773792
  217.47, -32.79, 4, 1782302290.9989555
  217.66, -32.88, 4, 1782302291.0014586
  217.93, -33.01, 4, 1782302291.005339
  218.62, -33.33, 4, 1782302291.007584
  219.35, -33.66, 4, 1782302291.0188735
  220.66, -34.22, 4, 1782302291.4057064
  221.36, -34.49, 4, 1782302291.409749
  222.42, -34.90, 4, 1782302291.4124594
  222.85, -35.06, 4, 1782302291.4148924
  223.71, -35.37, 4, 1782302291.417013
  223.95, -35.46, 4, 1782302291.4195225
  224.57, -35.69, 4, 1782302291.4618235
  225.00, -35.86, 4, 1782302291.6807675
  226.23, -36.36, 4, 1782302291.7929337
  226.94, -36.66, 4, 1782302291.7949378
  228.15, -37.19, 4, 1782302291.796871
  228.60, -37.40, 4, 1782302291.7988431
  229.66, -37.88, 4, 1782302291.8199005
  230.06, -38.06, 4, 1782302291.8623073
  231.12, -38.55, 4, 1782302292.077555
  231.48, -38.71, 4, 1782302292.1906056
  232.45, -39.14, 4, 1782302292.1942012
  233.19, -39.45, 4, 1782302292.1962032
  234.46, -39.98, 4, 1782302292.1982038
  235.01, -40.20, 4, 1782302292.2193553
  236.43, -40.82, 4, 1782302292.5007908
  237.34, -41.24, 4, 1782302292.6243002
  238.66, -41.90, 4, 1782302292.626299
  239.07, -42.12, 4, 1782302292.6282089
  239.88, -42.54, 4, 1782302292.6300993
  240.21, -42.71, 4, 1782302292.6321065
  240.80, -43.02, 4, 1782302292.6646605
  241.10, -43.18, 4, 1782302292.9162014
  242.08, -43.68, 4, 1782302293.0651546
  242.70, -43.98, 4, 1782302293.0670455
  243.92, -44.51, 4, 1782302293.0689235
  244.42, -44.72, 4, 1782302293.0721521
  245.49, -45.16, 4, 1782302293.0740778
  246.09, -45.41, 4, 1782302293.0759861
  247.23, -45.90, 4, 1782302293.361775
  247.72, -46.11, 4, 1782302293.5122058
  248.67, -46.53, 4, 1782302293.5145423
  249.22, -46.79, 4, 1782302293.5169191
  250.33, -47.31, 4, 1782302293.5192277
  250.83, -47.54, 4, 1782302293.5230026
  252.23, -48.17, 4, 1782302293.525287
  253.03, -48.52, 4, 1782302293.5461311
  254.24, -49.04, 4, 1782302293.7904656
  254.72, -49.23, 4, 1782302293.9193945
  256.01, -49.72, 4, 1782302293.923373
  256.78, -50.00, 4, 1782302293.9252825
  257.68, -50.30, 4, 1782302293.927139
  258.24, -50.48, 4, 1782302293.9289696
  259.33, -50.84, 4, 1782302293.9819937
  260.02, -51.07, 4, 1782302294.2280786
  261.03, -51.43, 4, 1782302294.363612
  261.54, -51.63, 4, 1782302294.3655884
  263.11, -52.26, 4, 1782302294.367497
  263.91, -52.60, 4, 1782302294.3699448
  265.10, -53.11, 4, 1782302294.3723605
  265.54, -53.30, 4, 1782302294.3828592
  266.66, -53.77, 4, 1782302294.6834023
  267.50, -54.09, 4, 1782302294.8206794
  268.95, -54.61, 4, 1782302294.8230803
  269.51, -54.80, 4, 1782302294.8252125
  270.91, -55.28, 4, 1782302294.827169
  271.51, -55.49, 4, 1782302294.829088
  273.36, -56.22, 4, 1782302294.8311355
  273.98, -56.49, 4, 1782302294.8627214
  275.15, -57.01, 4, 1782302295.1351354
  275.47, -57.16, 4, 1782302295.2915835
  276.80, -57.82, 4, 1782302295.2941263
  277.25, -58.05, 4, 1782302295.2962103
  278.44, -58.62, 4, 1782302295.2981203
  278.96, -58.85, 4, 1782302295.2999961
  280.26, -59.40, 4, 1782302295.3029387
  281.12, -59.75, 4, 1782302295.595521
  282.67, -60.38, 4, 1782302295.758725
  283.47, -60.72, 4, 1782302295.760829
  284.80, -61.32, 4, 1782302295.7627153
  285.28, -61.56, 4, 1782302295.7645864
  286.56, -62.18, 4, 1782302295.7664514
  287.09, -62.45, 4, 1782302295.7683516
  288.96, -63.39, 4, 1782302295.7892137
  289.57, -63.69, 4, 1782302296.1104338
  291.05, -64.37, 4, 1782302296.2877002
  291.90, -64.74, 4, 1782302296.2902725
  293.41, -65.38, 4, 1782302296.2932956
  293.95, -65.62, 4, 1782302296.29551
  295.16, -66.16, 4, 1782302296.29769
  295.85, -66.47, 4, 1782302296.299979
  296.90, -66.95, 4, 1782302296.3024898
  297.35, -67.17, 4, 1782302296.3048506
  298.68, -67.82, 4, 1782302296.6244764
  299.45, -68.21, 4, 1782302296.794543
  300.70, -68.86, 4, 1782302296.7966306
  301.22, -69.13, 4, 1782302296.7989228
  302.63, -69.79, 4, 1782302296.8009665
  303.52, -70.16, 4, 1782302296.804246
  304.49, -70.55, 4, 1782302296.8066692
  304.90, -70.72, 4, 1782302296.8089821
  306.15, -71.22, 4, 1782302297.128408
  306.79, -71.49, 4, 1782302297.2778413
  308.69, -72.37, 4, 1782302297.2801447
  309.37, -72.70, 4, 1782302297.282234
  310.99, -73.49, 4, 1782302297.2844236
  311.91, -73.92, 4, 1782302297.2864752
  313.13, -74.47, 4, 1782302297.2911932
  314.02, -74.85, 4, 1782302297.2932873
  315.44, -75.43, 4, 1782302297.6822226
  315.86, -75.61, 4, 1782302297.858606
  317.33, -76.24, 4, 1782302297.860836
  317.94, -76.52, 4, 1782302297.8626974
  319.45, -77.23, 4, 1782302297.864539
  320.35, -77.68, 4, 1782302297.8664036
  321.92, -78.48, 4, 1782302297.8683028
  322.58, -78.81, 4, 1782302297.871524
  324.08, -79.55, 4, 1782302297.8734777
  324.89, -79.93, 4, 1782302297.8754067
  326.45, -80.62, 4, 1782302298.3848753
  327.09, -80.90, 4, 1782302298.390757
  328.49, -81.49, 4, 1782302298.393217
  329.15, -81.78, 4, 1782302298.3958766
  330.86, -82.54, 4, 1782302298.3983202
  331.35, -82.77, 4, 1782302298.4005191
  332.67, -83.45, 4, 1782302298.733738
  333.65, -83.99, 4, 1782302298.9092882
  335.23, -84.88, 4, 1782302298.9113827
  335.82, -85.20, 4, 1782302298.9133053
  337.45, -86.03, 4, 1782302298.915371
  338.41, -86.48, 4, 1782302298.918768
  339.28, -86.88, 4, 1782302298.922311
  339.65, -87.06, 4, 1782302298.9248962
  341.05, -87.74, 4, 1782302298.9271753
  341.92, -88.18, 4, 1782302298.9291894
  343.04, -88.79, 4, 1782302298.931061
  343.82, -89.25, 4, 1782302299.4673011
  345.10, -90.00, 4, 1782302299.4735749
  345.89, -90.46, 4, 1782302299.4764724
  347.06, -91.09, 4, 1782302299.4793718
  347.53, -91.33, 4, 1782302299.8555474
  348.95, -91.99, 4, 1782302300.0511343
  349.90, -92.42, 4, 1782302300.0550344
  351.36, -93.08, 4, 1782302300.4559612
  351.95, -93.36, 4, 1782302301.1982892
  353.34, -94.07, 4, 1782302301.2032187
  354.16, -94.52, 4, 1782302301.206121
  355.62, -95.35, 4, 1782302301.208193
  356.24, -95.71, 4, 1782302301.2103486
  357.80, -96.56, 4, 1782302301.2125516
  358.56, -96.96, 4, 1782302301.214756
  359.98, -97.65, 4, 1782302301.217108
  360.62, -97.95, 4, 1782302301.2205708
  362.07, -98.66, 4, 1782302301.222834
  363.06, -99.17, 4, 1782302301.2247052
  364.42, -99.94, 4, 1782302301.2266114
  364.66, -100.09, 4, 1782302301.2284687
  364.88, -100.22, 4, 1782302301.5997968
  364.80, -100.17, 4, 1782302301.7925637
  365.05, -100.37, 4, 1782302301.7967257
  365.45, -100.70, 4, 1782302302.1543703
  366.64, -101.66, 4, 1782302302.353282
  367.09, -102.01, 4, 1782302302.7226212
  368.30, -102.84, 4, 1782302302.9040282
  368.72, -103.10, 4, 1782302302.907472
  369.79, -103.70, 4, 1782302302.9100096
  370.48, -104.08, 4, 1782302302.9122984
  371.57, -104.67, 4, 1782302302.9144719
  372.05, -104.94, 4, 1782302302.9167538
  373.22, -105.62, 4, 1782302302.9198067
  373.88, -106.03, 4, 1782302303.330886
  374.64, -106.53, 4, 1782302304.102375
  374.88, -106.69, 4, 1782302304.1077807
  375.77, -107.34, 4, 1782302304.109789
  376.44, -107.84, 4, 1782302304.4990447
  377.55, -108.66, 4, 1782302305.2761407
  378.03, -109.00, 4, 1782302305.2798226
  379.35, -109.87, 4, 1782302305.2820706
  380.36, -110.48, 4, 1782302305.2845142
  381.28, -111.04, 4, 1782302305.2886622
  381.31, -111.06, 4, 1782302305.6762578
  381.77, -111.36, 4, 1782302306.9441102
  382.26, -111.70, 4, 1782302307.5538108
  382.90, -112.14, 4, 1782302308.189144
  383.01, -112.22, 4, 1782302309.5250535
  383.02, -112.22, 4, 1782302310.1564507
  382.98, -112.19, 4, 1782302311.4634602
  383.03, -112.23, 4, 1782302312.121495
  383.06, -112.25, 4, 1782302312.774922
  383.16, -112.33, 4, 1782302313.3889
  383.31, -112.44, 4, 1782302313.391626
  384.00, -112.96, 4, 1782302314.6861017
  384.33, -113.22, 4, 1782302315.3430388
  384.96, -113.70, 4, 1782302315.9938128
  385.36, -114.00, 4, 1782302317.3443353
  386.25, -114.66, 4, 1782302318.167307
  386.62, -114.92, 4, 1782302318.172044
  387.56, -115.54, 4, 1782302318.1744044
  388.10, -115.87, 4, 1782302318.591822
  389.11, -116.44, 4, 1782302319.9241269
  389.48, -116.63, 4, 1782302320.6871824
  390.23, -117.01, 4, 1782302321.3875186
  390.64, -117.21, 4, 1782302322.0950196
  391.49, -117.61, 4, 1782302322.0978327
  391.87, -117.79, 4, 1782302322.8270714
  392.82, -118.27, 4, 1782302323.5367439
  393.48, -118.62, 4, 1782302324.2101057
  394.20, -119.02, 4, 1782302324.9167428
  394.61, -119.25, 4, 1782302325.62454
  395.76, -119.90, 4, 1782302325.822235
  396.50, -120.31, 4, 1782302325.824377
  397.55, -120.88, 4, 1782302326.2738907
  398.37, -121.29, 4, 1782302327.6102083
  399.54, -121.84, 4, 1782302328.3118083
  400.07, -122.06, 4, 1782302329.7199323
  400.17, -122.11, 4, 1782302330.3788428
  400.20, -122.12, 4, 1782302331.8279262
  400.26, -122.13, 4, 1782302332.5686364
  400.27, -122.13, 4, 1782302333.2829664
  400.29, -122.14, 4, 1782302334.6673741
  400.26, -122.13, 4, 1782302335.362155
  400.12, -122.12, 4, 1782302336.847873
  400.00, -122.13, 4, 1782302337.5170343
  399.80, -122.15, 4, 1782302338.9839072
  399.76, -122.15, 4, 1782302340.4227555
  399.74, -122.15, 4, 1782302341.2098377
  399.77, -122.15, 4, 1782302342.7061706
  399.69, -122.17, 4, 1782302343.4536374
  399.60, -122.20, 4, 1782302344.1746206
  399.55, -122.21, 4, 1782302345.6796682
  399.55, -122.21, 4, 1782302346.404997
  399.50, -122.23, 4, 1782302347.1117961
  399.51, -122.22, 4, 1782302348.49499
  399.93, -122.04, 4, 1782302349.2452152
  400.63, -121.73, 4, 1782302349.249216
  402.06, -121.10, 4, 1782302350.7346964
  402.65, -120.86, 4, 1782302351.4314156
  403.88, -120.38, 4, 1782302352.159062
  404.54, -120.10, 4, 1782302352.9372885
  405.70, -119.59, 4, 1782302354.395963
  406.05, -119.43, 4, 1782302355.1271422
  406.87, -119.08, 4, 1782302356.5921006
  407.43, -118.83, 4, 1782302358.0635414
  408.29, -118.43, 4, 1782302358.8845155
  408.83, -118.18, 4, 1782302359.6009293
  409.19, -118.01, 4, 1782302360.3967726
  409.24, -117.99, 4, 1782302361.89301
  409.35, -117.93, 4, 1782302362.6142473
  409.33, -117.94, 4, 1782302363.3877409
  409.52, -117.84, 4, 1782302364.1507006
  409.83, -117.68, 4, 1782302365.6780648
  410.51, -117.31, 4, 1782302367.2457974
  411.18, -116.94, 4, 1782302368.0638225
  412.60, -116.12, 4, 1782302368.8601222
  413.34, -115.68, 4, 1782302369.6138582
  414.63, -114.84, 4, 1782302370.3619573
  415.16, -114.49, 4, 1782302371.1128705
  416.40, -113.65, 4, 1782302372.621004
  417.22, -113.08, 4, 1782302373.3626845
  418.21, -112.35, 4, 1782302374.9855268
  418.42, -112.20, 4, 1782302375.718305
  419.07, -111.71, 4, 1782302377.3757777
  419.62, -111.29, 4, 1782302379.0666492
  420.89, -110.29, 4, 1782302379.8652337
  421.49, -109.82, 4, 1782302381.499084
  422.98, -108.68, 4, 1782302383.091265
  423.51, -108.26, 4, 1782302384.7513988
  425.20, -106.93, 4, 1782302385.5264778
  425.62, -106.62, 4, 1782302386.3084114
  426.87, -105.69, 4, 1782302387.110847
  427.67, -105.07, 4, 1782302388.6741235
  428.59, -104.33, 4, 1782302390.2565184
  429.39, -103.70, 4, 1782302391.0361989
  430.91, -102.49, 4, 1782302391.8380086
  431.78, -101.79, 4, 1782302392.714719
  433.17, -100.67, 4, 1782302394.322264
  433.60, -100.33, 4, 1782302396.0229268
  433.88, -100.11, 4, 1782302397.7482007
  433.86, -100.12, 4, 1782302399.3355834
  433.90, -100.09, 4, 1782302400.0850976
  433.99, -100.02, 4, 1782302401.7960098
  434.33, -99.77, 4, 1782302402.5998805
  434.45, -99.69, 4, 1782302404.3926213
  434.51, -99.65, 4, 1782302405.264706
  434.47, -99.68, 4, 1782302406.9077854
  434.53, -99.62, 4, 1782302407.768848
  434.84, -99.29, 4, 1782302409.506002
  435.45, -98.66, 4, 1782302411.2078
  435.60, -98.50, 4, 1782302411.2107062
  436.28, -97.77, 4, 1782302412.0057712
  436.64, -97.39, 4, 1782302412.8546085
  437.67, -96.30, 4, 1782302413.716944
  438.13, -95.80, 4, 1782302415.340312
  439.23, -94.60, 4, 1782302417.09465
  439.68, -94.11, 4, 1782302418.7190225
  440.21, -93.53, 4, 1782302419.586702
  440.48, -93.24, 4, 1782302420.4066496
  441.53, -92.12, 4, 1782302421.2172925
  442.11, -91.50, 4, 1782302422.1397715
  442.87, -90.69, 4, 1782302423.8689659
  443.49, -90.03, 4, 1782302424.8000576
  444.65, -88.82, 4, 1782302425.8757668
  445.24, -88.19, 4, 1782302425.8791652
  446.08, -87.30, 4, 1782302427.9164078
  446.37, -86.99, 4, 1782302429.81302
  447.22, -86.07, 4, 1782302431.5305269
  447.72, -85.53, 4, 1782302432.441324
  448.80, -84.36, 4, 1782302434.201804
  449.35, -83.79, 4, 1782302435.1638787
  450.49, -82.66, 4, 1782302437.050998
  451.07, -82.10, 4, 1782302438.7798245
  452.04, -81.21, 4, 1782302438.7820733
  452.49, -80.82, 4, 1782302439.67207
  453.70, -79.75, 4, 1782302441.5393004
  454.57, -78.96, 4, 1782302443.3034456
  455.84, -77.75, 4, 1782302445.1391606
  456.15, -77.45, 4, 1782302446.069972
  456.74, -76.87, 4, 1782302447.0450435
  457.33, -76.31, 4, 1782302448.9603164
  458.40, -75.32, 4, 1782302450.820494
  459.03, -74.76, 4, 1782302451.7145462
  459.73, -74.13, 4, 1782302453.5508993
  459.82, -74.06, 4, 1782302454.4855285
  460.29, -73.65, 4, 1782302456.3774426
  460.90, -73.12, 4, 1782302456.3879123
  462.18, -71.96, 4, 1782302456.3916073
  462.93, -71.27, 4, 1782302458.229866
  464.12, -70.16, 4, 1782302459.1972713
  464.58, -69.74, 4, 1782302459.2018387
  465.81, -68.63, 4, 1782302459.20464
  466.40, -68.10, 4, 1782302460.133236
  467.52, -67.10, 4, 1782302460.139422
  467.96, -66.71, 4, 1782302461.1174228

Waypoints (x, y):
  #1: 141.21, -10.11
  #2: 141.21, -10.11
  #3: 141.21, -10.11
  #4: 141.21, -10.11
  #5: 141.21, -10.11
  #6: 141.21, -10.11
  #7: 141.21, -10.11
  #8: 141.21, -10.11
  #9: 141.21, -10.11
  #10: 141.21, -10.11
  #11: 141.21, -10.11
  #12: 141.21, -10.11
  #13: 141.21, -10.11
  #14: 141.21, -10.11
  #15: 141.21, -10.11
  #16: 141.21, -10.11
  #17: 141.21, -10.11
  #18: 141.21, -10.11
  #19: 141.21, -10.11
  #20: 141.21, -10.11
  #21: 141.21, -10.11
  #22: 141.21, -10.11
  #23: 141.21, -10.11
  #24: 141.21, -10.11
  #25: 141.21, -10.11
  #26: 141.21, -10.11
  #27: 141.21, -10.11
  #28: 141.21, -10.11
  #29: 141.21, -10.11
  #30: 141.21, -10.11
  #31: 141.21, -10.11
  #32: 141.21, -10.11
  #33: 141.21, -10.11
  #34: 141.21, -10.11
  #35: 141.21, -10.11
  #36: 141.21, -10.11
  #37: 141.21, -10.11
  #38: 160.64, -14.66
  #39: 160.64, -14.66
  #40: 160.64, -14.66
  #41: 160.64, -14.66
  #42: 160.64, -14.66
  #43: 160.64, -14.66
  #44: 160.64, -14.66
  #45: 160.64, -14.66
  #46: 160.64, -14.66
  #47: 160.64, -14.66
  #48: 160.64, -14.66
  #49: 160.64, -14.66
  #50: 160.64, -14.66
  #51: 160.64, -14.66
  #52: 160.64, -14.66
  #53: 160.64, -14.66
  #54: 160.64, -14.66
  #55: 160.64, -14.66
  #56: 160.64, -14.66
  #57: 160.64, -14.66
  #58: 160.64, -14.66
  #59: 160.64, -14.66
  #60: 160.64, -14.66
  #61: 160.64, -14.66
  #62: 160.64, -14.66
  #63: 160.64, -14.66
  #64: 160.64, -14.66
  #65: 160.64, -14.66
  #66: 160.64, -14.66
  #67: 160.64, -14.66
  #68: 160.64, -14.66
  #69: 160.64, -14.66
  #70: 160.64, -14.66
  #71: 160.64, -14.66
  #72: 160.64, -14.66
  #73: 160.64, -14.66
  #74: 160.64, -14.66
  #75: 160.64, -14.66
  #76: 160.64, -14.66
  #77: 160.64, -14.66
  #78: 179.57, -20.12
  #79: 179.57, -20.12
  #80: 179.57, -20.12
  #81: 179.57, -20.12
  #82: 179.57, -20.12
  #83: 179.57, -20.12
  #84: 179.57, -20.12
  #85: 179.57, -20.12
  #86: 179.57, -20.12
  #87: 179.57, -20.12
  #88: 179.57, -20.12
  #89: 179.57, -20.12
  #90: 179.57, -20.12
  #91: 179.57, -20.12
  #92: 179.57, -20.12
  #93: 179.57, -20.12
  #94: 179.57, -20.12
  #95: 179.57, -20.12
  #96: 179.57, -20.12
  #97: 179.57, -20.12
  #98: 179.57, -20.12
  #99: 179.57, -20.12
  #100: 179.57, -20.12
  #101: 179.57, -20.12
  #102: 179.57, -20.12
  #103: 179.57, -20.12
  #104: 179.57, -20.12
  #105: 179.57, -20.12
  #106: 179.57, -20.12
  #107: 179.57, -20.12
  #108: 179.57, -20.12
  #109: 179.57, -20.12
  #110: 179.57, -20.12
  #111: 179.57, -20.12
  #112: 179.57, -20.12
  #113: 179.57, -20.12
  #114: 179.57, -20.12
  #115: 179.57, -20.12
  #116: 179.57, -20.12
  #117: 179.57, -20.12
  #118: 179.57, -20.12
  #119: 179.57, -20.12
  #120: 197.24, -25.67
  #121: 197.24, -25.67
  #122: 197.24, -25.67
  #123: 197.24, -25.67
  #124: 197.24, -25.67
  #125: 197.24, -25.67
  #126: 197.24, -25.67
  #127: 197.24, -25.67
  #128: 197.24, -25.67
  #129: 197.24, -25.67
  #130: 197.24, -25.67
  #131: 197.24, -25.67
  #132: 197.24, -25.67
  #133: 197.24, -25.67
  #134: 197.24, -25.67
  #135: 197.24, -25.67
  #136: 197.24, -25.67
  #137: 197.24, -25.67
  #138: 197.24, -25.67
  #139: 197.24, -25.67
  #140: 197.24, -25.67
  #141: 197.24, -25.67
  #142: 197.24, -25.67
  #143: 197.24, -25.67
  #144: 197.24, -25.67
  #145: 197.24, -25.67
  #146: 197.24, -25.67
  #147: 197.24, -25.67
  #148: 197.24, -25.67
  #149: 197.24, -25.67
  #150: 197.24, -25.67
  #151: 197.24, -25.67
  #152: 197.24, -25.67
  #153: 197.24, -25.67
  #154: 197.24, -25.67
  #155: 197.24, -25.67
  #156: 197.24, -25.67
  #157: 197.24, -25.67
  #158: 197.24, -25.67
  #159: 197.24, -25.67
  #160: 197.24, -25.67
  #161: 197.24, -25.67
  #162: 197.24, -25.67
  #163: 197.24, -25.67
  #164: 197.24, -25.67
  #165: 197.24, -25.67
  #166: 197.24, -25.67
  #167: 197.24, -25.67
  #168: 197.24, -25.67
  #169: 197.24, -25.67
  #170: 197.24, -25.67
  #171: 197.24, -25.67
  #172: 197.24, -25.67
  #173: 197.24, -25.67
  #174: 197.24, -25.67
  #175: 197.24, -25.67
  #176: 197.24, -25.67
  #177: 197.24, -25.67
  #178: 197.24, -25.67
  #179: 197.24, -25.67
  #180: 197.24, -25.67
  #181: 197.24, -25.67
  #182: 197.24, -25.67
  #183: 197.24, -25.67
  #184: 197.24, -25.67
  #185: 197.24, -25.67
  #186: 197.24, -25.67
  #187: 197.24, -25.67
  #188: 197.24, -25.67
  #189: 197.24, -25.67
  #190: 197.24, -25.67
  #191: 197.24, -25.67
  #192: 197.24, -25.67
  #193: 197.24, -25.67
  #194: 216.01, -32.08
  #195: 216.01, -32.08
  #196: 216.01, -32.08
  #197: 216.01, -32.08
  #198: 216.01, -32.08
  #199: 216.01, -32.08
  #200: 216.01, -32.08
  #201: 216.01, -32.08
  #202: 216.01, -32.08
  #203: 216.01, -32.08
  #204: 216.01, -32.08
  #205: 216.01, -32.08
  #206: 216.01, -32.08
  #207: 216.01, -32.08
  #208: 216.01, -32.08
  #209: 216.01, -32.08
  #210: 216.01, -32.08
  #211: 216.01, -32.08
  #212: 216.01, -32.08
  #213: 216.01, -32.08
  #214: 216.01, -32.08
  #215: 216.01, -32.08
  #216: 216.01, -32.08
  #217: 216.01, -32.08
  #218: 216.01, -32.08
  #219: 216.01, -32.08
  #220: 234.46, -39.98
  #221: 234.46, -39.98
  #222: 234.46, -39.98
  #223: 234.46, -39.98
  #224: 234.46, -39.98
  #225: 234.46, -39.98
  #226: 234.46, -39.98
  #227: 234.46, -39.98
  #228: 234.46, -39.98
  #229: 234.46, -39.98
  #230: 234.46, -39.98
  #231: 234.46, -39.98
  #232: 234.46, -39.98
  #233: 234.46, -39.98
  #234: 234.46, -39.98
  #235: 234.46, -39.98
  #236: 234.46, -39.98
  #237: 234.46, -39.98
  #238: 234.46, -39.98
  #239: 234.46, -39.98
  #240: 234.46, -39.98
  #241: 234.46, -39.98
  #242: 234.46, -39.98
  #243: 252.77, -48.41
  #244: 252.77, -48.41
  #245: 252.77, -48.41
  #246: 252.77, -48.41
  #247: 252.77, -48.41
  #248: 252.77, -48.41
  #249: 252.77, -48.41
  #250: 252.77, -48.41
  #251: 252.77, -48.41
  #252: 252.77, -48.41
  #253: 252.77, -48.41
  #254: 252.77, -48.41
  #255: 252.77, -48.41
  #256: 252.77, -48.41
  #257: 252.77, -48.41
  #258: 252.77, -48.41
  #259: 252.77, -48.41
  #260: 252.77, -48.41
  #261: 252.77, -48.41
  #262: 252.77, -48.41
  #263: 271.51, -55.49
  #264: 271.51, -55.49
  #265: 271.51, -55.49
  #266: 271.51, -55.49
  #267: 271.51, -55.49
  #268: 271.51, -55.49
  #269: 271.51, -55.49
  #270: 271.51, -55.49
  #271: 271.51, -55.49
  #272: 271.51, -55.49
  #273: 271.51, -55.49
  #274: 271.51, -55.49
  #275: 271.51, -55.49
  #276: 271.51, -55.49
  #277: 271.51, -55.49
  #278: 271.51, -55.49
  #279: 271.51, -55.49
  #280: 271.51, -55.49
  #281: 271.51, -55.49
  #282: 289.87, -63.83
  #283: 289.87, -63.83
  #284: 289.87, -63.83
  #285: 289.87, -63.83
  #286: 289.87, -63.83
  #287: 289.87, -63.83
  #288: 289.87, -63.83
  #289: 289.87, -63.83
  #290: 289.87, -63.83
  #291: 289.87, -63.83
  #292: 289.87, -63.83
  #293: 289.87, -63.83
  #294: 289.87, -63.83
  #295: 289.87, -63.83
  #296: 289.87, -63.83
  #297: 289.87, -63.83
  #298: 289.87, -63.83
  #299: 289.87, -63.83
  #300: 308.36, -72.21
  #301: 308.36, -72.21
  #302: 308.36, -72.21
  #303: 308.36, -72.21
  #304: 308.36, -72.21
  #305: 308.36, -72.21
  #306: 308.36, -72.21
  #307: 308.36, -72.21
  #308: 308.36, -72.21
  #309: 308.36, -72.21
  #310: 308.36, -72.21
  #311: 308.36, -72.21
  #312: 308.36, -72.21
  #313: 308.36, -72.21
  #314: 308.36, -72.21
  #315: 308.36, -72.21
  #316: 308.36, -72.21
  #317: 326.78, -80.77
  #318: 326.78, -80.77
  #319: 326.78, -80.77
  #320: 326.78, -80.77
  #321: 326.78, -80.77
  #322: 326.78, -80.77
  #323: 326.78, -80.77
  #324: 326.78, -80.77
  #325: 326.78, -80.77
  #326: 326.78, -80.77
  #327: 326.78, -80.77
  #328: 326.78, -80.77
  #329: 326.78, -80.77
  #330: 326.78, -80.77
  #331: 326.78, -80.77
  #332: 326.78, -80.77
  #333: 326.78, -80.77
  #334: 344.82, -89.84
  #335: 344.82, -89.84
  #336: 344.82, -89.84
  #337: 344.82, -89.84
  #338: 344.82, -89.84
  #339: 344.82, -89.84
  #340: 344.82, -89.84
  #341: 344.82, -89.84
  #342: 344.82, -89.84
  #343: 344.82, -89.84
  #344: 344.82, -89.84
  #345: 344.82, -89.84
  #346: 344.82, -89.84
  #347: 344.82, -89.84
  #348: 344.82, -89.84
  #349: 344.82, -89.84
  #350: 344.82, -89.84
  #351: 362.72, -99.00
  #352: 362.72, -99.00
  #353: 362.72, -99.00
  #354: 362.72, -99.00
  #355: 362.72, -99.00
  #356: 362.72, -99.00
  #357: 362.72, -99.00
  #358: 362.72, -99.00
  #359: 362.72, -99.00
  #360: 362.72, -99.00
  #361: 362.72, -99.00
  #362: 362.72, -99.00
  #363: 362.72, -99.00
  #364: 362.72, -99.00
  #365: 362.72, -99.00
  #366: 362.72, -99.00
  #367: 362.72, -99.00
  #368: 362.72, -99.00
  #369: 362.72, -99.00
  #370: 362.72, -99.00
  #371: 362.72, -99.00
  #372: 362.72, -99.00
  #373: 362.72, -99.00
  #374: 379.35, -109.87
  #375: 379.35, -109.87
  #376: 379.35, -109.87
  #377: 379.35, -109.87
  #378: 379.35, -109.87
  #379: 379.35, -109.87
  #380: 379.35, -109.87
  #381: 379.35, -109.87
  #382: 379.35, -109.87
  #383: 379.35, -109.87
  #384: 379.35, -109.87
  #385: 379.35, -109.87
  #386: 379.35, -109.87
  #387: 379.35, -109.87
  #388: 379.35, -109.87
  #389: 379.35, -109.87
  #390: 379.35, -109.87
  #391: 379.35, -109.87
  #392: 379.35, -109.87
  #393: 379.35, -109.87
  #394: 379.35, -109.87
  #395: 379.35, -109.87
  #396: 379.35, -109.87
  #397: 379.35, -109.87
  #398: 379.35, -109.87
  #399: 379.35, -109.87
  #400: 379.35, -109.87
  #401: 379.35, -109.87
  #402: 379.35, -109.87
  #403: 379.35, -109.87
  #404: 379.35, -109.87
  #405: 379.35, -109.87
  #406: 379.35, -109.87
  #407: 396.50, -120.31
  #408: 396.50, -120.31
  #409: 396.50, -120.31
  #410: 396.50, -120.31
  #411: 396.50, -120.31
  #412: 396.50, -120.31
  #413: 396.50, -120.31
  #414: 396.50, -120.31
  #415: 396.50, -120.31
  #416: 396.50, -120.31
  #417: 396.50, -120.31
  #418: 396.50, -120.31
  #419: 396.50, -120.31
  #420: 396.50, -120.31
  #421: 396.50, -120.31
  #422: 396.50, -120.31
  #423: 396.50, -120.31
  #424: 396.50, -120.31
  #425: 396.50, -120.31
  #426: 396.50, -120.31
  #427: 396.50, -120.31
  #428: 396.50, -120.31
  #429: 396.50, -120.31
  #430: 396.50, -120.31
  #431: 396.50, -120.31
  #432: 396.50, -120.31
  #433: 396.50, -120.31
  #434: 396.50, -120.31
  #435: 396.50, -120.31
  #436: 396.50, -120.31
  #437: 396.50, -120.31
  #438: 396.50, -120.31
  #439: 396.50, -120.31
  #440: 396.50, -120.31
  #441: 396.50, -120.31
  #442: 396.50, -120.31
  #443: 396.50, -120.31
  #444: 396.50, -120.31
  #445: 396.50, -120.31
  #446: 396.50, -120.31
  #447: 396.50, -120.31
  #448: 396.50, -120.31
  #449: 396.50, -120.31
  #450: 396.50, -120.31
  #451: 413.10, -115.83
  #452: 413.10, -115.83
  #453: 413.10, -115.83
  #454: 413.10, -115.83
  #455: 413.10, -115.83
  #456: 413.10, -115.83
  #457: 413.10, -115.83
  #458: 413.10, -115.83
  #459: 413.10, -115.83
  #460: 413.10, -115.83
  #461: 413.10, -115.83
  #462: 413.10, -115.83
  #463: 413.10, -115.83
  #464: 413.10, -115.83
  #465: 413.10, -115.83
  #466: 413.10, -115.83
  #467: 413.10, -115.83
  #468: 413.10, -115.83
  #469: 429.39, -103.70
  #470: 429.39, -103.70
  #471: 429.39, -103.70
  #472: 429.39, -103.70
  #473: 429.39, -103.70
  #474: 429.39, -103.70
  #475: 429.39, -103.70
  #476: 429.39, -103.70
  #477: 429.39, -103.70
  #478: 429.39, -103.70
  #479: 429.39, -103.70
  #480: 429.39, -103.70
  #481: 429.39, -103.70
  #482: 429.39, -103.70
  #483: 429.39, -103.70
  #484: 429.39, -103.70
  #485: 429.39, -103.70
  #486: 429.39, -103.70
  #487: 429.39, -103.70
  #488: 429.39, -103.70
  #489: 429.39, -103.70
  #490: 429.39, -103.70
  #491: 429.39, -103.70
  #492: 429.39, -103.70
  #493: 429.39, -103.70
  #494: 429.39, -103.70
  #495: 429.39, -103.70
  #496: 429.39, -103.70
  #497: 429.39, -103.70
  #498: 443.71, -89.80
  #499: 443.71, -89.80
  #500: 443.71, -89.80
  #501: 443.71, -89.80
  #502: 443.71, -89.80
  #503: 443.71, -89.80
  #504: 443.71, -89.80
  #505: 443.71, -89.80
  #506: 443.71, -89.80
  #507: 443.71, -89.80
  #508: 443.71, -89.80
  #509: 443.71, -89.80
  #510: 443.71, -89.80
  #511: 443.71, -89.80
  #512: 443.71, -89.80
  #513: 443.71, -89.80
  #514: 443.71, -89.80
  #515: 443.71, -89.80
  #516: 458.16, -75.54
  #517: 458.16, -75.54
  #518: 458.16, -75.54
  #519: 458.16, -75.54
  #520: 458.16, -75.54
  #521: 458.16, -75.54
  #522: 458.16, -75.54
  #523: 458.16, -75.54
  #524: 458.16, -75.54
  #525: 458.16, -75.54
  #526: 458.16, -75.54
  #527: 458.16, -75.54
  #528: 458.16, -75.54

Raw Data Log:
  [2026-06-24T19:57:35.219116] I: {'ins_mode': 4, 'realtime_x': 10.64, 'realtime_y': 1.04, 'target_x': 0.0, 'target_y': 0.0, 'yaw_ins': 0.0, 'dis_ins': 0.0}
  [2026-06-24T19:57:35.261611] I: {'ins_mode': 4, 'realtime_x': 10.65, 'realtime_y': 1.04, 'target_x': 0.0, 'target_y': 0.0, 'yaw_ins': 0.0, 'dis_ins': 0.0}
  [2026-06-24T19:57:35.349197] I: {'ins_mode': 4, 'realtime_x': 10.68, 'realtime_y': 1.04, 'target_x': 0.0, 'target_y': 0.0, 'yaw_ins': 0.0, 'dis_ins': 0.0}
  [2026-06-24T19:57:35.381082] I: {'ins_mode': 4, 'realtime_x': 10.68, 'realtime_y': 1.04, 'target_x': 0.0, 'target_y': 0.0, 'yaw_ins': 0.0, 'dis_ins': 0.0}
  [2026-06-24T19:57:35.454028] I: {'ins_mode': 4, 'realtime_x': 10.68, 'realtime_y': 1.05, 'target_x': 0.0, 'target_y': 0.0, 'yaw_ins': 0.0, 'dis_ins': 0.0}
  [2026-06-24T19:57:35.496555] I: {'ins_mode': 4, 'realtime_x': 10.72, 'realtime_y': 1.05, 'target_x': 0.0, 'target_y': 0.0, 'yaw_ins': 0.0, 'dis_ins': 0.0}
  [2026-06-24T19:57:35.588845] I: {'ins_mode': 4, 'realtime_x': 10.85, 'realtime_y': 1.07, 'target_x': 0.0, 'target_y': 0.0, 'yaw_ins': 0.0, 'dis_ins': 0.0}
  [2026-06-24T19:57:35.620453] I: {'ins_mode': 4, 'realtime_x': 10.9, 'realtime_y': 1.08, 'target_x': 0.0, 'target_y': 0.0, 'yaw_ins': 0.0, 'dis_ins': 0.0}
  [2026-06-24T19:57:35.694178] I: {'ins_mode': 4, 'realtime_x': 11.01, 'realtime_y': 1.1, 'target_x': 0.0, 'target_y': 0.0, 'yaw_ins': 0.0, 'dis_ins': 0.0}
  [2026-06-24T19:57:35.736739] I: {'ins_mode': 4, 'realtime_x': 11.1, 'realtime_y': 1.11, 'target_x': 0.0, 'target_y': 0.0, 'yaw_ins': 0.0, 'dis_ins': 0.0}
  [2026-06-24T19:57:35.815071] I: {'ins_mode': 4, 'realtime_x': 11.34, 'realtime_y': 1.15, 'target_x': 0.0, 'target_y': 0.0, 'yaw_ins': 0.0, 'dis_ins': 0.0}
  [2026-06-24T19:57:35.858188] I: {'ins_mode': 4, 'realtime_x': 11.42, 'realtime_y': 1.17, 'target_x': 0.0, 'target_y': 0.0, 'yaw_ins': 0.0, 'dis_ins': 0.0}
  [2026-06-24T19:57:35.942568] I: {'ins_mode': 4, 'realtime_x': 11.78, 'realtime_y': 1.22, 'target_x': 0.0, 'target_y': 0.0, 'yaw_ins': 0.0, 'dis_ins': 0.0}
  [2026-06-24T19:57:35.973744] I: {'ins_mode': 4, 'realtime_x': 11.88, 'realtime_y': 1.23, 'target_x': 0.0, 'target_y': 0.0, 'yaw_ins': 0.0, 'dis_ins': 0.0}
  [2026-06-24T19:57:36.059028] I: {'ins_mode': 4, 'realtime_x': 12.12, 'realtime_y': 1.27, 'target_x': 0.0, 'target_y': 0.0, 'yaw_ins': 0.0, 'dis_ins': 0.0}
  [2026-06-24T19:57:36.101501] I: {'ins_mode': 4, 'realtime_x': 12.26, 'realtime_y': 1.29, 'target_x': 0.0, 'target_y': 0.0, 'yaw_ins': 0.0, 'dis_ins': 0.0}
  [2026-06-24T19:57:36.175623] I: {'ins_mode': 4, 'realtime_x': 12.39, 'realtime_y': 1.31, 'target_x': 0.0, 'target_y': 0.0, 'yaw_ins': 0.0, 'dis_ins': 0.0}
  [2026-06-24T19:57:36.233108] I: {'ins_mode': 4, 'realtime_x': 12.42, 'realtime_y': 1.32, 'target_x': 0.0, 'target_y': 0.0, 'yaw_ins': 0.0, 'dis_ins': 0.0}
  [2026-06-24T19:57:36.296227] I: {'ins_mode': 4, 'realtime_x': 12.63, 'realtime_y': 1.35, 'target_x': 0.0, 'target_y': 0.0, 'yaw_ins': 0.0, 'dis_ins': 0.0}
  [2026-06-24T19:57:36.338292] I: {'ins_mode': 4, 'realtime_x': 12.64, 'realtime_y': 1.35, 'target_x': 0.0, 'target_y': 0.0, 'yaw_ins': 0.0, 'dis_ins': 0.0}
  [2026-06-24T19:57:36.425859] I: {'ins_mode': 4, 'realtime_x': 12.67, 'realtime_y': 1.36, 'target_x': 0.0, 'target_y': 0.0, 'yaw_ins': 0.0, 'dis_ins': 0.0}
  [2026-06-24T19:57:36.462036] I: {'ins_mode': 4, 'realtime_x': 12.73, 'realtime_y': 1.37, 'target_x': 0.0, 'target_y': 0.0, 'yaw_ins': 0.0, 'dis_ins': 0.0}
  [2026-06-24T19:57:36.534828] I: {'ins_mode': 4, 'realtime_x': 12.88, 'realtime_y': 1.39, 'target_x': 0.0, 'target_y': 0.0, 'yaw_ins': 0.0, 'dis_ins': 0.0}
  [2026-06-24T19:57:36.577255] I: {'ins_mode': 4, 'realtime_x': 12.84, 'realtime_y': 1.38, 'target_x': 0.0, 'target_y': 0.0, 'yaw_ins': 0.0, 'dis_ins': 0.0}
  [2026-06-24T19:57:36.672988] I: {'ins_mode': 4, 'realtime_x': 12.86, 'realtime_y': 1.38, 'target_x': 0.0, 'target_y': 0.0, 'yaw_ins': 0.0, 'dis_ins': 0.0}
  [2026-06-24T19:57:36.694199] I: {'ins_mode': 4, 'realtime_x': 12.98, 'realtime_y': 1.4, 'target_x': 0.0, 'target_y': 0.0, 'yaw_ins': 0.0, 'dis_ins': 0.0}
  [2026-06-24T19:57:36.777798] I: {'ins_mode': 4, 'realtime_x': 13.44, 'realtime_y': 1.45, 'target_x': 0.0, 'target_y': 0.0, 'yaw_ins': 0.0, 'dis_ins': 0.0}
  [2026-06-24T19:57:36.820451] I: {'ins_mode': 4, 'realtime_x': 13.64, 'realtime_y': 1.46, 'target_x': 0.0, 'target_y': 0.0, 'yaw_ins': 0.0, 'dis_ins': 0.0}
  [2026-06-24T19:57:36.895231] I: {'ins_mode': 4, 'realtime_x': 14.31, 'realtime_y': 1.5, 'target_x': 0.0, 'target_y': 0.0, 'yaw_ins': 0.0, 'dis_ins': 0.0}
  [2026-06-24T19:57:36.938037] I: {'ins_mode': 4, 'realtime_x': 14.38, 'realtime_y': 1.51, 'target_x': 0.0, 'target_y': 0.0, 'yaw_ins': 0.0, 'dis_ins': 0.0}
  [2026-06-24T19:57:37.022399] I: {'ins_mode': 4, 'realtime_x': 14.96, 'realtime_y': 1.56, 'target_x': 0.0, 'target_y': 0.0, 'yaw_ins': 0.0, 'dis_ins': 0.0}
  [2026-06-24T19:57:37.055079] I: {'ins_mode': 4, 'realtime_x': 15.51, 'realtime_y': 1.62, 'target_x': 0.0, 'target_y': 0.0, 'yaw_ins': 0.0, 'dis_ins': 0.0}
  [2026-06-24T19:57:37.135752] I: {'ins_mode': 4, 'realtime_x': 16.27, 'realtime_y': 1.72, 'target_x': 0.0, 'target_y': 0.0, 'yaw_ins': 0.0, 'dis_ins': 0.0}
  [2026-06-24T19:57:37.178134] I: {'ins_mode': 4, 'realtime_x': 16.74, 'realtime_y': 1.79, 'target_x': 0.0, 'target_y': 0.0, 'yaw_ins': 0.0, 'dis_ins': 0.0}
  [2026-06-24T19:57:37.262019] I: {'ins_mode': 4, 'realtime_x': 17.5, 'realtime_y': 1.92, 'target_x': 0.0, 'target_y': 0.0, 'yaw_ins': 0.0, 'dis_ins': 0.0}
  [2026-06-24T19:57:37.298595] I: {'ins_mode': 4, 'realtime_x': 17.74, 'realtime_y': 1.96, 'target_x': 0.0, 'target_y': 0.0, 'yaw_ins': 0.0, 'dis_ins': 0.0}
  [2026-06-24T19:57:37.382721] I: {'ins_mode': 4, 'realtime_x': 17.7, 'realtime_y': 1.95, 'target_x': 0.0, 'target_y': 0.0, 'yaw_ins': 0.0, 'dis_ins': 0.0}
  [2026-06-24T19:57:37.414254] I: {'ins_mode': 4, 'realtime_x': 17.66, 'realtime_y': 1.95, 'target_x': 0.0, 'target_y': 0.0, 'yaw_ins': 0.0, 'dis_ins': 0.0}
  [2026-06-24T19:57:37.507665] I: {'ins_mode': 4, 'realtime_x': 17.41, 'realtime_y': 1.92, 'target_x': 0.0, 'target_y': 0.0, 'yaw_ins': 0.0, 'dis_ins': 0.0}
  [2026-06-24T19:57:37.540365] I: {'ins_mode': 4, 'realtime_x': 17.32, 'realtime_y': 1.91, 'target_x': 0.0, 'target_y': 0.0, 'yaw_ins': 0.0, 'dis_ins': 0.0}
  [2026-06-24T19:57:37.623630] I: {'ins_mode': 4, 'realtime_x': 17.4, 'realtime_y': 1.91, 'target_x': 0.0, 'target_y': 0.0, 'yaw_ins': 0.0, 'dis_ins': 0.0}
  [2026-06-24T19:57:37.659130] I: {'ins_mode': 4, 'realtime_x': 17.58, 'realtime_y': 1.92, 'target_x': 0.0, 'target_y': 0.0, 'yaw_ins': 0.0, 'dis_ins': 0.0}
  [2026-06-24T19:57:37.758867] I: {'ins_mode': 4, 'realtime_x': 18.45, 'realtime_y': 1.97, 'target_x': 0.0, 'target_y': 0.0, 'yaw_ins': 0.0, 'dis_ins': 0.0}
  [2026-06-24T19:57:37.779876] I: {'ins_mode': 4, 'realtime_x': 19.04, 'realtime_y': 2.01, 'target_x': 0.0, 'target_y': 0.0, 'yaw_ins': 0.0, 'dis_ins': 0.0}
  [2026-06-24T19:57:37.862908] I: {'ins_mode': 4, 'realtime_x': 20.99, 'realtime_y': 2.17, 'target_x': 0.0, 'target_y': 0.0, 'yaw_ins': 0.0, 'dis_ins': 0.0}
  [2026-06-24T19:57:37.894736] I: {'ins_mode': 4, 'realtime_x': 21.32, 'realtime_y': 2.2, 'target_x': 0.0, 'target_y': 0.0, 'yaw_ins': 0.0, 'dis_ins': 0.0}
  [2026-06-24T19:57:37.982818] I: {'ins_mode': 4, 'realtime_x': 21.33, 'realtime_y': 2.2, 'target_x': 0.0, 'target_y': 0.0, 'yaw_ins': 0.0, 'dis_ins': 0.0}
  [2026-06-24T19:57:38.014752] I: {'ins_mode': 4, 'realtime_x': 21.24, 'realtime_y': 2.19, 'target_x': 0.0, 'target_y': 0.0, 'yaw_ins': 0.0, 'dis_ins': 0.0}
  [2026-06-24T19:57:38.098598] I: {'ins_mode': 4, 'realtime_x': 21.16, 'realtime_y': 2.18, 'target_x': 0.0, 'target_y': 0.0, 'yaw_ins': 0.0, 'dis_ins': 0.0}
  [2026-06-24T19:57:38.141122] I: {'ins_mode': 4, 'realtime_x': 21.15, 'realtime_y': 2.18, 'target_x': 0.0, 'target_y': 0.0, 'yaw_ins': 0.0, 'dis_ins': 0.0}
  [2026-06-24T19:57:38.216228] I: {'ins_mode': 4, 'realtime_x': 21.16, 'realtime_y': 2.18, 'target_x': 0.0, 'target_y': 0.0, 'yaw_ins': 0.0, 'dis_ins': 0.0}
  [2026-06-24T19:57:38.257851] I: {'ins_mode': 4, 'realtime_x': 21.56, 'realtime_y': 2.23, 'target_x': 0.0, 'target_y': 0.0, 'yaw_ins': 0.0, 'dis_ins': 0.0}
  [2026-06-24T19:57:38.341827] I: {'ins_mode': 4, 'realtime_x': 22.8, 'realtime_y': 2.36, 'target_x': 0.0, 'target_y': 0.0, 'yaw_ins': 0.0, 'dis_ins': 0.0}
  [2026-06-24T19:57:38.382985] I: {'ins_mode': 4, 'realtime_x': 23.4, 'realtime_y': 2.43, 'target_x': 0.0, 'target_y': 0.0, 'yaw_ins': 0.0, 'dis_ins': 0.0}
  [2026-06-24T19:57:38.456840] I: {'ins_mode': 4, 'realtime_x': 24.67, 'realtime_y': 2.61, 'target_x': 0.0, 'target_y': 0.0, 'yaw_ins': 0.0, 'dis_ins': 0.0}
  [2026-06-24T19:57:38.499349] I: {'ins_mode': 4, 'realtime_x': 25.18, 'realtime_y': 2.67, 'target_x': 0.0, 'target_y': 0.0, 'yaw_ins': 0.0, 'dis_ins': 0.0}
  [2026-06-24T19:57:38.582930] I: {'ins_mode': 4, 'realtime_x': 25.53, 'realtime_y': 2.72, 'target_x': 0.0, 'target_y': 0.0, 'yaw_ins': 0.0, 'dis_ins': 0.0}
  [2026-06-24T19:57:38.624546] I: {'ins_mode': 4, 'realtime_x': 25.56, 'realtime_y': 2.72, 'target_x': 0.0, 'target_y': 0.0, 'yaw_ins': 0.0, 'dis_ins': 0.0}
  [2026-06-24T19:57:38.697986] I: {'ins_mode': 4, 'realtime_x': 25.63, 'realtime_y': 2.73, 'target_x': 0.0, 'target_y': 0.0, 'yaw_ins': 0.0, 'dis_ins': 0.0}
  [2026-06-24T19:57:38.741895] I: {'ins_mode': 4, 'realtime_x': 25.67, 'realtime_y': 2.74, 'target_x': 0.0, 'target_y': 0.0, 'yaw_ins': 0.0, 'dis_ins': 0.0}
  [2026-06-24T19:57:38.842603] I: {'ins_mode': 4, 'realtime_x': 25.67, 'realtime_y': 2.74, 'target_x': 0.0, 'target_y': 0.0, 'yaw_ins': 0.0, 'dis_ins': 0.0}
  [2026-06-24T19:57:38.853083] I: {'ins_mode': 4, 'realtime_x': 25.68, 'realtime_y': 2.74, 'target_x': 0.0, 'target_y': 0.0, 'yaw_ins': 0.0, 'dis_ins': 0.0}
  [2026-06-24T19:57:38.936938] I: {'ins_mode': 4, 'realtime_x': 26.23, 'realtime_y': 2.77, 'target_x': 0.0, 'target_y': 0.0, 'yaw_ins': 0.0, 'dis_ins': 0.0}
  [2026-06-24T19:57:38.979631] I: {'ins_mode': 4, 'realtime_x': 26.94, 'realtime_y': 2.81, 'target_x': 0.0, 'target_y': 0.0, 'yaw_ins': 0.0, 'dis_ins': 0.0}
  [2026-06-24T19:57:39.059430] I: {'ins_mode': 4, 'realtime_x': 28.7, 'realtime_y': 2.92, 'target_x': 0.0, 'target_y': 0.0, 'yaw_ins': 0.0, 'dis_ins': 0.0}
  [2026-06-24T19:57:39.101013] I: {'ins_mode': 4, 'realtime_x': 29.38, 'realtime_y': 2.98, 'target_x': 0.0, 'target_y': 0.0, 'yaw_ins': 0.0, 'dis_ins': 0.0}
  [2026-06-24T19:57:39.176791] I: {'ins_mode': 4, 'realtime_x': 29.95, 'realtime_y': 3.03, 'target_x': 0.0, 'target_y': 0.0, 'yaw_ins': 0.0, 'dis_ins': 0.0}
  [2026-06-24T19:57:39.218426] I: {'ins_mode': 4, 'realtime_x': 30.01, 'realtime_y': 3.04, 'target_x': 0.0, 'target_y': 0.0, 'yaw_ins': 0.0, 'dis_ins': 0.0}
  [2026-06-24T19:57:39.297062] I: {'ins_mode': 4, 'realtime_x': 30.14, 'realtime_y': 3.05, 'target_x': 0.0, 'target_y': 0.0, 'yaw_ins': 0.0, 'dis_ins': 0.0}
  [2026-06-24T19:57:39.339030] I: {'ins_mode': 4, 'realtime_x': 30.14, 'realtime_y': 3.05, 'target_x': 0.0, 'target_y': 0.0, 'yaw_ins': 0.0, 'dis_ins': 0.0}
  [2026-06-24T19:57:39.422768] I: {'ins_mode': 4, 'realtime_x': 30.14, 'realtime_y': 3.05, 'target_x': 0.0, 'target_y': 0.0, 'yaw_ins': 0.0, 'dis_ins': 0.0}
  [2026-06-24T19:57:39.462359] I: {'ins_mode': 4, 'realtime_x': 30.14, 'realtime_y': 3.05, 'target_x': 0.0, 'target_y': 0.0, 'yaw_ins': 0.0, 'dis_ins': 0.0}
  [2026-06-24T19:57:39.536078] I: {'ins_mode': 4, 'realtime_x': 30.52, 'realtime_y': 3.05, 'target_x': 0.0, 'target_y': 0.0, 'yaw_ins': 0.0, 'dis_ins': 0.0}
  [2026-06-24T19:57:39.578640] I: {'ins_mode': 4, 'realtime_x': 30.92, 'realtime_y': 3.05, 'target_x': 0.0, 'target_y': 0.0, 'yaw_ins': 0.0, 'dis_ins': 0.0}
  [2026-06-24T19:57:39.662464] I: {'ins_mode': 4, 'realtime_x': 32.55, 'realtime_y': 3.05, 'target_x': 0.0, 'target_y': 0.0, 'yaw_ins': 0.0, 'dis_ins': 0.0}
  [2026-06-24T19:57:39.700465] I: {'ins_mode': 4, 'realtime_x': 33.62, 'realtime_y': 3.08, 'target_x': 0.0, 'target_y': 0.0, 'yaw_ins': 0.0, 'dis_ins': 0.0}
  [2026-06-24T19:57:39.784118] I: {'ins_mode': 4, 'realtime_x': 34.59, 'realtime_y': 3.12, 'target_x': 0.0, 'target_y': 0.0, 'yaw_ins': 0.0, 'dis_ins': 0.0}
  [2026-06-24T19:57:39.815198] I: {'ins_mode': 4, 'realtime_x': 34.63, 'realtime_y': 3.12, 'target_x': 0.0, 'target_y': 0.0, 'yaw_ins': 0.0, 'dis_ins': 0.0}
  [2026-06-24T19:57:39.910980] I: {'ins_mode': 4, 'realtime_x': 34.63, 'realtime_y': 3.12, 'target_x': 0.0, 'target_y': 0.0, 'yaw_ins': 0.0, 'dis_ins': 0.0}
  [2026-06-24T19:57:39.942647] I: {'ins_mode': 4, 'realtime_x': 34.63, 'realtime_y': 3.12, 'target_x': 0.0, 'target_y': 0.0, 'yaw_ins': 0.0, 'dis_ins': 0.0}
  [2026-06-24T19:57:40.016232] I: {'ins_mode': 4, 'realtime_x': 34.63, 'realtime_y': 3.12, 'target_x': 0.0, 'target_y': 0.0, 'yaw_ins': 0.0, 'dis_ins': 0.0}
  [2026-06-24T19:57:40.057768] I: {'ins_mode': 4, 'realtime_x': 34.63, 'realtime_y': 3.12, 'target_x': 0.0, 'target_y': 0.0, 'yaw_ins': 0.0, 'dis_ins': 0.0}
  [2026-06-24T19:57:40.140126] I: {'ins_mode': 4, 'realtime_x': 34.76, 'realtime_y': 3.13, 'target_x': 0.0, 'target_y': 0.0, 'yaw_ins': 0.0, 'dis_ins': 0.0}
  [2026-06-24T19:57:40.181692] I: {'ins_mode': 4, 'realtime_x': 35.19, 'realtime_y': 3.14, 'target_x': 0.0, 'target_y': 0.0, 'yaw_ins': 0.0, 'dis_ins': 0.0}
  [2026-06-24T19:57:40.255105] I: {'ins_mode': 4, 'realtime_x': 36.6, 'realtime_y': 3.19, 'target_x': 0.0, 'target_y': 0.0, 'yaw_ins': 0.0, 'dis_ins': 0.0}
  [2026-06-24T19:57:40.302780] I: {'ins_mode': 4, 'realtime_x': 37.4, 'realtime_y': 3.24, 'target_x': 0.0, 'target_y': 0.0, 'yaw_ins': 0.0, 'dis_ins': 0.0}
  [2026-06-24T19:57:40.377489] I: {'ins_mode': 4, 'realtime_x': 38.84, 'realtime_y': 3.35, 'target_x': 0.0, 'target_y': 0.0, 'yaw_ins': 0.0, 'dis_ins': 0.0}
  [2026-06-24T19:57:40.419616] I: {'ins_mode': 4, 'realtime_x': 39.04, 'realtime_y': 3.37, 'target_x': 0.0, 'target_y': 0.0, 'yaw_ins': 0.0, 'dis_ins': 0.0}
  [2026-06-24T19:57:40.510515] I: {'ins_mode': 4, 'realtime_x': 39.03, 'realtime_y': 3.36, 'target_x': 0.0, 'target_y': 0.0, 'yaw_ins': 0.0, 'dis_ins': 0.0}
  [2026-06-24T19:57:40.537915] I: {'ins_mode': 4, 'realtime_x': 39.03, 'realtime_y': 3.36, 'target_x': 0.0, 'target_y': 0.0, 'yaw_ins': 0.0, 'dis_ins': 0.0}
  [2026-06-24T19:57:40.622580] I: {'ins_mode': 4, 'realtime_x': 39.03, 'realtime_y': 3.36, 'target_x': 0.0, 'target_y': 0.0, 'yaw_ins': 0.0, 'dis_ins': 0.0}
  [2026-06-24T19:57:40.654025] I: {'ins_mode': 4, 'realtime_x': 39.03, 'realtime_y': 3.36, 'target_x': 0.0, 'target_y': 0.0, 'yaw_ins': 0.0, 'dis_ins': 0.0}
  [2026-06-24T19:57:40.752436] I: {'ins_mode': 4, 'realtime_x': 39.07, 'realtime_y': 3.37, 'target_x': 0.0, 'target_y': 0.0, 'yaw_ins': 0.0, 'dis_ins': 0.0}
  [2026-06-24T19:57:40.773488] I: {'ins_mode': 4, 'realtime_x': 39.3, 'realtime_y': 3.38, 'target_x': 0.0, 'target_y': 0.0, 'yaw_ins': 0.0, 'dis_ins': 0.0}
  [2026-06-24T19:57:40.857034] I: {'ins_mode': 4, 'realtime_x': 40.59, 'realtime_y': 3.43, 'target_x': 0.0, 'target_y': 0.0, 'yaw_ins': 0.0, 'dis_ins': 0.0}
  [2026-06-24T19:57:40.899689] I: {'ins_mode': 4, 'realtime_x': 41.75, 'realtime_y': 3.5, 'target_x': 0.0, 'target_y': 0.0, 'yaw_ins': 0.0, 'dis_ins': 0.0}
  [2026-06-24T19:57:40.975527] I: {'ins_mode': 4, 'realtime_x': 43.17, 'realtime_y': 3.6, 'target_x': 0.0, 'target_y': 0.0, 'yaw_ins': 0.0, 'dis_ins': 0.0}
  [2026-06-24T19:57:41.017273] I: {'ins_mode': 4, 'realtime_x': 43.36, 'realtime_y': 3.61, 'target_x': 0.0, 'target_y': 0.0, 'yaw_ins': 0.0, 'dis_ins': 0.0}
  [2026-06-24T19:57:41.101622] I: {'ins_mode': 4, 'realtime_x': 43.5, 'realtime_y': 3.62, 'target_x': 0.0, 'target_y': 0.0, 'yaw_ins': 0.0, 'dis_ins': 0.0}
  [2026-06-24T19:57:41.145615] I: {'ins_mode': 4, 'realtime_x': 43.5, 'realtime_y': 3.62, 'target_x': 0.0, 'target_y': 0.0, 'yaw_ins': 0.0, 'dis_ins': 0.0}
  [2026-06-24T19:57:41.218477] I: {'ins_mode': 4, 'realtime_x': 43.5, 'realtime_y': 3.62, 'target_x': 0.0, 'target_y': 0.0, 'yaw_ins': 0.0, 'dis_ins': 0.0}
  [2026-06-24T19:57:41.260548] I: {'ins_mode': 4, 'realtime_x': 43.5, 'realtime_y': 3.62, 'target_x': 0.0, 'target_y': 0.0, 'yaw_ins': 0.0, 'dis_ins': 0.0}
  [2026-06-24T19:57:41.334225] I: {'ins_mode': 4, 'realtime_x': 43.51, 'realtime_y': 3.62, 'target_x': 0.0, 'target_y': 0.0, 'yaw_ins': 0.0, 'dis_ins': 0.0}
  [2026-06-24T19:57:41.393090] I: {'ins_mode': 4, 'realtime_x': 43.61, 'realtime_y': 3.61, 'target_x': 0.0, 'target_y': 0.0, 'yaw_ins': 0.0, 'dis_ins': 0.0}
  [2026-06-24T19:57:41.456110] I: {'ins_mode': 4, 'realtime_x': 44.07, 'realtime_y': 3.56, 'target_x': 0.0, 'target_y': 0.0, 'yaw_ins': 0.0, 'dis_ins': 0.0}
  [2026-06-24T19:57:41.498509] I: {'ins_mode': 4, 'realtime_x': 44.62, 'realtime_y': 3.48, 'target_x': 0.0, 'target_y': 0.0, 'yaw_ins': 0.0, 'dis_ins': 0.0}
  [2026-06-24T19:57:41.609146] I: {'ins_mode': 4, 'realtime_x': 46.02, 'realtime_y': 3.29, 'target_x': 0.0, 'target_y': 0.0, 'yaw_ins': 0.0, 'dis_ins': 0.0}
  [2026-06-24T19:57:41.621608] I: {'ins_mode': 4, 'realtime_x': 47.13, 'realtime_y': 3.18, 'target_x': 0.0, 'target_y': 0.0, 'yaw_ins': 0.0, 'dis_ins': 0.0}
  [2026-06-24T19:57:41.704673] I: {'ins_mode': 4, 'realtime_x': 47.9, 'realtime_y': 3.12, 'target_x': 0.0, 'target_y': 0.0, 'yaw_ins': 0.0, 'dis_ins': 0.0}
  [2026-06-24T19:57:41.736006] I: {'ins_mode': 4, 'realtime_x': 47.94, 'realtime_y': 3.12, 'target_x': 0.0, 'target_y': 0.0, 'yaw_ins': 0.0, 'dis_ins': 0.0}
  [2026-06-24T19:57:41.826822] I: {'ins_mode': 4, 'realtime_x': 47.95, 'realtime_y': 3.12, 'target_x': 0.0, 'target_y': 0.0, 'yaw_ins': 0.0, 'dis_ins': 0.0}
  [2026-06-24T19:57:41.858798] I: {'ins_mode': 4, 'realtime_x': 47.95, 'realtime_y': 3.12, 'target_x': 0.0, 'target_y': 0.0, 'yaw_ins': 0.0, 'dis_ins': 0.0}
  [2026-06-24T19:57:41.941677] I: {'ins_mode': 4, 'realtime_x': 47.95, 'realtime_y': 3.12, 'target_x': 0.0, 'target_y': 0.0, 'yaw_ins': 0.0, 'dis_ins': 0.0}
  [2026-06-24T19:57:41.984113] I: {'ins_mode': 4, 'realtime_x': 47.95, 'realtime_y': 3.12, 'target_x': 0.0, 'target_y': 0.0, 'yaw_ins': 0.0, 'dis_ins': 0.0}
  [2026-06-24T19:57:42.062333] I: {'ins_mode': 4, 'realtime_x': 47.98, 'realtime_y': 3.12, 'target_x': 0.0, 'target_y': 0.0, 'yaw_ins': 0.0, 'dis_ins': 0.0}
  [2026-06-24T19:57:42.106206] I: {'ins_mode': 4, 'realtime_x': 48.2, 'realtime_y': 3.09, 'target_x': 0.0, 'target_y': 0.0, 'yaw_ins': 0.0, 'dis_ins': 0.0}
  [2026-06-24T19:57:42.178619] I: {'ins_mode': 4, 'realtime_x': 49.13, 'realtime_y': 2.96, 'target_x': 0.0, 'target_y': 0.0, 'yaw_ins': 0.0, 'dis_ins': 0.0}
  [2026-06-24T19:57:42.233103] I: {'ins_mode': 4, 'realtime_x': 49.77, 'realtime_y': 2.88, 'target_x': 0.0, 'target_y': 0.0, 'yaw_ins': 0.0, 'dis_ins': 0.0}
  [2026-06-24T19:57:42.295753] I: {'ins_mode': 4, 'realtime_x': 51.7, 'realtime_y': 2.67, 'target_x': 0.0, 'target_y': 0.0, 'yaw_ins': 0.0, 'dis_ins': 0.0}
  [2026-06-24T19:57:42.337970] I: {'ins_mode': 4, 'realtime_x': 52.39, 'realtime_y': 2.63, 'target_x': 0.0, 'target_y': 0.0, 'yaw_ins': 0.0, 'dis_ins': 0.0}
  [2026-06-24T19:57:42.423828] I: {'ins_mode': 4, 'realtime_x': 52.78, 'realtime_y': 2.61, 'target_x': 0.0, 'target_y': 0.0, 'yaw_ins': 0.0, 'dis_ins': 0.0}
  [2026-06-24T19:57:42.477099] I: {'ins_mode': 4, 'realtime_x': 52.78, 'realtime_y': 2.61, 'target_x': 0.0, 'target_y': 0.0, 'yaw_ins': 0.0, 'dis_ins': 0.0}
  [2026-06-24T19:57:42.540511] I: {'ins_mode': 4, 'realtime_x': 52.78, 'realtime_y': 2.61, 'target_x': 0.0, 'target_y': 0.0, 'yaw_ins': 0.0, 'dis_ins': 0.0}
  [2026-06-24T19:57:42.582693] I: {'ins_mode': 4, 'realtime_x': 52.78, 'realtime_y': 2.61, 'target_x': 0.0, 'target_y': 0.0, 'yaw_ins': 0.0, 'dis_ins': 0.0}
  [2026-06-24T19:57:42.693755] I: {'ins_mode': 4, 'realtime_x': 52.78, 'realtime_y': 2.61, 'target_x': 0.0, 'target_y': 0.0, 'yaw_ins': 0.0, 'dis_ins': 0.0}
  [2026-06-24T19:57:42.694727] I: {'ins_mode': 4, 'realtime_x': 52.83, 'realtime_y': 2.6, 'target_x': 0.0, 'target_y': 0.0, 'yaw_ins': 0.0, 'dis_ins': 0.0}
  [2026-06-24T19:57:42.777982] I: {'ins_mode': 4, 'realtime_x': 53.96, 'realtime_y': 2.48, 'target_x': 0.0, 'target_y': 0.0, 'yaw_ins': 0.0, 'dis_ins': 0.0}
  [2026-06-24T19:57:42.819781] I: {'ins_mode': 4, 'realtime_x': 55.34, 'realtime_y': 2.37, 'target_x': 0.0, 'target_y': 0.0, 'yaw_ins': 0.0, 'dis_ins': 0.0}
  [2026-06-24T19:57:42.911391] I: {'ins_mode': 4, 'realtime_x': 57.15, 'realtime_y': 2.32, 'target_x': 0.0, 'target_y': 0.0, 'yaw_ins': 0.0, 'dis_ins': 0.0}
  [2026-06-24T19:57:42.943235] I: {'ins_mode': 4, 'realtime_x': 57.48, 'realtime_y': 2.32, 'target_x': 0.0, 'target_y': 0.0, 'yaw_ins': 0.0, 'dis_ins': 0.0}
  [2026-06-24T19:57:43.016810] I: {'ins_mode': 4, 'realtime_x': 57.44, 'realtime_y': 2.32, 'target_x': 0.0, 'target_y': 0.0, 'yaw_ins': 0.0, 'dis_ins': 0.0}
  [2026-06-24T19:57:43.058819] I: {'ins_mode': 4, 'realtime_x': 57.43, 'realtime_y': 2.32, 'target_x': 0.0, 'target_y': 0.0, 'yaw_ins': 0.0, 'dis_ins': 0.0}
  [2026-06-24T19:57:43.137539] I: {'ins_mode': 4, 'realtime_x': 57.43, 'realtime_y': 2.32, 'target_x': 0.0, 'target_y': 0.0, 'yaw_ins': 0.0, 'dis_ins': 0.0}
  [2026-06-24T19:57:43.179364] I: {'ins_mode': 4, 'realtime_x': 57.43, 'realtime_y': 2.32, 'target_x': 0.0, 'target_y': 0.0, 'yaw_ins': 0.0, 'dis_ins': 0.0}
  [2026-06-24T19:57:43.262735] I: {'ins_mode': 4, 'realtime_x': 57.49, 'realtime_y': 2.32, 'target_x': 0.0, 'target_y': 0.0, 'yaw_ins': 0.0, 'dis_ins': 0.0}
  [2026-06-24T19:57:43.294581] I: {'ins_mode': 4, 'realtime_x': 57.94, 'realtime_y': 2.3, 'target_x': 0.0, 'target_y': 0.0, 'yaw_ins': 0.0, 'dis_ins': 0.0}
  [2026-06-24T19:57:43.378891] I: {'ins_mode': 4, 'realtime_x': 59.34, 'realtime_y': 2.26, 'target_x': 0.0, 'target_y': 0.0, 'yaw_ins': 0.0, 'dis_ins': 0.0}
  [2026-06-24T19:57:43.420392] I: {'ins_mode': 4, 'realtime_x': 60.12, 'realtime_y': 2.26, 'target_x': 0.0, 'target_y': 0.0, 'yaw_ins': 0.0, 'dis_ins': 0.0}
  [2026-06-24T19:57:43.507505] I: {'ins_mode': 4, 'realtime_x': 61.15, 'realtime_y': 2.29, 'target_x': 0.0, 'target_y': 0.0, 'yaw_ins': 0.0, 'dis_ins': 0.0}
  [2026-06-24T19:57:43.533863] I: {'ins_mode': 4, 'realtime_x': 61.3, 'realtime_y': 2.29, 'target_x': 0.0, 'target_y': 0.0, 'yaw_ins': 0.0, 'dis_ins': 0.0}
  [2026-06-24T19:57:43.617878] I: {'ins_mode': 4, 'realtime_x': 61.28, 'realtime_y': 2.29, 'target_x': 0.0, 'target_y': 0.0, 'yaw_ins': 0.0, 'dis_ins': 0.0}
  [2026-06-24T19:57:43.660567] I: {'ins_mode': 4, 'realtime_x': 61.27, 'realtime_y': 2.29, 'target_x': 0.0, 'target_y': 0.0, 'yaw_ins': 0.0, 'dis_ins': 0.0}
  [2026-06-24T19:57:43.777716] I: {'ins_mode': 4, 'realtime_x': 61.25, 'realtime_y': 2.29, 'target_x': 0.0, 'target_y': 0.0, 'yaw_ins': 0.0, 'dis_ins': 0.0}
  [2026-06-24T19:57:43.778730] I: {'ins_mode': 4, 'realtime_x': 61.24, 'realtime_y': 2.29, 'target_x': 0.0, 'target_y': 0.0, 'yaw_ins': 0.0, 'dis_ins': 0.0}
  [2026-06-24T19:57:43.863332] I: {'ins_mode': 4, 'realtime_x': 61.41, 'realtime_y': 2.29, 'target_x': 0.0, 'target_y': 0.0, 'yaw_ins': 0.0, 'dis_ins': 0.0}
  [2026-06-24T19:57:43.895025] I: {'ins_mode': 4, 'realtime_x': 61.97, 'realtime_y': 2.27, 'target_x': 0.0, 'target_y': 0.0, 'yaw_ins': 0.0, 'dis_ins': 0.0}
  [2026-06-24T19:57:43.993196] I: {'ins_mode': 4, 'realtime_x': 63.51, 'realtime_y': 2.25, 'target_x': 0.0, 'target_y': 0.0, 'yaw_ins': 0.0, 'dis_ins': 0.0}
  [2026-06-24T19:57:44.014506] I: {'ins_mode': 4, 'realtime_x': 64.85, 'realtime_y': 2.26, 'target_x': 0.0, 'target_y': 0.0, 'yaw_ins': 0.0, 'dis_ins': 0.0}
  [2026-06-24T19:57:44.098896] I: {'ins_mode': 4, 'realtime_x': 66.38, 'realtime_y': 2.32, 'target_x': 0.0, 'target_y': 0.0, 'yaw_ins': 0.0, 'dis_ins': 0.0}
  [2026-06-24T19:57:44.140855] I: {'ins_mode': 4, 'realtime_x': 66.52, 'realtime_y': 2.33, 'target_x': 0.0, 'target_y': 0.0, 'yaw_ins': 0.0, 'dis_ins': 0.0}
  [2026-06-24T19:57:44.225200] I: {'ins_mode': 4, 'realtime_x': 66.42, 'realtime_y': 2.32, 'target_x': 0.0, 'target_y': 0.0, 'yaw_ins': 0.0, 'dis_ins': 0.0}
  [2026-06-24T19:57:44.256352] I: {'ins_mode': 4, 'realtime_x': 66.41, 'realtime_y': 2.32, 'target_x': 0.0, 'target_y': 0.0, 'yaw_ins': 0.0, 'dis_ins': 0.0}
  [2026-06-24T19:57:44.339357] I: {'ins_mode': 4, 'realtime_x': 66.37, 'realtime_y': 2.32, 'target_x': 0.0, 'target_y': 0.0, 'yaw_ins': 0.0, 'dis_ins': 0.0}
  [2026-06-24T19:57:44.381691] I: {'ins_mode': 4, 'realtime_x': 66.37, 'realtime_y': 2.32, 'target_x': 0.0, 'target_y': 0.0, 'yaw_ins': 0.0, 'dis_ins': 0.0}
  [2026-06-24T19:57:44.460251] I: {'ins_mode': 4, 'realtime_x': 66.56, 'realtime_y': 2.32, 'target_x': 0.0, 'target_y': 0.0, 'yaw_ins': 0.0, 'dis_ins': 0.0}
  [2026-06-24T19:57:44.501564] I: {'ins_mode': 4, 'realtime_x': 67.24, 'realtime_y': 2.32, 'target_x': 0.0, 'target_y': 0.0, 'yaw_ins': 0.0, 'dis_ins': 0.0}
  [2026-06-24T19:57:44.585008] I: {'ins_mode': 4, 'realtime_x': 69.09, 'realtime_y': 2.32, 'target_x': 0.0, 'target_y': 0.0, 'yaw_ins': 0.0, 'dis_ins': 0.0}
  [2026-06-24T19:57:44.644526] I: {'ins_mode': 4, 'realtime_x': 70.03, 'realtime_y': 2.34, 'target_x': 0.0, 'target_y': 0.0, 'yaw_ins': 0.0, 'dis_ins': 0.0}
  [2026-06-24T19:57:44.697527] I: {'ins_mode': 4, 'realtime_x': 71.48, 'realtime_y': 2.41, 'target_x': 0.0, 'target_y': 0.0, 'yaw_ins': 0.0, 'dis_ins': 0.0}
  [2026-06-24T19:57:44.739585] I: {'ins_mode': 4, 'realtime_x': 71.79, 'realtime_y': 2.43, 'target_x': 0.0, 'target_y': 0.0, 'yaw_ins': 0.0, 'dis_ins': 0.0}
  [2026-06-24T19:57:44.830217] I: {'ins_mode': 4, 'realtime_x': 72.08, 'realtime_y': 2.43, 'target_x': 0.0, 'target_y': 0.0, 'yaw_ins': 0.0, 'dis_ins': 0.0}
  [2026-06-24T19:57:44.861911] I: {'ins_mode': 4, 'realtime_x': 72.08, 'realtime_y': 2.43, 'target_x': 0.0, 'target_y': 0.0, 'yaw_ins': 0.0, 'dis_ins': 0.0}
  [2026-06-24T19:57:44.934949] I: {'ins_mode': 4, 'realtime_x': 72.08, 'realtime_y': 2.43, 'target_x': 0.0, 'target_y': 0.0, 'yaw_ins': 0.0, 'dis_ins': 0.0}
  [2026-06-24T19:57:44.977322] I: {'ins_mode': 4, 'realtime_x': 72.05, 'realtime_y': 2.43, 'target_x': 0.0, 'target_y': 0.0, 'yaw_ins': 0.0, 'dis_ins': 0.0}
  [2026-06-24T19:57:45.069199] I: {'ins_mode': 4, 'realtime_x': 72.54, 'realtime_y': 2.4, 'target_x': 0.0, 'target_y': 0.0, 'yaw_ins': 0.0, 'dis_ins': 0.0}
  [2026-06-24T19:57:45.100570] I: {'ins_mode': 4, 'realtime_x': 73.01, 'realtime_y': 2.37, 'target_x': 0.0, 'target_y': 0.0, 'yaw_ins': 0.0, 'dis_ins': 0.0}
  [2026-06-24T19:57:45.184585] I: {'ins_mode': 4, 'realtime_x': 74.78, 'realtime_y': 2.28, 'target_x': 0.0, 'target_y': 0.0, 'yaw_ins': 0.0, 'dis_ins': 0.0}
  [2026-06-24T19:57:45.216388] I: {'ins_mode': 4, 'realtime_x': 76.01, 'realtime_y': 2.25, 'target_x': 0.0, 'target_y': 0.0, 'yaw_ins': 0.0, 'dis_ins': 0.0}
  [2026-06-24T19:57:45.304154] I: {'ins_mode': 4, 'realtime_x': 76.69, 'realtime_y': 2.24, 'target_x': 0.0, 'target_y': 0.0, 'yaw_ins': 0.0, 'dis_ins': 0.0}
  [2026-06-24T19:57:45.335706] I: {'ins_mode': 4, 'realtime_x': 76.7, 'realtime_y': 2.24, 'target_x': 0.0, 'target_y': 0.0, 'yaw_ins': 0.0, 'dis_ins': 0.0}
  [2026-06-24T19:57:45.418971] I: {'ins_mode': 4, 'realtime_x': 76.72, 'realtime_y': 2.23, 'target_x': 0.0, 'target_y': 0.0, 'yaw_ins': 0.0, 'dis_ins': 0.0}
  [2026-06-24T19:57:45.460652] I: {'ins_mode': 4, 'realtime_x': 76.73, 'realtime_y': 2.23, 'target_x': 0.0, 'target_y': 0.0, 'yaw_ins': 0.0, 'dis_ins': 0.0}
  [2026-06-24T19:57:45.541554] I: {'ins_mode': 4, 'realtime_x': 76.73, 'realtime_y': 2.23, 'target_x': 0.0, 'target_y': 0.0, 'yaw_ins': 0.0, 'dis_ins': 0.0}
  [2026-06-24T19:57:45.583525] I: {'ins_mode': 4, 'realtime_x': 76.78, 'realtime_y': 2.23, 'target_x': 0.0, 'target_y': 0.0, 'yaw_ins': 0.0, 'dis_ins': 0.0}
  [2026-06-24T19:57:45.659148] I: {'ins_mode': 4, 'realtime_x': 77.59, 'realtime_y': 2.16, 'target_x': 0.0, 'target_y': 0.0, 'yaw_ins': 0.0, 'dis_ins': 0.0}
  [2026-06-24T19:57:45.724075] I: {'ins_mode': 4, 'realtime_x': 78.49, 'realtime_y': 2.08, 'target_x': 0.0, 'target_y': 0.0, 'yaw_ins': 0.0, 'dis_ins': 0.0}
  [2026-06-24T19:57:45.776867] I: {'ins_mode': 4, 'realtime_x': 80.41, 'realtime_y': 1.99, 'target_x': 0.0, 'target_y': 0.0, 'yaw_ins': 0.0, 'dis_ins': 0.0}
  [2026-06-24T19:57:45.819166] I: {'ins_mode': 4, 'realtime_x': 80.83, 'realtime_y': 1.98, 'target_x': 0.0, 'target_y': 0.0, 'yaw_ins': 0.0, 'dis_ins': 0.0}
  [2026-06-24T19:57:45.935262] I: {'ins_mode': 4, 'realtime_x': 81.35, 'realtime_y': 1.97, 'target_x': 0.0, 'target_y': 0.0, 'yaw_ins': 0.0, 'dis_ins': 0.0}
  [2026-06-24T19:57:45.936295] I: {'ins_mode': 4, 'realtime_x': 81.45, 'realtime_y': 1.97, 'target_x': 0.0, 'target_y': 0.0, 'yaw_ins': 0.0, 'dis_ins': 0.0}
  [2026-06-24T19:57:46.021570] I: {'ins_mode': 4, 'realtime_x': 81.46, 'realtime_y': 1.97, 'target_x': 0.0, 'target_y': 0.0, 'yaw_ins': 0.0, 'dis_ins': 0.0}
  [2026-06-24T19:57:46.064423] I: {'ins_mode': 4, 'realtime_x': 81.46, 'realtime_y': 1.97, 'target_x': 0.0, 'target_y': 0.0, 'yaw_ins': 0.0, 'dis_ins': 0.0}
  [2026-06-24T19:57:46.158120] I: {'ins_mode': 4, 'realtime_x': 81.47, 'realtime_y': 1.97, 'target_x': 0.0, 'target_y': 0.0, 'yaw_ins': 0.0, 'dis_ins': 0.0}
  [2026-06-24T19:57:46.178997] I: {'ins_mode': 4, 'realtime_x': 81.9, 'realtime_y': 1.96, 'target_x': 0.0, 'target_y': 0.0, 'yaw_ins': 0.0, 'dis_ins': 0.0}
  [2026-06-24T19:57:46.262288] I: {'ins_mode': 4, 'realtime_x': 83.33, 'realtime_y': 1.95, 'target_x': 0.0, 'target_y': 0.0, 'yaw_ins': 0.0, 'dis_ins': 0.0}
  [2026-06-24T19:57:46.305595] I: {'ins_mode': 4, 'realtime_x': 84.18, 'realtime_y': 1.96, 'target_x': 0.0, 'target_y': 0.0, 'yaw_ins': 0.0, 'dis_ins': 0.0}
  [2026-06-24T19:57:46.374755] I: {'ins_mode': 4, 'realtime_x': 85.77, 'realtime_y': 2.05, 'target_x': 0.0, 'target_y': 0.0, 'yaw_ins': 0.0, 'dis_ins': 0.0}
  [2026-06-24T19:57:46.416619] I: {'ins_mode': 4, 'realtime_x': 86.09, 'realtime_y': 2.07, 'target_x': 0.0, 'target_y': 0.0, 'yaw_ins': 0.0, 'dis_ins': 0.0}
  [2026-06-24T19:57:46.500734] I: {'ins_mode': 4, 'realtime_x': 86.13, 'realtime_y': 2.07, 'target_x': 0.0, 'target_y': 0.0, 'yaw_ins': 0.0, 'dis_ins': 0.0}
  [2026-06-24T19:57:46.554034] I: {'ins_mode': 4, 'realtime_x': 86.13, 'realtime_y': 2.07, 'target_x': 0.0, 'target_y': 0.0, 'yaw_ins': 0.0, 'dis_ins': 0.0}
  [2026-06-24T19:57:46.618812] I: {'ins_mode': 4, 'realtime_x': 86.11, 'realtime_y': 2.07, 'target_x': 0.0, 'target_y': 0.0, 'yaw_ins': 0.0, 'dis_ins': 0.0}
  [2026-06-24T19:57:46.661467] I: {'ins_mode': 4, 'realtime_x': 86.09, 'realtime_y': 2.07, 'target_x': 0.0, 'target_y': 0.0, 'yaw_ins': 0.0, 'dis_ins': 0.0}
  [2026-06-24T19:57:46.734716] I: {'ins_mode': 4, 'realtime_x': 86.16, 'realtime_y': 2.07, 'target_x': 0.0, 'target_y': 0.0, 'yaw_ins': 0.0, 'dis_ins': 0.0}
  [2026-06-24T19:57:46.779175] I: {'ins_mode': 4, 'realtime_x': 86.57, 'realtime_y': 2.03, 'target_x': 0.0, 'target_y': 0.0, 'yaw_ins': 0.0, 'dis_ins': 0.0}
  [2026-06-24T19:57:46.862846] I: {'ins_mode': 4, 'realtime_x': 87.86, 'realtime_y': 1.9, 'target_x': 0.0, 'target_y': 0.0, 'yaw_ins': 0.0, 'dis_ins': 0.0}
  [2026-06-24T19:57:46.905033] I: {'ins_mode': 4, 'realtime_x': 89.21, 'realtime_y': 1.8, 'target_x': 0.0, 'target_y': 0.0, 'yaw_ins': 0.0, 'dis_ins': 0.0}
  [2026-06-24T19:57:46.978516] I: {'ins_mode': 4, 'realtime_x': 90.62, 'realtime_y': 1.73, 'target_x': 0.0, 'target_y': 0.0, 'yaw_ins': 0.0, 'dis_ins': 0.0}
  [2026-06-24T19:57:47.023008] I: {'ins_mode': 4, 'realtime_x': 90.75, 'realtime_y': 1.73, 'target_x': 0.0, 'target_y': 0.0, 'yaw_ins': 0.0, 'dis_ins': 0.0}
  [2026-06-24T19:57:47.096388] I: {'ins_mode': 4, 'realtime_x': 90.47, 'realtime_y': 1.75, 'target_x': 0.0, 'target_y': 0.0, 'yaw_ins': 0.0, 'dis_ins': 0.0}
  [2026-06-24T19:57:47.139297] I: {'ins_mode': 4, 'realtime_x': 90.45, 'realtime_y': 1.75, 'target_x': 0.0, 'target_y': 0.0, 'yaw_ins': 0.0, 'dis_ins': 0.0}
  [2026-06-24T19:57:47.227365] I: {'ins_mode': 4, 'realtime_x': 90.45, 'realtime_y': 1.75, 'target_x': 0.0, 'target_y': 0.0, 'yaw_ins': 0.0, 'dis_ins': 0.0}
  [2026-06-24T19:57:47.258588] I: {'ins_mode': 4, 'realtime_x': 90.45, 'realtime_y': 1.75, 'target_x': 0.0, 'target_y': 0.0, 'yaw_ins': 0.0, 'dis_ins': 0.0}
  [2026-06-24T19:57:47.343956] I: {'ins_mode': 4, 'realtime_x': 90.44, 'realtime_y': 1.75, 'target_x': 0.0, 'target_y': 0.0, 'yaw_ins': 0.0, 'dis_ins': 0.0}
  [2026-06-24T19:57:47.375396] I: {'ins_mode': 4, 'realtime_x': 90.52, 'realtime_y': 1.73, 'target_x': 0.0, 'target_y': 0.0, 'yaw_ins': 0.0, 'dis_ins': 0.0}
  [2026-06-24T19:57:47.457733] I: {'ins_mode': 4, 'realtime_x': 91.04, 'realtime_y': 1.61, 'target_x': 0.0, 'target_y': 0.0, 'yaw_ins': 0.0, 'dis_ins': 0.0}
  [2026-06-24T19:57:47.499387] I: {'ins_mode': 4, 'realtime_x': 91.32, 'realtime_y': 1.54, 'target_x': 0.0, 'target_y': 0.0, 'yaw_ins': 0.0, 'dis_ins': 0.0}
  [2026-06-24T19:57:47.583246] I: {'ins_mode': 4, 'realtime_x': 92.55, 'realtime_y': 1.22, 'target_x': 0.0, 'target_y': 0.0, 'yaw_ins': 0.0, 'dis_ins': 0.0}
  [2026-06-24T19:57:47.615482] I: {'ins_mode': 4, 'realtime_x': 93.26, 'realtime_y': 1.04, 'target_x': 0.0, 'target_y': 0.0, 'yaw_ins': 0.0, 'dis_ins': 0.0}
  [2026-06-24T19:57:47.701084] I: {'ins_mode': 4, 'realtime_x': 94.53, 'realtime_y': 0.73, 'target_x': 0.0, 'target_y': 0.0, 'yaw_ins': 0.0, 'dis_ins': 0.0}
  [2026-06-24T19:57:47.743163] I: {'ins_mode': 4, 'realtime_x': 94.44, 'realtime_y': 0.75, 'target_x': 0.0, 'target_y': 0.0, 'yaw_ins': 0.0, 'dis_ins': 0.0}
  [2026-06-24T19:57:47.817599] I: {'ins_mode': 4, 'realtime_x': 94.28, 'realtime_y': 0.79, 'target_x': 0.0, 'target_y': 0.0, 'yaw_ins': 0.0, 'dis_ins': 0.0}
  [2026-06-24T19:57:47.872573] I: {'ins_mode': 4, 'realtime_x': 94.28, 'realtime_y': 0.79, 'target_x': 0.0, 'target_y': 0.0, 'yaw_ins': 0.0, 'dis_ins': 0.0}
  [2026-06-24T19:57:47.936551] I: {'ins_mode': 4, 'realtime_x': 94.28, 'realtime_y': 0.79, 'target_x': 0.0, 'target_y': 0.0, 'yaw_ins': 0.0, 'dis_ins': 0.0}
  [2026-06-24T19:57:47.978909] I: {'ins_mode': 4, 'realtime_x': 94.28, 'realtime_y': 0.79, 'target_x': 0.0, 'target_y': 0.0, 'yaw_ins': 0.0, 'dis_ins': 0.0}
  [2026-06-24T19:57:48.063904] I: {'ins_mode': 4, 'realtime_x': 94.33, 'realtime_y': 0.78, 'target_x': 0.0, 'target_y': 0.0, 'yaw_ins': 0.0, 'dis_ins': 0.0}
  [2026-06-24T19:57:48.099581] I: {'ins_mode': 4, 'realtime_x': 94.5, 'realtime_y': 0.74, 'target_x': 0.0, 'target_y': 0.0, 'yaw_ins': 0.0, 'dis_ins': 0.0}
  [2026-06-24T19:57:48.183866] I: {'ins_mode': 4, 'realtime_x': 95.44, 'realtime_y': 0.48, 'target_x': 0.0, 'target_y': 0.0, 'yaw_ins': 0.0, 'dis_ins': 0.0}
  [2026-06-24T19:57:48.215555] I: {'ins_mode': 4, 'realtime_x': 95.97, 'realtime_y': 0.33, 'target_x': 0.0, 'target_y': 0.0, 'yaw_ins': 0.0, 'dis_ins': 0.0}
  [2026-06-24T19:57:48.304182] I: {'ins_mode': 4, 'realtime_x': 97.67, 'realtime_y': -0.1, 'target_x': 0.0, 'target_y': 0.0, 'yaw_ins': 0.0, 'dis_ins': 0.0}
  [2026-06-24T19:57:48.336037] I: {'ins_mode': 4, 'realtime_x': 98.74, 'realtime_y': -0.33, 'target_x': 0.0, 'target_y': 0.0, 'yaw_ins': 0.0, 'dis_ins': 0.0}
  [2026-06-24T19:57:48.419159] I: {'ins_mode': 4, 'realtime_x': 99.38, 'realtime_y': -0.44, 'target_x': 0.0, 'target_y': 0.0, 'yaw_ins': 0.0, 'dis_ins': 0.0}
  [2026-06-24T19:57:48.460569] I: {'ins_mode': 4, 'realtime_x': 99.34, 'realtime_y': -0.43, 'target_x': 0.0, 'target_y': 0.0, 'yaw_ins': 0.0, 'dis_ins': 0.0}
  [2026-06-24T19:57:48.536463] I: {'ins_mode': 4, 'realtime_x': 99.34, 'realtime_y': -0.44, 'target_x': 0.0, 'target_y': 0.0, 'yaw_ins': 0.0, 'dis_ins': 0.0}
  [2026-06-24T19:57:48.579238] I: {'ins_mode': 4, 'realtime_x': 99.34, 'realtime_y': -0.44, 'target_x': 0.0, 'target_y': 0.0, 'yaw_ins': 0.0, 'dis_ins': 0.0}
  [2026-06-24T19:57:48.661818] I: {'ins_mode': 4, 'realtime_x': 99.34, 'realtime_y': -0.44, 'target_x': 0.0, 'target_y': 0.0, 'yaw_ins': 0.0, 'dis_ins': 0.0}
  [2026-06-24T19:57:48.709871] I: {'ins_mode': 4, 'realtime_x': 99.34, 'realtime_y': -0.44, 'target_x': 0.0, 'target_y': 0.0, 'yaw_ins': 0.0, 'dis_ins': 0.0}
  [2026-06-24T19:57:48.782414] I: {'ins_mode': 4, 'realtime_x': 99.41, 'realtime_y': -0.45, 'target_x': 0.0, 'target_y': 0.0, 'yaw_ins': 0.0, 'dis_ins': 0.0}
  [2026-06-24T19:57:48.825044] I: {'ins_mode': 4, 'realtime_x': 99.65, 'realtime_y': -0.53, 'target_x': 0.0, 'target_y': 0.0, 'yaw_ins': 0.0, 'dis_ins': 0.0}
  [2026-06-24T19:57:48.898386] I: {'ins_mode': 4, 'realtime_x': 101.53, 'realtime_y': -1.1, 'target_x': 0.0, 'target_y': 0.0, 'yaw_ins': 0.0, 'dis_ins': 0.0}
  [2026-06-24T19:57:48.958428] I: {'ins_mode': 4, 'realtime_x': 102.38, 'realtime_y': -1.33, 'target_x': 0.0, 'target_y': 0.0, 'yaw_ins': 0.0, 'dis_ins': 0.0}
  [2026-06-24T19:57:49.021159] I: {'ins_mode': 4, 'realtime_x': 103.58, 'realtime_y': -1.63, 'target_x': 0.0, 'target_y': 0.0, 'yaw_ins': 0.0, 'dis_ins': 0.0}
  [2026-06-24T19:57:49.064510] I: {'ins_mode': 4, 'realtime_x': 104.16, 'realtime_y': -1.79, 'target_x': 0.0, 'target_y': 0.0, 'yaw_ins': 0.0, 'dis_ins': 0.0}
  [2026-06-24T19:57:49.175754] I: {'ins_mode': 4, 'realtime_x': 104.72, 'realtime_y': -1.95, 'target_x': 0.0, 'target_y': 0.0, 'yaw_ins': 0.0, 'dis_ins': 0.0}
  [2026-06-24T19:57:49.176717] I: {'ins_mode': 4, 'realtime_x': 104.73, 'realtime_y': -1.96, 'target_x': 0.0, 'target_y': 0.0, 'yaw_ins': 0.0, 'dis_ins': 0.0}
  [2026-06-24T19:57:49.261402] I: {'ins_mode': 4, 'realtime_x': 104.48, 'realtime_y': -1.88, 'target_x': 0.0, 'target_y': 0.0, 'yaw_ins': 0.0, 'dis_ins': 0.0}
  [2026-06-24T19:57:49.304627] I: {'ins_mode': 4, 'realtime_x': 104.24, 'realtime_y': -1.8, 'target_x': 0.0, 'target_y': 0.0, 'yaw_ins': 0.0, 'dis_ins': 0.0}
  [2026-06-24T19:57:49.393192] I: {'ins_mode': 4, 'realtime_x': 104.27, 'realtime_y': -1.81, 'target_x': 0.0, 'target_y': 0.0, 'yaw_ins': 0.0, 'dis_ins': 0.0}
  [2026-06-24T19:57:49.414454] I: {'ins_mode': 4, 'realtime_x': 104.27, 'realtime_y': -1.81, 'target_x': 0.0, 'target_y': 0.0, 'yaw_ins': 0.0, 'dis_ins': 0.0}
  [2026-06-24T19:57:49.498922] I: {'ins_mode': 4, 'realtime_x': 104.32, 'realtime_y': -1.83, 'target_x': 0.0, 'target_y': 0.0, 'yaw_ins': 0.0, 'dis_ins': 0.0}
  [2026-06-24T19:57:49.541145] I: {'ins_mode': 4, 'realtime_x': 104.55, 'realtime_y': -1.9, 'target_x': 0.0, 'target_y': 0.0, 'yaw_ins': 0.0, 'dis_ins': 0.0}
  [2026-06-24T19:57:49.615899] I: {'ins_mode': 4, 'realtime_x': 106.17, 'realtime_y': -2.37, 'target_x': 0.0, 'target_y': 0.0, 'yaw_ins': 0.0, 'dis_ins': 0.0}
  [2026-06-24T19:57:49.657993] I: {'ins_mode': 4, 'realtime_x': 107.18, 'realtime_y': -2.62, 'target_x': 0.0, 'target_y': 0.0, 'yaw_ins': 0.0, 'dis_ins': 0.0}
  [2026-06-24T19:57:49.742196] I: {'ins_mode': 4, 'realtime_x': 108.55, 'realtime_y': -2.9, 'target_x': 0.0, 'target_y': 0.0, 'yaw_ins': 0.0, 'dis_ins': 0.0}
  [2026-06-24T19:57:49.795582] I: {'ins_mode': 4, 'realtime_x': 108.66, 'realtime_y': -2.93, 'target_x': 0.0, 'target_y': 0.0, 'yaw_ins': 0.0, 'dis_ins': 0.0}
  [2026-06-24T19:57:49.862241] I: {'ins_mode': 4, 'realtime_x': 108.71, 'realtime_y': -2.94, 'target_x': 0.0, 'target_y': 0.0, 'yaw_ins': 0.0, 'dis_ins': 0.0}
  [2026-06-24T19:57:49.904918] I: {'ins_mode': 4, 'realtime_x': 108.71, 'realtime_y': -2.94, 'target_x': 0.0, 'target_y': 0.0, 'yaw_ins': 0.0, 'dis_ins': 0.0}
  [2026-06-24T19:57:49.977836] I: {'ins_mode': 4, 'realtime_x': 108.71, 'realtime_y': -2.94, 'target_x': 0.0, 'target_y': 0.0, 'yaw_ins': 0.0, 'dis_ins': 0.0}
  [2026-06-24T19:57:50.038964] I: {'ins_mode': 4, 'realtime_x': 108.74, 'realtime_y': -2.95, 'target_x': 0.0, 'target_y': 0.0, 'yaw_ins': 0.0, 'dis_ins': 0.0}
  [2026-06-24T19:57:50.102103] I: {'ins_mode': 4, 'realtime_x': 109.84, 'realtime_y': -3.27, 'target_x': 0.0, 'target_y': 0.0, 'yaw_ins': 0.0, 'dis_ins': 0.0}
  [2026-06-24T19:57:50.144647] I: {'ins_mode': 4, 'realtime_x': 110.74, 'realtime_y': -3.51, 'target_x': 0.0, 'target_y': 0.0, 'yaw_ins': 0.0, 'dis_ins': 0.0}
  [2026-06-24T19:57:50.222708] I: {'ins_mode': 4, 'realtime_x': 112.22, 'realtime_y': -3.86, 'target_x': 0.0, 'target_y': 0.0, 'yaw_ins': 0.0, 'dis_ins': 0.0}
  [2026-06-24T19:57:50.259147] I: {'ins_mode': 4, 'realtime_x': 112.25, 'realtime_y': -3.86, 'target_x': 0.0, 'target_y': 0.0, 'yaw_ins': 0.0, 'dis_ins': 0.0}
  [2026-06-24T19:57:50.342679] I: {'ins_mode': 4, 'realtime_x': 111.53, 'realtime_y': -3.71, 'target_x': 0.0, 'target_y': 0.0, 'yaw_ins': 0.0, 'dis_ins': 0.0}
  [2026-06-24T19:57:50.385637] I: {'ins_mode': 4, 'realtime_x': 111.36, 'realtime_y': -3.67, 'target_x': 0.0, 'target_y': 0.0, 'yaw_ins': 0.0, 'dis_ins': 0.0}
  [2026-06-24T19:57:50.471299] I: {'ins_mode': 4, 'realtime_x': 111.32, 'realtime_y': -3.66, 'target_x': 0.0, 'target_y': 0.0, 'yaw_ins': 0.0, 'dis_ins': 0.0}
  [2026-06-24T19:57:50.502506] I: {'ins_mode': 4, 'realtime_x': 111.34, 'realtime_y': -3.66, 'target_x': 0.0, 'target_y': 0.0, 'yaw_ins': 0.0, 'dis_ins': 0.0}
  [2026-06-24T19:57:50.576080] I: {'ins_mode': 4, 'realtime_x': 112.58, 'realtime_y': -3.99, 'target_x': 0.0, 'target_y': 0.0, 'yaw_ins': 0.0, 'dis_ins': 0.0}
  [2026-06-24T19:57:50.617817] I: {'ins_mode': 4, 'realtime_x': 113.54, 'realtime_y': -4.24, 'target_x': 0.0, 'target_y': 0.0, 'yaw_ins': 0.0, 'dis_ins': 0.0}
  [2026-06-24T19:57:50.697721] I: {'ins_mode': 4, 'realtime_x': 115.91, 'realtime_y': -4.76, 'target_x': 0.0, 'target_y': 0.0, 'yaw_ins': 0.0, 'dis_ins': 0.0}
  [2026-06-24T19:57:50.741255] I: {'ins_mode': 4, 'realtime_x': 116.3, 'realtime_y': -4.84, 'target_x': 0.0, 'target_y': 0.0, 'yaw_ins': 0.0, 'dis_ins': 0.0}
  [2026-06-24T19:57:50.825204] I: {'ins_mode': 4, 'realtime_x': 116.24, 'realtime_y': -4.83, 'target_x': 0.0, 'target_y': 0.0, 'yaw_ins': 0.0, 'dis_ins': 0.0}
  [2026-06-24T19:57:50.857837] I: {'ins_mode': 4, 'realtime_x': 116.26, 'realtime_y': -4.83, 'target_x': 0.0, 'target_y': 0.0, 'yaw_ins': 0.0, 'dis_ins': 0.0}
  [2026-06-24T19:57:50.943315] I: {'ins_mode': 4, 'realtime_x': 116.16, 'realtime_y': -4.8, 'target_x': 0.0, 'target_y': 0.0, 'yaw_ins': 0.0, 'dis_ins': 0.0}
  [2026-06-24T19:57:50.985847] I: {'ins_mode': 4, 'realtime_x': 115.96, 'realtime_y': -4.75, 'target_x': 0.0, 'target_y': 0.0, 'yaw_ins': 0.0, 'dis_ins': 0.0}
  [2026-06-24T19:57:51.058684] I: {'ins_mode': 4, 'realtime_x': 115.94, 'realtime_y': -4.74, 'target_x': 0.0, 'target_y': 0.0, 'yaw_ins': 0.0, 'dis_ins': 0.0}
  [2026-06-24T19:57:51.117620] I: {'ins_mode': 4, 'realtime_x': 116.08, 'realtime_y': -4.79, 'target_x': 0.0, 'target_y': 0.0, 'yaw_ins': 0.0, 'dis_ins': 0.0}
  [2026-06-24T19:57:51.181432] I: {'ins_mode': 4, 'realtime_x': 116.68, 'realtime_y': -4.97, 'target_x': 0.0, 'target_y': 0.0, 'yaw_ins': 0.0, 'dis_ins': 0.0}
  [2026-06-24T19:57:51.223003] I: {'ins_mode': 4, 'realtime_x': 117.5, 'realtime_y': -5.18, 'target_x': 0.0, 'target_y': 0.0, 'yaw_ins': 0.0, 'dis_ins': 0.0}
  [2026-06-24T19:57:51.307556] I: {'ins_mode': 4, 'realtime_x': 119.01, 'realtime_y': -5.49, 'target_x': 0.0, 'target_y': 0.0, 'yaw_ins': 0.0, 'dis_ins': 0.0}
  [2026-06-24T19:57:51.339773] I: {'ins_mode': 4, 'realtime_x': 119.39, 'realtime_y': -5.55, 'target_x': 0.0, 'target_y': 0.0, 'yaw_ins': 0.0, 'dis_ins': 0.0}
  [2026-06-24T19:57:51.423740] I: {'ins_mode': 4, 'realtime_x': 119.61, 'realtime_y': -5.58, 'target_x': 0.0, 'target_y': 0.0, 'yaw_ins': 0.0, 'dis_ins': 0.0}
  [2026-06-24T19:57:51.456953] I: {'ins_mode': 4, 'realtime_x': 119.6, 'realtime_y': -5.58, 'target_x': 0.0, 'target_y': 0.0, 'yaw_ins': 0.0, 'dis_ins': 0.0}
  [2026-06-24T19:57:51.560154] I: {'ins_mode': 4, 'realtime_x': 119.69, 'realtime_y': -5.6, 'target_x': 0.0, 'target_y': 0.0, 'yaw_ins': 0.0, 'dis_ins': 0.0}
  [2026-06-24T19:57:51.581650] I: {'ins_mode': 4, 'realtime_x': 119.69, 'realtime_y': -5.6, 'target_x': 0.0, 'target_y': 0.0, 'yaw_ins': 0.0, 'dis_ins': 0.0}
  [2026-06-24T19:57:51.658970] I: {'ins_mode': 4, 'realtime_x': 119.72, 'realtime_y': -5.6, 'target_x': 0.0, 'target_y': 0.0, 'yaw_ins': 0.0, 'dis_ins': 0.0}
  [2026-06-24T19:57:51.701178] I: {'ins_mode': 4, 'realtime_x': 119.96, 'realtime_y': -5.66, 'target_x': 0.0, 'target_y': 0.0, 'yaw_ins': 0.0, 'dis_ins': 0.0}
  [2026-06-24T19:57:51.779188] I: {'ins_mode': 4, 'realtime_x': 120.81, 'realtime_y': -5.86, 'target_x': 0.0, 'target_y': 0.0, 'yaw_ins': 0.0, 'dis_ins': 0.0}
  [2026-06-24T19:57:51.824756] I: {'ins_mode': 4, 'realtime_x': 121.36, 'realtime_y': -6.0, 'target_x': 0.0, 'target_y': 0.0, 'yaw_ins': 0.0, 'dis_ins': 0.0}
  [2026-06-24T19:57:51.898266] I: {'ins_mode': 4, 'realtime_x': 122.68, 'realtime_y': -6.32, 'target_x': 0.0, 'target_y': 0.0, 'yaw_ins': 0.0, 'dis_ins': 0.0}
  [2026-06-24T19:57:51.942107] I: {'ins_mode': 4, 'realtime_x': 122.92, 'realtime_y': -6.38, 'target_x': 0.0, 'target_y': 0.0, 'yaw_ins': 0.0, 'dis_ins': 0.0}
  [2026-06-24T19:57:52.015665] I: {'ins_mode': 4, 'realtime_x': 122.95, 'realtime_y': -6.38, 'target_x': 0.0, 'target_y': 0.0, 'yaw_ins': 0.0, 'dis_ins': 0.0}
  [2026-06-24T19:57:52.057903] I: {'ins_mode': 4, 'realtime_x': 122.95, 'realtime_y': -6.38, 'target_x': 0.0, 'target_y': 0.0, 'yaw_ins': 0.0, 'dis_ins': 0.0}
  [2026-06-24T19:57:52.141886] I: {'ins_mode': 4, 'realtime_x': 122.93, 'realtime_y': -6.38, 'target_x': 0.0, 'target_y': 0.0, 'yaw_ins': 0.0, 'dis_ins': 0.0}
  [2026-06-24T19:57:52.177293] I: {'ins_mode': 4, 'realtime_x': 122.93, 'realtime_y': -6.38, 'target_x': 0.0, 'target_y': 0.0, 'yaw_ins': 0.0, 'dis_ins': 0.0}
  [2026-06-24T19:57:52.261708] I: {'ins_mode': 4, 'realtime_x': 122.97, 'realtime_y': -6.39, 'target_x': 0.0, 'target_y': 0.0, 'yaw_ins': 0.0, 'dis_ins': 0.0}
  [2026-06-24T19:57:52.303574] I: {'ins_mode': 4, 'realtime_x': 123.03, 'realtime_y': -6.4, 'target_x': 0.0, 'target_y': 0.0, 'yaw_ins': 0.0, 'dis_ins': 0.0}
  [2026-06-24T19:57:52.376600] I: {'ins_mode': 4, 'realtime_x': 123.1, 'realtime_y': -6.42, 'target_x': 0.0, 'target_y': 0.0, 'yaw_ins': 0.0, 'dis_ins': 0.0}
  [2026-06-24T19:57:52.418622] I: {'ins_mode': 4, 'realtime_x': 123.09, 'realtime_y': -6.42, 'target_x': 0.0, 'target_y': 0.0, 'yaw_ins': 0.0, 'dis_ins': 0.0}
  [2026-06-24T19:57:52.501446] I: {'ins_mode': 4, 'realtime_x': 123.09, 'realtime_y': -6.42, 'target_x': 0.0, 'target_y': 0.0, 'yaw_ins': 0.0, 'dis_ins': 0.0}
  [2026-06-24T19:57:52.543547] I: {'ins_mode': 4, 'realtime_x': 123.09, 'realtime_y': -6.42, 'target_x': 0.0, 'target_y': 0.0, 'yaw_ins': 0.0, 'dis_ins': 0.0}
  [2026-06-24T19:57:52.627639] I: {'ins_mode': 4, 'realtime_x': 123.09, 'realtime_y': -6.42, 'target_x': 0.0, 'target_y': 0.0, 'yaw_ins': 0.0, 'dis_ins': 0.0}
  [2026-06-24T19:57:52.659263] I: {'ins_mode': 4, 'realtime_x': 123.09, 'realtime_y': -6.42, 'target_x': 0.0, 'target_y': 0.0, 'yaw_ins': 0.0, 'dis_ins': 0.0}
  [2026-06-24T19:57:52.743123] I: {'ins_mode': 4, 'realtime_x': 123.11, 'realtime_y': -6.42, 'target_x': 0.0, 'target_y': 0.0, 'yaw_ins': 0.0, 'dis_ins': 0.0}
  [2026-06-24T19:57:52.784769] I: {'ins_mode': 4, 'realtime_x': 123.13, 'realtime_y': -6.43, 'target_x': 0.0, 'target_y': 0.0, 'yaw_ins': 0.0, 'dis_ins': 0.0}
  [2026-06-24T19:57:52.857963] I: {'ins_mode': 4, 'realtime_x': 123.15, 'realtime_y': -6.43, 'target_x': 0.0, 'target_y': 0.0, 'yaw_ins': 0.0, 'dis_ins': 0.0}
  [2026-06-24T19:57:52.899980] I: {'ins_mode': 4, 'realtime_x': 123.16, 'realtime_y': -6.43, 'target_x': 0.0, 'target_y': 0.0, 'yaw_ins': 0.0, 'dis_ins': 0.0}
  [2026-06-24T19:57:52.983341] I: {'ins_mode': 4, 'realtime_x': 123.16, 'realtime_y': -6.43, 'target_x': 0.0, 'target_y': 0.0, 'yaw_ins': 0.0, 'dis_ins': 0.0}
  [2026-06-24T19:57:53.027781] I: {'ins_mode': 4, 'realtime_x': 123.16, 'realtime_y': -6.43, 'target_x': 0.0, 'target_y': 0.0, 'yaw_ins': 0.0, 'dis_ins': 0.0}
  [2026-06-24T19:57:53.105716] I: {'ins_mode': 4, 'realtime_x': 123.16, 'realtime_y': -6.43, 'target_x': 0.0, 'target_y': 0.0, 'yaw_ins': 0.0, 'dis_ins': 0.0}
  [2026-06-24T19:57:53.138429] I: {'ins_mode': 4, 'realtime_x': 123.18, 'realtime_y': -6.44, 'target_x': 0.0, 'target_y': 0.0, 'yaw_ins': 0.0, 'dis_ins': 0.0}
  [2026-06-24T19:57:53.221529] I: {'ins_mode': 4, 'realtime_x': 123.23, 'realtime_y': -6.45, 'target_x': 0.0, 'target_y': 0.0, 'yaw_ins': 0.0, 'dis_ins': 0.0}
  [2026-06-24T19:57:53.273060] I: {'ins_mode': 4, 'realtime_x': 123.25, 'realtime_y': -6.45, 'target_x': 0.0, 'target_y': 0.0, 'yaw_ins': 0.0, 'dis_ins': 0.0}
  [2026-06-24T19:57:53.337232] I: {'ins_mode': 4, 'realtime_x': 123.33, 'realtime_y': -6.47, 'target_x': 0.0, 'target_y': 0.0, 'yaw_ins': 0.0, 'dis_ins': 0.0}
  [2026-06-24T19:57:53.378432] I: {'ins_mode': 4, 'realtime_x': 123.39, 'realtime_y': -6.47, 'target_x': 0.0, 'target_y': 0.0, 'yaw_ins': 0.0, 'dis_ins': 0.0}
  [2026-06-24T19:57:53.486666] I: {'ins_mode': 4, 'realtime_x': 123.59, 'realtime_y': -6.5, 'target_x': 0.0, 'target_y': 0.0, 'yaw_ins': 0.0, 'dis_ins': 0.0}
  [2026-06-24T19:57:53.497427] I: {'ins_mode': 4, 'realtime_x': 123.68, 'realtime_y': -6.52, 'target_x': 0.0, 'target_y': 0.0, 'yaw_ins': 0.0, 'dis_ins': 0.0}
  [2026-06-24T19:57:53.580717] I: {'ins_mode': 4, 'realtime_x': 123.78, 'realtime_y': -6.53, 'target_x': 0.0, 'target_y': 0.0, 'yaw_ins': 0.0, 'dis_ins': 0.0}
  [2026-06-24T19:57:53.623153] I: {'ins_mode': 4, 'realtime_x': 123.78, 'realtime_y': -6.53, 'target_x': 0.0, 'target_y': 0.0, 'yaw_ins': 0.0, 'dis_ins': 0.0}
  [2026-06-24T19:57:53.704245] I: {'ins_mode': 4, 'realtime_x': 123.78, 'realtime_y': -6.53, 'target_x': 0.0, 'target_y': 0.0, 'yaw_ins': 0.0, 'dis_ins': 0.0}
  [2026-06-24T19:57:53.746323] I: {'ins_mode': 4, 'realtime_x': 123.78, 'realtime_y': -6.53, 'target_x': 0.0, 'target_y': 0.0, 'yaw_ins': 0.0, 'dis_ins': 0.0}
  [2026-06-24T19:57:53.820261] I: {'ins_mode': 4, 'realtime_x': 123.78, 'realtime_y': -6.53, 'target_x': 0.0, 'target_y': 0.0, 'yaw_ins': 0.0, 'dis_ins': 0.0}
  [2026-06-24T19:57:53.862938] I: {'ins_mode': 4, 'realtime_x': 123.78, 'realtime_y': -6.53, 'target_x': 0.0, 'target_y': 0.0, 'yaw_ins': 0.0, 'dis_ins': 0.0}
  [2026-06-24T19:57:53.942713] I: {'ins_mode': 4, 'realtime_x': 123.78, 'realtime_y': -6.53, 'target_x': 0.0, 'target_y': 0.0, 'yaw_ins': 0.0, 'dis_ins': 0.0}
  [2026-06-24T19:57:53.985784] I: {'ins_mode': 4, 'realtime_x': 123.78, 'realtime_y': -6.53, 'target_x': 0.0, 'target_y': 0.0, 'yaw_ins': 0.0, 'dis_ins': 0.0}
  [2026-06-24T19:57:54.058534] I: {'ins_mode': 4, 'realtime_x': 123.78, 'realtime_y': -6.53, 'target_x': 0.0, 'target_y': 0.0, 'yaw_ins': 0.0, 'dis_ins': 0.0}
  [2026-06-24T19:57:54.096440] I: {'ins_mode': 4, 'realtime_x': 123.78, 'realtime_y': -6.53, 'target_x': 0.0, 'target_y': 0.0, 'yaw_ins': 0.0, 'dis_ins': 0.0}
  [2026-06-24T19:57:54.181816] I: {'ins_mode': 4, 'realtime_x': 123.78, 'realtime_y': -6.53, 'target_x': 0.0, 'target_y': 0.0, 'yaw_ins': 0.0, 'dis_ins': 0.0}
  [2026-06-24T19:57:54.226754] I: {'ins_mode': 4, 'realtime_x': 123.78, 'realtime_y': -6.53, 'target_x': 0.0, 'target_y': 0.0, 'yaw_ins': 0.0, 'dis_ins': 0.0}
  [2026-06-24T19:57:54.309515] I: {'ins_mode': 4, 'realtime_x': 123.78, 'realtime_y': -6.53, 'target_x': 0.0, 'target_y': 0.0, 'yaw_ins': 0.0, 'dis_ins': 0.0}
  [2026-06-24T19:57:54.345427] I: {'ins_mode': 4, 'realtime_x': 123.78, 'realtime_y': -6.53, 'target_x': 0.0, 'target_y': 0.0, 'yaw_ins': 0.0, 'dis_ins': 0.0}
  [2026-06-24T19:57:54.421234] I: {'ins_mode': 4, 'realtime_x': 123.78, 'realtime_y': -6.53, 'target_x': 0.0, 'target_y': 0.0, 'yaw_ins': 0.0, 'dis_ins': 0.0}
  [2026-06-24T19:57:54.462606] I: {'ins_mode': 4, 'realtime_x': 123.78, 'realtime_y': -6.53, 'target_x': 0.0, 'target_y': 0.0, 'yaw_ins': 0.0, 'dis_ins': 0.0}
  [2026-06-24T19:57:54.562334] I: {'ins_mode': 4, 'realtime_x': 123.78, 'realtime_y': -6.53, 'target_x': 0.0, 'target_y': 0.0, 'yaw_ins': 0.0, 'dis_ins': 0.0}
  [2026-06-24T19:57:54.583631] I: {'ins_mode': 4, 'realtime_x': 123.78, 'realtime_y': -6.53, 'target_x': 0.0, 'target_y': 0.0, 'yaw_ins': 0.0, 'dis_ins': 0.0}
  [2026-06-24T19:57:54.656379] I: {'ins_mode': 4, 'realtime_x': 123.78, 'realtime_y': -6.53, 'target_x': 0.0, 'target_y': 0.0, 'yaw_ins': 0.0, 'dis_ins': 0.0}
  [2026-06-24T19:57:54.698354] I: {'ins_mode': 4, 'realtime_x': 123.78, 'realtime_y': -6.53, 'target_x': 0.0, 'target_y': 0.0, 'yaw_ins': 0.0, 'dis_ins': 0.0}
  [2026-06-24T19:57:54.781181] I: {'ins_mode': 4, 'realtime_x': 123.78, 'realtime_y': -6.53, 'target_x': 0.0, 'target_y': 0.0, 'yaw_ins': 0.0, 'dis_ins': 0.0}
  [2026-06-24T19:57:54.823099] I: {'ins_mode': 4, 'realtime_x': 123.78, 'realtime_y': -6.53, 'target_x': 0.0, 'target_y': 0.0, 'yaw_ins': 0.0, 'dis_ins': 0.0}
  [2026-06-24T19:57:54.896797] I: {'ins_mode': 4, 'realtime_x': 123.79, 'realtime_y': -6.54, 'target_x': 0.0, 'target_y': 0.0, 'yaw_ins': 0.0, 'dis_ins': 0.0}
  [2026-06-24T19:57:54.940085] I: {'ins_mode': 4, 'realtime_x': 123.8, 'realtime_y': -6.54, 'target_x': 0.0, 'target_y': 0.0, 'yaw_ins': 0.0, 'dis_ins': 0.0}
  [2026-06-24T19:57:55.016193] I: {'ins_mode': 4, 'realtime_x': 123.83, 'realtime_y': -6.54, 'target_x': 0.0, 'target_y': 0.0, 'yaw_ins': 0.0, 'dis_ins': 0.0}
  [2026-06-24T19:57:55.058243] I: {'ins_mode': 4, 'realtime_x': 123.84, 'realtime_y': -6.55, 'target_x': 0.0, 'target_y': 0.0, 'yaw_ins': 0.0, 'dis_ins': 0.0}
  [2026-06-24T19:57:55.142170] I: {'ins_mode': 4, 'realtime_x': 123.92, 'realtime_y': -6.56, 'target_x': 0.0, 'target_y': 0.0, 'yaw_ins': 0.0, 'dis_ins': 0.0}
  [2026-06-24T19:57:55.176996] I: {'ins_mode': 4, 'realtime_x': 123.95, 'realtime_y': -6.57, 'target_x': 0.0, 'target_y': 0.0, 'yaw_ins': 0.0, 'dis_ins': 0.0}
  [2026-06-24T19:57:55.261029] I: {'ins_mode': 4, 'realtime_x': 123.9, 'realtime_y': -6.56, 'target_x': 0.0, 'target_y': 0.0, 'yaw_ins': 0.0, 'dis_ins': 0.0}
  [2026-06-24T19:57:55.303259] I: {'ins_mode': 4, 'realtime_x': 123.85, 'realtime_y': -6.55, 'target_x': 0.0, 'target_y': 0.0, 'yaw_ins': 0.0, 'dis_ins': 0.0}
  [2026-06-24T19:57:55.387536] I: {'ins_mode': 4, 'realtime_x': 123.82, 'realtime_y': -6.54, 'target_x': 0.0, 'target_y': 0.0, 'yaw_ins': 0.0, 'dis_ins': 0.0}
  [2026-06-24T19:57:55.419164] I: {'ins_mode': 4, 'realtime_x': 123.87, 'realtime_y': -6.55, 'target_x': 0.0, 'target_y': 0.0, 'yaw_ins': 0.0, 'dis_ins': 0.0}
  [2026-06-24T19:57:55.502939] I: {'ins_mode': 4, 'realtime_x': 124.47, 'realtime_y': -6.71, 'target_x': 0.0, 'target_y': 0.0, 'yaw_ins': 0.0, 'dis_ins': 0.0}
  [2026-06-24T19:57:55.545103] I: {'ins_mode': 4, 'realtime_x': 125.0, 'realtime_y': -6.85, 'target_x': 0.0, 'target_y': 0.0, 'yaw_ins': 0.0, 'dis_ins': 0.0}
  [2026-06-24T19:57:55.623974] I: {'ins_mode': 4, 'realtime_x': 125.47, 'realtime_y': -6.97, 'target_x': 0.0, 'target_y': 0.0, 'yaw_ins': 0.0, 'dis_ins': 0.0}
  [2026-06-24T19:57:55.666689] I: {'ins_mode': 4, 'realtime_x': 125.51, 'realtime_y': -6.98, 'target_x': 0.0, 'target_y': 0.0, 'yaw_ins': 0.0, 'dis_ins': 0.0}
  [2026-06-24T19:57:55.739950] I: {'ins_mode': 4, 'realtime_x': 125.47, 'realtime_y': -6.97, 'target_x': 0.0, 'target_y': 0.0, 'yaw_ins': 0.0, 'dis_ins': 0.0}
  [2026-06-24T19:57:55.782710] I: {'ins_mode': 4, 'realtime_x': 125.47, 'realtime_y': -6.97, 'target_x': 0.0, 'target_y': 0.0, 'yaw_ins': 0.0, 'dis_ins': 0.0}
  [2026-06-24T19:57:55.856998] I: {'ins_mode': 4, 'realtime_x': 125.49, 'realtime_y': -6.98, 'target_x': 0.0, 'target_y': 0.0, 'yaw_ins': 0.0, 'dis_ins': 0.0}
  [2026-06-24T19:57:55.899782] I: {'ins_mode': 4, 'realtime_x': 125.76, 'realtime_y': -7.04, 'target_x': 0.0, 'target_y': 0.0, 'yaw_ins': 0.0, 'dis_ins': 0.0}
  [2026-06-24T19:57:55.983845] I: {'ins_mode': 4, 'realtime_x': 126.83, 'realtime_y': -7.29, 'target_x': 0.0, 'target_y': 0.0, 'yaw_ins': 0.0, 'dis_ins': 0.0}
  [2026-06-24T19:57:56.052721] I: {'ins_mode': 4, 'realtime_x': 126.98, 'realtime_y': -7.32, 'target_x': 0.0, 'target_y': 0.0, 'yaw_ins': 0.0, 'dis_ins': 0.0}
  [2026-06-24T19:57:56.095585] I: {'ins_mode': 4, 'realtime_x': 126.97, 'realtime_y': -7.32, 'target_x': 0.0, 'target_y': 0.0, 'yaw_ins': 0.0, 'dis_ins': 0.0}
  [2026-06-24T19:57:56.138129] I: {'ins_mode': 4, 'realtime_x': 126.96, 'realtime_y': -7.32, 'target_x': 0.0, 'target_y': 0.0, 'yaw_ins': 0.0, 'dis_ins': 0.0}
  [2026-06-24T19:57:56.222756] I: {'ins_mode': 4, 'realtime_x': 126.89, 'realtime_y': -7.3, 'target_x': 0.0, 'target_y': 0.0, 'yaw_ins': 0.0, 'dis_ins': 0.0}
  [2026-06-24T19:57:56.266823] I: {'ins_mode': 4, 'realtime_x': 127.06, 'realtime_y': -7.34, 'target_x': 0.0, 'target_y': 0.0, 'yaw_ins': 0.0, 'dis_ins': 0.0}
  [2026-06-24T19:57:56.340318] I: {'ins_mode': 4, 'realtime_x': 128.31, 'realtime_y': -7.62, 'target_x': 0.0, 'target_y': 0.0, 'yaw_ins': 0.0, 'dis_ins': 0.0}
  [2026-06-24T19:57:56.381964] I: {'ins_mode': 4, 'realtime_x': 128.82, 'realtime_y': -7.73, 'target_x': 0.0, 'target_y': 0.0, 'yaw_ins': 0.0, 'dis_ins': 0.0}
  [2026-06-24T19:57:56.460348] I: {'ins_mode': 4, 'realtime_x': 129.16, 'realtime_y': -7.81, 'target_x': 0.0, 'target_y': 0.0, 'yaw_ins': 0.0, 'dis_ins': 0.0}
  [2026-06-24T19:57:56.502307] I: {'ins_mode': 4, 'realtime_x': 129.15, 'realtime_y': -7.8, 'target_x': 0.0, 'target_y': 0.0, 'yaw_ins': 0.0, 'dis_ins': 0.0}
  [2026-06-24T19:57:56.586208] I: {'ins_mode': 4, 'realtime_x': 129.14, 'realtime_y': -7.8, 'target_x': 0.0, 'target_y': 0.0, 'yaw_ins': 0.0, 'dis_ins': 0.0}
  [2026-06-24T19:57:56.618339] I: {'ins_mode': 4, 'realtime_x': 129.13, 'realtime_y': -7.8, 'target_x': 0.0, 'target_y': 0.0, 'yaw_ins': 0.0, 'dis_ins': 0.0}
  [2026-06-24T19:57:56.706719] I: {'ins_mode': 4, 'realtime_x': 129.14, 'realtime_y': -7.8, 'target_x': 0.0, 'target_y': 0.0, 'yaw_ins': 0.0, 'dis_ins': 0.0}
  [2026-06-24T19:57:56.738407] I: {'ins_mode': 4, 'realtime_x': 129.18, 'realtime_y': -7.81, 'target_x': 0.0, 'target_y': 0.0, 'yaw_ins': 0.0, 'dis_ins': 0.0}
  [2026-06-24T19:57:56.822264] I: {'ins_mode': 4, 'realtime_x': 129.25, 'realtime_y': -7.83, 'target_x': 0.0, 'target_y': 0.0, 'yaw_ins': 0.0, 'dis_ins': 0.0}
  [2026-06-24T19:57:56.864836] I: {'ins_mode': 4, 'realtime_x': 129.25, 'realtime_y': -7.83, 'target_x': 0.0, 'target_y': 0.0, 'yaw_ins': 0.0, 'dis_ins': 0.0}
  [2026-06-24T19:57:56.941268] I: {'ins_mode': 4, 'realtime_x': 129.25, 'realtime_y': -7.83, 'target_x': 0.0, 'target_y': 0.0, 'yaw_ins': 0.0, 'dis_ins': 0.0}
  [2026-06-24T19:57:56.983117] I: {'ins_mode': 4, 'realtime_x': 129.25, 'realtime_y': -7.83, 'target_x': 0.0, 'target_y': 0.0, 'yaw_ins': 0.0, 'dis_ins': 0.0}
  [2026-06-24T19:57:57.056460] I: {'ins_mode': 4, 'realtime_x': 129.24, 'realtime_y': -7.82, 'target_x': 0.0, 'target_y': 0.0, 'yaw_ins': 0.0, 'dis_ins': 0.0}
  [2026-06-24T19:57:57.098887] I: {'ins_mode': 4, 'realtime_x': 129.23, 'realtime_y': -7.82, 'target_x': 0.0, 'target_y': 0.0, 'yaw_ins': 0.0, 'dis_ins': 0.0}
  [2026-06-24T19:57:57.176735] I: {'ins_mode': 4, 'realtime_x': 128.92, 'realtime_y': -7.75, 'target_x': 0.0, 'target_y': 0.0, 'yaw_ins': 0.0, 'dis_ins': 0.0}
  [2026-06-24T19:57:57.219696] I: {'ins_mode': 4, 'realtime_x': 128.85, 'realtime_y': -7.73, 'target_x': 0.0, 'target_y': 0.0, 'yaw_ins': 0.0, 'dis_ins': 0.0}
  [2026-06-24T19:57:57.303928] I: {'ins_mode': 4, 'realtime_x': 129.59, 'realtime_y': -7.88, 'target_x': 0.0, 'target_y': 0.0, 'yaw_ins': 0.0, 'dis_ins': 0.0}
  [2026-06-24T19:57:57.357383] I: {'ins_mode': 4, 'realtime_x': 130.07, 'realtime_y': -7.97, 'target_x': 0.0, 'target_y': 0.0, 'yaw_ins': 0.0, 'dis_ins': 0.0}
  [2026-06-24T19:57:57.420183] I: {'ins_mode': 4, 'realtime_x': 131.25, 'realtime_y': -8.16, 'target_x': 0.0, 'target_y': 0.0, 'yaw_ins': 0.0, 'dis_ins': 0.0}
  [2026-06-24T19:57:57.461957] I: {'ins_mode': 4, 'realtime_x': 131.76, 'realtime_y': -8.25, 'target_x': 0.0, 'target_y': 0.0, 'yaw_ins': 0.0, 'dis_ins': 0.0}
  [2026-06-24T19:57:57.570432] I: {'ins_mode': 4, 'realtime_x': 131.64, 'realtime_y': -8.23, 'target_x': 0.0, 'target_y': 0.0, 'yaw_ins': 0.0, 'dis_ins': 0.0}
  [2026-06-24T19:57:57.580955] I: {'ins_mode': 4, 'realtime_x': 131.58, 'realtime_y': -8.21, 'target_x': 0.0, 'target_y': 0.0, 'yaw_ins': 0.0, 'dis_ins': 0.0}
  [2026-06-24T19:57:57.666834] I: {'ins_mode': 4, 'realtime_x': 131.64, 'realtime_y': -8.23, 'target_x': 0.0, 'target_y': 0.0, 'yaw_ins': 0.0, 'dis_ins': 0.0}
  [2026-06-24T19:57:57.697953] I: {'ins_mode': 4, 'realtime_x': 132.16, 'realtime_y': -8.33, 'target_x': 0.0, 'target_y': 0.0, 'yaw_ins': 0.0, 'dis_ins': 0.0}
  [2026-06-24T19:57:57.787289] I: {'ins_mode': 4, 'realtime_x': 133.53, 'realtime_y': -8.58, 'target_x': 0.0, 'target_y': 0.0, 'yaw_ins': 0.0, 'dis_ins': 0.0}
  [2026-06-24T19:57:57.818909] I: {'ins_mode': 4, 'realtime_x': 134.03, 'realtime_y': -8.67, 'target_x': 0.0, 'target_y': 0.0, 'yaw_ins': 0.0, 'dis_ins': 0.0}
  [2026-06-24T19:57:57.902576] I: {'ins_mode': 4, 'realtime_x': 134.38, 'realtime_y': -8.74, 'target_x': 0.0, 'target_y': 0.0, 'yaw_ins': 0.0, 'dis_ins': 0.0}
  [2026-06-24T19:57:57.944506] I: {'ins_mode': 4, 'realtime_x': 134.34, 'realtime_y': -8.73, 'target_x': 0.0, 'target_y': 0.0, 'yaw_ins': 0.0, 'dis_ins': 0.0}
  [2026-06-24T19:57:58.017836] I: {'ins_mode': 4, 'realtime_x': 134.32, 'realtime_y': -8.73, 'target_x': 0.0, 'target_y': 0.0, 'yaw_ins': 0.0, 'dis_ins': 0.0}
  [2026-06-24T19:57:58.059603] I: {'ins_mode': 4, 'realtime_x': 134.51, 'realtime_y': -8.77, 'target_x': 0.0, 'target_y': 0.0, 'yaw_ins': 0.0, 'dis_ins': 0.0}
  [2026-06-24T19:57:58.143934] I: {'ins_mode': 4, 'realtime_x': 135.87, 'realtime_y': -9.05, 'target_x': 0.0, 'target_y': 0.0, 'yaw_ins': 0.0, 'dis_ins': 0.0}
  [2026-06-24T19:57:58.175763] I: {'ins_mode': 4, 'realtime_x': 136.43, 'realtime_y': -9.16, 'target_x': 0.0, 'target_y': 0.0, 'yaw_ins': 0.0, 'dis_ins': 0.0}
  [2026-06-24T19:57:58.260664] I: {'ins_mode': 4, 'realtime_x': 136.8, 'realtime_y': -9.24, 'target_x': 0.0, 'target_y': 0.0, 'yaw_ins': 0.0, 'dis_ins': 0.0}
  [2026-06-24T19:57:58.302617] I: {'ins_mode': 4, 'realtime_x': 136.79, 'realtime_y': -9.23, 'target_x': 0.0, 'target_y': 0.0, 'yaw_ins': 0.0, 'dis_ins': 0.0}
  [2026-06-24T19:57:58.394696] I: {'ins_mode': 4, 'realtime_x': 136.79, 'realtime_y': -9.23, 'target_x': 0.0, 'target_y': 0.0, 'yaw_ins': 0.0, 'dis_ins': 0.0}
  [2026-06-24T19:57:58.426283] I: {'ins_mode': 4, 'realtime_x': 136.79, 'realtime_y': -9.23, 'target_x': 0.0, 'target_y': 0.0, 'yaw_ins': 0.0, 'dis_ins': 0.0}
  [2026-06-24T19:57:58.499339] I: {'ins_mode': 4, 'realtime_x': 137.53, 'realtime_y': -9.38, 'target_x': 0.0, 'target_y': 0.0, 'yaw_ins': 0.0, 'dis_ins': 0.0}
  [2026-06-24T19:57:58.541509] I: {'ins_mode': 4, 'realtime_x': 138.07, 'realtime_y': -9.48, 'target_x': 0.0, 'target_y': 0.0, 'yaw_ins': 0.0, 'dis_ins': 0.0}
  [2026-06-24T19:57:58.640704] I: {'ins_mode': 4, 'realtime_x': 139.04, 'realtime_y': -9.66, 'target_x': 0.0, 'target_y': 0.0, 'yaw_ins': 0.0, 'dis_ins': 0.0}
  [2026-06-24T19:57:58.662118] I: {'ins_mode': 4, 'realtime_x': 139.1, 'realtime_y': -9.67, 'target_x': 0.0, 'target_y': 0.0, 'yaw_ins': 0.0, 'dis_ins': 0.0}
  [2026-06-24T19:57:58.745916] I: {'ins_mode': 4, 'realtime_x': 139.1, 'realtime_y': -9.67, 'target_x': 0.0, 'target_y': 0.0, 'yaw_ins': 0.0, 'dis_ins': 0.0}
  [2026-06-24T19:57:58.777362] I: {'ins_mode': 4, 'realtime_x': 139.1, 'realtime_y': -9.67, 'target_x': 0.0, 'target_y': 0.0, 'yaw_ins': 0.0, 'dis_ins': 0.0}
  [2026-06-24T19:57:58.863784] I: {'ins_mode': 4, 'realtime_x': 139.44, 'realtime_y': -9.75, 'target_x': 0.0, 'target_y': 0.0, 'yaw_ins': 0.0, 'dis_ins': 0.0}
  [2026-06-24T19:57:58.906885] I: {'ins_mode': 4, 'realtime_x': 140.05, 'realtime_y': -9.88, 'target_x': 0.0, 'target_y': 0.0, 'yaw_ins': 0.0, 'dis_ins': 0.0}
  [2026-06-24T19:57:58.979067] I: {'ins_mode': 4, 'realtime_x': 141.04, 'realtime_y': -10.08, 'target_x': 0.0, 'target_y': 0.0, 'yaw_ins': 0.0, 'dis_ins': 0.0}
  [2026-06-24T19:57:59.021602] I: {'ins_mode': 4, 'realtime_x': 141.37, 'realtime_y': -10.14, 'target_x': 141.21, 'target_y': -10.11, 'yaw_ins': 0.0, 'dis_ins': 0.0}
  [2026-06-24T19:57:59.023908] W: {'wp_x': 141.21, 'wp_y': -10.11}
  [2026-06-24T19:57:59.107943] I: {'ins_mode': 4, 'realtime_x': 141.93, 'realtime_y': -10.26, 'target_x': 141.21, 'target_y': -10.11, 'yaw_ins': 0.0, 'dis_ins': 0.0}
  [2026-06-24T19:57:59.111853] W: {'wp_x': 141.21, 'wp_y': -10.11}
  [2026-06-24T19:57:59.139970] I: {'ins_mode': 4, 'realtime_x': 142.0, 'realtime_y': -10.28, 'target_x': 141.21, 'target_y': -10.11, 'yaw_ins': 0.0, 'dis_ins': 0.0}
  [2026-06-24T19:57:59.144703] W: {'wp_x': 141.21, 'wp_y': -10.11}
  [2026-06-24T19:57:59.224732] I: {'ins_mode': 4, 'realtime_x': 141.98, 'realtime_y': -10.27, 'target_x': 141.21, 'target_y': -10.11, 'yaw_ins': 0.0, 'dis_ins': 0.0}
  [2026-06-24T19:57:59.229575] W: {'wp_x': 141.21, 'wp_y': -10.11}
  [2026-06-24T19:57:59.266445] I: {'ins_mode': 4, 'realtime_x': 141.98, 'realtime_y': -10.27, 'target_x': 141.21, 'target_y': -10.11, 'yaw_ins': 0.0, 'dis_ins': 0.0}
  [2026-06-24T19:57:59.296962] W: {'wp_x': 141.21, 'wp_y': -10.11}
  [2026-06-24T19:57:59.336790] I: {'ins_mode': 4, 'realtime_x': 142.03, 'realtime_y': -10.29, 'target_x': 141.21, 'target_y': -10.11, 'yaw_ins': 0.0, 'dis_ins': 0.0}
  [2026-06-24T19:57:59.342705] W: {'wp_x': 141.21, 'wp_y': -10.11}
  [2026-06-24T19:57:59.378983] I: {'ins_mode': 4, 'realtime_x': 142.36, 'realtime_y': -10.36, 'target_x': 141.21, 'target_y': -10.11, 'yaw_ins': 0.0, 'dis_ins': 0.0}
  [2026-06-24T19:57:59.386120] W: {'wp_x': 141.21, 'wp_y': -10.11}
  [2026-06-24T19:57:59.463981] I: {'ins_mode': 4, 'realtime_x': 143.52, 'realtime_y': -10.61, 'target_x': 141.21, 'target_y': -10.11, 'yaw_ins': 0.0, 'dis_ins': 0.0}
  [2026-06-24T19:57:59.471094] W: {'wp_x': 141.21, 'wp_y': -10.11}
  [2026-06-24T19:57:59.514768] I: {'ins_mode': 4, 'realtime_x': 144.23, 'realtime_y': -10.77, 'target_x': 141.21, 'target_y': -10.11, 'yaw_ins': 0.0, 'dis_ins': 0.0}
  [2026-06-24T19:57:59.516856] W: {'wp_x': 141.21, 'wp_y': -10.11}
  [2026-06-24T19:57:59.577343] I: {'ins_mode': 4, 'realtime_x': 146.86, 'realtime_y': -11.35, 'target_x': 141.21, 'target_y': -10.11, 'yaw_ins': 0.0, 'dis_ins': 0.0}
  [2026-06-24T19:57:59.581611] W: {'wp_x': 141.21, 'wp_y': -10.11}
  [2026-06-24T19:57:59.619710] I: {'ins_mode': 4, 'realtime_x': 147.51, 'realtime_y': -11.51, 'target_x': 141.21, 'target_y': -10.11, 'yaw_ins': 0.0, 'dis_ins': 0.0}
  [2026-06-24T19:57:59.626175] W: {'wp_x': 141.21, 'wp_y': -10.11}
  [2026-06-24T19:57:59.703402] I: {'ins_mode': 4, 'realtime_x': 147.53, 'realtime_y': -11.51, 'target_x': 141.21, 'target_y': -10.11, 'yaw_ins': 0.0, 'dis_ins': 0.0}
  [2026-06-24T19:57:59.735551] W: {'wp_x': 141.21, 'wp_y': -10.11}
  [2026-06-24T19:57:59.744259] I: {'ins_mode': 4, 'realtime_x': 147.54, 'realtime_y': -11.51, 'target_x': 141.21, 'target_y': -10.11, 'yaw_ins': 0.0, 'dis_ins': 0.0}
  [2026-06-24T19:57:59.746239] W: {'wp_x': 141.21, 'wp_y': -10.11}
  [2026-06-24T19:57:59.820098] I: {'ins_mode': 4, 'realtime_x': 147.59, 'realtime_y': -11.53, 'target_x': 141.21, 'target_y': -10.11, 'yaw_ins': 0.0, 'dis_ins': 0.0}
  [2026-06-24T19:57:59.825100] W: {'wp_x': 141.21, 'wp_y': -10.11}
  [2026-06-24T19:57:59.862484] I: {'ins_mode': 4, 'realtime_x': 147.6, 'realtime_y': -11.53, 'target_x': 141.21, 'target_y': -10.11, 'yaw_ins': 0.0, 'dis_ins': 0.0}
  [2026-06-24T19:57:59.867760] W: {'wp_x': 141.21, 'wp_y': -10.11}
  [2026-06-24T19:57:59.957603] I: {'ins_mode': 4, 'realtime_x': 147.64, 'realtime_y': -11.54, 'target_x': 141.21, 'target_y': -10.11, 'yaw_ins': 0.0, 'dis_ins': 0.0}
  [2026-06-24T19:57:59.959814] W: {'wp_x': 141.21, 'wp_y': -10.11}
  [2026-06-24T19:57:59.978692] I: {'ins_mode': 4, 'realtime_x': 147.77, 'realtime_y': -11.58, 'target_x': 141.21, 'target_y': -10.11, 'yaw_ins': 0.0, 'dis_ins': 0.0}
  [2026-06-24T19:57:59.980664] W: {'wp_x': 141.21, 'wp_y': -10.11}
  [2026-06-24T19:58:00.063145] I: {'ins_mode': 4, 'realtime_x': 148.63, 'realtime_y': -11.79, 'target_x': 141.21, 'target_y': -10.11, 'yaw_ins': 0.0, 'dis_ins': 0.0}
  [2026-06-24T19:58:00.066563] W: {'wp_x': 141.21, 'wp_y': -10.11}
  [2026-06-24T19:58:00.106277] I: {'ins_mode': 4, 'realtime_x': 149.26, 'realtime_y': -11.94, 'target_x': 141.21, 'target_y': -10.11, 'yaw_ins': 0.0, 'dis_ins': 0.0}
  [2026-06-24T19:58:00.111540] W: {'wp_x': 141.21, 'wp_y': -10.11}
  [2026-06-24T19:58:00.198358] I: {'ins_mode': 4, 'realtime_x': 150.58, 'realtime_y': -12.26, 'target_x': 141.21, 'target_y': -10.11, 'yaw_ins': 0.0, 'dis_ins': 0.0}
  [2026-06-24T19:58:00.201332] W: {'wp_x': 141.21, 'wp_y': -10.11}
  [2026-06-24T19:58:00.219770] I: {'ins_mode': 4, 'realtime_x': 151.24, 'realtime_y': -12.43, 'target_x': 141.21, 'target_y': -10.11, 'yaw_ins': 0.0, 'dis_ins': 0.0}
  [2026-06-24T19:58:00.221986] W: {'wp_x': 141.21, 'wp_y': -10.11}
  [2026-06-24T19:58:00.303810] I: {'ins_mode': 4, 'realtime_x': 153.17, 'realtime_y': -12.9, 'target_x': 141.21, 'target_y': -10.11, 'yaw_ins': 0.0, 'dis_ins': 0.0}
  [2026-06-24T19:58:00.306545] W: {'wp_x': 141.21, 'wp_y': -10.11}
  [2026-06-24T19:58:00.345676] I: {'ins_mode': 4, 'realtime_x': 154.15, 'realtime_y': -13.14, 'target_x': 141.21, 'target_y': -10.11, 'yaw_ins': 0.0, 'dis_ins': 0.0}
  [2026-06-24T19:58:00.348176] W: {'wp_x': 141.21, 'wp_y': -10.11}
  [2026-06-24T19:58:00.430737] I: {'ins_mode': 4, 'realtime_x': 154.39, 'realtime_y': -13.2, 'target_x': 141.21, 'target_y': -10.11, 'yaw_ins': 0.0, 'dis_ins': 0.0}
  [2026-06-24T19:58:00.435334] W: {'wp_x': 141.21, 'wp_y': -10.11}
  [2026-06-24T19:58:00.463130] I: {'ins_mode': 4, 'realtime_x': 154.39, 'realtime_y': -13.2, 'target_x': 141.21, 'target_y': -10.11, 'yaw_ins': 0.0, 'dis_ins': 0.0}
  [2026-06-24T19:58:00.466150] W: {'wp_x': 141.21, 'wp_y': -10.11}
  [2026-06-24T19:58:00.546723] I: {'ins_mode': 4, 'realtime_x': 154.4, 'realtime_y': -13.2, 'target_x': 141.21, 'target_y': -10.11, 'yaw_ins': 0.0, 'dis_ins': 0.0}
  [2026-06-24T19:58:00.550810] W: {'wp_x': 141.21, 'wp_y': -10.11}
  [2026-06-24T19:58:00.578521] I: {'ins_mode': 4, 'realtime_x': 154.42, 'realtime_y': -13.2, 'target_x': 141.21, 'target_y': -10.11, 'yaw_ins': 0.0, 'dis_ins': 0.0}
  [2026-06-24T19:58:00.582379] W: {'wp_x': 141.21, 'wp_y': -10.11}
  [2026-06-24T19:58:00.674249] I: {'ins_mode': 4, 'realtime_x': 154.44, 'realtime_y': -13.21, 'target_x': 141.21, 'target_y': -10.11, 'yaw_ins': 0.0, 'dis_ins': 0.0}
  [2026-06-24T19:58:00.676398] W: {'wp_x': 141.21, 'wp_y': -10.11}
  [2026-06-24T19:58:00.705493] I: {'ins_mode': 4, 'realtime_x': 154.44, 'realtime_y': -13.21, 'target_x': 141.21, 'target_y': -10.11, 'yaw_ins': 0.0, 'dis_ins': 0.0}
  [2026-06-24T19:58:00.707536] W: {'wp_x': 141.21, 'wp_y': -10.11}
  [2026-06-24T19:58:00.780282] I: {'ins_mode': 4, 'realtime_x': 154.52, 'realtime_y': -13.22, 'target_x': 141.21, 'target_y': -10.11, 'yaw_ins': 0.0, 'dis_ins': 0.0}
  [2026-06-24T19:58:00.783569] W: {'wp_x': 141.21, 'wp_y': -10.11}
  [2026-06-24T19:58:00.823213] I: {'ins_mode': 4, 'realtime_x': 154.93, 'realtime_y': -13.31, 'target_x': 141.21, 'target_y': -10.11, 'yaw_ins': 0.0, 'dis_ins': 0.0}
  [2026-06-24T19:58:00.828538] W: {'wp_x': 141.21, 'wp_y': -10.11}
  [2026-06-24T19:58:00.910682] I: {'ins_mode': 4, 'realtime_x': 155.88, 'realtime_y': -13.52, 'target_x': 141.21, 'target_y': -10.11, 'yaw_ins': 0.0, 'dis_ins': 0.0}
  [2026-06-24T19:58:00.913201] W: {'wp_x': 141.21, 'wp_y': -10.11}
  [2026-06-24T19:58:00.942570] I: {'ins_mode': 4, 'realtime_x': 156.35, 'realtime_y': -13.62, 'target_x': 141.21, 'target_y': -10.11, 'yaw_ins': 0.0, 'dis_ins': 0.0}
  [2026-06-24T19:58:00.944910] W: {'wp_x': 141.21, 'wp_y': -10.11}
  [2026-06-24T19:58:01.016516] I: {'ins_mode': 4, 'realtime_x': 157.69, 'realtime_y': -13.95, 'target_x': 141.21, 'target_y': -10.11, 'yaw_ins': 0.0, 'dis_ins': 0.0}
  [2026-06-24T19:58:01.023086] W: {'wp_x': 141.21, 'wp_y': -10.11}
  [2026-06-24T19:58:01.058958] I: {'ins_mode': 4, 'realtime_x': 158.27, 'realtime_y': -14.1, 'target_x': 141.21, 'target_y': -10.11, 'yaw_ins': 0.0, 'dis_ins': 0.0}
  [2026-06-24T19:58:01.063098] W: {'wp_x': 141.21, 'wp_y': -10.11}
  [2026-06-24T19:58:01.146152] I: {'ins_mode': 4, 'realtime_x': 159.87, 'realtime_y': -14.48, 'target_x': 141.21, 'target_y': -10.11, 'yaw_ins': 0.0, 'dis_ins': 0.0}
  [2026-06-24T19:58:01.149194] W: {'wp_x': 141.21, 'wp_y': -10.11}
  [2026-06-24T19:58:01.179203] I: {'ins_mode': 4, 'realtime_x': 160.27, 'realtime_y': -14.58, 'target_x': 141.21, 'target_y': -10.11, 'yaw_ins': 0.0, 'dis_ins': 0.0}
  [2026-06-24T19:58:01.183353] W: {'wp_x': 141.21, 'wp_y': -10.11}
  [2026-06-24T19:58:01.263031] I: {'ins_mode': 4, 'realtime_x': 160.65, 'realtime_y': -14.67, 'target_x': 141.21, 'target_y': -10.11, 'yaw_ins': 0.0, 'dis_ins': 0.0}
  [2026-06-24T19:58:01.268135] W: {'wp_x': 160.64, 'wp_y': -14.66}
  [2026-06-24T19:58:01.305625] I: {'ins_mode': 4, 'realtime_x': 160.63, 'realtime_y': -14.66, 'target_x': 141.21, 'target_y': -10.11, 'yaw_ins': 0.0, 'dis_ins': 0.0}
  [2026-06-24T19:58:01.311051] W: {'wp_x': 160.64, 'wp_y': -14.66}
  [2026-06-24T19:58:01.392131] I: {'ins_mode': 4, 'realtime_x': 160.63, 'realtime_y': -14.66, 'target_x': 141.21, 'target_y': -10.11, 'yaw_ins': 0.0, 'dis_ins': 0.0}
  [2026-06-24T19:58:01.394230] W: {'wp_x': 160.64, 'wp_y': -14.66}
  [2026-06-24T19:58:01.424421] I: {'ins_mode': 4, 'realtime_x': 160.63, 'realtime_y': -14.66, 'target_x': 141.21, 'target_y': -10.11, 'yaw_ins': 0.0, 'dis_ins': 0.0}
  [2026-06-24T19:58:01.427404] W: {'wp_x': 160.64, 'wp_y': -14.66}
  [2026-06-24T19:58:01.498635] I: {'ins_mode': 4, 'realtime_x': 160.63, 'realtime_y': -14.66, 'target_x': 141.21, 'target_y': -10.11, 'yaw_ins': 0.0, 'dis_ins': 0.0}
  [2026-06-24T19:58:01.503016] W: {'wp_x': 160.64, 'wp_y': -14.66}
  [2026-06-24T19:58:01.541139] I: {'ins_mode': 4, 'realtime_x': 160.64, 'realtime_y': -14.67, 'target_x': 141.21, 'target_y': -10.11, 'yaw_ins': 0.0, 'dis_ins': 0.0}
  [2026-06-24T19:58:01.545890] W: {'wp_x': 160.64, 'wp_y': -14.66}
  [2026-06-24T19:58:01.625996] I: {'ins_mode': 4, 'realtime_x': 160.88, 'realtime_y': -14.73, 'target_x': 141.21, 'target_y': -10.11, 'yaw_ins': 0.0, 'dis_ins': 0.0}
  [2026-06-24T19:58:01.628164] W: {'wp_x': 160.64, 'wp_y': -14.66}
  [2026-06-24T19:58:01.657472] I: {'ins_mode': 4, 'realtime_x': 161.22, 'realtime_y': -14.82, 'target_x': 141.21, 'target_y': -10.11, 'yaw_ins': 0.0, 'dis_ins': 0.0}
  [2026-06-24T19:58:01.659811] W: {'wp_x': 160.64, 'wp_y': -14.66}
  [2026-06-24T19:58:01.741894] I: {'ins_mode': 4, 'realtime_x': 162.21, 'realtime_y': -15.08, 'target_x': 141.21, 'target_y': -10.11, 'yaw_ins': 0.0, 'dis_ins': 0.0}
  [2026-06-24T19:58:01.747361] W: {'wp_x': 160.64, 'wp_y': -14.66}
  [2026-06-24T19:58:01.830674] I: {'ins_mode': 4, 'realtime_x': 162.78, 'realtime_y': -15.25, 'target_x': 141.21, 'target_y': -10.11, 'yaw_ins': 0.0, 'dis_ins': 0.0}
  [2026-06-24T19:58:01.880201] W: {'wp_x': 160.64, 'wp_y': -14.66}
  [2026-06-24T19:58:01.881758] I: {'ins_mode': 4, 'realtime_x': 164.1, 'realtime_y': -15.64, 'target_x': 141.21, 'target_y': -10.11, 'yaw_ins': 0.0, 'dis_ins': 0.0}
  [2026-06-24T19:58:01.883695] W: {'wp_x': 160.64, 'wp_y': -14.66}
  [2026-06-24T19:58:01.902516] I: {'ins_mode': 4, 'realtime_x': 164.73, 'realtime_y': -15.83, 'target_x': 141.21, 'target_y': -10.11, 'yaw_ins': 0.0, 'dis_ins': 0.0}
  [2026-06-24T19:58:01.905092] W: {'wp_x': 160.64, 'wp_y': -14.66}
  [2026-06-24T19:58:01.987825] I: {'ins_mode': 4, 'realtime_x': 166.3, 'realtime_y': -16.29, 'target_x': 141.21, 'target_y': -10.11, 'yaw_ins': 0.0, 'dis_ins': 0.0}
  [2026-06-24T19:58:01.996491] W: {'wp_x': 160.64, 'wp_y': -14.66}
  [2026-06-24T19:58:02.019547] I: {'ins_mode': 4, 'realtime_x': 167.14, 'realtime_y': -16.52, 'target_x': 141.21, 'target_y': -10.11, 'yaw_ins': 0.0, 'dis_ins': 0.0}
  [2026-06-24T19:58:02.023822] W: {'wp_x': 160.64, 'wp_y': -14.66}
  [2026-06-24T19:58:02.126898] I: {'ins_mode': 4, 'realtime_x': 167.39, 'realtime_y': -16.59, 'target_x': 141.21, 'target_y': -10.11, 'yaw_ins': 0.0, 'dis_ins': 0.0}
  [2026-06-24T19:58:02.128943] W: {'wp_x': 160.64, 'wp_y': -14.66}
  [2026-06-24T19:58:02.137922] I: {'ins_mode': 4, 'realtime_x': 167.35, 'realtime_y': -16.58, 'target_x': 141.21, 'target_y': -10.11, 'yaw_ins': 0.0, 'dis_ins': 0.0}
  [2026-06-24T19:58:02.140067] W: {'wp_x': 160.64, 'wp_y': -14.66}
  [2026-06-24T19:58:02.222171] I: {'ins_mode': 4, 'realtime_x': 167.31, 'realtime_y': -16.57, 'target_x': 141.21, 'target_y': -10.11, 'yaw_ins': 0.0, 'dis_ins': 0.0}
  [2026-06-24T19:58:02.227019] W: {'wp_x': 160.64, 'wp_y': -14.66}
  [2026-06-24T19:58:02.264971] I: {'ins_mode': 4, 'realtime_x': 167.31, 'realtime_y': -16.57, 'target_x': 141.21, 'target_y': -10.11, 'yaw_ins': 0.0, 'dis_ins': 0.0}
  [2026-06-24T19:58:02.272640] W: {'wp_x': 160.64, 'wp_y': -14.66}
  [2026-06-24T19:58:02.383878] I: {'ins_mode': 4, 'realtime_x': 167.31, 'realtime_y': -16.57, 'target_x': 141.21, 'target_y': -10.11, 'yaw_ins': 0.0, 'dis_ins': 0.0}
  [2026-06-24T19:58:02.386666] W: {'wp_x': 160.64, 'wp_y': -14.66}
  [2026-06-24T19:58:02.386735] I: {'ins_mode': 4, 'realtime_x': 167.31, 'realtime_y': -16.57, 'target_x': 141.21, 'target_y': -10.11, 'yaw_ins': 0.0, 'dis_ins': 0.0}
  [2026-06-24T19:58:02.390202] W: {'wp_x': 160.64, 'wp_y': -14.66}
  [2026-06-24T19:58:02.460648] I: {'ins_mode': 4, 'realtime_x': 167.33, 'realtime_y': -16.57, 'target_x': 141.21, 'target_y': -10.11, 'yaw_ins': 0.0, 'dis_ins': 0.0}
  [2026-06-24T19:58:02.466412] W: {'wp_x': 160.64, 'wp_y': -14.66}
  [2026-06-24T19:58:02.502927] I: {'ins_mode': 4, 'realtime_x': 167.5, 'realtime_y': -16.62, 'target_x': 141.21, 'target_y': -10.11, 'yaw_ins': 0.0, 'dis_ins': 0.0}
  [2026-06-24T19:58:02.509949] W: {'wp_x': 160.64, 'wp_y': -14.66}
  [2026-06-24T19:58:02.651933] I: {'ins_mode': 4, 'realtime_x': 168.28, 'realtime_y': -16.82, 'target_x': 141.21, 'target_y': -10.11, 'yaw_ins': 0.0, 'dis_ins': 0.0}
  [2026-06-24T19:58:02.656799] W: {'wp_x': 160.64, 'wp_y': -14.66}
  [2026-06-24T19:58:02.657082] I: {'ins_mode': 4, 'realtime_x': 168.64, 'realtime_y': -16.91, 'target_x': 141.21, 'target_y': -10.11, 'yaw_ins': 0.0, 'dis_ins': 0.0}
  [2026-06-24T19:58:02.659225] W: {'wp_x': 160.64, 'wp_y': -14.66}
  [2026-06-24T19:58:02.700103] I: {'ins_mode': 4, 'realtime_x': 169.93, 'realtime_y': -17.26, 'target_x': 141.21, 'target_y': -10.11, 'yaw_ins': 0.0, 'dis_ins': 0.0}
  [2026-06-24T19:58:02.704208] W: {'wp_x': 160.64, 'wp_y': -14.66}
  [2026-06-24T19:58:02.742186] I: {'ins_mode': 4, 'realtime_x': 170.93, 'realtime_y': -17.54, 'target_x': 141.21, 'target_y': -10.11, 'yaw_ins': 0.0, 'dis_ins': 0.0}
  [2026-06-24T19:58:02.747416] W: {'wp_x': 160.64, 'wp_y': -14.66}
  [2026-06-24T19:58:02.924102] I: {'ins_mode': 4, 'realtime_x': 172.61, 'realtime_y': -18.01, 'target_x': 141.21, 'target_y': -10.11, 'yaw_ins': 0.0, 'dis_ins': 0.0}
  [2026-06-24T19:58:02.928153] W: {'wp_x': 160.64, 'wp_y': -14.66}
  [2026-06-24T19:58:02.928308] I: {'ins_mode': 4, 'realtime_x': 173.26, 'realtime_y': -18.19, 'target_x': 141.21, 'target_y': -10.11, 'yaw_ins': 0.0, 'dis_ins': 0.0}
  [2026-06-24T19:58:02.930146] W: {'wp_x': 160.64, 'wp_y': -14.66}
  [2026-06-24T19:58:02.938689] I: {'ins_mode': 4, 'realtime_x': 174.22, 'realtime_y': -18.46, 'target_x': 141.21, 'target_y': -10.11, 'yaw_ins': 0.0, 'dis_ins': 0.0}
  [2026-06-24T19:58:02.940925] W: {'wp_x': 160.64, 'wp_y': -14.66}
  [2026-06-24T19:58:02.980892] I: {'ins_mode': 4, 'realtime_x': 174.24, 'realtime_y': -18.46, 'target_x': 141.21, 'target_y': -10.11, 'yaw_ins': 0.0, 'dis_ins': 0.0}
  [2026-06-24T19:58:02.983980] W: {'wp_x': 160.64, 'wp_y': -14.66}
  [2026-06-24T19:58:03.063910] I: {'ins_mode': 4, 'realtime_x': 174.24, 'realtime_y': -18.46, 'target_x': 141.21, 'target_y': -10.11, 'yaw_ins': 0.0, 'dis_ins': 0.0}
  [2026-06-24T19:58:03.070939] W: {'wp_x': 160.64, 'wp_y': -14.66}
  [2026-06-24T19:58:03.129407] I: {'ins_mode': 4, 'realtime_x': 174.25, 'realtime_y': -18.46, 'target_x': 141.21, 'target_y': -10.11, 'yaw_ins': 0.0, 'dis_ins': 0.0}
  [2026-06-24T19:58:03.188701] W: {'wp_x': 160.64, 'wp_y': -14.66}
  [2026-06-24T19:58:03.188857] I: {'ins_mode': 4, 'realtime_x': 174.26, 'realtime_y': -18.47, 'target_x': 141.21, 'target_y': -10.11, 'yaw_ins': 0.0, 'dis_ins': 0.0}
  [2026-06-24T19:58:03.192050] W: {'wp_x': 160.64, 'wp_y': -14.66}
  [2026-06-24T19:58:03.222498] I: {'ins_mode': 4, 'realtime_x': 174.26, 'realtime_y': -18.47, 'target_x': 141.21, 'target_y': -10.11, 'yaw_ins': 0.0, 'dis_ins': 0.0}
  [2026-06-24T19:58:03.227171] W: {'wp_x': 160.64, 'wp_y': -14.66}
  [2026-06-24T19:58:03.296723] I: {'ins_mode': 4, 'realtime_x': 174.18, 'realtime_y': -18.44, 'target_x': 141.21, 'target_y': -10.11, 'yaw_ins': 0.0, 'dis_ins': 0.0}
  [2026-06-24T19:58:03.304631] W: {'wp_x': 160.64, 'wp_y': -14.66}
  [2026-06-24T19:58:03.451515] I: {'ins_mode': 4, 'realtime_x': 174.25, 'realtime_y': -18.46, 'target_x': 141.21, 'target_y': -10.11, 'yaw_ins': 0.0, 'dis_ins': 0.0}
  [2026-06-24T19:58:03.458772] W: {'wp_x': 160.64, 'wp_y': -14.66}
  [2026-06-24T19:58:03.458826] I: {'ins_mode': 4, 'realtime_x': 175.13, 'realtime_y': -18.73, 'target_x': 141.21, 'target_y': -10.11, 'yaw_ins': 0.0, 'dis_ins': 0.0}
  [2026-06-24T19:58:03.461300] W: {'wp_x': 160.64, 'wp_y': -14.66}
  [2026-06-24T19:58:03.461386] I: {'ins_mode': 4, 'realtime_x': 175.77, 'realtime_y': -18.92, 'target_x': 141.21, 'target_y': -10.11, 'yaw_ins': 0.0, 'dis_ins': 0.0}
  [2026-06-24T19:58:03.463423] W: {'wp_x': 160.64, 'wp_y': -14.66}
  [2026-06-24T19:58:03.544753] I: {'ins_mode': 4, 'realtime_x': 177.05, 'realtime_y': -19.32, 'target_x': 141.21, 'target_y': -10.11, 'yaw_ins': 0.0, 'dis_ins': 0.0}
  [2026-06-24T19:58:03.552305] W: {'wp_x': 160.64, 'wp_y': -14.66}
  [2026-06-24T19:58:03.576903] I: {'ins_mode': 4, 'realtime_x': 177.75, 'realtime_y': -19.54, 'target_x': 141.21, 'target_y': -10.11, 'yaw_ins': 0.0, 'dis_ins': 0.0}
  [2026-06-24T19:58:03.580342] W: {'wp_x': 160.64, 'wp_y': -14.66}
  [2026-06-24T19:58:03.725154] I: {'ins_mode': 4, 'realtime_x': 179.57, 'realtime_y': -20.12, 'target_x': 141.21, 'target_y': -10.11, 'yaw_ins': 0.0, 'dis_ins': 0.0}
  [2026-06-24T19:58:03.728904] W: {'wp_x': 179.57, 'wp_y': -20.12}
  [2026-06-24T19:58:03.729090] I: {'ins_mode': 4, 'realtime_x': 180.24, 'realtime_y': -20.33, 'target_x': 141.21, 'target_y': -10.11, 'yaw_ins': 0.0, 'dis_ins': 0.0}
  [2026-06-24T19:58:03.731098] W: {'wp_x': 179.57, 'wp_y': -20.12}
  [2026-06-24T19:58:03.781573] I: {'ins_mode': 4, 'realtime_x': 181.39, 'realtime_y': -20.68, 'target_x': 141.21, 'target_y': -10.11, 'yaw_ins': 0.0, 'dis_ins': 0.0}
  [2026-06-24T19:58:03.787200] W: {'wp_x': 179.57, 'wp_y': -20.12}
  [2026-06-24T19:58:03.824932] I: {'ins_mode': 4, 'realtime_x': 181.41, 'realtime_y': -20.69, 'target_x': 141.21, 'target_y': -10.11, 'yaw_ins': 0.0, 'dis_ins': 0.0}
  [2026-06-24T19:58:03.829891] W: {'wp_x': 179.57, 'wp_y': -20.12}
  [2026-06-24T19:58:04.009737] I: {'ins_mode': 4, 'realtime_x': 181.38, 'realtime_y': -20.68, 'target_x': 141.21, 'target_y': -10.11, 'yaw_ins': 0.0, 'dis_ins': 0.0}
  [2026-06-24T19:58:04.012859] W: {'wp_x': 179.57, 'wp_y': -20.12}
  [2026-06-24T19:58:04.013016] I: {'ins_mode': 4, 'realtime_x': 181.38, 'realtime_y': -20.68, 'target_x': 141.21, 'target_y': -10.11, 'yaw_ins': 0.0, 'dis_ins': 0.0}
  [2026-06-24T19:58:04.014963] W: {'wp_x': 179.57, 'wp_y': -20.12}
  [2026-06-24T19:58:04.024067] I: {'ins_mode': 4, 'realtime_x': 181.39, 'realtime_y': -20.68, 'target_x': 141.21, 'target_y': -10.11, 'yaw_ins': 0.0, 'dis_ins': 0.0}
  [2026-06-24T19:58:04.026116] W: {'wp_x': 179.57, 'wp_y': -20.12}
  [2026-06-24T19:58:04.065851] I: {'ins_mode': 4, 'realtime_x': 181.39, 'realtime_y': -20.68, 'target_x': 141.21, 'target_y': -10.11, 'yaw_ins': 0.0, 'dis_ins': 0.0}
  [2026-06-24T19:58:04.068124] W: {'wp_x': 179.57, 'wp_y': -20.12}
  [2026-06-24T19:58:04.140884] I: {'ins_mode': 4, 'realtime_x': 181.02, 'realtime_y': -20.57, 'target_x': 141.21, 'target_y': -10.11, 'yaw_ins': 0.0, 'dis_ins': 0.0}
  [2026-06-24T19:58:04.145890] W: {'wp_x': 179.57, 'wp_y': -20.12}
  [2026-06-24T19:58:04.298016] I: {'ins_mode': 4, 'realtime_x': 181.2, 'realtime_y': -20.62, 'target_x': 141.21, 'target_y': -10.11, 'yaw_ins': 0.0, 'dis_ins': 0.0}
  [2026-06-24T19:58:04.301240] W: {'wp_x': 179.57, 'wp_y': -20.12}
  [2026-06-24T19:58:04.301354] I: {'ins_mode': 4, 'realtime_x': 181.85, 'realtime_y': -20.83, 'target_x': 141.21, 'target_y': -10.11, 'yaw_ins': 0.0, 'dis_ins': 0.0}
  [2026-06-24T19:58:04.303484] W: {'wp_x': 179.57, 'wp_y': -20.12}
  [2026-06-24T19:58:04.303640] I: {'ins_mode': 4, 'realtime_x': 182.11, 'realtime_y': -20.91, 'target_x': 141.21, 'target_y': -10.11, 'yaw_ins': 0.0, 'dis_ins': 0.0}
  [2026-06-24T19:58:04.306151] W: {'wp_x': 179.57, 'wp_y': -20.12}
  [2026-06-24T19:58:04.388349] I: {'ins_mode': 4, 'realtime_x': 182.92, 'realtime_y': -21.18, 'target_x': 141.21, 'target_y': -10.11, 'yaw_ins': 0.0, 'dis_ins': 0.0}
  [2026-06-24T19:58:04.390680] W: {'wp_x': 179.57, 'wp_y': -20.12}
  [2026-06-24T19:58:04.419934] I: {'ins_mode': 4, 'realtime_x': 183.71, 'realtime_y': -21.45, 'target_x': 141.21, 'target_y': -10.11, 'yaw_ins': 0.0, 'dis_ins': 0.0}
  [2026-06-24T19:58:04.423128] W: {'wp_x': 179.57, 'wp_y': -20.12}
  [2026-06-24T19:58:04.589551] I: {'ins_mode': 4, 'realtime_x': 185.47, 'realtime_y': -22.03, 'target_x': 141.21, 'target_y': -10.11, 'yaw_ins': 0.0, 'dis_ins': 0.0}
  [2026-06-24T19:58:04.592475] W: {'wp_x': 179.57, 'wp_y': -20.12}
  [2026-06-24T19:58:04.592525] I: {'ins_mode': 4, 'realtime_x': 186.15, 'realtime_y': -22.24, 'target_x': 141.21, 'target_y': -10.11, 'yaw_ins': 0.0, 'dis_ins': 0.0}
  [2026-06-24T19:58:04.594359] W: {'wp_x': 179.57, 'wp_y': -20.12}
  [2026-06-24T19:58:04.624121] I: {'ins_mode': 4, 'realtime_x': 187.72, 'realtime_y': -22.71, 'target_x': 141.21, 'target_y': -10.11, 'yaw_ins': 0.0, 'dis_ins': 0.0}
  [2026-06-24T19:58:04.626555] W: {'wp_x': 179.57, 'wp_y': -20.12}
  [2026-06-24T19:58:04.666103] I: {'ins_mode': 4, 'realtime_x': 188.32, 'realtime_y': -22.89, 'target_x': 141.21, 'target_y': -10.11, 'yaw_ins': 0.0, 'dis_ins': 0.0}
  [2026-06-24T19:58:04.671786] W: {'wp_x': 179.57, 'wp_y': -20.12}
  [2026-06-24T19:58:04.860308] I: {'ins_mode': 4, 'realtime_x': 188.38, 'realtime_y': -22.91, 'target_x': 141.21, 'target_y': -10.11, 'yaw_ins': 0.0, 'dis_ins': 0.0}
  [2026-06-24T19:58:04.862360] W: {'wp_x': 179.57, 'wp_y': -20.12}
  [2026-06-24T19:58:04.863934] I: {'ins_mode': 4, 'realtime_x': 188.37, 'realtime_y': -22.9, 'target_x': 141.21, 'target_y': -10.11, 'yaw_ins': 0.0, 'dis_ins': 0.0}
  [2026-06-24T19:58:04.865939] W: {'wp_x': 179.57, 'wp_y': -20.12}
  [2026-06-24T19:58:04.866035] I: {'ins_mode': 4, 'realtime_x': 188.36, 'realtime_y': -22.9, 'target_x': 141.21, 'target_y': -10.11, 'yaw_ins': 0.0, 'dis_ins': 0.0}
  [2026-06-24T19:58:04.867999] W: {'wp_x': 179.57, 'wp_y': -20.12}
  [2026-06-24T19:58:04.897896] I: {'ins_mode': 4, 'realtime_x': 188.36, 'realtime_y': -22.9, 'target_x': 141.21, 'target_y': -10.11, 'yaw_ins': 0.0, 'dis_ins': 0.0}
  [2026-06-24T19:58:04.902431] W: {'wp_x': 179.57, 'wp_y': -20.12}
  [2026-06-24T19:58:04.981410] I: {'ins_mode': 4, 'realtime_x': 188.36, 'realtime_y': -22.9, 'target_x': 141.21, 'target_y': -10.11, 'yaw_ins': 0.0, 'dis_ins': 0.0}
  [2026-06-24T19:58:04.984519] W: {'wp_x': 179.57, 'wp_y': -20.12}
  [2026-06-24T19:58:05.093914] I: {'ins_mode': 4, 'realtime_x': 188.34, 'realtime_y': -22.89, 'target_x': 141.21, 'target_y': -10.11, 'yaw_ins': 0.0, 'dis_ins': 0.0}
  [2026-06-24T19:58:05.164672] W: {'wp_x': 179.57, 'wp_y': -20.12}
  [2026-06-24T19:58:05.165670] I: {'ins_mode': 4, 'realtime_x': 188.33, 'realtime_y': -22.89, 'target_x': 141.21, 'target_y': -10.11, 'yaw_ins': 0.0, 'dis_ins': 0.0}
  [2026-06-24T19:58:05.168078] W: {'wp_x': 179.57, 'wp_y': -20.12}
  [2026-06-24T19:58:05.168562] I: {'ins_mode': 4, 'realtime_x': 188.68, 'realtime_y': -23.0, 'target_x': 141.21, 'target_y': -10.11, 'yaw_ins': 0.0, 'dis_ins': 0.0}
  [2026-06-24T19:58:05.171434] W: {'wp_x': 179.57, 'wp_y': -20.12}
  [2026-06-24T19:58:05.221381] I: {'ins_mode': 4, 'realtime_x': 189.65, 'realtime_y': -23.32, 'target_x': 141.21, 'target_y': -10.11, 'yaw_ins': 0.0, 'dis_ins': 0.0}
  [2026-06-24T19:58:05.226271] W: {'wp_x': 179.57, 'wp_y': -20.12}
  [2026-06-24T19:58:05.263638] I: {'ins_mode': 4, 'realtime_x': 190.05, 'realtime_y': -23.45, 'target_x': 141.21, 'target_y': -10.11, 'yaw_ins': 0.0, 'dis_ins': 0.0}
  [2026-06-24T19:58:05.271597] W: {'wp_x': 179.57, 'wp_y': -20.12}
  [2026-06-24T19:58:05.476348] I: {'ins_mode': 4, 'realtime_x': 191.24, 'realtime_y': -23.84, 'target_x': 141.21, 'target_y': -10.11, 'yaw_ins': 0.0, 'dis_ins': 0.0}
  [2026-06-24T19:58:05.479381] W: {'wp_x': 179.57, 'wp_y': -20.12}
  [2026-06-24T19:58:05.479543] I: {'ins_mode': 4, 'realtime_x': 192.28, 'realtime_y': -24.17, 'target_x': 141.21, 'target_y': -10.11, 'yaw_ins': 0.0, 'dis_ins': 0.0}
  [2026-06-24T19:58:05.481527] W: {'wp_x': 179.57, 'wp_y': -20.12}
  [2026-06-24T19:58:05.481696] I: {'ins_mode': 4, 'realtime_x': 194.17, 'realtime_y': -24.75, 'target_x': 141.21, 'target_y': -10.11, 'yaw_ins': 0.0, 'dis_ins': 0.0}
  [2026-06-24T19:58:05.483604] W: {'wp_x': 179.57, 'wp_y': -20.12}
  [2026-06-24T19:58:05.502394] I: {'ins_mode': 4, 'realtime_x': 194.86, 'realtime_y': -24.96, 'target_x': 141.21, 'target_y': -10.11, 'yaw_ins': 0.0, 'dis_ins': 0.0}
  [2026-06-24T19:58:05.505954] W: {'wp_x': 179.57, 'wp_y': -20.12}
  [2026-06-24T19:58:05.585795] I: {'ins_mode': 4, 'realtime_x': 195.7, 'realtime_y': -25.2, 'target_x': 141.21, 'target_y': -10.11, 'yaw_ins': 0.0, 'dis_ins': 0.0}
  [2026-06-24T19:58:05.589362] W: {'wp_x': 179.57, 'wp_y': -20.12}
  [2026-06-24T19:58:05.697473] I: {'ins_mode': 4, 'realtime_x': 195.6, 'realtime_y': -25.17, 'target_x': 141.21, 'target_y': -10.11, 'yaw_ins': 0.0, 'dis_ins': 0.0}
  [2026-06-24T19:58:05.775602] W: {'wp_x': 179.57, 'wp_y': -20.12}
  [2026-06-24T19:58:05.775662] I: {'ins_mode': 4, 'realtime_x': 195.52, 'realtime_y': -25.15, 'target_x': 141.21, 'target_y': -10.11, 'yaw_ins': 0.0, 'dis_ins': 0.0}
  [2026-06-24T19:58:05.778438] W: {'wp_x': 179.57, 'wp_y': -20.12}
  [2026-06-24T19:58:05.778469] I: {'ins_mode': 4, 'realtime_x': 195.47, 'realtime_y': -25.14, 'target_x': 141.21, 'target_y': -10.11, 'yaw_ins': 0.0, 'dis_ins': 0.0}
  [2026-06-24T19:58:05.780485] W: {'wp_x': 179.57, 'wp_y': -20.12}
  [2026-06-24T19:58:05.822812] I: {'ins_mode': 4, 'realtime_x': 195.47, 'realtime_y': -25.14, 'target_x': 141.21, 'target_y': -10.11, 'yaw_ins': 0.0, 'dis_ins': 0.0}
  [2026-06-24T19:58:05.827416] W: {'wp_x': 179.57, 'wp_y': -20.12}
  [2026-06-24T19:58:05.865500] I: {'ins_mode': 4, 'realtime_x': 195.47, 'realtime_y': -25.14, 'target_x': 141.21, 'target_y': -10.11, 'yaw_ins': 0.0, 'dis_ins': 0.0}
  [2026-06-24T19:58:05.873957] W: {'wp_x': 179.57, 'wp_y': -20.12}
  [2026-06-24T19:58:06.075319] I: {'ins_mode': 4, 'realtime_x': 195.47, 'realtime_y': -25.14, 'target_x': 141.21, 'target_y': -10.11, 'yaw_ins': 0.0, 'dis_ins': 0.0}
  [2026-06-24T19:58:06.079917] W: {'wp_x': 179.57, 'wp_y': -20.12}
  [2026-06-24T19:58:06.080076] I: {'ins_mode': 4, 'realtime_x': 195.47, 'realtime_y': -25.14, 'target_x': 141.21, 'target_y': -10.11, 'yaw_ins': 0.0, 'dis_ins': 0.0}
  [2026-06-24T19:58:06.082448] W: {'wp_x': 179.57, 'wp_y': -20.12}
  [2026-06-24T19:58:06.082592] I: {'ins_mode': 4, 'realtime_x': 195.59, 'realtime_y': -25.17, 'target_x': 141.21, 'target_y': -10.11, 'yaw_ins': 0.0, 'dis_ins': 0.0}
  [2026-06-24T19:58:06.085691] W: {'wp_x': 179.57, 'wp_y': -20.12}
  [2026-06-24T19:58:06.103863] I: {'ins_mode': 4, 'realtime_x': 196.24, 'realtime_y': -25.37, 'target_x': 141.21, 'target_y': -10.11, 'yaw_ins': 0.0, 'dis_ins': 0.0}
  [2026-06-24T19:58:06.107281] W: {'wp_x': 179.57, 'wp_y': -20.12}
  [2026-06-24T19:58:06.177669] I: {'ins_mode': 4, 'realtime_x': 197.52, 'realtime_y': -25.76, 'target_x': 141.21, 'target_y': -10.11, 'yaw_ins': 0.0, 'dis_ins': 0.0}
  [2026-06-24T19:58:06.185708] W: {'wp_x': 197.24, 'wp_y': -25.67}
  [2026-06-24T19:58:06.395351] I: {'ins_mode': 4, 'realtime_x': 198.12, 'realtime_y': -25.95, 'target_x': 141.21, 'target_y': -10.11, 'yaw_ins': 0.0, 'dis_ins': 0.0}
  [2026-06-24T19:58:06.398889] W: {'wp_x': 197.24, 'wp_y': -25.67}
  [2026-06-24T19:58:06.399074] I: {'ins_mode': 4, 'realtime_x': 199.85, 'realtime_y': -26.51, 'target_x': 141.21, 'target_y': -10.11, 'yaw_ins': 0.0, 'dis_ins': 0.0}
  [2026-06-24T19:58:06.401477] W: {'wp_x': 197.24, 'wp_y': -25.67}
  [2026-06-24T19:58:06.401732] I: {'ins_mode': 4, 'realtime_x': 200.68, 'realtime_y': -26.78, 'target_x': 141.21, 'target_y': -10.11, 'yaw_ins': 0.0, 'dis_ins': 0.0}
  [2026-06-24T19:58:06.405437] W: {'wp_x': 197.24, 'wp_y': -25.67}
  [2026-06-24T19:58:06.422768] I: {'ins_mode': 4, 'realtime_x': 202.21, 'realtime_y': -27.27, 'target_x': 141.21, 'target_y': -10.11, 'yaw_ins': 0.0, 'dis_ins': 0.0}
  [2026-06-24T19:58:06.424938] W: {'wp_x': 197.24, 'wp_y': -25.67}
  [2026-06-24T19:58:06.465622] I: {'ins_mode': 4, 'realtime_x': 202.25, 'realtime_y': -27.28, 'target_x': 141.21, 'target_y': -10.11, 'yaw_ins': 0.0, 'dis_ins': 0.0}
  [2026-06-24T19:58:06.474275] W: {'wp_x': 197.24, 'wp_y': -25.67}
  [2026-06-24T19:58:06.708658] I: {'ins_mode': 4, 'realtime_x': 202.24, 'realtime_y': -27.28, 'target_x': 141.21, 'target_y': -10.11, 'yaw_ins': 0.0, 'dis_ins': 0.0}
  [2026-06-24T19:58:06.711722] W: {'wp_x': 197.24, 'wp_y': -25.67}
  [2026-06-24T19:58:06.711883] I: {'ins_mode': 4, 'realtime_x': 202.24, 'realtime_y': -27.28, 'target_x': 141.21, 'target_y': -10.11, 'yaw_ins': 0.0, 'dis_ins': 0.0}
  [2026-06-24T19:58:06.713913] W: {'wp_x': 197.24, 'wp_y': -25.67}
  [2026-06-24T19:58:06.714070] I: {'ins_mode': 4, 'realtime_x': 202.26, 'realtime_y': -27.29, 'target_x': 141.21, 'target_y': -10.11, 'yaw_ins': 0.0, 'dis_ins': 0.0}
  [2026-06-24T19:58:06.715946] W: {'wp_x': 197.24, 'wp_y': -25.67}
  [2026-06-24T19:58:06.716095] I: {'ins_mode': 4, 'realtime_x': 202.26, 'realtime_y': -27.29, 'target_x': 141.21, 'target_y': -10.11, 'yaw_ins': 0.0, 'dis_ins': 0.0}
  [2026-06-24T19:58:06.718931] W: {'wp_x': 197.24, 'wp_y': -25.67}
  [2026-06-24T19:58:06.778475] I: {'ins_mode': 4, 'realtime_x': 202.24, 'realtime_y': -27.28, 'target_x': 141.21, 'target_y': -10.11, 'yaw_ins': 0.0, 'dis_ins': 0.0}
  [2026-06-24T19:58:06.783362] W: {'wp_x': 197.24, 'wp_y': -25.67}
  [2026-06-24T19:58:06.821038] I: {'ins_mode': 4, 'realtime_x': 202.23, 'realtime_y': -27.28, 'target_x': 141.21, 'target_y': -10.11, 'yaw_ins': 0.0, 'dis_ins': 0.0}
  [2026-06-24T19:58:06.826551] W: {'wp_x': 197.24, 'wp_y': -25.67}
  [2026-06-24T19:58:07.027421] I: {'ins_mode': 4, 'realtime_x': 202.21, 'realtime_y': -27.27, 'target_x': 141.21, 'target_y': -10.11, 'yaw_ins': 0.0, 'dis_ins': 0.0}
  [2026-06-24T19:58:07.031144] W: {'wp_x': 197.24, 'wp_y': -25.67}
  [2026-06-24T19:58:07.031201] I: {'ins_mode': 4, 'realtime_x': 202.22, 'realtime_y': -27.28, 'target_x': 141.21, 'target_y': -10.11, 'yaw_ins': 0.0, 'dis_ins': 0.0}
  [2026-06-24T19:58:07.033011] W: {'wp_x': 197.24, 'wp_y': -25.67}
  [2026-06-24T19:58:07.033153] I: {'ins_mode': 4, 'realtime_x': 202.44, 'realtime_y': -27.35, 'target_x': 141.21, 'target_y': -10.11, 'yaw_ins': 0.0, 'dis_ins': 0.0}
  [2026-06-24T19:58:07.035003] W: {'wp_x': 197.24, 'wp_y': -25.67}
  [2026-06-24T19:58:07.064957] I: {'ins_mode': 4, 'realtime_x': 203.14, 'realtime_y': -27.58, 'target_x': 141.21, 'target_y': -10.11, 'yaw_ins': 0.0, 'dis_ins': 0.0}
  [2026-06-24T19:58:07.067592] W: {'wp_x': 197.24, 'wp_y': -25.67}
  [2026-06-24T19:58:07.258556] I: {'ins_mode': 4, 'realtime_x': 204.43, 'realtime_y': -28.02, 'target_x': 141.21, 'target_y': -10.11, 'yaw_ins': 0.0, 'dis_ins': 0.0}
  [2026-06-24T19:58:07.343956] W: {'wp_x': 197.24, 'wp_y': -25.67}
  [2026-06-24T19:58:07.343998] I: {'ins_mode': 4, 'realtime_x': 204.98, 'realtime_y': -28.21, 'target_x': 141.21, 'target_y': -10.11, 'yaw_ins': 0.0, 'dis_ins': 0.0}
  [2026-06-24T19:58:07.346998] W: {'wp_x': 197.24, 'wp_y': -25.67}
  [2026-06-24T19:58:07.347097] I: {'ins_mode': 4, 'realtime_x': 206.64, 'realtime_y': -28.79, 'target_x': 141.21, 'target_y': -10.11, 'yaw_ins': 0.0, 'dis_ins': 0.0}
  [2026-06-24T19:58:07.348939] W: {'wp_x': 197.24, 'wp_y': -25.67}
  [2026-06-24T19:58:07.349028] I: {'ins_mode': 4, 'realtime_x': 207.76, 'realtime_y': -29.17, 'target_x': 141.21, 'target_y': -10.11, 'yaw_ins': 0.0, 'dis_ins': 0.0}
  [2026-06-24T19:58:07.351490] W: {'wp_x': 197.24, 'wp_y': -25.67}
  [2026-06-24T19:58:07.380573] I: {'ins_mode': 4, 'realtime_x': 208.79, 'realtime_y': -29.52, 'target_x': 141.21, 'target_y': -10.11, 'yaw_ins': 0.0, 'dis_ins': 0.0}
  [2026-06-24T19:58:07.385506] W: {'wp_x': 197.24, 'wp_y': -25.67}
  [2026-06-24T19:58:07.423224] I: {'ins_mode': 4, 'realtime_x': 208.81, 'realtime_y': -29.53, 'target_x': 141.21, 'target_y': -10.11, 'yaw_ins': 0.0, 'dis_ins': 0.0}
  [2026-06-24T19:58:07.427263] W: {'wp_x': 197.24, 'wp_y': -25.67}
  [2026-06-24T19:58:07.608755] I: {'ins_mode': 4, 'realtime_x': 208.81, 'realtime_y': -29.53, 'target_x': 141.21, 'target_y': -10.11, 'yaw_ins': 0.0, 'dis_ins': 0.0}
  [2026-06-24T19:58:07.708500] W: {'wp_x': 197.24, 'wp_y': -25.67}
  [2026-06-24T19:58:07.708545] I: {'ins_mode': 4, 'realtime_x': 208.82, 'realtime_y': -29.53, 'target_x': 141.21, 'target_y': -10.11, 'yaw_ins': 0.0, 'dis_ins': 0.0}
  [2026-06-24T19:58:07.711398] W: {'wp_x': 197.24, 'wp_y': -25.67}
  [2026-06-24T19:58:07.711461] I: {'ins_mode': 4, 'realtime_x': 208.82, 'realtime_y': -29.53, 'target_x': 141.21, 'target_y': -10.11, 'yaw_ins': 0.0, 'dis_ins': 0.0}
  [2026-06-24T19:58:07.713284] W: {'wp_x': 197.24, 'wp_y': -25.67}
  [2026-06-24T19:58:07.713360] I: {'ins_mode': 4, 'realtime_x': 208.81, 'realtime_y': -29.53, 'target_x': 141.21, 'target_y': -10.11, 'yaw_ins': 0.0, 'dis_ins': 0.0}
  [2026-06-24T19:58:07.715192] W: {'wp_x': 197.24, 'wp_y': -25.67}
  [2026-06-24T19:58:07.734094] I: {'ins_mode': 4, 'realtime_x': 208.77, 'realtime_y': -29.51, 'target_x': 141.21, 'target_y': -10.11, 'yaw_ins': 0.0, 'dis_ins': 0.0}
  [2026-06-24T19:58:07.748138] W: {'wp_x': 197.24, 'wp_y': -25.67}
  [2026-06-24T19:58:07.788774] I: {'ins_mode': 4, 'realtime_x': 208.77, 'realtime_y': -29.51, 'target_x': 141.21, 'target_y': -10.11, 'yaw_ins': 0.0, 'dis_ins': 0.0}
  [2026-06-24T19:58:07.794348] W: {'wp_x': 197.24, 'wp_y': -25.67}
  [2026-06-24T19:58:07.960455] I: {'ins_mode': 4, 'realtime_x': 208.83, 'realtime_y': -29.54, 'target_x': 141.21, 'target_y': -10.11, 'yaw_ins': 0.0, 'dis_ins': 0.0}
  [2026-06-24T19:58:08.044627] W: {'wp_x': 197.24, 'wp_y': -25.67}
  [2026-06-24T19:58:08.044776] I: {'ins_mode': 4, 'realtime_x': 209.13, 'realtime_y': -29.64, 'target_x': 141.21, 'target_y': -10.11, 'yaw_ins': 0.0, 'dis_ins': 0.0}
  [2026-06-24T19:58:08.046652] W: {'wp_x': 197.24, 'wp_y': -25.67}
  [2026-06-24T19:58:08.049360] I: {'ins_mode': 4, 'realtime_x': 210.0, 'realtime_y': -29.94, 'target_x': 141.21, 'target_y': -10.11, 'yaw_ins': 0.0, 'dis_ins': 0.0}
  [2026-06-24T19:58:08.051458] W: {'wp_x': 197.24, 'wp_y': -25.67}
  [2026-06-24T19:58:08.051573] I: {'ins_mode': 4, 'realtime_x': 210.65, 'realtime_y': -30.16, 'target_x': 141.21, 'target_y': -10.11, 'yaw_ins': 0.0, 'dis_ins': 0.0}
  [2026-06-24T19:58:08.053448] W: {'wp_x': 197.24, 'wp_y': -25.67}
  [2026-06-24T19:58:08.103700] I: {'ins_mode': 4, 'realtime_x': 212.14, 'realtime_y': -30.68, 'target_x': 141.21, 'target_y': -10.11, 'yaw_ins': 0.0, 'dis_ins': 0.0}
  [2026-06-24T19:58:08.105781] W: {'wp_x': 197.24, 'wp_y': -25.67}
  [2026-06-24T19:58:08.145507] I: {'ins_mode': 4, 'realtime_x': 212.9, 'realtime_y': -30.94, 'target_x': 141.21, 'target_y': -10.11, 'yaw_ins': 0.0, 'dis_ins': 0.0}
  [2026-06-24T19:58:08.150942] W: {'wp_x': 197.24, 'wp_y': -25.67}
  [2026-06-24T19:58:08.427648] I: {'ins_mode': 4, 'realtime_x': 214.55, 'realtime_y': -31.47, 'target_x': 141.21, 'target_y': -10.11, 'yaw_ins': 0.0, 'dis_ins': 0.0}
  [2026-06-24T19:58:08.431213] W: {'wp_x': 197.24, 'wp_y': -25.67}
  [2026-06-24T19:58:08.431284] I: {'ins_mode': 4, 'realtime_x': 214.66, 'realtime_y': -31.5, 'target_x': 141.21, 'target_y': -10.11, 'yaw_ins': 0.0, 'dis_ins': 0.0}
  [2026-06-24T19:58:08.433520] W: {'wp_x': 197.24, 'wp_y': -25.67}
  [2026-06-24T19:58:08.433619] I: {'ins_mode': 4, 'realtime_x': 214.66, 'realtime_y': -31.5, 'target_x': 141.21, 'target_y': -10.11, 'yaw_ins': 0.0, 'dis_ins': 0.0}
  [2026-06-24T19:58:08.436593] W: {'wp_x': 197.24, 'wp_y': -25.67}
  [2026-06-24T19:58:08.436788] I: {'ins_mode': 4, 'realtime_x': 214.67, 'realtime_y': -31.51, 'target_x': 141.21, 'target_y': -10.11, 'yaw_ins': 0.0, 'dis_ins': 0.0}
  [2026-06-24T19:58:08.439654] W: {'wp_x': 197.24, 'wp_y': -25.67}
  [2026-06-24T19:58:08.468492] I: {'ins_mode': 4, 'realtime_x': 214.67, 'realtime_y': -31.51, 'target_x': 141.21, 'target_y': -10.11, 'yaw_ins': 0.0, 'dis_ins': 0.0}
  [2026-06-24T19:58:08.471362] W: {'wp_x': 197.24, 'wp_y': -25.67}
  [2026-06-24T19:58:08.499990] I: {'ins_mode': 4, 'realtime_x': 214.67, 'realtime_y': -31.51, 'target_x': 141.21, 'target_y': -10.11, 'yaw_ins': 0.0, 'dis_ins': 0.0}
  [2026-06-24T19:58:08.504863] W: {'wp_x': 197.24, 'wp_y': -25.67}
  [2026-06-24T19:58:08.769800] I: {'ins_mode': 4, 'realtime_x': 214.67, 'realtime_y': -31.51, 'target_x': 141.21, 'target_y': -10.11, 'yaw_ins': 0.0, 'dis_ins': 0.0}
  [2026-06-24T19:58:08.773050] W: {'wp_x': 197.24, 'wp_y': -25.67}
  [2026-06-24T19:58:08.773218] I: {'ins_mode': 4, 'realtime_x': 214.67, 'realtime_y': -31.51, 'target_x': 141.21, 'target_y': -10.11, 'yaw_ins': 0.0, 'dis_ins': 0.0}
  [2026-06-24T19:58:08.775287] W: {'wp_x': 197.24, 'wp_y': -25.67}
  [2026-06-24T19:58:08.775461] I: {'ins_mode': 4, 'realtime_x': 214.67, 'realtime_y': -31.51, 'target_x': 141.21, 'target_y': -10.11, 'yaw_ins': 0.0, 'dis_ins': 0.0}
  [2026-06-24T19:58:08.777295] W: {'wp_x': 197.24, 'wp_y': -25.67}
  [2026-06-24T19:58:08.777442] I: {'ins_mode': 4, 'realtime_x': 214.67, 'realtime_y': -31.51, 'target_x': 141.21, 'target_y': -10.11, 'yaw_ins': 0.0, 'dis_ins': 0.0}
  [2026-06-24T19:58:08.779274] W: {'wp_x': 197.24, 'wp_y': -25.67}
  [2026-06-24T19:58:08.819591] I: {'ins_mode': 4, 'realtime_x': 214.67, 'realtime_y': -31.51, 'target_x': 141.21, 'target_y': -10.11, 'yaw_ins': 0.0, 'dis_ins': 0.0}
  [2026-06-24T19:58:08.823811] W: {'wp_x': 197.24, 'wp_y': -25.67}
  [2026-06-24T19:58:08.862030] I: {'ins_mode': 4, 'realtime_x': 214.67, 'realtime_y': -31.51, 'target_x': 141.21, 'target_y': -10.11, 'yaw_ins': 0.0, 'dis_ins': 0.0}
  [2026-06-24T19:58:08.866551] W: {'wp_x': 197.24, 'wp_y': -25.67}
  [2026-06-24T19:58:09.028869] I: {'ins_mode': 4, 'realtime_x': 214.67, 'realtime_y': -31.51, 'target_x': 141.21, 'target_y': -10.11, 'yaw_ins': 0.0, 'dis_ins': 0.0}
  [2026-06-24T19:58:09.124715] W: {'wp_x': 197.24, 'wp_y': -25.67}
  [2026-06-24T19:58:09.126319] I: {'ins_mode': 4, 'realtime_x': 214.67, 'realtime_y': -31.51, 'target_x': 141.21, 'target_y': -10.11, 'yaw_ins': 0.0, 'dis_ins': 0.0}
  [2026-06-24T19:58:09.128429] W: {'wp_x': 197.24, 'wp_y': -25.67}
  [2026-06-24T19:58:09.128522] I: {'ins_mode': 4, 'realtime_x': 214.67, 'realtime_y': -31.51, 'target_x': 141.21, 'target_y': -10.11, 'yaw_ins': 0.0, 'dis_ins': 0.0}
  [2026-06-24T19:58:09.130423] W: {'wp_x': 197.24, 'wp_y': -25.67}
  [2026-06-24T19:58:09.130500] I: {'ins_mode': 4, 'realtime_x': 214.67, 'realtime_y': -31.51, 'target_x': 141.21, 'target_y': -10.11, 'yaw_ins': 0.0, 'dis_ins': 0.0}
  [2026-06-24T19:58:09.132339] W: {'wp_x': 197.24, 'wp_y': -25.67}
  [2026-06-24T19:58:09.183223] I: {'ins_mode': 4, 'realtime_x': 214.67, 'realtime_y': -31.51, 'target_x': 141.21, 'target_y': -10.11, 'yaw_ins': 0.0, 'dis_ins': 0.0}
  [2026-06-24T19:58:09.191071] W: {'wp_x': 197.24, 'wp_y': -25.67}
  [2026-06-24T19:58:09.225996] I: {'ins_mode': 4, 'realtime_x': 214.67, 'realtime_y': -31.51, 'target_x': 141.21, 'target_y': -10.11, 'yaw_ins': 0.0, 'dis_ins': 0.0}
  [2026-06-24T19:58:09.229694] W: {'wp_x': 197.24, 'wp_y': -25.67}
  [2026-06-24T19:58:09.478438] I: {'ins_mode': 4, 'realtime_x': 214.67, 'realtime_y': -31.51, 'target_x': 141.21, 'target_y': -10.11, 'yaw_ins': 0.0, 'dis_ins': 0.0}
  [2026-06-24T19:58:09.481853] W: {'wp_x': 197.24, 'wp_y': -25.67}
  [2026-06-24T19:58:09.481944] I: {'ins_mode': 4, 'realtime_x': 214.67, 'realtime_y': -31.51, 'target_x': 141.21, 'target_y': -10.11, 'yaw_ins': 0.0, 'dis_ins': 0.0}
  [2026-06-24T19:58:09.484180] W: {'wp_x': 197.24, 'wp_y': -25.67}
  [2026-06-24T19:58:09.484266] I: {'ins_mode': 4, 'realtime_x': 214.67, 'realtime_y': -31.51, 'target_x': 141.21, 'target_y': -10.11, 'yaw_ins': 0.0, 'dis_ins': 0.0}
  [2026-06-24T19:58:09.487581] W: {'wp_x': 197.24, 'wp_y': -25.67}
  [2026-06-24T19:58:09.487789] I: {'ins_mode': 4, 'realtime_x': 214.67, 'realtime_y': -31.51, 'target_x': 141.21, 'target_y': -10.11, 'yaw_ins': 0.0, 'dis_ins': 0.0}
  [2026-06-24T19:58:09.490177] W: {'wp_x': 197.24, 'wp_y': -25.67}
  [2026-06-24T19:58:09.540042] I: {'ins_mode': 4, 'realtime_x': 214.67, 'realtime_y': -31.51, 'target_x': 141.21, 'target_y': -10.11, 'yaw_ins': 0.0, 'dis_ins': 0.0}
  [2026-06-24T19:58:09.545873] W: {'wp_x': 197.24, 'wp_y': -25.67}
  [2026-06-24T19:58:09.754276] I: {'ins_mode': 4, 'realtime_x': 214.67, 'realtime_y': -31.51, 'target_x': 141.21, 'target_y': -10.11, 'yaw_ins': 0.0, 'dis_ins': 0.0}
  [2026-06-24T19:58:09.757049] W: {'wp_x': 197.24, 'wp_y': -25.67}
  [2026-06-24T19:58:09.867799] I: {'ins_mode': 4, 'realtime_x': 214.67, 'realtime_y': -31.51, 'target_x': 141.21, 'target_y': -10.11, 'yaw_ins': 0.0, 'dis_ins': 0.0}
  [2026-06-24T19:58:09.871318] W: {'wp_x': 197.24, 'wp_y': -25.67}
  [2026-06-24T19:58:09.872841] I: {'ins_mode': 4, 'realtime_x': 214.67, 'realtime_y': -31.51, 'target_x': 141.21, 'target_y': -10.11, 'yaw_ins': 0.0, 'dis_ins': 0.0}
  [2026-06-24T19:58:09.875143] W: {'wp_x': 197.24, 'wp_y': -25.67}
  [2026-06-24T19:58:09.875235] I: {'ins_mode': 4, 'realtime_x': 214.67, 'realtime_y': -31.51, 'target_x': 141.21, 'target_y': -10.11, 'yaw_ins': 0.0, 'dis_ins': 0.0}
  [2026-06-24T19:58:09.877197] W: {'wp_x': 197.24, 'wp_y': -25.67}
  [2026-06-24T19:58:09.877224] I: {'ins_mode': 4, 'realtime_x': 214.67, 'realtime_y': -31.51, 'target_x': 141.21, 'target_y': -10.11, 'yaw_ins': 0.0, 'dis_ins': 0.0}
  [2026-06-24T19:58:09.879031] W: {'wp_x': 197.24, 'wp_y': -25.67}
  [2026-06-24T19:58:09.898614] I: {'ins_mode': 4, 'realtime_x': 214.67, 'realtime_y': -31.51, 'target_x': 141.21, 'target_y': -10.11, 'yaw_ins': 0.0, 'dis_ins': 0.0}
  [2026-06-24T19:58:09.912124] W: {'wp_x': 197.24, 'wp_y': -25.67}
  [2026-06-24T19:58:09.941122] I: {'ins_mode': 4, 'realtime_x': 214.67, 'realtime_y': -31.51, 'target_x': 141.21, 'target_y': -10.11, 'yaw_ins': 0.0, 'dis_ins': 0.0}
  [2026-06-24T19:58:09.945195] W: {'wp_x': 197.24, 'wp_y': -25.67}
  [2026-06-24T19:58:10.119417] I: {'ins_mode': 4, 'realtime_x': 214.67, 'realtime_y': -31.51, 'target_x': 141.21, 'target_y': -10.11, 'yaw_ins': 0.0, 'dis_ins': 0.0}
  [2026-06-24T19:58:10.123527] W: {'wp_x': 197.24, 'wp_y': -25.67}
  [2026-06-24T19:58:10.123579] I: {'ins_mode': 4, 'realtime_x': 214.67, 'realtime_y': -31.51, 'target_x': 141.21, 'target_y': -10.11, 'yaw_ins': 0.0, 'dis_ins': 0.0}
  [2026-06-24T19:58:10.238078] W: {'wp_x': 197.24, 'wp_y': -25.67}
  [2026-06-24T19:58:10.238143] I: {'ins_mode': 4, 'realtime_x': 214.67, 'realtime_y': -31.51, 'target_x': 141.21, 'target_y': -10.11, 'yaw_ins': 0.0, 'dis_ins': 0.0}
  [2026-06-24T19:58:10.242331] W: {'wp_x': 197.24, 'wp_y': -25.67}
  [2026-06-24T19:58:10.242427] I: {'ins_mode': 4, 'realtime_x': 214.67, 'realtime_y': -31.51, 'target_x': 141.21, 'target_y': -10.11, 'yaw_ins': 0.0, 'dis_ins': 0.0}
  [2026-06-24T19:58:10.244336] W: {'wp_x': 197.24, 'wp_y': -25.67}
  [2026-06-24T19:58:10.264210] I: {'ins_mode': 4, 'realtime_x': 214.67, 'realtime_y': -31.51, 'target_x': 141.21, 'target_y': -10.11, 'yaw_ins': 0.0, 'dis_ins': 0.0}
  [2026-06-24T19:58:10.267463] W: {'wp_x': 197.24, 'wp_y': -25.67}
  [2026-06-24T19:58:10.307692] I: {'ins_mode': 4, 'realtime_x': 214.67, 'realtime_y': -31.51, 'target_x': 141.21, 'target_y': -10.11, 'yaw_ins': 0.0, 'dis_ins': 0.0}
  [2026-06-24T19:58:10.311512] W: {'wp_x': 197.24, 'wp_y': -25.67}
  [2026-06-24T19:58:10.499573] I: {'ins_mode': 4, 'realtime_x': 214.69, 'realtime_y': -31.51, 'target_x': 141.21, 'target_y': -10.11, 'yaw_ins': 0.0, 'dis_ins': 0.0}
  [2026-06-24T19:58:10.625360] W: {'wp_x': 197.24, 'wp_y': -25.67}
  [2026-06-24T19:58:10.626482] I: {'ins_mode': 4, 'realtime_x': 214.81, 'realtime_y': -31.56, 'target_x': 141.21, 'target_y': -10.11, 'yaw_ins': 0.0, 'dis_ins': 0.0}
  [2026-06-24T19:58:10.628739] W: {'wp_x': 197.24, 'wp_y': -25.67}
  [2026-06-24T19:58:10.628783] I: {'ins_mode': 4, 'realtime_x': 215.16, 'realtime_y': -31.7, 'target_x': 141.21, 'target_y': -10.11, 'yaw_ins': 0.0, 'dis_ins': 0.0}
  [2026-06-24T19:58:10.630664] W: {'wp_x': 197.24, 'wp_y': -25.67}
  [2026-06-24T19:58:10.630742] I: {'ins_mode': 4, 'realtime_x': 215.35, 'realtime_y': -31.78, 'target_x': 141.21, 'target_y': -10.11, 'yaw_ins': 0.0, 'dis_ins': 0.0}
  [2026-06-24T19:58:10.633647] W: {'wp_x': 197.24, 'wp_y': -25.67}
  [2026-06-24T19:58:10.633828] I: {'ins_mode': 4, 'realtime_x': 216.2, 'realtime_y': -32.18, 'target_x': 141.21, 'target_y': -10.11, 'yaw_ins': 0.0, 'dis_ins': 0.0}
  [2026-06-24T19:58:10.635804] W: {'wp_x': 216.01, 'wp_y': -32.08}
  [2026-06-24T19:58:10.665426] I: {'ins_mode': 4, 'realtime_x': 216.79, 'realtime_y': -32.46, 'target_x': 141.21, 'target_y': -10.11, 'yaw_ins': 0.0, 'dis_ins': 0.0}
  [2026-06-24T19:58:10.669067] W: {'wp_x': 216.01, 'wp_y': -32.08}
  [2026-06-24T19:58:10.877382] I: {'ins_mode': 4, 'realtime_x': 217.37, 'realtime_y': -32.75, 'target_x': 141.21, 'target_y': -10.11, 'yaw_ins': 0.0, 'dis_ins': 0.0}
  [2026-06-24T19:58:10.997207] W: {'wp_x': 216.01, 'wp_y': -32.08}
  [2026-06-24T19:58:10.998956] I: {'ins_mode': 4, 'realtime_x': 217.47, 'realtime_y': -32.79, 'target_x': 141.21, 'target_y': -10.11, 'yaw_ins': 0.0, 'dis_ins': 0.0}
  [2026-06-24T19:58:11.001295] W: {'wp_x': 216.01, 'wp_y': -32.08}
  [2026-06-24T19:58:11.001460] I: {'ins_mode': 4, 'realtime_x': 217.66, 'realtime_y': -32.88, 'target_x': 141.21, 'target_y': -10.11, 'yaw_ins': 0.0, 'dis_ins': 0.0}
  [2026-06-24T19:58:11.005177] W: {'wp_x': 216.01, 'wp_y': -32.08}
  [2026-06-24T19:58:11.005340] I: {'ins_mode': 4, 'realtime_x': 217.93, 'realtime_y': -33.01, 'target_x': 141.21, 'target_y': -10.11, 'yaw_ins': 0.0, 'dis_ins': 0.0}
  [2026-06-24T19:58:11.007416] W: {'wp_x': 216.01, 'wp_y': -32.08}
  [2026-06-24T19:58:11.007584] I: {'ins_mode': 4, 'realtime_x': 218.62, 'realtime_y': -33.33, 'target_x': 141.21, 'target_y': -10.11, 'yaw_ins': 0.0, 'dis_ins': 0.0}
  [2026-06-24T19:58:11.009515] W: {'wp_x': 216.01, 'wp_y': -32.08}
  [2026-06-24T19:58:11.018874] I: {'ins_mode': 4, 'realtime_x': 219.35, 'realtime_y': -33.66, 'target_x': 141.21, 'target_y': -10.11, 'yaw_ins': 0.0, 'dis_ins': 0.0}
  [2026-06-24T19:58:11.022054] W: {'wp_x': 216.01, 'wp_y': -32.08}
  [2026-06-24T19:58:11.405709] I: {'ins_mode': 4, 'realtime_x': 220.66, 'realtime_y': -34.22, 'target_x': 141.21, 'target_y': -10.11, 'yaw_ins': 0.0, 'dis_ins': 0.0}
  [2026-06-24T19:58:11.409503] W: {'wp_x': 216.01, 'wp_y': -32.08}
  [2026-06-24T19:58:11.409750] I: {'ins_mode': 4, 'realtime_x': 221.36, 'realtime_y': -34.49, 'target_x': 141.21, 'target_y': -10.11, 'yaw_ins': 0.0, 'dis_ins': 0.0}
  [2026-06-24T19:58:11.412302] W: {'wp_x': 216.01, 'wp_y': -32.08}
  [2026-06-24T19:58:11.412460] I: {'ins_mode': 4, 'realtime_x': 222.42, 'realtime_y': -34.9, 'target_x': 141.21, 'target_y': -10.11, 'yaw_ins': 0.0, 'dis_ins': 0.0}
  [2026-06-24T19:58:11.414723] W: {'wp_x': 216.01, 'wp_y': -32.08}
  [2026-06-24T19:58:11.414893] I: {'ins_mode': 4, 'realtime_x': 222.85, 'realtime_y': -35.06, 'target_x': 141.21, 'target_y': -10.11, 'yaw_ins': 0.0, 'dis_ins': 0.0}
  [2026-06-24T19:58:11.416950] W: {'wp_x': 216.01, 'wp_y': -32.08}
  [2026-06-24T19:58:11.417013] I: {'ins_mode': 4, 'realtime_x': 223.71, 'realtime_y': -35.37, 'target_x': 141.21, 'target_y': -10.11, 'yaw_ins': 0.0, 'dis_ins': 0.0}
  [2026-06-24T19:58:11.419487] W: {'wp_x': 216.01, 'wp_y': -32.08}
  [2026-06-24T19:58:11.419523] I: {'ins_mode': 4, 'realtime_x': 223.95, 'realtime_y': -35.46, 'target_x': 141.21, 'target_y': -10.11, 'yaw_ins': 0.0, 'dis_ins': 0.0}
  [2026-06-24T19:58:11.421979] W: {'wp_x': 216.01, 'wp_y': -32.08}
  [2026-06-24T19:58:11.461827] I: {'ins_mode': 4, 'realtime_x': 224.57, 'realtime_y': -35.69, 'target_x': 141.21, 'target_y': -10.11, 'yaw_ins': 0.0, 'dis_ins': 0.0}
  [2026-06-24T19:58:11.466313] W: {'wp_x': 216.01, 'wp_y': -32.08}
  [2026-06-24T19:58:11.680769] I: {'ins_mode': 4, 'realtime_x': 225.0, 'realtime_y': -35.86, 'target_x': 141.21, 'target_y': -10.11, 'yaw_ins': 0.0, 'dis_ins': 0.0}
  [2026-06-24T19:58:11.792765] W: {'wp_x': 216.01, 'wp_y': -32.08}
  [2026-06-24T19:58:11.792935] I: {'ins_mode': 4, 'realtime_x': 226.23, 'realtime_y': -36.36, 'target_x': 141.21, 'target_y': -10.11, 'yaw_ins': 0.0, 'dis_ins': 0.0}
  [2026-06-24T19:58:11.794847] W: {'wp_x': 216.01, 'wp_y': -32.08}
  [2026-06-24T19:58:11.794938] I: {'ins_mode': 4, 'realtime_x': 226.94, 'realtime_y': -36.66, 'target_x': 141.21, 'target_y': -10.11, 'yaw_ins': 0.0, 'dis_ins': 0.0}
  [2026-06-24T19:58:11.796793] W: {'wp_x': 216.01, 'wp_y': -32.08}
  [2026-06-24T19:58:11.796871] I: {'ins_mode': 4, 'realtime_x': 228.15, 'realtime_y': -37.19, 'target_x': 141.21, 'target_y': -10.11, 'yaw_ins': 0.0, 'dis_ins': 0.0}
  [2026-06-24T19:58:11.798758] W: {'wp_x': 216.01, 'wp_y': -32.08}
  [2026-06-24T19:58:11.798843] I: {'ins_mode': 4, 'realtime_x': 228.6, 'realtime_y': -37.4, 'target_x': 141.21, 'target_y': -10.11, 'yaw_ins': 0.0, 'dis_ins': 0.0}
  [2026-06-24T19:58:11.800652] W: {'wp_x': 216.01, 'wp_y': -32.08}
  [2026-06-24T19:58:11.819903] I: {'ins_mode': 4, 'realtime_x': 229.66, 'realtime_y': -37.88, 'target_x': 141.21, 'target_y': -10.11, 'yaw_ins': 0.0, 'dis_ins': 0.0}
  [2026-06-24T19:58:11.823018] W: {'wp_x': 216.01, 'wp_y': -32.08}
  [2026-06-24T19:58:11.862311] I: {'ins_mode': 4, 'realtime_x': 230.06, 'realtime_y': -38.06, 'target_x': 141.21, 'target_y': -10.11, 'yaw_ins': 0.0, 'dis_ins': 0.0}
  [2026-06-24T19:58:11.866401] W: {'wp_x': 216.01, 'wp_y': -32.08}
  [2026-06-24T19:58:12.077557] I: {'ins_mode': 4, 'realtime_x': 231.12, 'realtime_y': -38.55, 'target_x': 141.21, 'target_y': -10.11, 'yaw_ins': 0.0, 'dis_ins': 0.0}
  [2026-06-24T19:58:12.190564] W: {'wp_x': 216.01, 'wp_y': -32.08}
  [2026-06-24T19:58:12.190606] I: {'ins_mode': 4, 'realtime_x': 231.48, 'realtime_y': -38.71, 'target_x': 141.21, 'target_y': -10.11, 'yaw_ins': 0.0, 'dis_ins': 0.0}
  [2026-06-24T19:58:12.194162] W: {'wp_x': 216.01, 'wp_y': -32.08}
  [2026-06-24T19:58:12.194202] I: {'ins_mode': 4, 'realtime_x': 232.45, 'realtime_y': -39.14, 'target_x': 141.21, 'target_y': -10.11, 'yaw_ins': 0.0, 'dis_ins': 0.0}
  [2026-06-24T19:58:12.196118] W: {'wp_x': 216.01, 'wp_y': -32.08}
  [2026-06-24T19:58:12.196203] I: {'ins_mode': 4, 'realtime_x': 233.19, 'realtime_y': -39.45, 'target_x': 141.21, 'target_y': -10.11, 'yaw_ins': 0.0, 'dis_ins': 0.0}
  [2026-06-24T19:58:12.198131] W: {'wp_x': 216.01, 'wp_y': -32.08}
  [2026-06-24T19:58:12.198204] I: {'ins_mode': 4, 'realtime_x': 234.46, 'realtime_y': -39.98, 'target_x': 141.21, 'target_y': -10.11, 'yaw_ins': 0.0, 'dis_ins': 0.0}
  [2026-06-24T19:58:12.200554] W: {'wp_x': 234.46, 'wp_y': -39.98}
  [2026-06-24T19:58:12.219358] I: {'ins_mode': 4, 'realtime_x': 235.01, 'realtime_y': -40.2, 'target_x': 141.21, 'target_y': -10.11, 'yaw_ins': 0.0, 'dis_ins': 0.0}
  [2026-06-24T19:58:12.221630] W: {'wp_x': 234.46, 'wp_y': -39.98}
  [2026-06-24T19:58:12.500793] I: {'ins_mode': 4, 'realtime_x': 236.43, 'realtime_y': -40.82, 'target_x': 141.21, 'target_y': -10.11, 'yaw_ins': 0.0, 'dis_ins': 0.0}
  [2026-06-24T19:58:12.623190] W: {'wp_x': 234.46, 'wp_y': -39.98}
  [2026-06-24T19:58:12.624302] I: {'ins_mode': 4, 'realtime_x': 237.34, 'realtime_y': -41.24, 'target_x': 141.21, 'target_y': -10.11, 'yaw_ins': 0.0, 'dis_ins': 0.0}
  [2026-06-24T19:58:12.626208] W: {'wp_x': 234.46, 'wp_y': -39.98}
  [2026-06-24T19:58:12.626299] I: {'ins_mode': 4, 'realtime_x': 238.66, 'realtime_y': -41.9, 'target_x': 141.21, 'target_y': -10.11, 'yaw_ins': 0.0, 'dis_ins': 0.0}
  [2026-06-24T19:58:12.628129] W: {'wp_x': 234.46, 'wp_y': -39.98}
  [2026-06-24T19:58:12.628209] I: {'ins_mode': 4, 'realtime_x': 239.07, 'realtime_y': -42.12, 'target_x': 141.21, 'target_y': -10.11, 'yaw_ins': 0.0, 'dis_ins': 0.0}
  [2026-06-24T19:58:12.630019] W: {'wp_x': 234.46, 'wp_y': -39.98}
  [2026-06-24T19:58:12.630099] I: {'ins_mode': 4, 'realtime_x': 239.88, 'realtime_y': -42.54, 'target_x': 141.21, 'target_y': -10.11, 'yaw_ins': 0.0, 'dis_ins': 0.0}
  [2026-06-24T19:58:12.631974] W: {'wp_x': 234.46, 'wp_y': -39.98}
  [2026-06-24T19:58:12.632107] I: {'ins_mode': 4, 'realtime_x': 240.21, 'realtime_y': -42.71, 'target_x': 141.21, 'target_y': -10.11, 'yaw_ins': 0.0, 'dis_ins': 0.0}
  [2026-06-24T19:58:12.634275] W: {'wp_x': 234.46, 'wp_y': -39.98}
  [2026-06-24T19:58:12.664664] I: {'ins_mode': 4, 'realtime_x': 240.8, 'realtime_y': -43.02, 'target_x': 141.21, 'target_y': -10.11, 'yaw_ins': 0.0, 'dis_ins': 0.0}
  [2026-06-24T19:58:12.669425] W: {'wp_x': 234.46, 'wp_y': -39.98}
  [2026-06-24T19:58:12.916203] I: {'ins_mode': 4, 'realtime_x': 241.1, 'realtime_y': -43.18, 'target_x': 141.21, 'target_y': -10.11, 'yaw_ins': 0.0, 'dis_ins': 0.0}
  [2026-06-24T19:58:13.065055] W: {'wp_x': 234.46, 'wp_y': -39.98}
  [2026-06-24T19:58:13.065155] I: {'ins_mode': 4, 'realtime_x': 242.08, 'realtime_y': -43.68, 'target_x': 141.21, 'target_y': -10.11, 'yaw_ins': 0.0, 'dis_ins': 0.0}
  [2026-06-24T19:58:13.066968] W: {'wp_x': 234.46, 'wp_y': -39.98}
  [2026-06-24T19:58:13.067045] I: {'ins_mode': 4, 'realtime_x': 242.7, 'realtime_y': -43.98, 'target_x': 141.21, 'target_y': -10.11, 'yaw_ins': 0.0, 'dis_ins': 0.0}
  [2026-06-24T19:58:13.068849] W: {'wp_x': 234.46, 'wp_y': -39.98}
  [2026-06-24T19:58:13.068923] I: {'ins_mode': 4, 'realtime_x': 243.92, 'realtime_y': -44.51, 'target_x': 141.21, 'target_y': -10.11, 'yaw_ins': 0.0, 'dis_ins': 0.0}
  [2026-06-24T19:58:13.072048] W: {'wp_x': 234.46, 'wp_y': -39.98}
  [2026-06-24T19:58:13.072152] I: {'ins_mode': 4, 'realtime_x': 244.42, 'realtime_y': -44.72, 'target_x': 141.21, 'target_y': -10.11, 'yaw_ins': 0.0, 'dis_ins': 0.0}
  [2026-06-24T19:58:13.073983] W: {'wp_x': 234.46, 'wp_y': -39.98}
  [2026-06-24T19:58:13.074078] I: {'ins_mode': 4, 'realtime_x': 245.49, 'realtime_y': -45.16, 'target_x': 141.21, 'target_y': -10.11, 'yaw_ins': 0.0, 'dis_ins': 0.0}
  [2026-06-24T19:58:13.075892] W: {'wp_x': 234.46, 'wp_y': -39.98}
  [2026-06-24T19:58:13.075986] I: {'ins_mode': 4, 'realtime_x': 246.09, 'realtime_y': -45.41, 'target_x': 141.21, 'target_y': -10.11, 'yaw_ins': 0.0, 'dis_ins': 0.0}
  [2026-06-24T19:58:13.077841] W: {'wp_x': 234.46, 'wp_y': -39.98}
  [2026-06-24T19:58:13.361777] I: {'ins_mode': 4, 'realtime_x': 247.23, 'realtime_y': -45.9, 'target_x': 141.21, 'target_y': -10.11, 'yaw_ins': 0.0, 'dis_ins': 0.0}
  [2026-06-24T19:58:13.512102] W: {'wp_x': 234.46, 'wp_y': -39.98}
  [2026-06-24T19:58:13.512206] I: {'ins_mode': 4, 'realtime_x': 247.72, 'realtime_y': -46.11, 'target_x': 141.21, 'target_y': -10.11, 'yaw_ins': 0.0, 'dis_ins': 0.0}
  [2026-06-24T19:58:13.514456] W: {'wp_x': 234.46, 'wp_y': -39.98}
  [2026-06-24T19:58:13.514543] I: {'ins_mode': 4, 'realtime_x': 248.67, 'realtime_y': -46.53, 'target_x': 141.21, 'target_y': -10.11, 'yaw_ins': 0.0, 'dis_ins': 0.0}
  [2026-06-24T19:58:13.516837] W: {'wp_x': 234.46, 'wp_y': -39.98}
  [2026-06-24T19:58:13.516919] I: {'ins_mode': 4, 'realtime_x': 249.22, 'realtime_y': -46.79, 'target_x': 141.21, 'target_y': -10.11, 'yaw_ins': 0.0, 'dis_ins': 0.0}
  [2026-06-24T19:58:13.519148] W: {'wp_x': 234.46, 'wp_y': -39.98}
  [2026-06-24T19:58:13.519228] I: {'ins_mode': 4, 'realtime_x': 250.33, 'realtime_y': -47.31, 'target_x': 141.21, 'target_y': -10.11, 'yaw_ins': 0.0, 'dis_ins': 0.0}
  [2026-06-24T19:58:13.522874] W: {'wp_x': 234.46, 'wp_y': -39.98}
  [2026-06-24T19:58:13.523003] I: {'ins_mode': 4, 'realtime_x': 250.83, 'realtime_y': -47.54, 'target_x': 141.21, 'target_y': -10.11, 'yaw_ins': 0.0, 'dis_ins': 0.0}
  [2026-06-24T19:58:13.525196] W: {'wp_x': 234.46, 'wp_y': -39.98}
  [2026-06-24T19:58:13.525287] I: {'ins_mode': 4, 'realtime_x': 252.23, 'realtime_y': -48.17, 'target_x': 141.21, 'target_y': -10.11, 'yaw_ins': 0.0, 'dis_ins': 0.0}
  [2026-06-24T19:58:13.527365] W: {'wp_x': 234.46, 'wp_y': -39.98}
  [2026-06-24T19:58:13.546133] I: {'ins_mode': 4, 'realtime_x': 253.03, 'realtime_y': -48.52, 'target_x': 141.21, 'target_y': -10.11, 'yaw_ins': 0.0, 'dis_ins': 0.0}
  [2026-06-24T19:58:13.548392] W: {'wp_x': 252.77, 'wp_y': -48.41}
  [2026-06-24T19:58:13.790468] I: {'ins_mode': 4, 'realtime_x': 254.24, 'realtime_y': -49.04, 'target_x': 141.21, 'target_y': -10.11, 'yaw_ins': 0.0, 'dis_ins': 0.0}
  [2026-06-24T19:58:13.918405] W: {'wp_x': 252.77, 'wp_y': -48.41}
  [2026-06-24T19:58:13.919396] I: {'ins_mode': 4, 'realtime_x': 254.72, 'realtime_y': -49.23, 'target_x': 141.21, 'target_y': -10.11, 'yaw_ins': 0.0, 'dis_ins': 0.0}
  [2026-06-24T19:58:13.923244] W: {'wp_x': 252.77, 'wp_y': -48.41}
  [2026-06-24T19:58:13.923373] I: {'ins_mode': 4, 'realtime_x': 256.01, 'realtime_y': -49.72, 'target_x': 141.21, 'target_y': -10.11, 'yaw_ins': 0.0, 'dis_ins': 0.0}
  [2026-06-24T19:58:13.925207] W: {'wp_x': 252.77, 'wp_y': -48.41}
  [2026-06-24T19:58:13.925283] I: {'ins_mode': 4, 'realtime_x': 256.78, 'realtime_y': -50.0, 'target_x': 141.21, 'target_y': -10.11, 'yaw_ins': 0.0, 'dis_ins': 0.0}
  [2026-06-24T19:58:13.927115] W: {'wp_x': 252.77, 'wp_y': -48.41}
  [2026-06-24T19:58:13.927139] I: {'ins_mode': 4, 'realtime_x': 257.68, 'realtime_y': -50.3, 'target_x': 141.21, 'target_y': -10.11, 'yaw_ins': 0.0, 'dis_ins': 0.0}
  [2026-06-24T19:58:13.928904] W: {'wp_x': 252.77, 'wp_y': -48.41}
  [2026-06-24T19:58:13.928970] I: {'ins_mode': 4, 'realtime_x': 258.24, 'realtime_y': -50.48, 'target_x': 141.21, 'target_y': -10.11, 'yaw_ins': 0.0, 'dis_ins': 0.0}
  [2026-06-24T19:58:13.930823] W: {'wp_x': 252.77, 'wp_y': -48.41}
  [2026-06-24T19:58:13.981998] I: {'ins_mode': 4, 'realtime_x': 259.33, 'realtime_y': -50.84, 'target_x': 141.21, 'target_y': -10.11, 'yaw_ins': 0.0, 'dis_ins': 0.0}
  [2026-06-24T19:58:13.987905] W: {'wp_x': 252.77, 'wp_y': -48.41}
  [2026-06-24T19:58:14.228081] I: {'ins_mode': 4, 'realtime_x': 260.02, 'realtime_y': -51.07, 'target_x': 141.21, 'target_y': -10.11, 'yaw_ins': 0.0, 'dis_ins': 0.0}
  [2026-06-24T19:58:14.362070] W: {'wp_x': 252.77, 'wp_y': -48.41}
  [2026-06-24T19:58:14.363613] I: {'ins_mode': 4, 'realtime_x': 261.03, 'realtime_y': -51.43, 'target_x': 141.21, 'target_y': -10.11, 'yaw_ins': 0.0, 'dis_ins': 0.0}
  [2026-06-24T19:58:14.365551] W: {'wp_x': 252.77, 'wp_y': -48.41}
  [2026-06-24T19:58:14.365589] I: {'ins_mode': 4, 'realtime_x': 261.54, 'realtime_y': -51.63, 'target_x': 141.21, 'target_y': -10.11, 'yaw_ins': 0.0, 'dis_ins': 0.0}
  [2026-06-24T19:58:14.367419] W: {'wp_x': 252.77, 'wp_y': -48.41}
  [2026-06-24T19:58:14.367497] I: {'ins_mode': 4, 'realtime_x': 263.11, 'realtime_y': -52.26, 'target_x': 141.21, 'target_y': -10.11, 'yaw_ins': 0.0, 'dis_ins': 0.0}
  [2026-06-24T19:58:14.369694] W: {'wp_x': 252.77, 'wp_y': -48.41}
  [2026-06-24T19:58:14.369946] I: {'ins_mode': 4, 'realtime_x': 263.91, 'realtime_y': -52.6, 'target_x': 141.21, 'target_y': -10.11, 'yaw_ins': 0.0, 'dis_ins': 0.0}
  [2026-06-24T19:58:14.372115] W: {'wp_x': 252.77, 'wp_y': -48.41}
  [2026-06-24T19:58:14.372361] I: {'ins_mode': 4, 'realtime_x': 265.1, 'realtime_y': -53.11, 'target_x': 141.21, 'target_y': -10.11, 'yaw_ins': 0.0, 'dis_ins': 0.0}
  [2026-06-24T19:58:14.374392] W: {'wp_x': 252.77, 'wp_y': -48.41}
  [2026-06-24T19:58:14.382860] I: {'ins_mode': 4, 'realtime_x': 265.54, 'realtime_y': -53.3, 'target_x': 141.21, 'target_y': -10.11, 'yaw_ins': 0.0, 'dis_ins': 0.0}
  [2026-06-24T19:58:14.385491] W: {'wp_x': 252.77, 'wp_y': -48.41}
  [2026-06-24T19:58:14.683404] I: {'ins_mode': 4, 'realtime_x': 266.66, 'realtime_y': -53.77, 'target_x': 141.21, 'target_y': -10.11, 'yaw_ins': 0.0, 'dis_ins': 0.0}
  [2026-06-24T19:58:14.817785] W: {'wp_x': 252.77, 'wp_y': -48.41}
  [2026-06-24T19:58:14.820682] I: {'ins_mode': 4, 'realtime_x': 267.5, 'realtime_y': -54.09, 'target_x': 141.21, 'target_y': -10.11, 'yaw_ins': 0.0, 'dis_ins': 0.0}
  [2026-06-24T19:58:14.822977] W: {'wp_x': 252.77, 'wp_y': -48.41}
  [2026-06-24T19:58:14.823081] I: {'ins_mode': 4, 'realtime_x': 268.95, 'realtime_y': -54.61, 'target_x': 141.21, 'target_y': -10.11, 'yaw_ins': 0.0, 'dis_ins': 0.0}
  [2026-06-24T19:58:14.825129] W: {'wp_x': 252.77, 'wp_y': -48.41}
  [2026-06-24T19:58:14.825213] I: {'ins_mode': 4, 'realtime_x': 269.51, 'realtime_y': -54.8, 'target_x': 141.21, 'target_y': -10.11, 'yaw_ins': 0.0, 'dis_ins': 0.0}
  [2026-06-24T19:58:14.827081] W: {'wp_x': 252.77, 'wp_y': -48.41}
  [2026-06-24T19:58:14.827169] I: {'ins_mode': 4, 'realtime_x': 270.91, 'realtime_y': -55.28, 'target_x': 141.21, 'target_y': -10.11, 'yaw_ins': 0.0, 'dis_ins': 0.0}
  [2026-06-24T19:58:14.829015] W: {'wp_x': 252.77, 'wp_y': -48.41}
  [2026-06-24T19:58:14.829088] I: {'ins_mode': 4, 'realtime_x': 271.51, 'realtime_y': -55.49, 'target_x': 141.21, 'target_y': -10.11, 'yaw_ins': 0.0, 'dis_ins': 0.0}
  [2026-06-24T19:58:14.831049] W: {'wp_x': 271.51, 'wp_y': -55.49}
  [2026-06-24T19:58:14.831136] I: {'ins_mode': 4, 'realtime_x': 273.36, 'realtime_y': -56.22, 'target_x': 141.21, 'target_y': -10.11, 'yaw_ins': 0.0, 'dis_ins': 0.0}
  [2026-06-24T19:58:14.833506] W: {'wp_x': 271.51, 'wp_y': -55.49}
  [2026-06-24T19:58:14.862725] I: {'ins_mode': 4, 'realtime_x': 273.98, 'realtime_y': -56.49, 'target_x': 141.21, 'target_y': -10.11, 'yaw_ins': 0.0, 'dis_ins': 0.0}
  [2026-06-24T19:58:14.867776] W: {'wp_x': 271.51, 'wp_y': -55.49}
  [2026-06-24T19:58:15.135137] I: {'ins_mode': 4, 'realtime_x': 275.15, 'realtime_y': -57.01, 'target_x': 141.21, 'target_y': -10.11, 'yaw_ins': 0.0, 'dis_ins': 0.0}
  [2026-06-24T19:58:15.289695] W: {'wp_x': 271.51, 'wp_y': -55.49}
  [2026-06-24T19:58:15.291585] I: {'ins_mode': 4, 'realtime_x': 275.47, 'realtime_y': -57.16, 'target_x': 141.21, 'target_y': -10.11, 'yaw_ins': 0.0, 'dis_ins': 0.0}
  [2026-06-24T19:58:15.293997] W: {'wp_x': 271.51, 'wp_y': -55.49}
  [2026-06-24T19:58:15.294127] I: {'ins_mode': 4, 'realtime_x': 276.8, 'realtime_y': -57.82, 'target_x': 141.21, 'target_y': -10.11, 'yaw_ins': 0.0, 'dis_ins': 0.0}
  [2026-06-24T19:58:15.296142] W: {'wp_x': 271.51, 'wp_y': -55.49}
  [2026-06-24T19:58:15.296210] I: {'ins_mode': 4, 'realtime_x': 277.25, 'realtime_y': -58.05, 'target_x': 141.21, 'target_y': -10.11, 'yaw_ins': 0.0, 'dis_ins': 0.0}
  [2026-06-24T19:58:15.298042] W: {'wp_x': 271.51, 'wp_y': -55.49}
  [2026-06-24T19:58:15.298120] I: {'ins_mode': 4, 'realtime_x': 278.44, 'realtime_y': -58.62, 'target_x': 141.21, 'target_y': -10.11, 'yaw_ins': 0.0, 'dis_ins': 0.0}
  [2026-06-24T19:58:15.299916] W: {'wp_x': 271.51, 'wp_y': -55.49}
  [2026-06-24T19:58:15.299996] I: {'ins_mode': 4, 'realtime_x': 278.96, 'realtime_y': -58.85, 'target_x': 141.21, 'target_y': -10.11, 'yaw_ins': 0.0, 'dis_ins': 0.0}
  [2026-06-24T19:58:15.302885] W: {'wp_x': 271.51, 'wp_y': -55.49}
  [2026-06-24T19:58:15.302939] I: {'ins_mode': 4, 'realtime_x': 280.26, 'realtime_y': -59.4, 'target_x': 141.21, 'target_y': -10.11, 'yaw_ins': 0.0, 'dis_ins': 0.0}
  [2026-06-24T19:58:15.305151] W: {'wp_x': 271.51, 'wp_y': -55.49}
  [2026-06-24T19:58:15.595523] I: {'ins_mode': 4, 'realtime_x': 281.12, 'realtime_y': -59.75, 'target_x': 141.21, 'target_y': -10.11, 'yaw_ins': 0.0, 'dis_ins': 0.0}
  [2026-06-24T19:58:15.757709] W: {'wp_x': 271.51, 'wp_y': -55.49}
  [2026-06-24T19:58:15.758726] I: {'ins_mode': 4, 'realtime_x': 282.67, 'realtime_y': -60.38, 'target_x': 141.21, 'target_y': -10.11, 'yaw_ins': 0.0, 'dis_ins': 0.0}
  [2026-06-24T19:58:15.760740] W: {'wp_x': 271.51, 'wp_y': -55.49}
  [2026-06-24T19:58:15.760829] I: {'ins_mode': 4, 'realtime_x': 283.47, 'realtime_y': -60.72, 'target_x': 141.21, 'target_y': -10.11, 'yaw_ins': 0.0, 'dis_ins': 0.0}
  [2026-06-24T19:58:15.762637] W: {'wp_x': 271.51, 'wp_y': -55.49}
  [2026-06-24T19:58:15.762718] I: {'ins_mode': 4, 'realtime_x': 284.8, 'realtime_y': -61.32, 'target_x': 141.21, 'target_y': -10.11, 'yaw_ins': 0.0, 'dis_ins': 0.0}
  [2026-06-24T19:58:15.764512] W: {'wp_x': 271.51, 'wp_y': -55.49}
  [2026-06-24T19:58:15.764587] I: {'ins_mode': 4, 'realtime_x': 285.28, 'realtime_y': -61.56, 'target_x': 141.21, 'target_y': -10.11, 'yaw_ins': 0.0, 'dis_ins': 0.0}
  [2026-06-24T19:58:15.766378] W: {'wp_x': 271.51, 'wp_y': -55.49}
  [2026-06-24T19:58:15.766452] I: {'ins_mode': 4, 'realtime_x': 286.56, 'realtime_y': -62.18, 'target_x': 141.21, 'target_y': -10.11, 'yaw_ins': 0.0, 'dis_ins': 0.0}
  [2026-06-24T19:58:15.768274] W: {'wp_x': 271.51, 'wp_y': -55.49}
  [2026-06-24T19:58:15.768352] I: {'ins_mode': 4, 'realtime_x': 287.09, 'realtime_y': -62.45, 'target_x': 141.21, 'target_y': -10.11, 'yaw_ins': 0.0, 'dis_ins': 0.0}
  [2026-06-24T19:58:15.771586] W: {'wp_x': 271.51, 'wp_y': -55.49}
  [2026-06-24T19:58:15.789215] I: {'ins_mode': 4, 'realtime_x': 288.96, 'realtime_y': -63.39, 'target_x': 141.21, 'target_y': -10.11, 'yaw_ins': 0.0, 'dis_ins': 0.0}
  [2026-06-24T19:58:15.791132] W: {'wp_x': 271.51, 'wp_y': -55.49}
  [2026-06-24T19:58:16.110436] I: {'ins_mode': 4, 'realtime_x': 289.57, 'realtime_y': -63.69, 'target_x': 141.21, 'target_y': -10.11, 'yaw_ins': 0.0, 'dis_ins': 0.0}
  [2026-06-24T19:58:16.285686] W: {'wp_x': 271.51, 'wp_y': -55.49}
  [2026-06-24T19:58:16.287702] I: {'ins_mode': 4, 'realtime_x': 291.05, 'realtime_y': -64.37, 'target_x': 141.21, 'target_y': -10.11, 'yaw_ins': 0.0, 'dis_ins': 0.0}
  [2026-06-24T19:58:16.290108] W: {'wp_x': 289.87, 'wp_y': -63.83}
  [2026-06-24T19:58:16.290274] I: {'ins_mode': 4, 'realtime_x': 291.9, 'realtime_y': -64.74, 'target_x': 141.21, 'target_y': -10.11, 'yaw_ins': 0.0, 'dis_ins': 0.0}
  [2026-06-24T19:58:16.293137] W: {'wp_x': 289.87, 'wp_y': -63.83}
  [2026-06-24T19:58:16.293296] I: {'ins_mode': 4, 'realtime_x': 293.41, 'realtime_y': -65.38, 'target_x': 141.21, 'target_y': -10.11, 'yaw_ins': 0.0, 'dis_ins': 0.0}
  [2026-06-24T19:58:16.295462] W: {'wp_x': 289.87, 'wp_y': -63.83}
  [2026-06-24T19:58:16.295510] I: {'ins_mode': 4, 'realtime_x': 293.95, 'realtime_y': -65.62, 'target_x': 141.21, 'target_y': -10.11, 'yaw_ins': 0.0, 'dis_ins': 0.0}
  [2026-06-24T19:58:16.297513] W: {'wp_x': 289.87, 'wp_y': -63.83}
  [2026-06-24T19:58:16.297690] I: {'ins_mode': 4, 'realtime_x': 295.16, 'realtime_y': -66.16, 'target_x': 141.21, 'target_y': -10.11, 'yaw_ins': 0.0, 'dis_ins': 0.0}
  [2026-06-24T19:58:16.299830] W: {'wp_x': 289.87, 'wp_y': -63.83}
  [2026-06-24T19:58:16.299981] I: {'ins_mode': 4, 'realtime_x': 295.85, 'realtime_y': -66.47, 'target_x': 141.21, 'target_y': -10.11, 'yaw_ins': 0.0, 'dis_ins': 0.0}
  [2026-06-24T19:58:16.302345] W: {'wp_x': 289.87, 'wp_y': -63.83}
  [2026-06-24T19:58:16.302490] I: {'ins_mode': 4, 'realtime_x': 296.9, 'realtime_y': -66.95, 'target_x': 141.21, 'target_y': -10.11, 'yaw_ins': 0.0, 'dis_ins': 0.0}
  [2026-06-24T19:58:16.304732] W: {'wp_x': 289.87, 'wp_y': -63.83}
  [2026-06-24T19:58:16.304852] I: {'ins_mode': 4, 'realtime_x': 297.35, 'realtime_y': -67.17, 'target_x': 141.21, 'target_y': -10.11, 'yaw_ins': 0.0, 'dis_ins': 0.0}
  [2026-06-24T19:58:16.307262] W: {'wp_x': 289.87, 'wp_y': -63.83}
  [2026-06-24T19:58:16.624478] I: {'ins_mode': 4, 'realtime_x': 298.68, 'realtime_y': -67.82, 'target_x': 141.21, 'target_y': -10.11, 'yaw_ins': 0.0, 'dis_ins': 0.0}
  [2026-06-24T19:58:16.793474] W: {'wp_x': 289.87, 'wp_y': -63.83}
  [2026-06-24T19:58:16.794544] I: {'ins_mode': 4, 'realtime_x': 299.45, 'realtime_y': -68.21, 'target_x': 141.21, 'target_y': -10.11, 'yaw_ins': 0.0, 'dis_ins': 0.0}
  [2026-06-24T19:58:16.796489] W: {'wp_x': 289.87, 'wp_y': -63.83}
  [2026-06-24T19:58:16.796631] I: {'ins_mode': 4, 'realtime_x': 300.7, 'realtime_y': -68.86, 'target_x': 141.21, 'target_y': -10.11, 'yaw_ins': 0.0, 'dis_ins': 0.0}
  [2026-06-24T19:58:16.798670] W: {'wp_x': 289.87, 'wp_y': -63.83}
  [2026-06-24T19:58:16.798923] I: {'ins_mode': 4, 'realtime_x': 301.22, 'realtime_y': -69.13, 'target_x': 141.21, 'target_y': -10.11, 'yaw_ins': 0.0, 'dis_ins': 0.0}
  [2026-06-24T19:58:16.800813] W: {'wp_x': 289.87, 'wp_y': -63.83}
  [2026-06-24T19:58:16.800967] I: {'ins_mode': 4, 'realtime_x': 302.63, 'realtime_y': -69.79, 'target_x': 141.21, 'target_y': -10.11, 'yaw_ins': 0.0, 'dis_ins': 0.0}
  [2026-06-24T19:58:16.802867] W: {'wp_x': 289.87, 'wp_y': -63.83}
  [2026-06-24T19:58:16.804248] I: {'ins_mode': 4, 'realtime_x': 303.52, 'realtime_y': -70.16, 'target_x': 141.21, 'target_y': -10.11, 'yaw_ins': 0.0, 'dis_ins': 0.0}
  [2026-06-24T19:58:16.806433] W: {'wp_x': 289.87, 'wp_y': -63.83}
  [2026-06-24T19:58:16.806670] I: {'ins_mode': 4, 'realtime_x': 304.49, 'realtime_y': -70.55, 'target_x': 141.21, 'target_y': -10.11, 'yaw_ins': 0.0, 'dis_ins': 0.0}
  [2026-06-24T19:58:16.808733] W: {'wp_x': 289.87, 'wp_y': -63.83}
  [2026-06-24T19:58:16.808983] I: {'ins_mode': 4, 'realtime_x': 304.9, 'realtime_y': -70.72, 'target_x': 141.21, 'target_y': -10.11, 'yaw_ins': 0.0, 'dis_ins': 0.0}
  [2026-06-24T19:58:16.811755] W: {'wp_x': 289.87, 'wp_y': -63.83}
  [2026-06-24T19:58:17.128411] I: {'ins_mode': 4, 'realtime_x': 306.15, 'realtime_y': -71.22, 'target_x': 141.21, 'target_y': -10.11, 'yaw_ins': 0.0, 'dis_ins': 0.0}
  [2026-06-24T19:58:17.276251] W: {'wp_x': 289.87, 'wp_y': -63.83}
  [2026-06-24T19:58:17.277842] I: {'ins_mode': 4, 'realtime_x': 306.79, 'realtime_y': -71.49, 'target_x': 141.21, 'target_y': -10.11, 'yaw_ins': 0.0, 'dis_ins': 0.0}
  [2026-06-24T19:58:17.279984] W: {'wp_x': 289.87, 'wp_y': -63.83}
  [2026-06-24T19:58:17.280145] I: {'ins_mode': 4, 'realtime_x': 308.69, 'realtime_y': -72.37, 'target_x': 141.21, 'target_y': -10.11, 'yaw_ins': 0.0, 'dis_ins': 0.0}
  [2026-06-24T19:58:17.282060] W: {'wp_x': 308.36, 'wp_y': -72.21}
  [2026-06-24T19:58:17.282234] I: {'ins_mode': 4, 'realtime_x': 309.37, 'realtime_y': -72.7, 'target_x': 141.21, 'target_y': -10.11, 'yaw_ins': 0.0, 'dis_ins': 0.0}
  [2026-06-24T19:58:17.284263] W: {'wp_x': 308.36, 'wp_y': -72.21}
  [2026-06-24T19:58:17.284424] I: {'ins_mode': 4, 'realtime_x': 310.99, 'realtime_y': -73.49, 'target_x': 141.21, 'target_y': -10.11, 'yaw_ins': 0.0, 'dis_ins': 0.0}
  [2026-06-24T19:58:17.286393] W: {'wp_x': 308.36, 'wp_y': -72.21}
  [2026-06-24T19:58:17.286476] I: {'ins_mode': 4, 'realtime_x': 311.91, 'realtime_y': -73.92, 'target_x': 141.21, 'target_y': -10.11, 'yaw_ins': 0.0, 'dis_ins': 0.0}
  [2026-06-24T19:58:17.291144] W: {'wp_x': 308.36, 'wp_y': -72.21}
  [2026-06-24T19:58:17.291194] I: {'ins_mode': 4, 'realtime_x': 313.13, 'realtime_y': -74.47, 'target_x': 141.21, 'target_y': -10.11, 'yaw_ins': 0.0, 'dis_ins': 0.0}
  [2026-06-24T19:58:17.293262] W: {'wp_x': 308.36, 'wp_y': -72.21}
  [2026-06-24T19:58:17.293287] I: {'ins_mode': 4, 'realtime_x': 314.02, 'realtime_y': -74.85, 'target_x': 141.21, 'target_y': -10.11, 'yaw_ins': 0.0, 'dis_ins': 0.0}
  [2026-06-24T19:58:17.295180] W: {'wp_x': 308.36, 'wp_y': -72.21}
  [2026-06-24T19:58:17.682224] I: {'ins_mode': 4, 'realtime_x': 315.44, 'realtime_y': -75.43, 'target_x': 141.21, 'target_y': -10.11, 'yaw_ins': 0.0, 'dis_ins': 0.0}
  [2026-06-24T19:58:17.857522] W: {'wp_x': 308.36, 'wp_y': -72.21}
  [2026-06-24T19:58:17.858608] I: {'ins_mode': 4, 'realtime_x': 315.86, 'realtime_y': -75.61, 'target_x': 141.21, 'target_y': -10.11, 'yaw_ins': 0.0, 'dis_ins': 0.0}
  [2026-06-24T19:58:17.860794] W: {'wp_x': 308.36, 'wp_y': -72.21}
  [2026-06-24T19:58:17.860836] I: {'ins_mode': 4, 'realtime_x': 317.33, 'realtime_y': -76.24, 'target_x': 141.21, 'target_y': -10.11, 'yaw_ins': 0.0, 'dis_ins': 0.0}
  [2026-06-24T19:58:17.862673] W: {'wp_x': 308.36, 'wp_y': -72.21}
  [2026-06-24T19:58:17.862697] I: {'ins_mode': 4, 'realtime_x': 317.94, 'realtime_y': -76.52, 'target_x': 141.21, 'target_y': -10.11, 'yaw_ins': 0.0, 'dis_ins': 0.0}
  [2026-06-24T19:58:17.864516] W: {'wp_x': 308.36, 'wp_y': -72.21}
  [2026-06-24T19:58:17.864539] I: {'ins_mode': 4, 'realtime_x': 319.45, 'realtime_y': -77.23, 'target_x': 141.21, 'target_y': -10.11, 'yaw_ins': 0.0, 'dis_ins': 0.0}
  [2026-06-24T19:58:17.866324] W: {'wp_x': 308.36, 'wp_y': -72.21}
  [2026-06-24T19:58:17.866404] I: {'ins_mode': 4, 'realtime_x': 320.35, 'realtime_y': -77.68, 'target_x': 141.21, 'target_y': -10.11, 'yaw_ins': 0.0, 'dis_ins': 0.0}
  [2026-06-24T19:58:17.868226] W: {'wp_x': 308.36, 'wp_y': -72.21}
  [2026-06-24T19:58:17.868303] I: {'ins_mode': 4, 'realtime_x': 321.92, 'realtime_y': -78.48, 'target_x': 141.21, 'target_y': -10.11, 'yaw_ins': 0.0, 'dis_ins': 0.0}
  [2026-06-24T19:58:17.871346] W: {'wp_x': 308.36, 'wp_y': -72.21}
  [2026-06-24T19:58:17.871525] I: {'ins_mode': 4, 'realtime_x': 322.58, 'realtime_y': -78.81, 'target_x': 141.21, 'target_y': -10.11, 'yaw_ins': 0.0, 'dis_ins': 0.0}
  [2026-06-24T19:58:17.873437] W: {'wp_x': 308.36, 'wp_y': -72.21}
  [2026-06-24T19:58:17.873478] I: {'ins_mode': 4, 'realtime_x': 324.08, 'realtime_y': -79.55, 'target_x': 141.21, 'target_y': -10.11, 'yaw_ins': 0.0, 'dis_ins': 0.0}
  [2026-06-24T19:58:17.875360] W: {'wp_x': 308.36, 'wp_y': -72.21}
  [2026-06-24T19:58:17.875407] I: {'ins_mode': 4, 'realtime_x': 324.89, 'realtime_y': -79.93, 'target_x': 141.21, 'target_y': -10.11, 'yaw_ins': 0.0, 'dis_ins': 0.0}
  [2026-06-24T19:58:17.877342] W: {'wp_x': 308.36, 'wp_y': -72.21}
  [2026-06-24T19:58:18.384877] I: {'ins_mode': 4, 'realtime_x': 326.45, 'realtime_y': -80.62, 'target_x': 141.21, 'target_y': -10.11, 'yaw_ins': 0.0, 'dis_ins': 0.0}
  [2026-06-24T19:58:18.390566] W: {'wp_x': 308.36, 'wp_y': -72.21}
  [2026-06-24T19:58:18.390758] I: {'ins_mode': 4, 'realtime_x': 327.09, 'realtime_y': -80.9, 'target_x': 141.21, 'target_y': -10.11, 'yaw_ins': 0.0, 'dis_ins': 0.0}
  [2026-06-24T19:58:18.393060] W: {'wp_x': 326.78, 'wp_y': -80.77}
  [2026-06-24T19:58:18.393218] I: {'ins_mode': 4, 'realtime_x': 328.49, 'realtime_y': -81.49, 'target_x': 141.21, 'target_y': -10.11, 'yaw_ins': 0.0, 'dis_ins': 0.0}
  [2026-06-24T19:58:18.395620] W: {'wp_x': 326.78, 'wp_y': -80.77}
  [2026-06-24T19:58:18.395877] I: {'ins_mode': 4, 'realtime_x': 329.15, 'realtime_y': -81.78, 'target_x': 141.21, 'target_y': -10.11, 'yaw_ins': 0.0, 'dis_ins': 0.0}
  [2026-06-24T19:58:18.398145] W: {'wp_x': 326.78, 'wp_y': -80.77}
  [2026-06-24T19:58:18.398320] I: {'ins_mode': 4, 'realtime_x': 330.86, 'realtime_y': -82.54, 'target_x': 141.21, 'target_y': -10.11, 'yaw_ins': 0.0, 'dis_ins': 0.0}
  [2026-06-24T19:58:18.400362] W: {'wp_x': 326.78, 'wp_y': -80.77}
  [2026-06-24T19:58:18.400519] I: {'ins_mode': 4, 'realtime_x': 331.35, 'realtime_y': -82.77, 'target_x': 141.21, 'target_y': -10.11, 'yaw_ins': 0.0, 'dis_ins': 0.0}
  [2026-06-24T19:58:18.402458] W: {'wp_x': 326.78, 'wp_y': -80.77}
  [2026-06-24T19:58:18.733740] I: {'ins_mode': 4, 'realtime_x': 332.67, 'realtime_y': -83.45, 'target_x': 141.21, 'target_y': -10.11, 'yaw_ins': 0.0, 'dis_ins': 0.0}
  [2026-06-24T19:58:18.908214] W: {'wp_x': 326.78, 'wp_y': -80.77}
  [2026-06-24T19:58:18.909289] I: {'ins_mode': 4, 'realtime_x': 333.65, 'realtime_y': -83.99, 'target_x': 141.21, 'target_y': -10.11, 'yaw_ins': 0.0, 'dis_ins': 0.0}
  [2026-06-24T19:58:18.911290] W: {'wp_x': 326.78, 'wp_y': -80.77}
  [2026-06-24T19:58:18.911383] I: {'ins_mode': 4, 'realtime_x': 335.23, 'realtime_y': -84.88, 'target_x': 141.21, 'target_y': -10.11, 'yaw_ins': 0.0, 'dis_ins': 0.0}
  [2026-06-24T19:58:18.913222] W: {'wp_x': 326.78, 'wp_y': -80.77}
  [2026-06-24T19:58:18.913306] I: {'ins_mode': 4, 'realtime_x': 335.82, 'realtime_y': -85.2, 'target_x': 141.21, 'target_y': -10.11, 'yaw_ins': 0.0, 'dis_ins': 0.0}
  [2026-06-24T19:58:18.915292] W: {'wp_x': 326.78, 'wp_y': -80.77}
  [2026-06-24T19:58:18.915371] I: {'ins_mode': 4, 'realtime_x': 337.45, 'realtime_y': -86.03, 'target_x': 141.21, 'target_y': -10.11, 'yaw_ins': 0.0, 'dis_ins': 0.0}
  [2026-06-24T19:58:18.918522] W: {'wp_x': 326.78, 'wp_y': -80.77}
  [2026-06-24T19:58:18.918769] I: {'ins_mode': 4, 'realtime_x': 338.41, 'realtime_y': -86.48, 'target_x': 141.21, 'target_y': -10.11, 'yaw_ins': 0.0, 'dis_ins': 0.0}
  [2026-06-24T19:58:18.922137] W: {'wp_x': 326.78, 'wp_y': -80.77}
  [2026-06-24T19:58:18.922312] I: {'ins_mode': 4, 'realtime_x': 339.28, 'realtime_y': -86.88, 'target_x': 141.21, 'target_y': -10.11, 'yaw_ins': 0.0, 'dis_ins': 0.0}
  [2026-06-24T19:58:18.924802] W: {'wp_x': 326.78, 'wp_y': -80.77}
  [2026-06-24T19:58:18.924897] I: {'ins_mode': 4, 'realtime_x': 339.65, 'realtime_y': -87.06, 'target_x': 141.21, 'target_y': -10.11, 'yaw_ins': 0.0, 'dis_ins': 0.0}
  [2026-06-24T19:58:18.927090] W: {'wp_x': 326.78, 'wp_y': -80.77}
  [2026-06-24T19:58:18.927175] I: {'ins_mode': 4, 'realtime_x': 341.05, 'realtime_y': -87.74, 'target_x': 141.21, 'target_y': -10.11, 'yaw_ins': 0.0, 'dis_ins': 0.0}
  [2026-06-24T19:58:18.929111] W: {'wp_x': 326.78, 'wp_y': -80.77}
  [2026-06-24T19:58:18.929190] I: {'ins_mode': 4, 'realtime_x': 341.92, 'realtime_y': -88.18, 'target_x': 141.21, 'target_y': -10.11, 'yaw_ins': 0.0, 'dis_ins': 0.0}
  [2026-06-24T19:58:18.930986] W: {'wp_x': 326.78, 'wp_y': -80.77}
  [2026-06-24T19:58:18.931061] I: {'ins_mode': 4, 'realtime_x': 343.04, 'realtime_y': -88.79, 'target_x': 141.21, 'target_y': -10.11, 'yaw_ins': 0.0, 'dis_ins': 0.0}
  [2026-06-24T19:58:18.934131] W: {'wp_x': 326.78, 'wp_y': -80.77}
  [2026-06-24T19:58:19.467304] I: {'ins_mode': 4, 'realtime_x': 343.82, 'realtime_y': -89.25, 'target_x': 141.21, 'target_y': -10.11, 'yaw_ins': 0.0, 'dis_ins': 0.0}
  [2026-06-24T19:58:19.473290] W: {'wp_x': 326.78, 'wp_y': -80.77}
  [2026-06-24T19:58:19.473576] I: {'ins_mode': 4, 'realtime_x': 345.1, 'realtime_y': -90.0, 'target_x': 141.21, 'target_y': -10.11, 'yaw_ins': 0.0, 'dis_ins': 0.0}
  [2026-06-24T19:58:19.476218] W: {'wp_x': 344.82, 'wp_y': -89.84}
  [2026-06-24T19:58:19.476473] I: {'ins_mode': 4, 'realtime_x': 345.89, 'realtime_y': -90.46, 'target_x': 141.21, 'target_y': -10.11, 'yaw_ins': 0.0, 'dis_ins': 0.0}
  [2026-06-24T19:58:19.479083] W: {'wp_x': 344.82, 'wp_y': -89.84}
  [2026-06-24T19:58:19.479373] I: {'ins_mode': 4, 'realtime_x': 347.06, 'realtime_y': -91.09, 'target_x': 141.21, 'target_y': -10.11, 'yaw_ins': 0.0, 'dis_ins': 0.0}
  [2026-06-24T19:58:19.481806] W: {'wp_x': 344.82, 'wp_y': -89.84}
  [2026-06-24T19:58:19.855550] I: {'ins_mode': 4, 'realtime_x': 347.53, 'realtime_y': -91.33, 'target_x': 141.21, 'target_y': -10.11, 'yaw_ins': 0.0, 'dis_ins': 0.0}
  [2026-06-24T19:58:20.050137] W: {'wp_x': 344.82, 'wp_y': -89.84}
  [2026-06-24T19:58:20.051135] I: {'ins_mode': 4, 'realtime_x': 348.95, 'realtime_y': -91.99, 'target_x': 141.21, 'target_y': -10.11, 'yaw_ins': 0.0, 'dis_ins': 0.0}
  [2026-06-24T19:58:20.054937] W: {'wp_x': 344.82, 'wp_y': -89.84}
  [2026-06-24T19:58:20.055035] I: {'ins_mode': 4, 'realtime_x': 349.9, 'realtime_y': -92.42, 'target_x': 141.21, 'target_y': -10.11, 'yaw_ins': 0.0, 'dis_ins': 0.0}
  [2026-06-24T19:58:20.056942] W: {'wp_x': 344.82, 'wp_y': -89.84}
  [2026-06-24T19:58:20.455963] I: {'ins_mode': 4, 'realtime_x': 351.36, 'realtime_y': -93.08, 'target_x': 141.21, 'target_y': -10.11, 'yaw_ins': 0.0, 'dis_ins': 0.0}
  [2026-06-24T19:58:21.031125] W: {'wp_x': 344.82, 'wp_y': -89.84}
  [2026-06-24T19:58:21.198291] I: {'ins_mode': 4, 'realtime_x': 351.95, 'realtime_y': -93.36, 'target_x': 141.21, 'target_y': -10.11, 'yaw_ins': 0.0, 'dis_ins': 0.0}
  [2026-06-24T19:58:21.201955] W: {'wp_x': 344.82, 'wp_y': -89.84}
  [2026-06-24T19:58:21.203220] I: {'ins_mode': 4, 'realtime_x': 353.34, 'realtime_y': -94.07, 'target_x': 141.21, 'target_y': -10.11, 'yaw_ins': 0.0, 'dis_ins': 0.0}
  [2026-06-24T19:58:21.205969] W: {'wp_x': 344.82, 'wp_y': -89.84}
  [2026-06-24T19:58:21.206121] I: {'ins_mode': 4, 'realtime_x': 354.16, 'realtime_y': -94.52, 'target_x': 141.21, 'target_y': -10.11, 'yaw_ins': 0.0, 'dis_ins': 0.0}
  [2026-06-24T19:58:21.207952] W: {'wp_x': 344.82, 'wp_y': -89.84}
  [2026-06-24T19:58:21.208194] I: {'ins_mode': 4, 'realtime_x': 355.62, 'realtime_y': -95.35, 'target_x': 141.21, 'target_y': -10.11, 'yaw_ins': 0.0, 'dis_ins': 0.0}
  [2026-06-24T19:58:21.210109] W: {'wp_x': 344.82, 'wp_y': -89.84}
  [2026-06-24T19:58:21.210349] I: {'ins_mode': 4, 'realtime_x': 356.24, 'realtime_y': -95.71, 'target_x': 141.21, 'target_y': -10.11, 'yaw_ins': 0.0, 'dis_ins': 0.0}
  [2026-06-24T19:58:21.212399] W: {'wp_x': 344.82, 'wp_y': -89.84}
  [2026-06-24T19:58:21.212552] I: {'ins_mode': 4, 'realtime_x': 357.8, 'realtime_y': -96.56, 'target_x': 141.21, 'target_y': -10.11, 'yaw_ins': 0.0, 'dis_ins': 0.0}
  [2026-06-24T19:58:21.214570] W: {'wp_x': 344.82, 'wp_y': -89.84}
  [2026-06-24T19:58:21.214757] I: {'ins_mode': 4, 'realtime_x': 358.56, 'realtime_y': -96.96, 'target_x': 141.21, 'target_y': -10.11, 'yaw_ins': 0.0, 'dis_ins': 0.0}
  [2026-06-24T19:58:21.216896] W: {'wp_x': 344.82, 'wp_y': -89.84}
  [2026-06-24T19:58:21.217109] I: {'ins_mode': 4, 'realtime_x': 359.98, 'realtime_y': -97.65, 'target_x': 141.21, 'target_y': -10.11, 'yaw_ins': 0.0, 'dis_ins': 0.0}
  [2026-06-24T19:58:21.220310] W: {'wp_x': 344.82, 'wp_y': -89.84}
  [2026-06-24T19:58:21.220572] I: {'ins_mode': 4, 'realtime_x': 360.62, 'realtime_y': -97.95, 'target_x': 141.21, 'target_y': -10.11, 'yaw_ins': 0.0, 'dis_ins': 0.0}
  [2026-06-24T19:58:21.222733] W: {'wp_x': 344.82, 'wp_y': -89.84}
  [2026-06-24T19:58:21.222834] I: {'ins_mode': 4, 'realtime_x': 362.07, 'realtime_y': -98.66, 'target_x': 141.21, 'target_y': -10.11, 'yaw_ins': 0.0, 'dis_ins': 0.0}
  [2026-06-24T19:58:21.224679] W: {'wp_x': 344.82, 'wp_y': -89.84}
  [2026-06-24T19:58:21.224705] I: {'ins_mode': 4, 'realtime_x': 363.06, 'realtime_y': -99.17, 'target_x': 141.21, 'target_y': -10.11, 'yaw_ins': 0.0, 'dis_ins': 0.0}
  [2026-06-24T19:58:21.226532] W: {'wp_x': 362.72, 'wp_y': -99.0}
  [2026-06-24T19:58:21.226612] I: {'ins_mode': 4, 'realtime_x': 364.42, 'realtime_y': -99.94, 'target_x': 141.21, 'target_y': -10.11, 'yaw_ins': 0.0, 'dis_ins': 0.0}
  [2026-06-24T19:58:21.228396] W: {'wp_x': 362.72, 'wp_y': -99.0}
  [2026-06-24T19:58:21.228469] I: {'ins_mode': 4, 'realtime_x': 364.66, 'realtime_y': -100.09, 'target_x': 141.21, 'target_y': -10.11, 'yaw_ins': 0.0, 'dis_ins': 0.0}
  [2026-06-24T19:58:21.230617] W: {'wp_x': 362.72, 'wp_y': -99.0}
  [2026-06-24T19:58:21.599799] I: {'ins_mode': 4, 'realtime_x': 364.88, 'realtime_y': -100.22, 'target_x': 141.21, 'target_y': -10.11, 'yaw_ins': 0.0, 'dis_ins': 0.0}
  [2026-06-24T19:58:21.792513] W: {'wp_x': 362.72, 'wp_y': -99.0}
  [2026-06-24T19:58:21.792564] I: {'ins_mode': 4, 'realtime_x': 364.8, 'realtime_y': -100.17, 'target_x': 141.21, 'target_y': -10.11, 'yaw_ins': 0.0, 'dis_ins': 0.0}
  [2026-06-24T19:58:21.796636] W: {'wp_x': 362.72, 'wp_y': -99.0}
  [2026-06-24T19:58:21.796726] I: {'ins_mode': 4, 'realtime_x': 365.05, 'realtime_y': -100.37, 'target_x': 141.21, 'target_y': -10.11, 'yaw_ins': 0.0, 'dis_ins': 0.0}
  [2026-06-24T19:58:21.800446] W: {'wp_x': 362.72, 'wp_y': -99.0}
  [2026-06-24T19:58:22.154373] I: {'ins_mode': 4, 'realtime_x': 365.45, 'realtime_y': -100.7, 'target_x': 141.21, 'target_y': -10.11, 'yaw_ins': 0.0, 'dis_ins': 0.0}
  [2026-06-24T19:58:22.353163] W: {'wp_x': 362.72, 'wp_y': -99.0}
  [2026-06-24T19:58:22.353282] I: {'ins_mode': 4, 'realtime_x': 366.64, 'realtime_y': -101.66, 'target_x': 141.21, 'target_y': -10.11, 'yaw_ins': 0.0, 'dis_ins': 0.0}
  [2026-06-24T19:58:22.355474] W: {'wp_x': 362.72, 'wp_y': -99.0}
  [2026-06-24T19:58:22.722623] I: {'ins_mode': 4, 'realtime_x': 367.09, 'realtime_y': -102.01, 'target_x': 141.21, 'target_y': -10.11, 'yaw_ins': 0.0, 'dis_ins': 0.0}
  [2026-06-24T19:58:22.902601] W: {'wp_x': 362.72, 'wp_y': -99.0}
  [2026-06-24T19:58:22.904030] I: {'ins_mode': 4, 'realtime_x': 368.3, 'realtime_y': -102.84, 'target_x': 141.21, 'target_y': -10.11, 'yaw_ins': 0.0, 'dis_ins': 0.0}
  [2026-06-24T19:58:22.907164] W: {'wp_x': 362.72, 'wp_y': -99.0}
  [2026-06-24T19:58:22.907473] I: {'ins_mode': 4, 'realtime_x': 368.72, 'realtime_y': -103.1, 'target_x': 141.21, 'target_y': -10.11, 'yaw_ins': 0.0, 'dis_ins': 0.0}
  [2026-06-24T19:58:22.909759] W: {'wp_x': 362.72, 'wp_y': -99.0}
  [2026-06-24T19:58:22.910010] I: {'ins_mode': 4, 'realtime_x': 369.79, 'realtime_y': -103.7, 'target_x': 141.21, 'target_y': -10.11, 'yaw_ins': 0.0, 'dis_ins': 0.0}
  [2026-06-24T19:58:22.912066] W: {'wp_x': 362.72, 'wp_y': -99.0}
  [2026-06-24T19:58:22.912299] I: {'ins_mode': 4, 'realtime_x': 370.48, 'realtime_y': -104.08, 'target_x': 141.21, 'target_y': -10.11, 'yaw_ins': 0.0, 'dis_ins': 0.0}
  [2026-06-24T19:58:22.914331] W: {'wp_x': 362.72, 'wp_y': -99.0}
  [2026-06-24T19:58:22.914475] I: {'ins_mode': 4, 'realtime_x': 371.57, 'realtime_y': -104.67, 'target_x': 141.21, 'target_y': -10.11, 'yaw_ins': 0.0, 'dis_ins': 0.0}
  [2026-06-24T19:58:22.916549] W: {'wp_x': 362.72, 'wp_y': -99.0}
  [2026-06-24T19:58:22.916754] I: {'ins_mode': 4, 'realtime_x': 372.05, 'realtime_y': -104.94, 'target_x': 141.21, 'target_y': -10.11, 'yaw_ins': 0.0, 'dis_ins': 0.0}
  [2026-06-24T19:58:22.918717] W: {'wp_x': 362.72, 'wp_y': -99.0}
  [2026-06-24T19:58:22.919807] I: {'ins_mode': 4, 'realtime_x': 373.22, 'realtime_y': -105.62, 'target_x': 141.21, 'target_y': -10.11, 'yaw_ins': 0.0, 'dis_ins': 0.0}
  [2026-06-24T19:58:22.922734] W: {'wp_x': 362.72, 'wp_y': -99.0}
  [2026-06-24T19:58:23.330888] I: {'ins_mode': 4, 'realtime_x': 373.88, 'realtime_y': -106.03, 'target_x': 141.21, 'target_y': -10.11, 'yaw_ins': 0.0, 'dis_ins': 0.0}
  [2026-06-24T19:58:23.911835] W: {'wp_x': 362.72, 'wp_y': -99.0}
  [2026-06-24T19:58:24.102377] I: {'ins_mode': 4, 'realtime_x': 374.64, 'realtime_y': -106.53, 'target_x': 141.21, 'target_y': -10.11, 'yaw_ins': 0.0, 'dis_ins': 0.0}
  [2026-06-24T19:58:24.107731] W: {'wp_x': 362.72, 'wp_y': -99.0}
  [2026-06-24T19:58:24.107781] I: {'ins_mode': 4, 'realtime_x': 374.88, 'realtime_y': -106.69, 'target_x': 141.21, 'target_y': -10.11, 'yaw_ins': 0.0, 'dis_ins': 0.0}
  [2026-06-24T19:58:24.109704] W: {'wp_x': 362.72, 'wp_y': -99.0}
  [2026-06-24T19:58:24.109789] I: {'ins_mode': 4, 'realtime_x': 375.77, 'realtime_y': -107.34, 'target_x': 141.21, 'target_y': -10.11, 'yaw_ins': 0.0, 'dis_ins': 0.0}
  [2026-06-24T19:58:24.111783] W: {'wp_x': 362.72, 'wp_y': -99.0}
  [2026-06-24T19:58:24.499047] I: {'ins_mode': 4, 'realtime_x': 376.44, 'realtime_y': -107.84, 'target_x': 141.21, 'target_y': -10.11, 'yaw_ins': 0.0, 'dis_ins': 0.0}
  [2026-06-24T19:58:25.092630] W: {'wp_x': 362.72, 'wp_y': -99.0}
  [2026-06-24T19:58:25.276143] I: {'ins_mode': 4, 'realtime_x': 377.55, 'realtime_y': -108.66, 'target_x': 141.21, 'target_y': -10.11, 'yaw_ins': 0.0, 'dis_ins': 0.0}
  [2026-06-24T19:58:25.279647] W: {'wp_x': 362.72, 'wp_y': -99.0}
  [2026-06-24T19:58:25.279823] I: {'ins_mode': 4, 'realtime_x': 378.03, 'realtime_y': -109.0, 'target_x': 141.21, 'target_y': -10.11, 'yaw_ins': 0.0, 'dis_ins': 0.0}
  [2026-06-24T19:58:25.281860] W: {'wp_x': 362.72, 'wp_y': -99.0}
  [2026-06-24T19:58:25.282071] I: {'ins_mode': 4, 'realtime_x': 379.35, 'realtime_y': -109.87, 'target_x': 141.21, 'target_y': -10.11, 'yaw_ins': 0.0, 'dis_ins': 0.0}
  [2026-06-24T19:58:25.284273] W: {'wp_x': 379.35, 'wp_y': -109.87}
  [2026-06-24T19:58:25.284515] I: {'ins_mode': 4, 'realtime_x': 380.36, 'realtime_y': -110.48, 'target_x': 141.21, 'target_y': -10.11, 'yaw_ins': 0.0, 'dis_ins': 0.0}
  [2026-06-24T19:58:25.288562] W: {'wp_x': 379.35, 'wp_y': -109.87}
  [2026-06-24T19:58:25.288663] I: {'ins_mode': 4, 'realtime_x': 381.28, 'realtime_y': -111.04, 'target_x': 141.21, 'target_y': -10.11, 'yaw_ins': 0.0, 'dis_ins': 0.0}
  [2026-06-24T19:58:25.290667] W: {'wp_x': 379.35, 'wp_y': -109.87}
  [2026-06-24T19:58:25.676261] I: {'ins_mode': 4, 'realtime_x': 381.31, 'realtime_y': -111.06, 'target_x': 141.21, 'target_y': -10.11, 'yaw_ins': 0.0, 'dis_ins': 0.0}
  [2026-06-24T19:58:26.290769] W: {'wp_x': 379.35, 'wp_y': -109.87}
  [2026-06-24T19:58:26.944112] I: {'ins_mode': 4, 'realtime_x': 381.77, 'realtime_y': -111.36, 'target_x': 141.21, 'target_y': -10.11, 'yaw_ins': 0.0, 'dis_ins': 0.0}
  [2026-06-24T19:58:27.553699] W: {'wp_x': 379.35, 'wp_y': -109.87}
  [2026-06-24T19:58:27.553812] I: {'ins_mode': 4, 'realtime_x': 382.26, 'realtime_y': -111.7, 'target_x': 141.21, 'target_y': -10.11, 'yaw_ins': 0.0, 'dis_ins': 0.0}
  [2026-06-24T19:58:28.188993] W: {'wp_x': 379.35, 'wp_y': -109.87}
  [2026-06-24T19:58:28.189145] I: {'ins_mode': 4, 'realtime_x': 382.9, 'realtime_y': -112.14, 'target_x': 141.21, 'target_y': -10.11, 'yaw_ins': 0.0, 'dis_ins': 0.0}
  [2026-06-24T19:58:28.866793] W: {'wp_x': 379.35, 'wp_y': -109.87}
  [2026-06-24T19:58:29.525056] I: {'ins_mode': 4, 'realtime_x': 383.01, 'realtime_y': -112.22, 'target_x': 141.21, 'target_y': -10.11, 'yaw_ins': 0.0, 'dis_ins': 0.0}
  [2026-06-24T19:58:30.156312] W: {'wp_x': 379.35, 'wp_y': -109.87}
  [2026-06-24T19:58:30.156452] I: {'ins_mode': 4, 'realtime_x': 383.02, 'realtime_y': -112.22, 'target_x': 141.21, 'target_y': -10.11, 'yaw_ins': 0.0, 'dis_ins': 0.0}
  [2026-06-24T19:58:30.791177] W: {'wp_x': 379.35, 'wp_y': -109.87}
  [2026-06-24T19:58:31.463462] I: {'ins_mode': 4, 'realtime_x': 382.98, 'realtime_y': -112.19, 'target_x': 141.21, 'target_y': -10.11, 'yaw_ins': 0.0, 'dis_ins': 0.0}
  [2026-06-24T19:58:32.120962] W: {'wp_x': 379.35, 'wp_y': -109.87}
  [2026-06-24T19:58:32.121497] I: {'ins_mode': 4, 'realtime_x': 383.03, 'realtime_y': -112.23, 'target_x': 141.21, 'target_y': -10.11, 'yaw_ins': 0.0, 'dis_ins': 0.0}
  [2026-06-24T19:58:32.774756] W: {'wp_x': 379.35, 'wp_y': -109.87}
  [2026-06-24T19:58:32.774924] I: {'ins_mode': 4, 'realtime_x': 383.06, 'realtime_y': -112.25, 'target_x': 141.21, 'target_y': -10.11, 'yaw_ins': 0.0, 'dis_ins': 0.0}
  [2026-06-24T19:58:32.776918] W: {'wp_x': 379.35, 'wp_y': -109.87}
  [2026-06-24T19:58:33.388902] I: {'ins_mode': 4, 'realtime_x': 383.16, 'realtime_y': -112.33, 'target_x': 141.21, 'target_y': -10.11, 'yaw_ins': 0.0, 'dis_ins': 0.0}
  [2026-06-24T19:58:33.391576] W: {'wp_x': 379.35, 'wp_y': -109.87}
  [2026-06-24T19:58:33.391626] I: {'ins_mode': 4, 'realtime_x': 383.31, 'realtime_y': -112.44, 'target_x': 141.21, 'target_y': -10.11, 'yaw_ins': 0.0, 'dis_ins': 0.0}
  [2026-06-24T19:58:34.014553] W: {'wp_x': 379.35, 'wp_y': -109.87}
  [2026-06-24T19:58:34.686104] I: {'ins_mode': 4, 'realtime_x': 384.0, 'realtime_y': -112.96, 'target_x': 141.21, 'target_y': -10.11, 'yaw_ins': 0.0, 'dis_ins': 0.0}
  [2026-06-24T19:58:35.342789] W: {'wp_x': 379.35, 'wp_y': -109.87}
  [2026-06-24T19:58:35.343040] I: {'ins_mode': 4, 'realtime_x': 384.33, 'realtime_y': -113.22, 'target_x': 141.21, 'target_y': -10.11, 'yaw_ins': 0.0, 'dis_ins': 0.0}
  [2026-06-24T19:58:35.993696] W: {'wp_x': 379.35, 'wp_y': -109.87}
  [2026-06-24T19:58:35.993813] I: {'ins_mode': 4, 'realtime_x': 384.96, 'realtime_y': -113.7, 'target_x': 141.21, 'target_y': -10.11, 'yaw_ins': 0.0, 'dis_ins': 0.0}
  [2026-06-24T19:58:36.658581] W: {'wp_x': 379.35, 'wp_y': -109.87}
  [2026-06-24T19:58:37.344337] I: {'ins_mode': 4, 'realtime_x': 385.36, 'realtime_y': -114.0, 'target_x': 141.21, 'target_y': -10.11, 'yaw_ins': 0.0, 'dis_ins': 0.0}
  [2026-06-24T19:58:37.977806] W: {'wp_x': 379.35, 'wp_y': -109.87}
  [2026-06-24T19:58:38.167309] I: {'ins_mode': 4, 'realtime_x': 386.25, 'realtime_y': -114.66, 'target_x': 141.21, 'target_y': -10.11, 'yaw_ins': 0.0, 'dis_ins': 0.0}
  [2026-06-24T19:58:38.172013] W: {'wp_x': 379.35, 'wp_y': -109.87}
  [2026-06-24T19:58:38.172045] I: {'ins_mode': 4, 'realtime_x': 386.62, 'realtime_y': -114.92, 'target_x': 141.21, 'target_y': -10.11, 'yaw_ins': 0.0, 'dis_ins': 0.0}
  [2026-06-24T19:58:38.174255] W: {'wp_x': 379.35, 'wp_y': -109.87}
  [2026-06-24T19:58:38.174405] I: {'ins_mode': 4, 'realtime_x': 387.56, 'realtime_y': -115.54, 'target_x': 141.21, 'target_y': -10.11, 'yaw_ins': 0.0, 'dis_ins': 0.0}
  [2026-06-24T19:58:38.176449] W: {'wp_x': 379.35, 'wp_y': -109.87}
  [2026-06-24T19:58:38.591825] I: {'ins_mode': 4, 'realtime_x': 388.1, 'realtime_y': -115.87, 'target_x': 141.21, 'target_y': -10.11, 'yaw_ins': 0.0, 'dis_ins': 0.0}
  [2026-06-24T19:58:39.257434] W: {'wp_x': 379.35, 'wp_y': -109.87}
  [2026-06-24T19:58:39.924129] I: {'ins_mode': 4, 'realtime_x': 389.11, 'realtime_y': -116.44, 'target_x': 141.21, 'target_y': -10.11, 'yaw_ins': 0.0, 'dis_ins': 0.0}
  [2026-06-24T19:58:39.926917] W: {'wp_x': 379.35, 'wp_y': -109.87}
  [2026-06-24T19:58:40.687185] I: {'ins_mode': 4, 'realtime_x': 389.48, 'realtime_y': -116.63, 'target_x': 141.21, 'target_y': -10.11, 'yaw_ins': 0.0, 'dis_ins': 0.0}
  [2026-06-24T19:58:40.690560] W: {'wp_x': 379.35, 'wp_y': -109.87}
  [2026-06-24T19:58:41.387521] I: {'ins_mode': 4, 'realtime_x': 390.23, 'realtime_y': -117.01, 'target_x': 141.21, 'target_y': -10.11, 'yaw_ins': 0.0, 'dis_ins': 0.0}
  [2026-06-24T19:58:41.390738] W: {'wp_x': 379.35, 'wp_y': -109.87}
  [2026-06-24T19:58:42.095021] I: {'ins_mode': 4, 'realtime_x': 390.64, 'realtime_y': -117.21, 'target_x': 141.21, 'target_y': -10.11, 'yaw_ins': 0.0, 'dis_ins': 0.0}
  [2026-06-24T19:58:42.097775] W: {'wp_x': 379.35, 'wp_y': -109.87}
  [2026-06-24T19:58:42.097833] I: {'ins_mode': 4, 'realtime_x': 391.49, 'realtime_y': -117.61, 'target_x': 141.21, 'target_y': -10.11, 'yaw_ins': 0.0, 'dis_ins': 0.0}
  [2026-06-24T19:58:42.826931] W: {'wp_x': 379.35, 'wp_y': -109.87}
  [2026-06-24T19:58:42.827072] I: {'ins_mode': 4, 'realtime_x': 391.87, 'realtime_y': -117.79, 'target_x': 141.21, 'target_y': -10.11, 'yaw_ins': 0.0, 'dis_ins': 0.0}
  [2026-06-24T19:58:42.829665] W: {'wp_x': 379.35, 'wp_y': -109.87}
  [2026-06-24T19:58:43.536747] I: {'ins_mode': 4, 'realtime_x': 392.82, 'realtime_y': -118.27, 'target_x': 141.21, 'target_y': -10.11, 'yaw_ins': 0.0, 'dis_ins': 0.0}
  [2026-06-24T19:58:44.209912] W: {'wp_x': 379.35, 'wp_y': -109.87}
  [2026-06-24T19:58:44.210107] I: {'ins_mode': 4, 'realtime_x': 393.48, 'realtime_y': -118.62, 'target_x': 141.21, 'target_y': -10.11, 'yaw_ins': 0.0, 'dis_ins': 0.0}
  [2026-06-24T19:58:44.212684] W: {'wp_x': 379.35, 'wp_y': -109.87}
  [2026-06-24T19:58:44.916746] I: {'ins_mode': 4, 'realtime_x': 394.2, 'realtime_y': -119.02, 'target_x': 141.21, 'target_y': -10.11, 'yaw_ins': 0.0, 'dis_ins': 0.0}
  [2026-06-24T19:58:44.919856] W: {'wp_x': 379.35, 'wp_y': -109.87}
  [2026-06-24T19:58:45.624543] I: {'ins_mode': 4, 'realtime_x': 394.61, 'realtime_y': -119.25, 'target_x': 141.21, 'target_y': -10.11, 'yaw_ins': 0.0, 'dis_ins': 0.0}
  [2026-06-24T19:58:45.821218] W: {'wp_x': 379.35, 'wp_y': -109.87}
  [2026-06-24T19:58:45.822236] I: {'ins_mode': 4, 'realtime_x': 395.76, 'realtime_y': -119.9, 'target_x': 141.21, 'target_y': -10.11, 'yaw_ins': 0.0, 'dis_ins': 0.0}
  [2026-06-24T19:58:45.824341] W: {'wp_x': 379.35, 'wp_y': -109.87}
  [2026-06-24T19:58:45.824377] I: {'ins_mode': 4, 'realtime_x': 396.5, 'realtime_y': -120.31, 'target_x': 141.21, 'target_y': -10.11, 'yaw_ins': 0.0, 'dis_ins': 0.0}
  [2026-06-24T19:58:45.826251] W: {'wp_x': 396.5, 'wp_y': -120.31}
  [2026-06-24T19:58:46.273893] I: {'ins_mode': 4, 'realtime_x': 397.55, 'realtime_y': -120.88, 'target_x': 141.21, 'target_y': -10.11, 'yaw_ins': 0.0, 'dis_ins': 0.0}
  [2026-06-24T19:58:46.916137] W: {'wp_x': 396.5, 'wp_y': -120.31}
  [2026-06-24T19:58:47.610210] I: {'ins_mode': 4, 'realtime_x': 398.37, 'realtime_y': -121.29, 'target_x': 141.21, 'target_y': -10.11, 'yaw_ins': 0.0, 'dis_ins': 0.0}
  [2026-06-24T19:58:48.311658] W: {'wp_x': 396.5, 'wp_y': -120.31}
  [2026-06-24T19:58:48.311809] I: {'ins_mode': 4, 'realtime_x': 399.54, 'realtime_y': -121.84, 'target_x': 141.21, 'target_y': -10.11, 'yaw_ins': 0.0, 'dis_ins': 0.0}
  [2026-06-24T19:58:49.007051] W: {'wp_x': 396.5, 'wp_y': -120.31}
  [2026-06-24T19:58:49.719935] I: {'ins_mode': 4, 'realtime_x': 400.07, 'realtime_y': -122.06, 'target_x': 141.21, 'target_y': -10.11, 'yaw_ins': 0.0, 'dis_ins': 0.0}
  [2026-06-24T19:58:49.723160] W: {'wp_x': 396.5, 'wp_y': -120.31}
  [2026-06-24T19:58:50.378845] I: {'ins_mode': 4, 'realtime_x': 400.17, 'realtime_y': -122.11, 'target_x': 141.21, 'target_y': -10.11, 'yaw_ins': 0.0, 'dis_ins': 0.0}
  [2026-06-24T19:58:51.089420] W: {'wp_x': 396.5, 'wp_y': -120.31}
  [2026-06-24T19:58:51.827929] I: {'ins_mode': 4, 'realtime_x': 400.2, 'realtime_y': -122.12, 'target_x': 141.21, 'target_y': -10.11, 'yaw_ins': 0.0, 'dis_ins': 0.0}
  [2026-06-24T19:58:51.830681] W: {'wp_x': 396.5, 'wp_y': -120.31}
  [2026-06-24T19:58:52.568638] I: {'ins_mode': 4, 'realtime_x': 400.26, 'realtime_y': -122.13, 'target_x': 141.21, 'target_y': -10.11, 'yaw_ins': 0.0, 'dis_ins': 0.0}
  [2026-06-24T19:58:52.571190] W: {'wp_x': 396.5, 'wp_y': -120.31}
  [2026-06-24T19:58:53.282969] I: {'ins_mode': 4, 'realtime_x': 400.27, 'realtime_y': -122.13, 'target_x': 141.21, 'target_y': -10.11, 'yaw_ins': 0.0, 'dis_ins': 0.0}
  [2026-06-24T19:58:53.994519] W: {'wp_x': 396.5, 'wp_y': -120.31}
  [2026-06-24T19:58:54.667376] I: {'ins_mode': 4, 'realtime_x': 400.29, 'realtime_y': -122.14, 'target_x': 141.21, 'target_y': -10.11, 'yaw_ins': 0.0, 'dis_ins': 0.0}
  [2026-06-24T19:58:54.669704] W: {'wp_x': 396.5, 'wp_y': -120.31}
  [2026-06-24T19:58:55.362157] I: {'ins_mode': 4, 'realtime_x': 400.26, 'realtime_y': -122.13, 'target_x': 141.21, 'target_y': -10.11, 'yaw_ins': 0.0, 'dis_ins': 0.0}
  [2026-06-24T19:58:56.122847] W: {'wp_x': 396.5, 'wp_y': -120.31}
  [2026-06-24T19:58:56.847875] I: {'ins_mode': 4, 'realtime_x': 400.12, 'realtime_y': -122.12, 'target_x': 141.21, 'target_y': -10.11, 'yaw_ins': 0.0, 'dis_ins': 0.0}
  [2026-06-24T19:58:56.850042] W: {'wp_x': 396.5, 'wp_y': -120.31}
  [2026-06-24T19:58:57.517036] I: {'ins_mode': 4, 'realtime_x': 400.0, 'realtime_y': -122.13, 'target_x': 141.21, 'target_y': -10.11, 'yaw_ins': 0.0, 'dis_ins': 0.0}
  [2026-06-24T19:58:58.228489] W: {'wp_x': 396.5, 'wp_y': -120.31}
  [2026-06-24T19:58:58.983910] I: {'ins_mode': 4, 'realtime_x': 399.8, 'realtime_y': -122.15, 'target_x': 141.21, 'target_y': -10.11, 'yaw_ins': 0.0, 'dis_ins': 0.0}
  [2026-06-24T19:58:59.665761] W: {'wp_x': 396.5, 'wp_y': -120.31}
  [2026-06-24T19:59:00.422758] I: {'ins_mode': 4, 'realtime_x': 399.76, 'realtime_y': -122.15, 'target_x': 141.21, 'target_y': -10.11, 'yaw_ins': 0.0, 'dis_ins': 0.0}
  [2026-06-24T19:59:01.209705] W: {'wp_x': 396.5, 'wp_y': -120.31}
  [2026-06-24T19:59:01.209838] I: {'ins_mode': 4, 'realtime_x': 399.74, 'realtime_y': -122.15, 'target_x': 141.21, 'target_y': -10.11, 'yaw_ins': 0.0, 'dis_ins': 0.0}
  [2026-06-24T19:59:01.956524] W: {'wp_x': 396.5, 'wp_y': -120.31}
  [2026-06-24T19:59:02.706173] I: {'ins_mode': 4, 'realtime_x': 399.77, 'realtime_y': -122.15, 'target_x': 141.21, 'target_y': -10.11, 'yaw_ins': 0.0, 'dis_ins': 0.0}
  [2026-06-24T19:59:02.708971] W: {'wp_x': 396.5, 'wp_y': -120.31}
  [2026-06-24T19:59:03.453640] I: {'ins_mode': 4, 'realtime_x': 399.69, 'realtime_y': -122.17, 'target_x': 141.21, 'target_y': -10.11, 'yaw_ins': 0.0, 'dis_ins': 0.0}
  [2026-06-24T19:59:04.174515] W: {'wp_x': 396.5, 'wp_y': -120.31}
  [2026-06-24T19:59:04.174621] I: {'ins_mode': 4, 'realtime_x': 399.6, 'realtime_y': -122.2, 'target_x': 141.21, 'target_y': -10.11, 'yaw_ins': 0.0, 'dis_ins': 0.0}
  [2026-06-24T19:59:04.970838] W: {'wp_x': 396.5, 'wp_y': -120.31}
  [2026-06-24T19:59:05.679670] I: {'ins_mode': 4, 'realtime_x': 399.55, 'realtime_y': -122.21, 'target_x': 141.21, 'target_y': -10.11, 'yaw_ins': 0.0, 'dis_ins': 0.0}
  [2026-06-24T19:59:05.681717] W: {'wp_x': 396.5, 'wp_y': -120.31}
  [2026-06-24T19:59:06.404999] I: {'ins_mode': 4, 'realtime_x': 399.55, 'realtime_y': -122.21, 'target_x': 141.21, 'target_y': -10.11, 'yaw_ins': 0.0, 'dis_ins': 0.0}
  [2026-06-24T19:59:07.111688] W: {'wp_x': 396.5, 'wp_y': -120.31}
  [2026-06-24T19:59:07.111797] I: {'ins_mode': 4, 'realtime_x': 399.5, 'realtime_y': -122.23, 'target_x': 141.21, 'target_y': -10.11, 'yaw_ins': 0.0, 'dis_ins': 0.0}
  [2026-06-24T19:59:07.811400] W: {'wp_x': 396.5, 'wp_y': -120.31}
  [2026-06-24T19:59:08.494992] I: {'ins_mode': 4, 'realtime_x': 399.51, 'realtime_y': -122.22, 'target_x': 141.21, 'target_y': -10.11, 'yaw_ins': 0.0, 'dis_ins': 0.0}
  [2026-06-24T19:59:08.497635] W: {'wp_x': 396.5, 'wp_y': -120.31}
  [2026-06-24T19:59:09.245217] I: {'ins_mode': 4, 'realtime_x': 399.93, 'realtime_y': -122.04, 'target_x': 141.21, 'target_y': -10.11, 'yaw_ins': 0.0, 'dis_ins': 0.0}
  [2026-06-24T19:59:09.249112] W: {'wp_x': 396.5, 'wp_y': -120.31}
  [2026-06-24T19:59:09.249217] I: {'ins_mode': 4, 'realtime_x': 400.63, 'realtime_y': -121.73, 'target_x': 141.21, 'target_y': -10.11, 'yaw_ins': 0.0, 'dis_ins': 0.0}
  [2026-06-24T19:59:09.976718] W: {'wp_x': 396.5, 'wp_y': -120.31}
  [2026-06-24T19:59:10.734699] I: {'ins_mode': 4, 'realtime_x': 402.06, 'realtime_y': -121.1, 'target_x': 141.21, 'target_y': -10.11, 'yaw_ins': 0.0, 'dis_ins': 0.0}
  [2026-06-24T19:59:10.737189] W: {'wp_x': 396.5, 'wp_y': -120.31}
  [2026-06-24T19:59:11.431418] I: {'ins_mode': 4, 'realtime_x': 402.65, 'realtime_y': -120.86, 'target_x': 141.21, 'target_y': -10.11, 'yaw_ins': 0.0, 'dis_ins': 0.0}
  [2026-06-24T19:59:11.433538] W: {'wp_x': 396.5, 'wp_y': -120.31}
  [2026-06-24T19:59:12.159064] I: {'ins_mode': 4, 'realtime_x': 403.88, 'realtime_y': -120.38, 'target_x': 141.21, 'target_y': -10.11, 'yaw_ins': 0.0, 'dis_ins': 0.0}
  [2026-06-24T19:59:12.161780] W: {'wp_x': 396.5, 'wp_y': -120.31}
  [2026-06-24T19:59:12.937291] I: {'ins_mode': 4, 'realtime_x': 404.54, 'realtime_y': -120.1, 'target_x': 141.21, 'target_y': -10.11, 'yaw_ins': 0.0, 'dis_ins': 0.0}
  [2026-06-24T19:59:13.650246] W: {'wp_x': 396.5, 'wp_y': -120.31}
  [2026-06-24T19:59:14.395965] I: {'ins_mode': 4, 'realtime_x': 405.7, 'realtime_y': -119.59, 'target_x': 141.21, 'target_y': -10.11, 'yaw_ins': 0.0, 'dis_ins': 0.0}
  [2026-06-24T19:59:14.398422] W: {'wp_x': 396.5, 'wp_y': -120.31}
  [2026-06-24T19:59:15.127144] I: {'ins_mode': 4, 'realtime_x': 406.05, 'realtime_y': -119.43, 'target_x': 141.21, 'target_y': -10.11, 'yaw_ins': 0.0, 'dis_ins': 0.0}
  [2026-06-24T19:59:15.843434] W: {'wp_x': 396.5, 'wp_y': -120.31}
  [2026-06-24T19:59:16.592103] I: {'ins_mode': 4, 'realtime_x': 406.87, 'realtime_y': -119.08, 'target_x': 141.21, 'target_y': -10.11, 'yaw_ins': 0.0, 'dis_ins': 0.0}
  [2026-06-24T19:59:17.306464] W: {'wp_x': 396.5, 'wp_y': -120.31}
  [2026-06-24T19:59:18.063543] I: {'ins_mode': 4, 'realtime_x': 407.43, 'realtime_y': -118.83, 'target_x': 141.21, 'target_y': -10.11, 'yaw_ins': 0.0, 'dis_ins': 0.0}
  [2026-06-24T19:59:18.067049] W: {'wp_x': 396.5, 'wp_y': -120.31}
  [2026-06-24T19:59:18.884518] I: {'ins_mode': 4, 'realtime_x': 408.29, 'realtime_y': -118.43, 'target_x': 141.21, 'target_y': -10.11, 'yaw_ins': 0.0, 'dis_ins': 0.0}
  [2026-06-24T19:59:18.887168] W: {'wp_x': 396.5, 'wp_y': -120.31}
  [2026-06-24T19:59:19.600931] I: {'ins_mode': 4, 'realtime_x': 408.83, 'realtime_y': -118.18, 'target_x': 141.21, 'target_y': -10.11, 'yaw_ins': 0.0, 'dis_ins': 0.0}
  [2026-06-24T19:59:19.603323] W: {'wp_x': 396.5, 'wp_y': -120.31}
  [2026-06-24T19:59:20.396775] I: {'ins_mode': 4, 'realtime_x': 409.19, 'realtime_y': -118.01, 'target_x': 141.21, 'target_y': -10.11, 'yaw_ins': 0.0, 'dis_ins': 0.0}
  [2026-06-24T19:59:21.128586] W: {'wp_x': 396.5, 'wp_y': -120.31}
  [2026-06-24T19:59:21.893012] I: {'ins_mode': 4, 'realtime_x': 409.24, 'realtime_y': -117.99, 'target_x': 141.21, 'target_y': -10.11, 'yaw_ins': 0.0, 'dis_ins': 0.0}
  [2026-06-24T19:59:21.895442] W: {'wp_x': 396.5, 'wp_y': -120.31}
  [2026-06-24T19:59:22.614249] I: {'ins_mode': 4, 'realtime_x': 409.35, 'realtime_y': -117.93, 'target_x': 141.21, 'target_y': -10.11, 'yaw_ins': 0.0, 'dis_ins': 0.0}
  [2026-06-24T19:59:22.619262] W: {'wp_x': 396.5, 'wp_y': -120.31}
  [2026-06-24T19:59:23.387743] I: {'ins_mode': 4, 'realtime_x': 409.33, 'realtime_y': -117.94, 'target_x': 141.21, 'target_y': -10.11, 'yaw_ins': 0.0, 'dis_ins': 0.0}
  [2026-06-24T19:59:24.150591] W: {'wp_x': 396.5, 'wp_y': -120.31}
  [2026-06-24T19:59:24.150701] I: {'ins_mode': 4, 'realtime_x': 409.52, 'realtime_y': -117.84, 'target_x': 141.21, 'target_y': -10.11, 'yaw_ins': 0.0, 'dis_ins': 0.0}
  [2026-06-24T19:59:24.931359] W: {'wp_x': 396.5, 'wp_y': -120.31}
  [2026-06-24T19:59:25.678067] I: {'ins_mode': 4, 'realtime_x': 409.83, 'realtime_y': -117.68, 'target_x': 141.21, 'target_y': -10.11, 'yaw_ins': 0.0, 'dis_ins': 0.0}
  [2026-06-24T19:59:26.480481] W: {'wp_x': 396.5, 'wp_y': -120.31}
  [2026-06-24T19:59:27.245799] I: {'ins_mode': 4, 'realtime_x': 410.51, 'realtime_y': -117.31, 'target_x': 141.21, 'target_y': -10.11, 'yaw_ins': 0.0, 'dis_ins': 0.0}
  [2026-06-24T19:59:27.249587] W: {'wp_x': 396.5, 'wp_y': -120.31}
  [2026-06-24T19:59:28.063825] I: {'ins_mode': 4, 'realtime_x': 411.18, 'realtime_y': -116.94, 'target_x': 141.21, 'target_y': -10.11, 'yaw_ins': 0.0, 'dis_ins': 0.0}
  [2026-06-24T19:59:28.860007] W: {'wp_x': 396.5, 'wp_y': -120.31}
  [2026-06-24T19:59:28.860123] I: {'ins_mode': 4, 'realtime_x': 412.6, 'realtime_y': -116.12, 'target_x': 141.21, 'target_y': -10.11, 'yaw_ins': 0.0, 'dis_ins': 0.0}
  [2026-06-24T19:59:29.613599] W: {'wp_x': 396.5, 'wp_y': -120.31}
  [2026-06-24T19:59:29.613860] I: {'ins_mode': 4, 'realtime_x': 413.34, 'realtime_y': -115.68, 'target_x': 141.21, 'target_y': -10.11, 'yaw_ins': 0.0, 'dis_ins': 0.0}
  [2026-06-24T19:59:29.618005] W: {'wp_x': 413.1, 'wp_y': -115.83}
  [2026-06-24T19:59:30.361959] I: {'ins_mode': 4, 'realtime_x': 414.63, 'realtime_y': -114.84, 'target_x': 141.21, 'target_y': -10.11, 'yaw_ins': 0.0, 'dis_ins': 0.0}
  [2026-06-24T19:59:31.112748] W: {'wp_x': 413.1, 'wp_y': -115.83}
  [2026-06-24T19:59:31.112871] I: {'ins_mode': 4, 'realtime_x': 415.16, 'realtime_y': -114.49, 'target_x': 141.21, 'target_y': -10.11, 'yaw_ins': 0.0, 'dis_ins': 0.0}
  [2026-06-24T19:59:31.843108] W: {'wp_x': 413.1, 'wp_y': -115.83}
  [2026-06-24T19:59:32.621006] I: {'ins_mode': 4, 'realtime_x': 416.4, 'realtime_y': -113.65, 'target_x': 141.21, 'target_y': -10.11, 'yaw_ins': 0.0, 'dis_ins': 0.0}
  [2026-06-24T19:59:32.623485] W: {'wp_x': 413.1, 'wp_y': -115.83}
  [2026-06-24T19:59:33.362686] I: {'ins_mode': 4, 'realtime_x': 417.22, 'realtime_y': -113.08, 'target_x': 141.21, 'target_y': -10.11, 'yaw_ins': 0.0, 'dis_ins': 0.0}
  [2026-06-24T19:59:34.177425] W: {'wp_x': 413.1, 'wp_y': -115.83}
  [2026-06-24T19:59:34.985529] I: {'ins_mode': 4, 'realtime_x': 418.21, 'realtime_y': -112.35, 'target_x': 141.21, 'target_y': -10.11, 'yaw_ins': 0.0, 'dis_ins': 0.0}
  [2026-06-24T19:59:35.718133] W: {'wp_x': 413.1, 'wp_y': -115.83}
  [2026-06-24T19:59:35.718306] I: {'ins_mode': 4, 'realtime_x': 418.42, 'realtime_y': -112.2, 'target_x': 141.21, 'target_y': -10.11, 'yaw_ins': 0.0, 'dis_ins': 0.0}
  [2026-06-24T19:59:36.564062] W: {'wp_x': 413.1, 'wp_y': -115.83}
  [2026-06-24T19:59:37.375780] I: {'ins_mode': 4, 'realtime_x': 419.07, 'realtime_y': -111.71, 'target_x': 141.21, 'target_y': -10.11, 'yaw_ins': 0.0, 'dis_ins': 0.0}
  [2026-06-24T19:59:38.241655] W: {'wp_x': 413.1, 'wp_y': -115.83}
  [2026-06-24T19:59:39.066651] I: {'ins_mode': 4, 'realtime_x': 419.62, 'realtime_y': -111.29, 'target_x': 141.21, 'target_y': -10.11, 'yaw_ins': 0.0, 'dis_ins': 0.0}
  [2026-06-24T19:59:39.865094] W: {'wp_x': 413.1, 'wp_y': -115.83}
  [2026-06-24T19:59:39.865234] I: {'ins_mode': 4, 'realtime_x': 420.89, 'realtime_y': -110.29, 'target_x': 141.21, 'target_y': -10.11, 'yaw_ins': 0.0, 'dis_ins': 0.0}
  [2026-06-24T19:59:40.679162] W: {'wp_x': 413.1, 'wp_y': -115.83}
  [2026-06-24T19:59:41.499087] I: {'ins_mode': 4, 'realtime_x': 421.49, 'realtime_y': -109.82, 'target_x': 141.21, 'target_y': -10.11, 'yaw_ins': 0.0, 'dis_ins': 0.0}
  [2026-06-24T19:59:42.284907] W: {'wp_x': 413.1, 'wp_y': -115.83}
  [2026-06-24T19:59:43.091267] I: {'ins_mode': 4, 'realtime_x': 422.98, 'realtime_y': -108.68, 'target_x': 141.21, 'target_y': -10.11, 'yaw_ins': 0.0, 'dis_ins': 0.0}
  [2026-06-24T19:59:43.924035] W: {'wp_x': 413.1, 'wp_y': -115.83}
  [2026-06-24T19:59:44.751401] I: {'ins_mode': 4, 'realtime_x': 423.51, 'realtime_y': -108.26, 'target_x': 141.21, 'target_y': -10.11, 'yaw_ins': 0.0, 'dis_ins': 0.0}
  [2026-06-24T19:59:45.526317] W: {'wp_x': 413.1, 'wp_y': -115.83}
  [2026-06-24T19:59:45.526484] I: {'ins_mode': 4, 'realtime_x': 425.2, 'realtime_y': -106.93, 'target_x': 141.21, 'target_y': -10.11, 'yaw_ins': 0.0, 'dis_ins': 0.0}
  [2026-06-24T19:59:45.528553] W: {'wp_x': 413.1, 'wp_y': -115.83}
  [2026-06-24T19:59:46.308414] I: {'ins_mode': 4, 'realtime_x': 425.62, 'realtime_y': -106.62, 'target_x': 141.21, 'target_y': -10.11, 'yaw_ins': 0.0, 'dis_ins': 0.0}
  [2026-06-24T19:59:46.311266] W: {'wp_x': 413.1, 'wp_y': -115.83}
  [2026-06-24T19:59:47.110849] I: {'ins_mode': 4, 'realtime_x': 426.87, 'realtime_y': -105.69, 'target_x': 141.21, 'target_y': -10.11, 'yaw_ins': 0.0, 'dis_ins': 0.0}
  [2026-06-24T19:59:47.878026] W: {'wp_x': 413.1, 'wp_y': -115.83}
  [2026-06-24T19:59:48.674126] I: {'ins_mode': 4, 'realtime_x': 427.67, 'realtime_y': -105.07, 'target_x': 141.21, 'target_y': -10.11, 'yaw_ins': 0.0, 'dis_ins': 0.0}
  [2026-06-24T19:59:49.471809] W: {'wp_x': 413.1, 'wp_y': -115.83}
  [2026-06-24T19:59:50.256521] I: {'ins_mode': 4, 'realtime_x': 428.59, 'realtime_y': -104.33, 'target_x': 141.21, 'target_y': -10.11, 'yaw_ins': 0.0, 'dis_ins': 0.0}
  [2026-06-24T19:59:50.258807] W: {'wp_x': 413.1, 'wp_y': -115.83}
  [2026-06-24T19:59:51.036201] I: {'ins_mode': 4, 'realtime_x': 429.39, 'realtime_y': -103.7, 'target_x': 141.21, 'target_y': -10.11, 'yaw_ins': 0.0, 'dis_ins': 0.0}
  [2026-06-24T19:59:51.837880] W: {'wp_x': 429.39, 'wp_y': -103.7}
  [2026-06-24T19:59:51.838010] I: {'ins_mode': 4, 'realtime_x': 430.91, 'realtime_y': -102.49, 'target_x': 141.21, 'target_y': -10.11, 'yaw_ins': 0.0, 'dis_ins': 0.0}
  [2026-06-24T19:59:52.714645] W: {'wp_x': 429.39, 'wp_y': -103.7}
  [2026-06-24T19:59:52.714720] I: {'ins_mode': 4, 'realtime_x': 431.78, 'realtime_y': -101.79, 'target_x': 141.21, 'target_y': -10.11, 'yaw_ins': 0.0, 'dis_ins': 0.0}
  [2026-06-24T19:59:53.555798] W: {'wp_x': 429.39, 'wp_y': -103.7}
  [2026-06-24T19:59:54.322266] I: {'ins_mode': 4, 'realtime_x': 433.17, 'realtime_y': -100.67, 'target_x': 141.21, 'target_y': -10.11, 'yaw_ins': 0.0, 'dis_ins': 0.0}
  [2026-06-24T19:59:55.203980] W: {'wp_x': 429.39, 'wp_y': -103.7}
  [2026-06-24T19:59:56.022929] I: {'ins_mode': 4, 'realtime_x': 433.6, 'realtime_y': -100.33, 'target_x': 141.21, 'target_y': -10.11, 'yaw_ins': 0.0, 'dis_ins': 0.0}
  [2026-06-24T19:59:56.932925] W: {'wp_x': 429.39, 'wp_y': -103.7}
  [2026-06-24T19:59:57.748203] I: {'ins_mode': 4, 'realtime_x': 433.88, 'realtime_y': -100.11, 'target_x': 141.21, 'target_y': -10.11, 'yaw_ins': 0.0, 'dis_ins': 0.0}
  [2026-06-24T19:59:58.550875] W: {'wp_x': 429.39, 'wp_y': -103.7}
  [2026-06-24T19:59:59.335586] I: {'ins_mode': 4, 'realtime_x': 433.86, 'realtime_y': -100.12, 'target_x': 141.21, 'target_y': -10.11, 'yaw_ins': 0.0, 'dis_ins': 0.0}
  [2026-06-24T20:00:00.084991] W: {'wp_x': 429.39, 'wp_y': -103.7}
  [2026-06-24T20:00:00.085098] I: {'ins_mode': 4, 'realtime_x': 433.9, 'realtime_y': -100.09, 'target_x': 141.21, 'target_y': -10.11, 'yaw_ins': 0.0, 'dis_ins': 0.0}
  [2026-06-24T20:00:00.989461] W: {'wp_x': 429.39, 'wp_y': -103.7}
  [2026-06-24T20:00:01.796012] I: {'ins_mode': 4, 'realtime_x': 433.99, 'realtime_y': -100.02, 'target_x': 141.21, 'target_y': -10.11, 'yaw_ins': 0.0, 'dis_ins': 0.0}
  [2026-06-24T20:00:02.599775] W: {'wp_x': 429.39, 'wp_y': -103.7}
  [2026-06-24T20:00:02.599882] I: {'ins_mode': 4, 'realtime_x': 434.33, 'realtime_y': -99.77, 'target_x': 141.21, 'target_y': -10.11, 'yaw_ins': 0.0, 'dis_ins': 0.0}
  [2026-06-24T20:00:03.473097] W: {'wp_x': 429.39, 'wp_y': -103.7}
  [2026-06-24T20:00:04.392628] I: {'ins_mode': 4, 'realtime_x': 434.45, 'realtime_y': -99.69, 'target_x': 141.21, 'target_y': -10.11, 'yaw_ins': 0.0, 'dis_ins': 0.0}
  [2026-06-24T20:00:05.264625] W: {'wp_x': 429.39, 'wp_y': -103.7}
  [2026-06-24T20:00:05.264707] I: {'ins_mode': 4, 'realtime_x': 434.51, 'realtime_y': -99.65, 'target_x': 141.21, 'target_y': -10.11, 'yaw_ins': 0.0, 'dis_ins': 0.0}
  [2026-06-24T20:00:06.100944] W: {'wp_x': 429.39, 'wp_y': -103.7}
  [2026-06-24T20:00:06.907787] I: {'ins_mode': 4, 'realtime_x': 434.47, 'realtime_y': -99.68, 'target_x': 141.21, 'target_y': -10.11, 'yaw_ins': 0.0, 'dis_ins': 0.0}
  [2026-06-24T20:00:06.912371] W: {'wp_x': 429.39, 'wp_y': -103.7}
  [2026-06-24T20:00:07.768850] I: {'ins_mode': 4, 'realtime_x': 434.53, 'realtime_y': -99.62, 'target_x': 141.21, 'target_y': -10.11, 'yaw_ins': 0.0, 'dis_ins': 0.0}
  [2026-06-24T20:00:08.656390] W: {'wp_x': 429.39, 'wp_y': -103.7}
  [2026-06-24T20:00:09.506005] I: {'ins_mode': 4, 'realtime_x': 434.84, 'realtime_y': -99.29, 'target_x': 141.21, 'target_y': -10.11, 'yaw_ins': 0.0, 'dis_ins': 0.0}
  [2026-06-24T20:00:10.345040] W: {'wp_x': 429.39, 'wp_y': -103.7}
  [2026-06-24T20:00:11.207802] I: {'ins_mode': 4, 'realtime_x': 435.45, 'realtime_y': -98.66, 'target_x': 141.21, 'target_y': -10.11, 'yaw_ins': 0.0, 'dis_ins': 0.0}
  [2026-06-24T20:00:11.210642] W: {'wp_x': 429.39, 'wp_y': -103.7}
  [2026-06-24T20:00:11.210707] I: {'ins_mode': 4, 'realtime_x': 435.6, 'realtime_y': -98.5, 'target_x': 141.21, 'target_y': -10.11, 'yaw_ins': 0.0, 'dis_ins': 0.0}
  [2026-06-24T20:00:12.005574] W: {'wp_x': 429.39, 'wp_y': -103.7}
  [2026-06-24T20:00:12.005773] I: {'ins_mode': 4, 'realtime_x': 436.28, 'realtime_y': -97.77, 'target_x': 141.21, 'target_y': -10.11, 'yaw_ins': 0.0, 'dis_ins': 0.0}
  [2026-06-24T20:00:12.010327] W: {'wp_x': 429.39, 'wp_y': -103.7}
  [2026-06-24T20:00:12.854611] I: {'ins_mode': 4, 'realtime_x': 436.64, 'realtime_y': -97.39, 'target_x': 141.21, 'target_y': -10.11, 'yaw_ins': 0.0, 'dis_ins': 0.0}
  [2026-06-24T20:00:12.857636] W: {'wp_x': 429.39, 'wp_y': -103.7}
  [2026-06-24T20:00:13.716946] I: {'ins_mode': 4, 'realtime_x': 437.67, 'realtime_y': -96.3, 'target_x': 141.21, 'target_y': -10.11, 'yaw_ins': 0.0, 'dis_ins': 0.0}
  [2026-06-24T20:00:14.521981] W: {'wp_x': 429.39, 'wp_y': -103.7}
  [2026-06-24T20:00:15.340314] I: {'ins_mode': 4, 'realtime_x': 438.13, 'realtime_y': -95.8, 'target_x': 141.21, 'target_y': -10.11, 'yaw_ins': 0.0, 'dis_ins': 0.0}
  [2026-06-24T20:00:16.191436] W: {'wp_x': 429.39, 'wp_y': -103.7}
  [2026-06-24T20:00:17.094652] I: {'ins_mode': 4, 'realtime_x': 439.23, 'realtime_y': -94.6, 'target_x': 141.21, 'target_y': -10.11, 'yaw_ins': 0.0, 'dis_ins': 0.0}
  [2026-06-24T20:00:17.892628] W: {'wp_x': 429.39, 'wp_y': -103.7}
  [2026-06-24T20:00:18.719025] I: {'ins_mode': 4, 'realtime_x': 439.68, 'realtime_y': -94.11, 'target_x': 141.21, 'target_y': -10.11, 'yaw_ins': 0.0, 'dis_ins': 0.0}
  [2026-06-24T20:00:18.721841] W: {'wp_x': 429.39, 'wp_y': -103.7}
  [2026-06-24T20:00:19.586705] I: {'ins_mode': 4, 'realtime_x': 440.21, 'realtime_y': -93.53, 'target_x': 141.21, 'target_y': -10.11, 'yaw_ins': 0.0, 'dis_ins': 0.0}
  [2026-06-24T20:00:20.406483] W: {'wp_x': 429.39, 'wp_y': -103.7}
  [2026-06-24T20:00:20.406651] I: {'ins_mode': 4, 'realtime_x': 440.48, 'realtime_y': -93.24, 'target_x': 141.21, 'target_y': -10.11, 'yaw_ins': 0.0, 'dis_ins': 0.0}
  [2026-06-24T20:00:20.409660] W: {'wp_x': 429.39, 'wp_y': -103.7}
  [2026-06-24T20:00:21.217295] I: {'ins_mode': 4, 'realtime_x': 441.53, 'realtime_y': -92.12, 'target_x': 141.21, 'target_y': -10.11, 'yaw_ins': 0.0, 'dis_ins': 0.0}
  [2026-06-24T20:00:21.220008] W: {'wp_x': 429.39, 'wp_y': -103.7}
  [2026-06-24T20:00:22.139774] I: {'ins_mode': 4, 'realtime_x': 442.11, 'realtime_y': -91.5, 'target_x': 141.21, 'target_y': -10.11, 'yaw_ins': 0.0, 'dis_ins': 0.0}
  [2026-06-24T20:00:22.966977] W: {'wp_x': 429.39, 'wp_y': -103.7}
  [2026-06-24T20:00:23.868968] I: {'ins_mode': 4, 'realtime_x': 442.87, 'realtime_y': -90.69, 'target_x': 141.21, 'target_y': -10.11, 'yaw_ins': 0.0, 'dis_ins': 0.0}
  [2026-06-24T20:00:23.871780] W: {'wp_x': 429.39, 'wp_y': -103.7}
  [2026-06-24T20:00:24.800060] I: {'ins_mode': 4, 'realtime_x': 443.49, 'realtime_y': -90.03, 'target_x': 141.21, 'target_y': -10.11, 'yaw_ins': 0.0, 'dis_ins': 0.0}
  [2026-06-24T20:00:24.803177] W: {'wp_x': 429.39, 'wp_y': -103.7}
  [2026-06-24T20:00:25.875769] I: {'ins_mode': 4, 'realtime_x': 444.65, 'realtime_y': -88.82, 'target_x': 141.21, 'target_y': -10.11, 'yaw_ins': 0.0, 'dis_ins': 0.0}
  [2026-06-24T20:00:25.879069] W: {'wp_x': 443.71, 'wp_y': -89.8}
  [2026-06-24T20:00:25.879166] I: {'ins_mode': 4, 'realtime_x': 445.24, 'realtime_y': -88.19, 'target_x': 141.21, 'target_y': -10.11, 'yaw_ins': 0.0, 'dis_ins': 0.0}
  [2026-06-24T20:00:26.900466] W: {'wp_x': 443.71, 'wp_y': -89.8}
  [2026-06-24T20:00:27.916410] I: {'ins_mode': 4, 'realtime_x': 446.08, 'realtime_y': -87.3, 'target_x': 141.21, 'target_y': -10.11, 'yaw_ins': 0.0, 'dis_ins': 0.0}
  [2026-06-24T20:00:28.920555] W: {'wp_x': 443.71, 'wp_y': -89.8}
  [2026-06-24T20:00:29.813022] I: {'ins_mode': 4, 'realtime_x': 446.37, 'realtime_y': -86.99, 'target_x': 141.21, 'target_y': -10.11, 'yaw_ins': 0.0, 'dis_ins': 0.0}
  [2026-06-24T20:00:30.660672] W: {'wp_x': 443.71, 'wp_y': -89.8}
  [2026-06-24T20:00:31.530531] I: {'ins_mode': 4, 'realtime_x': 447.22, 'realtime_y': -86.07, 'target_x': 141.21, 'target_y': -10.11, 'yaw_ins': 0.0, 'dis_ins': 0.0}
  [2026-06-24T20:00:32.441232] W: {'wp_x': 443.71, 'wp_y': -89.8}
  [2026-06-24T20:00:32.441325] I: {'ins_mode': 4, 'realtime_x': 447.72, 'realtime_y': -85.53, 'target_x': 141.21, 'target_y': -10.11, 'yaw_ins': 0.0, 'dis_ins': 0.0}
  [2026-06-24T20:00:33.349643] W: {'wp_x': 443.71, 'wp_y': -89.8}
  [2026-06-24T20:00:34.201806] I: {'ins_mode': 4, 'realtime_x': 448.8, 'realtime_y': -84.36, 'target_x': 141.21, 'target_y': -10.11, 'yaw_ins': 0.0, 'dis_ins': 0.0}
  [2026-06-24T20:00:34.204715] W: {'wp_x': 443.71, 'wp_y': -89.8}
  [2026-06-24T20:00:35.163881] I: {'ins_mode': 4, 'realtime_x': 449.35, 'realtime_y': -83.79, 'target_x': 141.21, 'target_y': -10.11, 'yaw_ins': 0.0, 'dis_ins': 0.0}
  [2026-06-24T20:00:36.114024] W: {'wp_x': 443.71, 'wp_y': -89.8}
  [2026-06-24T20:00:37.051000] I: {'ins_mode': 4, 'realtime_x': 450.49, 'realtime_y': -82.66, 'target_x': 141.21, 'target_y': -10.11, 'yaw_ins': 0.0, 'dis_ins': 0.0}
  [2026-06-24T20:00:37.945222] W: {'wp_x': 443.71, 'wp_y': -89.8}
  [2026-06-24T20:00:38.779826] I: {'ins_mode': 4, 'realtime_x': 451.07, 'realtime_y': -82.1, 'target_x': 141.21, 'target_y': -10.11, 'yaw_ins': 0.0, 'dis_ins': 0.0}
  [2026-06-24T20:00:38.782034] W: {'wp_x': 443.71, 'wp_y': -89.8}
  [2026-06-24T20:00:38.782073] I: {'ins_mode': 4, 'realtime_x': 452.04, 'realtime_y': -81.21, 'target_x': 141.21, 'target_y': -10.11, 'yaw_ins': 0.0, 'dis_ins': 0.0}
  [2026-06-24T20:00:39.672019] W: {'wp_x': 443.71, 'wp_y': -89.8}
  [2026-06-24T20:00:39.672071] I: {'ins_mode': 4, 'realtime_x': 452.49, 'realtime_y': -80.82, 'target_x': 141.21, 'target_y': -10.11, 'yaw_ins': 0.0, 'dis_ins': 0.0}
  [2026-06-24T20:00:40.574839] W: {'wp_x': 443.71, 'wp_y': -89.8}
  [2026-06-24T20:00:41.539303] I: {'ins_mode': 4, 'realtime_x': 453.7, 'realtime_y': -79.75, 'target_x': 141.21, 'target_y': -10.11, 'yaw_ins': 0.0, 'dis_ins': 0.0}
  [2026-06-24T20:00:42.439644] W: {'wp_x': 443.71, 'wp_y': -89.8}
  [2026-06-24T20:00:43.303448] I: {'ins_mode': 4, 'realtime_x': 454.57, 'realtime_y': -78.96, 'target_x': 141.21, 'target_y': -10.11, 'yaw_ins': 0.0, 'dis_ins': 0.0}
  [2026-06-24T20:00:44.262436] W: {'wp_x': 443.71, 'wp_y': -89.8}
  [2026-06-24T20:00:45.139163] I: {'ins_mode': 4, 'realtime_x': 455.84, 'realtime_y': -77.75, 'target_x': 141.21, 'target_y': -10.11, 'yaw_ins': 0.0, 'dis_ins': 0.0}
  [2026-06-24T20:00:46.069869] W: {'wp_x': 443.71, 'wp_y': -89.8}
  [2026-06-24T20:00:46.069973] I: {'ins_mode': 4, 'realtime_x': 456.15, 'realtime_y': -77.45, 'target_x': 141.21, 'target_y': -10.11, 'yaw_ins': 0.0, 'dis_ins': 0.0}
  [2026-06-24T20:00:46.072674] W: {'wp_x': 443.71, 'wp_y': -89.8}
  [2026-06-24T20:00:47.045046] I: {'ins_mode': 4, 'realtime_x': 456.74, 'realtime_y': -76.87, 'target_x': 141.21, 'target_y': -10.11, 'yaw_ins': 0.0, 'dis_ins': 0.0}
  [2026-06-24T20:00:47.967577] W: {'wp_x': 443.71, 'wp_y': -89.8}
  [2026-06-24T20:00:48.960319] I: {'ins_mode': 4, 'realtime_x': 457.33, 'realtime_y': -76.31, 'target_x': 141.21, 'target_y': -10.11, 'yaw_ins': 0.0, 'dis_ins': 0.0}
  [2026-06-24T20:00:49.872539] W: {'wp_x': 443.71, 'wp_y': -89.8}
  [2026-06-24T20:00:50.820496] I: {'ins_mode': 4, 'realtime_x': 458.4, 'realtime_y': -75.32, 'target_x': 141.21, 'target_y': -10.11, 'yaw_ins': 0.0, 'dis_ins': 0.0}
  [2026-06-24T20:00:51.714369] W: {'wp_x': 458.16, 'wp_y': -75.54}
  [2026-06-24T20:00:51.714547] I: {'ins_mode': 4, 'realtime_x': 459.03, 'realtime_y': -74.76, 'target_x': 141.21, 'target_y': -10.11, 'yaw_ins': 0.0, 'dis_ins': 0.0}
  [2026-06-24T20:00:52.604889] W: {'wp_x': 458.16, 'wp_y': -75.54}
  [2026-06-24T20:00:53.550901] I: {'ins_mode': 4, 'realtime_x': 459.73, 'realtime_y': -74.13, 'target_x': 141.21, 'target_y': -10.11, 'yaw_ins': 0.0, 'dis_ins': 0.0}
  [2026-06-24T20:00:54.485430] W: {'wp_x': 458.16, 'wp_y': -75.54}
  [2026-06-24T20:00:54.485530] I: {'ins_mode': 4, 'realtime_x': 459.82, 'realtime_y': -74.06, 'target_x': 141.21, 'target_y': -10.11, 'yaw_ins': 0.0, 'dis_ins': 0.0}
  [2026-06-24T20:00:55.400952] W: {'wp_x': 458.16, 'wp_y': -75.54}
  [2026-06-24T20:00:56.377448] I: {'ins_mode': 4, 'realtime_x': 460.29, 'realtime_y': -73.65, 'target_x': 141.21, 'target_y': -10.11, 'yaw_ins': 0.0, 'dis_ins': 0.0}
  [2026-06-24T20:00:56.387817] W: {'wp_x': 458.16, 'wp_y': -75.54}
  [2026-06-24T20:00:56.387913] I: {'ins_mode': 4, 'realtime_x': 460.9, 'realtime_y': -73.12, 'target_x': 141.21, 'target_y': -10.11, 'yaw_ins': 0.0, 'dis_ins': 0.0}
  [2026-06-24T20:00:56.391567] W: {'wp_x': 458.16, 'wp_y': -75.54}
  [2026-06-24T20:00:56.391608] I: {'ins_mode': 4, 'realtime_x': 462.18, 'realtime_y': -71.96, 'target_x': 141.21, 'target_y': -10.11, 'yaw_ins': 0.0, 'dis_ins': 0.0}
  [2026-06-24T20:00:57.367048] W: {'wp_x': 458.16, 'wp_y': -75.54}
  [2026-06-24T20:00:58.229868] I: {'ins_mode': 4, 'realtime_x': 462.93, 'realtime_y': -71.27, 'target_x': 141.21, 'target_y': -10.11, 'yaw_ins': 0.0, 'dis_ins': 0.0}
  [2026-06-24T20:00:59.187653] W: {'wp_x': 458.16, 'wp_y': -75.54}
  [2026-06-24T20:00:59.197272] I: {'ins_mode': 4, 'realtime_x': 464.12, 'realtime_y': -70.16, 'target_x': 141.21, 'target_y': -10.11, 'yaw_ins': 0.0, 'dis_ins': 0.0}
  [2026-06-24T20:00:59.201705] W: {'wp_x': 458.16, 'wp_y': -75.54}
  [2026-06-24T20:00:59.201840] I: {'ins_mode': 4, 'realtime_x': 464.58, 'realtime_y': -69.74, 'target_x': 141.21, 'target_y': -10.11, 'yaw_ins': 0.0, 'dis_ins': 0.0}
  [2026-06-24T20:00:59.204603] W: {'wp_x': 458.16, 'wp_y': -75.54}
  [2026-06-24T20:00:59.204640] I: {'ins_mode': 4, 'realtime_x': 465.81, 'realtime_y': -68.63, 'target_x': 141.21, 'target_y': -10.11, 'yaw_ins': 0.0, 'dis_ins': 0.0}
  [2026-06-24T20:01:00.133018] W: {'wp_x': 458.16, 'wp_y': -75.54}
  [2026-06-24T20:01:00.133237] I: {'ins_mode': 4, 'realtime_x': 466.4, 'realtime_y': -68.1, 'target_x': 141.21, 'target_y': -10.11, 'yaw_ins': 0.0, 'dis_ins': 0.0}
  [2026-06-24T20:01:00.139388] W: {'wp_x': 458.16, 'wp_y': -75.54}
  [2026-06-24T20:01:00.139422] I: {'ins_mode': 4, 'realtime_x': 467.52, 'realtime_y': -67.1, 'target_x': 141.21, 'target_y': -10.11, 'yaw_ins': 0.0, 'dis_ins': 0.0}
  [2026-06-24T20:01:01.117171] W: {'wp_x': 458.16, 'wp_y': -75.54}
  [2026-06-24T20:01:01.117424] I: {'ins_mode': 4, 'realtime_x': 467.96, 'realtime_y': -66.71, 'target_x': 141.21, 'target_y': -10.11, 'yaw_ins': 0.0, 'dis_ins': 0.0}
