Ins Auto Telemetry Data Record
Record Time: 2026-06-11T06:06:50.969476
============================================================

Trajectory Points: 565
Waypoints: 125

Trajectory Points (x, y, mode, timestamp):
  -1172.28, -21.47, 4, 1781129169.577642
  -1176.40, -21.69, 4, 1781129169.635562
  -1179.11, -21.84, 4, 1781129169.6665487
  -1183.22, -22.06, 4, 1781129169.7068565
  -1186.07, -22.21, 4, 1781129169.7478583
  -1190.70, -22.47, 4, 1781129169.7938154
  -1194.00, -22.66, 4, 1781129169.836613
  -1199.20, -22.97, 4, 1781129169.8836775
  -1202.82, -23.19, 4, 1781129169.92876
  -1208.60, -23.54, 4, 1781129169.9702866
  -1212.72, -23.80, 4, 1781129170.0041382
  -1219.43, -24.23, 4, 1781129170.0555274
  -1224.28, -24.55, 4, 1781129170.0962427
  -1232.17, -25.07, 4, 1781129170.141679
  -1237.80, -25.44, 4, 1781129170.177559
  -1246.76, -26.04, 4, 1781129170.2245853
  -1252.95, -26.44, 4, 1781129170.264571
  -1262.42, -27.05, 4, 1781129170.3183608
  -1268.76, -27.45, 4, 1781129170.3501995
  -1278.28, -28.04, 4, 1781129170.4000914
  -1284.65, -28.43, 4, 1781129170.4479592
  -1294.31, -29.04, 4, 1781129170.4880683
  -1300.78, -29.45, 4, 1781129170.520388
  -1310.44, -30.06, 4, 1781129170.5717318
  -1316.80, -30.46, 4, 1781129170.6255016
  -1325.99, -31.03, 4, 1781129170.665058
  -1331.74, -31.38, 4, 1781129170.6968052
  -1339.49, -31.82, 4, 1781129170.736287
  -1344.05, -32.07, 4, 1781129170.7847407
  -1349.78, -32.36, 4, 1781129170.8231735
  -1352.79, -32.51, 4, 1781129170.8662124
  -1356.06, -32.66, 4, 1781129170.9161456
  -1357.26, -32.71, 4, 1781129170.962142
  -1357.47, -32.72, 4, 1781129170.9996705
  -1356.97, -32.70, 4, 1781129171.037791
  -1355.23, -32.62, 4, 1781129171.0876267
  -1353.34, -32.54, 4, 1781129171.1321979
  -1349.35, -32.37, 4, 1781129171.1671345
  -1345.96, -32.23, 4, 1781129171.2158337
  -1340.06, -31.97, 4, 1781129171.2580943
  -1335.62, -31.78, 4, 1781129171.3017037
  -1328.07, -31.47, 4, 1781129171.337832
  -1322.48, -31.24, 4, 1781129171.3858244
  -1313.64, -30.87, 4, 1781129171.4317284
  -1307.50, -30.62, 4, 1781129171.4759212
  -1298.00, -30.22, 4, 1781129171.5105958
  -1291.66, -29.95, 4, 1781129171.553383
  -1282.29, -29.54, 4, 1781129171.603717
  -1276.31, -29.28, 4, 1781129171.647287
  -1267.95, -28.89, 4, 1781129171.6850336
  -1262.87, -28.64, 4, 1781129171.7281241
  -1256.09, -28.31, 4, 1781129171.775077
  -1252.13, -28.12, 4, 1781129171.8111594
  -1246.87, -27.86, 4, 1781129171.8551483
  -1243.88, -27.71, 4, 1781129171.8980641
  -1240.58, -27.55, 4, 1781129171.9471152
  -1239.47, -27.50, 4, 1781129171.9866076
  -1239.27, -27.49, 4, 1781129172.0280588
  -1239.98, -27.53, 4, 1781129172.0721047
  -1242.76, -27.72, 4, 1781129172.1224272
  -1245.76, -27.94, 4, 1781129172.161338
  -1251.82, -28.44, 4, 1781129172.2016263
  -1256.76, -28.86, 4, 1781129172.2492206
  -1265.29, -29.62, 4, 1781129172.2993786
  -1271.71, -30.21, 4, 1781129172.334788
  -1282.29, -31.19, 4, 1781129172.3719566
  -1289.70, -31.88, 4, 1781129172.4252298
  -1300.98, -32.90, 4, 1781129172.4607837
  -1308.46, -33.53, 4, 1781129172.5034623
  -1319.41, -34.39, 4, 1781129172.552976
  -1326.40, -34.90, 4, 1781129172.5973961
  -1336.03, -35.51, 4, 1781129172.633663
  -1341.77, -35.82, 4, 1781129172.6796362
  -1349.34, -36.19, 4, 1781129172.7181711
  -1353.67, -36.39, 4, 1781129172.7643316
  -1358.98, -36.62, 4, 1781129172.8075693
  -1361.44, -36.71, 4, 1781129172.8544192
  -1363.46, -36.77, 4, 1781129172.8894095
  -1363.76, -36.78, 4, 1781129172.9312227
  -1363.30, -36.77, 4, 1781129172.9754467
  -1362.95, -36.76, 4, 1781129173.01839
  -1361.99, -36.74, 4, 1781129173.0596206
  -1360.87, -36.72, 4, 1781129173.1101253
  -1358.66, -36.68, 4, 1781129173.149127
  -1356.85, -36.65, 4, 1781129173.1930604
  -1353.40, -36.57, 4, 1781129173.2320771
  -1350.53, -36.51, 4, 1781129173.2781515
  -1345.53, -36.38, 4, 1781129173.3165135
  -1341.95, -36.28, 4, 1781129173.3681486
  -1336.57, -36.12, 4, 1781129173.4059885
  -1333.09, -36.00, 4, 1781129173.4525144
  -1328.02, -35.84, 4, 1781129173.493814
  -1324.77, -35.73, 4, 1781129173.5321283
  -1320.05, -35.58, 4, 1781129173.5760448
  -1316.93, -35.48, 4, 1781129173.6196916
  -1312.26, -35.33, 4, 1781129173.6626844
  -1309.16, -35.23, 4, 1781129173.7063348
  -1304.60, -35.07, 4, 1781129173.753436
  -1301.77, -34.96, 4, 1781129173.7941778
  -1298.15, -34.79, 4, 1781129173.8463693
  -1296.29, -34.68, 4, 1781129173.884971
  -1295.00, -34.60, 4, 1781129173.9213638
  -1294.84, -34.59, 4, 1781129173.9631464
  -1295.35, -34.63, 4, 1781129174.0132918
  -1296.28, -34.71, 4, 1781129174.0650437
  -1298.73, -34.93, 4, 1781129174.095995
  -1300.88, -35.12, 4, 1781129174.14091
  -1304.56, -35.45, 4, 1781129174.1872845
  -1307.16, -35.68, 4, 1781129174.2233095
  -1311.11, -36.01, 4, 1781129174.2695026
  -1313.76, -36.23, 4, 1781129174.3102937
  -1317.61, -36.54, 4, 1781129174.3594108
  -1319.93, -36.72, 4, 1781129174.3992517
  -1322.82, -36.93, 4, 1781129174.4357154
  -1324.20, -37.02, 4, 1781129174.4818397
  -1324.85, -37.06, 4, 1781129174.524931
  -1324.80, -37.06, 4, 1781129174.566223
  -1324.24, -37.03, 4, 1781129174.6184423
  -1323.60, -37.01, 4, 1781129174.6488395
  -1322.64, -36.98, 4, 1781129174.6993628
  -1321.78, -36.95, 4, 1781129174.7422178
  -1320.63, -36.90, 4, 1781129174.7869458
  -1319.81, -36.86, 4, 1781129174.8401594
  -1318.92, -36.81, 4, 1781129174.8840086
  -1318.30, -36.77, 4, 1781129174.917461
  -1317.24, -36.70, 4, 1781129174.9570317
  -1316.46, -36.64, 4, 1781129175.0042262
  -1315.04, -36.52, 4, 1781129175.0405245
  -1314.13, -36.44, 4, 1781129175.081178
  -1313.05, -36.33, 4, 1781129175.1332333
  -1312.24, -36.24, 4, 1781129175.170605
  -1310.92, -36.08, 4, 1781129175.209618
  -1309.81, -35.94, 4, 1781129175.251946
  -1308.13, -35.73, 4, 1781129175.298802
  -1307.14, -35.61, 4, 1781129175.3419986
  -1305.40, -35.40, 4, 1781129175.3841748
  -1303.90, -35.23, 4, 1781129175.4389193
  -1300.56, -34.88, 4, 1781129175.4755332
  -1297.52, -34.57, 4, 1781129175.5162804
  -1292.01, -34.02, 4, 1781129175.5573483
  -1287.89, -33.62, 4, 1781129175.6036534
  -1281.38, -32.94, 4, 1781129175.6451206
  -1277.09, -32.45, 4, 1781129175.6843038
  -1271.12, -31.72, 4, 1781129175.729717
  -1267.53, -31.24, 4, 1781129175.7678435
  -1262.69, -30.54, 4, 1781129175.8128102
  -1259.71, -30.07, 4, 1781129175.8631568
  -1255.65, -29.42, 4, 1781129175.9007397
  -1253.16, -29.00, 4, 1781129175.941517
  -1249.58, -28.39, 4, 1781129175.9900947
  -1247.33, -28.00, 4, 1781129176.0349357
  -1244.31, -27.49, 4, 1781129176.0712876
  -1242.51, -27.19, 4, 1781129176.1140141
  -1239.94, -26.77, 4, 1781129176.1569576
  -1238.30, -26.51, 4, 1781129176.205767
  -1235.84, -26.13, 4, 1781129176.2468262
  -1234.18, -25.88, 4, 1781129176.291917
  -1231.59, -25.48, 4, 1781129176.3305283
  -1230.03, -25.23, 4, 1781129176.3687027
  -1228.62, -25.01, 4, 1781129176.425884
  -1228.51, -25.00, 4, 1781129176.4636424
  -1230.04, -25.26, 4, 1781129176.5050473
  -1232.20, -25.65, 4, 1781129176.555641
  -1236.83, -26.53, 4, 1781129176.587779
  -1240.59, -27.26, 4, 1781129176.6343923
  -1246.95, -28.54, 4, 1781129176.6800628
  -1251.31, -29.42, 4, 1781129176.7292993
  -1257.56, -30.67, 4, 1781129176.7639854
  -1261.34, -31.42, 4, 1781129176.8005586
  -1265.99, -32.32, 4, 1781129176.8483593
  -1268.29, -32.75, 4, 1781129176.8917668
  -1270.63, -33.18, 4, 1781129176.9358568
  -1271.47, -33.33, 4, 1781129176.9807274
  -1271.73, -33.38, 4, 1781129177.0157852
  -1271.65, -33.37, 4, 1781129177.064928
  -1271.56, -33.35, 4, 1781129177.1144536
  -1271.56, -33.35, 4, 1781129177.1466913
  -1271.56, -33.35, 4, 1781129177.1890776
  -1271.56, -33.35, 4, 1781129177.236491
  -1271.56, -33.35, 4, 1781129177.276389
  -1271.54, -33.35, 4, 1781129177.3207717
  -1271.34, -33.31, 4, 1781129177.3675387
  -1271.01, -33.25, 4, 1781129177.409211
  -1270.60, -33.17, 4, 1781129177.4507847
  -1270.25, -33.11, 4, 1781129177.4948432
  -1269.51, -32.98, 4, 1781129177.5317588
  -1268.77, -32.84, 4, 1781129177.582176
  -1267.85, -32.67, 4, 1781129177.6200101
  -1267.11, -32.54, 4, 1781129177.6602163
  -1266.32, -32.40, 4, 1781129177.7031045
  -1265.89, -32.32, 4, 1781129177.7525363
  -1264.93, -32.15, 4, 1781129177.7968051
  -1264.30, -32.04, 4, 1781129177.8344731
  -1263.31, -31.87, 4, 1781129177.8757286
  -1262.58, -31.74, 4, 1781129177.925267
  -1261.43, -31.54, 4, 1781129177.9617217
  -1260.55, -31.38, 4, 1781129178.0078452
  -1259.18, -31.15, 4, 1781129178.0584373
  -1258.33, -31.00, 4, 1781129178.0891695
  -1256.94, -30.76, 4, 1781129178.1408112
  -1255.95, -30.58, 4, 1781129178.1764078
  -1254.31, -30.30, 4, 1781129178.2225215
  -1253.02, -30.07, 4, 1781129178.2642686
  -1250.81, -29.69, 4, 1781129178.3073328
  -1249.14, -29.39, 4, 1781129178.3467054
  -1246.50, -28.90, 4, 1781129178.3992662
  -1244.69, -28.57, 4, 1781129178.4475162
  -1241.98, -28.06, 4, 1781129178.4771852
  -1240.13, -27.71, 4, 1781129178.5313625
  -1237.22, -27.15, 4, 1781129178.562818
  -1235.20, -26.75, 4, 1781129178.6107476
  -1232.38, -26.20, 4, 1781129178.6503496
  -1230.78, -25.89, 4, 1781129178.7050374
  -1228.63, -25.47, 4, 1781129178.7393925
  -1227.37, -25.22, 4, 1781129178.7780476
  -1225.74, -24.90, 4, 1781129178.8209236
  -1224.91, -24.73, 4, 1781129178.8674939
  -1224.06, -24.57, 4, 1781129178.9148088
  -1223.73, -24.50, 4, 1781129178.9541488
  -1223.10, -24.39, 4, 1781129178.991873
  -1222.28, -24.25, 4, 1781129179.0406904
  -1220.85, -24.02, 4, 1781129179.0845957
  -1219.63, -23.84, 4, 1781129179.1324878
  -1217.16, -23.48, 4, 1781129179.17264
  -1215.42, -23.23, 4, 1781129179.210065
  -1213.18, -22.89, 4, 1781129179.2575326
  -1212.09, -22.71, 4, 1781129179.2995734
  -1211.09, -22.54, 4, 1781129179.3409498
  -1210.87, -22.50, 4, 1781129179.3955348
  -1210.87, -22.50, 4, 1781129179.4333954
  -1210.94, -22.51, 4, 1781129179.466226
  -1211.09, -22.54, 4, 1781129179.513885
  -1211.15, -22.55, 4, 1781129179.5642757
  -1211.13, -22.55, 4, 1781129179.604364
  -1211.10, -22.54, 4, 1781129179.644321
  -1211.10, -22.54, 4, 1781129179.6817422
  -1211.10, -22.54, 4, 1781129179.7326474
  -1211.10, -22.54, 4, 1781129179.7686841
  -1211.10, -22.54, 4, 1781129179.8172922
  -1211.10, -22.54, 4, 1781129179.8648288
  -1211.10, -22.54, 4, 1781129179.9044232
  -1211.10, -22.54, 4, 1781129179.9447021
  -1211.10, -22.54, 4, 1781129179.9819872
  -1210.90, -22.51, 4, 1781129180.0276306
  -1210.63, -22.46, 4, 1781129180.075105
  -1210.50, -22.44, 4, 1781129180.1163745
  -1210.41, -22.42, 4, 1781129180.1581414
  -1209.45, -22.26, 4, 1781129180.2013514
  -1208.33, -22.06, 4, 1781129180.249077
  -1206.21, -21.70, 4, 1781129180.2895002
  -1204.54, -21.42, 4, 1781129180.329836
  -1201.72, -20.94, 4, 1781129180.3715339
  -1199.65, -20.59, 4, 1781129180.4142327
  -1196.10, -19.99, 4, 1781129180.456405
  -1193.48, -19.55, 4, 1781129180.5074985
  -1189.44, -18.88, 4, 1781129180.5422957
  -1186.71, -18.42, 4, 1781129180.5908258
  -1182.61, -17.73, 4, 1781129180.633091
  -1179.83, -17.27, 4, 1781129180.6714637
  -1175.48, -16.54, 4, 1781129180.7190971
  -1172.41, -16.04, 4, 1781129180.7612126
  -1167.44, -15.21, 4, 1781129180.802019
  -1163.95, -14.63, 4, 1781129180.8437412
  -1158.83, -13.74, 4, 1781129180.8908918
  -1155.65, -13.19, 4, 1781129180.9386432
  -1152.20, -12.57, 4, 1781129180.9811063
  -1151.36, -12.43, 4, 1781129181.0231147
  -1151.03, -12.37, 4, 1781129181.0664523
  -1151.03, -12.37, 4, 1781129181.1034794
  -1151.03, -12.37, 4, 1781129181.1459117
  -1151.03, -12.37, 4, 1781129181.193869
  -1151.03, -12.37, 4, 1781129181.2313087
  -1151.03, -12.37, 4, 1781129181.2726464
  -1151.03, -12.37, 4, 1781129181.3188212
  -1151.03, -12.37, 4, 1781129181.3623803
  -1151.03, -12.37, 4, 1781129181.4074035
  -1151.03, -12.37, 4, 1781129181.4441829
  -1151.03, -12.37, 4, 1781129181.487926
  -1151.03, -12.37, 4, 1781129181.5391467
  -1151.03, -12.37, 4, 1781129181.5750086
  -1151.03, -12.37, 4, 1781129181.6173642
  -1151.03, -12.37, 4, 1781129181.6727505
  -1151.03, -12.37, 4, 1781129181.708697
  -1151.03, -12.37, 4, 1781129181.7446966
  -1151.03, -12.37, 4, 1781129181.7918396
  -1151.03, -12.37, 4, 1781129181.830934
  -1151.03, -12.37, 4, 1781129181.876412
  -1151.03, -12.37, 4, 1781129181.9235277
  -1151.03, -12.37, 4, 1781129181.9625778
  -1151.03, -12.37, 4, 1781129182.0043707
  -1151.03, -12.37, 4, 1781129182.048601
  -1151.03, -12.37, 4, 1781129182.0979915
  -1151.03, -12.37, 4, 1781129182.1345527
  -1151.03, -12.37, 4, 1781129182.175182
  -1151.03, -12.37, 4, 1781129182.2186012
  -1151.03, -12.37, 4, 1781129182.2614057
  -1151.03, -12.37, 4, 1781129182.310809
  -1151.03, -12.37, 4, 1781129182.3492393
  -1151.03, -12.37, 4, 1781129182.3986428
  -1151.03, -12.37, 4, 1781129182.4365437
  -1151.03, -12.37, 4, 1781129182.481023
  -1151.03, -12.37, 4, 1781129182.5192401
  -1151.03, -12.37, 4, 1781129182.569789
  -1151.03, -12.37, 4, 1781129182.6122925
  -1151.03, -12.37, 4, 1781129182.6566541
  -1151.03, -12.37, 4, 1781129182.6942668
  -1151.03, -12.37, 4, 1781129182.7418866
  -1151.03, -12.37, 4, 1781129182.7859697
  -1151.03, -12.37, 4, 1781129182.8247876
  -1151.03, -12.37, 4, 1781129182.865363
  -1151.03, -12.37, 4, 1781129182.9081547
  -1151.03, -12.37, 4, 1781129182.954855
  -1151.03, -12.37, 4, 1781129182.998998
  -1151.03, -12.37, 4, 1781129183.0374007
  -1151.03, -12.37, 4, 1781129183.0884032
  -1151.03, -12.37, 4, 1781129183.1350768
  -1151.03, -12.37, 4, 1781129183.1707542
  -1151.03, -12.37, 4, 1781129183.2135184
  -1151.03, -12.37, 4, 1781129183.2505085
  -1151.03, -12.37, 4, 1781129183.296456
  -1151.03, -12.37, 4, 1781129183.338529
  -1151.03, -12.37, 4, 1781129183.385816
  -1151.03, -12.37, 4, 1781129183.4215353
  -1151.03, -12.37, 4, 1781129183.4722738
  -1151.03, -12.37, 4, 1781129183.5181952
  -1151.03, -12.37, 4, 1781129183.5658681
  -1151.03, -12.37, 4, 1781129183.59661
  -1151.03, -12.37, 4, 1781129183.6438932
  -1151.03, -12.37, 4, 1781129183.6822073
  -1151.03, -12.37, 4, 1781129183.726033
  -1151.03, -12.37, 4, 1781129183.7740586
  -1151.03, -12.37, 4, 1781129183.818462
  -1151.03, -12.37, 4, 1781129183.8545015
  -1151.03, -12.37, 4, 1781129183.8977315
  -1151.03, -12.37, 4, 1781129183.9414175
  -1151.03, -12.37, 4, 1781129183.9871116
  -1151.03, -12.37, 4, 1781129184.0380497
  -1151.03, -12.37, 4, 1781129184.0803258
  -1151.03, -12.37, 4, 1781129184.1115646
  -1151.03, -12.37, 4, 1781129184.1641555
  -1151.03, -12.37, 4, 1781129184.197257
  -1151.03, -12.37, 4, 1781129184.2452736
  -1151.03, -12.37, 4, 1781129184.2894435
  -1151.03, -12.37, 4, 1781129184.3302922
  -1151.03, -12.37, 4, 1781129184.370633
  -1151.03, -12.37, 4, 1781129184.4156137
  -1151.03, -12.37, 4, 1781129184.4691167
  -1151.03, -12.37, 4, 1781129184.5069704
  -1151.03, -12.37, 4, 1781129184.540879
  -1151.03, -12.37, 4, 1781129184.587193
  -1151.03, -12.37, 4, 1781129184.6321962
  -1151.03, -12.37, 4, 1781129184.6738064
  -1151.03, -12.37, 4, 1781129184.7127378
  -1151.03, -12.37, 4, 1781129184.7643135
  -1151.03, -12.37, 4, 1781129184.8041768
  -1151.03, -12.37, 4, 1781129184.8477058
  -1151.03, -12.37, 4, 1781129184.8885577
  -1151.03, -12.37, 4, 1781129184.932378
  -1150.92, -12.38, 4, 1781129184.9752114
  -1150.44, -12.42, 4, 1781129185.0240822
  -1150.33, -12.43, 4, 1781129185.062631
  -1149.50, -12.52, 4, 1781129185.100759
  -1148.72, -12.61, 4, 1781129185.1496801
  -1147.48, -12.77, 4, 1781129185.1986725
  -1146.68, -12.90, 4, 1781129185.2279146
  -1145.61, -13.09, 4, 1781129185.2820582
  -1144.92, -13.23, 4, 1781129185.3159778
  -1143.84, -13.46, 4, 1781129185.3561673
  -1143.04, -13.64, 4, 1781129185.4081795
  -1141.81, -13.91, 4, 1781129185.4438694
  -1140.96, -14.09, 4, 1781129185.4889886
  -1139.68, -14.38, 4, 1781129185.5306377
  -1138.98, -14.54, 4, 1781129185.5731132
  -1138.33, -14.69, 4, 1781129185.6222208
  -1138.26, -14.71, 4, 1781129185.662125
  -1138.26, -14.71, 4, 1781129185.7080073
  -1138.26, -14.71, 4, 1781129185.7475083
  -1138.26, -14.71, 4, 1781129185.7911193
  -1138.26, -14.71, 4, 1781129185.8318436
  -1138.26, -14.71, 4, 1781129185.8775475
  -1138.26, -14.71, 4, 1781129185.9259734
  -1138.26, -14.71, 4, 1781129185.9596415
  -1138.26, -14.71, 4, 1781129186.0092695
  -1138.26, -14.71, 4, 1781129186.0454645
  -1138.26, -14.71, 4, 1781129186.0904243
  -1138.26, -14.71, 4, 1781129186.1352358
  -1138.26, -14.71, 4, 1781129186.1761906
  -1138.25, -14.71, 4, 1781129186.2258363
  -1138.25, -14.71, 4, 1781129186.2642984
  -1138.25, -14.71, 4, 1781129186.3071601
  -1138.03, -14.77, 4, 1781129186.345156
  -1137.52, -14.89, 4, 1781129186.3994799
  -1137.08, -14.99, 4, 1781129186.4368112
  -1136.34, -15.14, 4, 1781129186.4824967
  -1135.78, -15.25, 4, 1781129186.5229604
  -1134.85, -15.43, 4, 1781129186.5654628
  -1134.18, -15.55, 4, 1781129186.6119657
  -1132.99, -15.76, 4, 1781129186.6539428
  -1132.13, -15.92, 4, 1781129186.6955638
  -1130.84, -16.15, 4, 1781129186.7440262
  -1130.04, -16.31, 4, 1781129186.780261
  -1129.05, -16.53, 4, 1781129186.8242855
  -1128.54, -16.65, 4, 1781129186.865813
  -1127.91, -16.79, 4, 1781129186.9156442
  -1127.76, -16.82, 4, 1781129186.956319
  -1127.79, -16.82, 4, 1781129187.0013719
  -1127.79, -16.82, 4, 1781129187.0354385
  -1127.79, -16.82, 4, 1781129187.0836318
  -1127.79, -16.82, 4, 1781129187.1307335
  -1127.79, -16.82, 4, 1781129187.1667774
  -1127.79, -16.82, 4, 1781129187.20826
  -1127.79, -16.82, 4, 1781129187.2519796
  -1127.79, -16.82, 4, 1781129187.300757
  -1127.79, -16.82, 4, 1781129187.3481088
  -1128.05, -16.75, 4, 1781129187.3784244
  -1128.25, -16.69, 4, 1781129187.4259508
  -1128.16, -16.72, 4, 1781129187.4740598
  -1128.05, -16.75, 4, 1781129187.509761
  -1127.91, -16.78, 4, 1781129187.558186
  -1127.38, -16.90, 4, 1781129187.5936627
  -1126.86, -17.01, 4, 1781129187.642442
  -1125.77, -17.24, 4, 1781129187.694556
  -1124.95, -17.41, 4, 1781129187.7294636
  -1123.70, -17.66, 4, 1781129187.7752302
  -1122.85, -17.81, 4, 1781129187.812858
  -1121.62, -18.02, 4, 1781129187.8523197
  -1120.86, -18.15, 4, 1781129187.898267
  -1119.85, -18.32, 4, 1781129187.9399295
  -1119.41, -18.40, 4, 1781129187.9799051
  -1119.18, -18.45, 4, 1781129188.0247676
  -1119.22, -18.44, 4, 1781129188.0706303
  -1119.36, -18.41, 4, 1781129188.120601
  -1119.36, -18.41, 4, 1781129188.170301
  -1119.36, -18.41, 4, 1781129188.2083795
  -1119.36, -18.41, 4, 1781129188.2472413
  -1119.36, -18.41, 4, 1781129188.2824438
  -1119.36, -18.41, 4, 1781129188.326455
  -1119.36, -18.41, 4, 1781129188.3731642
  -1119.36, -18.41, 4, 1781129188.412159
  -1119.44, -18.39, 4, 1781129188.4575539
  -1119.64, -18.35, 4, 1781129188.5125551
  -1119.83, -18.30, 4, 1781129188.5759733
  -1119.69, -18.33, 4, 1781129188.6029522
  -1118.98, -18.47, 4, 1781129188.6393905
  -1118.20, -18.62, 4, 1781129188.687552
  -1116.91, -18.85, 4, 1781129188.7342145
  -1115.99, -19.00, 4, 1781129188.7717302
  -1114.49, -19.24, 4, 1781129188.82214
  -1113.43, -19.40, 4, 1781129188.8630145
  -1111.96, -19.62, 4, 1781129188.918752
  -1111.17, -19.75, 4, 1781129188.9548514
  -1110.41, -19.89, 4, 1781129189.0441654
  -1110.15, -19.94, 4, 1781129189.1101747
  -1110.16, -19.94, 4, 1781129189.1926315
  -1110.16, -19.94, 4, 1781129189.2221587
  -1110.16, -19.94, 4, 1781129189.2799761
  -1110.16, -19.94, 4, 1781129189.3340478
  -1110.16, -19.94, 4, 1781129189.400824
  -1110.16, -19.94, 4, 1781129189.4692822
  -1110.16, -19.94, 4, 1781129189.500068
  -1110.16, -19.94, 4, 1781129189.54779
  -1110.68, -19.82, 4, 1781129189.620933
  -1110.86, -19.78, 4, 1781129189.630095
  -1111.11, -19.72, 4, 1781129189.747289
  -1111.07, -19.73, 4, 1781129189.857625
  -1110.55, -19.82, 4, 1781129189.8944297
  -1109.91, -19.93, 4, 1781129189.945567
  -1108.70, -20.12, 4, 1781129190.056731
  -1107.73, -20.26, 4, 1781129190.15569
  -1106.16, -20.47, 4, 1781129190.3023884
  -1105.08, -20.60, 4, 1781129190.4570708
  -1103.70, -20.78, 4, 1781129190.4943933
  -1102.99, -20.89, 4, 1781129190.625814
  -1102.37, -20.99, 4, 1781129190.6707914
  -1102.01, -21.04, 4, 1781129190.7630093
  -1101.69, -21.09, 4, 1781129190.8150568
  -1101.66, -21.09, 4, 1781129190.9463656
  -1101.66, -21.09, 4, 1781129191.0584896
  -1101.66, -21.09, 4, 1781129191.2519605
  -1101.66, -21.09, 4, 1781129191.3511906
  -1101.66, -21.09, 4, 1781129191.5551739
  -1101.66, -21.09, 4, 1781129191.7542605
  -1101.66, -21.09, 4, 1781129191.8526688
  -1101.66, -21.09, 4, 1781129191.9983878
  -1101.86, -21.05, 4, 1781129192.1013513
  -1102.58, -20.89, 4, 1781129192.2602322
  -1102.71, -20.86, 4, 1781129192.4695191
  -1102.86, -20.83, 4, 1781129192.678305
  -1102.82, -20.83, 4, 1781129192.8359857
  -1102.18, -20.93, 4, 1781129192.8966308
  -1101.34, -21.05, 4, 1781129193.1035526
  -1099.78, -21.27, 4, 1781129193.3296146
  -1098.71, -21.42, 4, 1781129193.4415233
  -1097.19, -21.60, 4, 1781129193.6240947
  -1096.23, -21.71, 4, 1781129193.7939305
  -1095.01, -21.85, 4, 1781129194.0221958
  -1094.41, -21.93, 4, 1781129194.1762097
  -1093.69, -22.01, 4, 1781129194.3360105
  -1093.25, -22.06, 4, 1781129194.5887847
  -1092.77, -22.11, 4, 1781129194.8590255
  -1092.58, -22.14, 4, 1781129194.9975631
  -1092.36, -22.16, 4, 1781129195.1364021
  -1092.20, -22.19, 4, 1781129195.4039035
  -1092.15, -22.19, 4, 1781129195.6727233
  -1092.15, -22.19, 4, 1781129195.815277
  -1092.15, -22.19, 4, 1781129195.9675167
  -1092.15, -22.19, 4, 1781129196.2395914
  -1092.15, -22.19, 4, 1781129196.4640405
  -1092.15, -22.19, 4, 1781129196.7521565
  -1092.26, -22.17, 4, 1781129196.9616804
  -1092.46, -22.13, 4, 1781129197.122638
  -1092.46, -22.13, 4, 1781129197.4237442
  -1091.98, -22.22, 4, 1781129197.6687953
  -1091.00, -22.42, 4, 1781129197.8859856
  -1090.31, -22.54, 4, 1781129198.1773012
  -1089.19, -22.72, 4, 1781129198.4620855
  -1088.32, -22.84, 4, 1781129198.6439652
  -1086.98, -23.00, 4, 1781129198.9555228
  -1086.13, -23.11, 4, 1781129199.1217656
  -1085.21, -23.23, 4, 1781129199.4577723
  -1084.86, -23.28, 4, 1781129199.797509
  -1084.62, -23.31, 4, 1781129199.9540834
  -1084.64, -23.31, 4, 1781129200.1976733
  -1084.64, -23.31, 4, 1781129200.581644
  -1084.64, -23.31, 4, 1781129200.7500446
  -1084.64, -23.31, 4, 1781129201.0697808
  -1084.64, -23.31, 4, 1781129201.2479393
  -1084.64, -23.31, 4, 1781129201.5934122
  -1084.64, -23.31, 4, 1781129201.9309652
  -1084.64, -23.31, 4, 1781129202.0296297
  -1084.64, -23.31, 4, 1781129202.3562996
  -1084.64, -23.31, 4, 1781129202.630018
  -1084.64, -23.31, 4, 1781129202.805356
  -1084.64, -23.31, 4, 1781129203.0605981
  -1084.64, -23.31, 4, 1781129203.3332324
  -1084.62, -23.31, 4, 1781129203.5932848
  -1084.60, -23.31, 4, 1781129203.9498734
  -1084.21, -23.40, 4, 1781129204.3444629
  -1083.76, -23.49, 4, 1781129204.559679
  -1083.05, -23.62, 4, 1781129204.7634892
  -1082.58, -23.71, 4, 1781129204.9522805
  -1081.70, -23.87, 4, 1781129205.2253673
  -1081.04, -24.00, 4, 1781129205.5324643
  -1080.11, -24.18, 4, 1781129205.7182899
  -1079.51, -24.29, 4, 1781129205.9051945
  -1078.67, -24.46, 4, 1781129206.1113322
  -1078.13, -24.56, 4, 1781129206.4032805
  -1077.38, -24.71, 4, 1781129206.9280612
  -1077.00, -24.78, 4, 1781129207.1337297
  -1076.50, -24.89, 4, 1781129207.3514652
  -1076.22, -24.94, 4, 1781129207.5832615
  -1075.95, -25.00, 4, 1781129207.593034
  -1075.86, -25.02, 4, 1781129207.9841952
  -1075.84, -25.02, 4, 1781129208.2716272
  -1075.84, -25.02, 4, 1781129208.3797219
  -1075.84, -25.02, 4, 1781129208.7184148
  -1075.84, -25.02, 4, 1781129208.8217452
  -1075.84, -25.02, 4, 1781129209.0497446
  -1075.84, -25.02, 4, 1781129209.2855928
  -1075.84, -25.02, 4, 1781129209.416076
  -1075.84, -25.02, 4, 1781129209.8553371
  -1075.86, -25.01, 4, 1781129210.175704
  -1075.84, -25.02, 4, 1781129210.5111217
  -1075.83, -25.02, 4, 1781129210.7270432
  -1075.72, -25.06, 4, 1781129210.9665344

Waypoints (x, y, index, mode):
  -1119.44, -18.39, 1, 4
  -1119.44, -18.39, 1, 4
  -1119.44, -18.39, 1, 4
  -1119.44, -18.39, 1, 4
  -1119.44, -18.39, 1, 4
  -1119.44, -18.39, 1, 4
  -1119.44, -18.39, 1, 4
  -1119.44, -18.39, 1, 4
  -1119.44, -18.39, 1, 4
  -1119.44, -18.39, 1, 4
  -1119.44, -18.39, 1, 4
  -1119.44, -18.39, 1, 4
  -1119.44, -18.39, 1, 4
  -1119.44, -18.39, 1, 4
  -1119.44, -18.39, 1, 4
  -1119.44, -18.39, 1, 4
  -1119.44, -18.39, 1, 4
  -1119.44, -18.39, 1, 4
  -1119.44, -18.39, 1, 4
  -1119.44, -18.39, 1, 4
  -1119.44, -18.39, 1, 4
  -1119.44, -18.39, 1, 4
  -1119.44, -18.39, 1, 4
  -1119.44, -18.39, 1, 4
  -1119.44, -18.39, 1, 4
  -1119.44, -18.39, 1, 4
  -1119.44, -18.39, 1, 4
  -1119.44, -18.39, 1, 4
  -1119.44, -18.39, 1, 4
  -1119.44, -18.39, 1, 4
  -1119.44, -18.39, 1, 4
  -1119.44, -18.39, 1, 4
  -1119.44, -18.39, 1, 4
  -1119.44, -18.39, 1, 4
  -1119.44, -18.39, 1, 4
  -1119.44, -18.39, 1, 4
  -1119.44, -18.39, 1, 4
  -1119.44, -18.39, 1, 4
  -1119.44, -18.39, 1, 4
  -1119.44, -18.39, 1, 4
  -1119.44, -18.39, 1, 4
  -1119.44, -18.39, 1, 4
  -1119.44, -18.39, 1, 4
  -1119.44, -18.39, 1, 4
  -1119.44, -18.39, 1, 4
  -1119.44, -18.39, 1, 4
  -1119.44, -18.39, 1, 4
  -1119.44, -18.39, 1, 4
  -1119.44, -18.39, 1, 4
  -1119.44, -18.39, 1, 4
  -1119.44, -18.39, 1, 4
  -1119.44, -18.39, 1, 4
  -1119.44, -18.39, 1, 4
  -1119.44, -18.39, 1, 4
  -1119.44, -18.39, 1, 4
  -1119.44, -18.39, 1, 4
  -1119.44, -18.39, 1, 4
  -1119.44, -18.39, 1, 4
  -1119.44, -18.39, 1, 4
  -1119.44, -18.39, 1, 4
  -1119.44, -18.39, 1, 4
  -1119.44, -18.39, 1, 4
  -1119.44, -18.39, 1, 4
  -1119.44, -18.39, 1, 4
  -1119.44, -18.39, 1, 4
  -1119.44, -18.39, 1, 4
  -1119.44, -18.39, 1, 4
  -1119.44, -18.39, 1, 4
  -1119.44, -18.39, 1, 4
  -1119.44, -18.39, 1, 4
  -1119.44, -18.39, 1, 4
  -1119.44, -18.39, 1, 4
  -1119.44, -18.39, 1, 4
  -1119.44, -18.39, 1, 4
  -1119.44, -18.39, 1, 4
  -1119.44, -18.39, 1, 4
  -1119.44, -18.39, 1, 4
  -1119.44, -18.39, 1, 4
  -1119.44, -18.39, 1, 4
  -1119.44, -18.39, 1, 4
  -1085.76, -23.16, 2, 4
  -1085.76, -23.16, 2, 4
  -1085.76, -23.16, 2, 4
  -1085.76, -23.16, 2, 4
  -1085.76, -23.16, 2, 4
  -1085.76, -23.16, 2, 4
  -1085.76, -23.16, 2, 4
  -1085.76, -23.16, 2, 4
  -1085.76, -23.16, 2, 4
  -1085.76, -23.16, 2, 4
  -1085.76, -23.16, 2, 4
  -1085.76, -23.16, 2, 4
  -1085.76, -23.16, 2, 4
  -1085.76, -23.16, 2, 4
  -1085.76, -23.16, 2, 4
  -1085.76, -23.16, 2, 4
  -1085.76, -23.16, 2, 4
  -1085.76, -23.16, 2, 4
  -1085.76, -23.16, 2, 4
  -1085.76, -23.16, 2, 4
  -1085.76, -23.16, 2, 4
  -1085.76, -23.16, 2, 4
  -1085.76, -23.16, 2, 4
  -1085.76, -23.16, 2, 4
  -1085.76, -23.16, 2, 4
  -1085.76, -23.16, 2, 4
  -1085.76, -23.16, 2, 4
  -1085.76, -23.16, 2, 4
  -1085.76, -23.16, 2, 4
  -1085.76, -23.16, 2, 4
  -1085.76, -23.16, 2, 4
  -1085.76, -23.16, 2, 4
  -1085.76, -23.16, 2, 4
  -1085.76, -23.16, 2, 4
  -1085.76, -23.16, 2, 4
  -1085.76, -23.16, 2, 4
  -1085.76, -23.16, 2, 4
  -1085.76, -23.16, 2, 4
  -1085.76, -23.16, 2, 4
  -1085.76, -23.16, 2, 4
  -1085.76, -23.16, 2, 4
  -1085.76, -23.16, 2, 4
  -1085.76, -23.16, 2, 4
  -1085.76, -23.16, 2, 4
  -1085.76, -23.16, 2, 4

Raw Data Log:
  [2026-06-11T06:06:09.590538] I: {'ins_mode': 4, 'realtime_x': -1172.28, 'realtime_y': -21.47, 'target_x': 0.0, 'target_y': 0.0, 'yaw_ins': 0.0, 'wp_current': 0, 'wp_count': 0, 'found_wp': 0, 'dis_ins': 0.0}
  [2026-06-11T06:06:09.651612] I: {'ins_mode': 4, 'realtime_x': -1176.4, 'realtime_y': -21.69, 'target_x': 0.0, 'target_y': 0.0, 'yaw_ins': 0.0, 'wp_current': 0, 'wp_count': 0, 'found_wp': 0, 'dis_ins': 0.0}
  [2026-06-11T06:06:09.672700] I: {'ins_mode': 4, 'realtime_x': -1179.11, 'realtime_y': -21.84, 'target_x': 0.0, 'target_y': 0.0, 'yaw_ins': 0.0, 'wp_current': 0, 'wp_count': 0, 'found_wp': 0, 'dis_ins': 0.0}
  [2026-06-11T06:06:09.712398] I: {'ins_mode': 4, 'realtime_x': -1183.22, 'realtime_y': -22.06, 'target_x': 0.0, 'target_y': 0.0, 'yaw_ins': 0.0, 'wp_current': 0, 'wp_count': 0, 'found_wp': 0, 'dis_ins': 0.0}
  [2026-06-11T06:06:09.764573] I: {'ins_mode': 4, 'realtime_x': -1186.07, 'realtime_y': -22.21, 'target_x': 0.0, 'target_y': 0.0, 'yaw_ins': 0.0, 'wp_current': 0, 'wp_count': 0, 'found_wp': 0, 'dis_ins': 0.0}
  [2026-06-11T06:06:09.822591] I: {'ins_mode': 4, 'realtime_x': -1190.7, 'realtime_y': -22.47, 'target_x': 0.0, 'target_y': 0.0, 'yaw_ins': 0.0, 'wp_current': 0, 'wp_count': 0, 'found_wp': 0, 'dis_ins': 0.0}
  [2026-06-11T06:06:09.840694] I: {'ins_mode': 4, 'realtime_x': -1194.0, 'realtime_y': -22.66, 'target_x': 0.0, 'target_y': 0.0, 'yaw_ins': 0.0, 'wp_current': 0, 'wp_count': 0, 'found_wp': 0, 'dis_ins': 0.0}
  [2026-06-11T06:06:09.888699] I: {'ins_mode': 4, 'realtime_x': -1199.2, 'realtime_y': -22.97, 'target_x': 0.0, 'target_y': 0.0, 'yaw_ins': 0.0, 'wp_current': 0, 'wp_count': 0, 'found_wp': 0, 'dis_ins': 0.0}
  [2026-06-11T06:06:09.934785] I: {'ins_mode': 4, 'realtime_x': -1202.82, 'realtime_y': -23.19, 'target_x': 0.0, 'target_y': 0.0, 'yaw_ins': 0.0, 'wp_current': 0, 'wp_count': 0, 'found_wp': 0, 'dis_ins': 0.0}
  [2026-06-11T06:06:09.993510] I: {'ins_mode': 4, 'realtime_x': -1208.6, 'realtime_y': -23.54, 'target_x': 0.0, 'target_y': 0.0, 'yaw_ins': 0.0, 'wp_current': 0, 'wp_count': 0, 'found_wp': 0, 'dis_ins': 0.0}
  [2026-06-11T06:06:10.013137] I: {'ins_mode': 4, 'realtime_x': -1212.72, 'realtime_y': -23.8, 'target_x': 0.0, 'target_y': 0.0, 'yaw_ins': 0.0, 'wp_current': 0, 'wp_count': 0, 'found_wp': 0, 'dis_ins': 0.0}
  [2026-06-11T06:06:10.059504] I: {'ins_mode': 4, 'realtime_x': -1219.43, 'realtime_y': -24.23, 'target_x': 0.0, 'target_y': 0.0, 'yaw_ins': 0.0, 'wp_current': 0, 'wp_count': 0, 'found_wp': 0, 'dis_ins': 0.0}
  [2026-06-11T06:06:10.105998] I: {'ins_mode': 4, 'realtime_x': -1224.28, 'realtime_y': -24.55, 'target_x': 0.0, 'target_y': 0.0, 'yaw_ins': 0.0, 'wp_current': 0, 'wp_count': 0, 'found_wp': 0, 'dis_ins': 0.0}
  [2026-06-11T06:06:10.167118] I: {'ins_mode': 4, 'realtime_x': -1232.17, 'realtime_y': -25.07, 'target_x': 0.0, 'target_y': 0.0, 'yaw_ins': 0.0, 'wp_current': 0, 'wp_count': 0, 'found_wp': 0, 'dis_ins': 0.0}
  [2026-06-11T06:06:10.182293] I: {'ins_mode': 4, 'realtime_x': -1237.8, 'realtime_y': -25.44, 'target_x': 0.0, 'target_y': 0.0, 'yaw_ins': 0.0, 'wp_current': 0, 'wp_count': 0, 'found_wp': 0, 'dis_ins': 0.0}
  [2026-06-11T06:06:10.228765] I: {'ins_mode': 4, 'realtime_x': -1246.76, 'realtime_y': -26.04, 'target_x': 0.0, 'target_y': 0.0, 'yaw_ins': 0.0, 'wp_current': 0, 'wp_count': 0, 'found_wp': 0, 'dis_ins': 0.0}
  [2026-06-11T06:06:10.292143] I: {'ins_mode': 4, 'realtime_x': -1252.95, 'realtime_y': -26.44, 'target_x': 0.0, 'target_y': 0.0, 'yaw_ins': 0.0, 'wp_current': 0, 'wp_count': 0, 'found_wp': 0, 'dis_ins': 0.0}
  [2026-06-11T06:06:10.323782] I: {'ins_mode': 4, 'realtime_x': -1262.42, 'realtime_y': -27.05, 'target_x': 0.0, 'target_y': 0.0, 'yaw_ins': 0.0, 'wp_current': 0, 'wp_count': 0, 'found_wp': 0, 'dis_ins': 0.0}
  [2026-06-11T06:06:10.360914] I: {'ins_mode': 4, 'realtime_x': -1268.76, 'realtime_y': -27.45, 'target_x': 0.0, 'target_y': 0.0, 'yaw_ins': 0.0, 'wp_current': 0, 'wp_count': 0, 'found_wp': 0, 'dis_ins': 0.0}
  [2026-06-11T06:06:10.420936] I: {'ins_mode': 4, 'realtime_x': -1278.28, 'realtime_y': -28.04, 'target_x': 0.0, 'target_y': 0.0, 'yaw_ins': 0.0, 'wp_current': 0, 'wp_count': 0, 'found_wp': 0, 'dis_ins': 0.0}
  [2026-06-11T06:06:10.477699] I: {'ins_mode': 4, 'realtime_x': -1284.65, 'realtime_y': -28.43, 'target_x': 0.0, 'target_y': 0.0, 'yaw_ins': 0.0, 'wp_current': 0, 'wp_count': 0, 'found_wp': 0, 'dis_ins': 0.0}
  [2026-06-11T06:06:10.498526] I: {'ins_mode': 4, 'realtime_x': -1294.31, 'realtime_y': -29.04, 'target_x': 0.0, 'target_y': 0.0, 'yaw_ins': 0.0, 'wp_current': 0, 'wp_count': 0, 'found_wp': 0, 'dis_ins': 0.0}
  [2026-06-11T06:06:10.539030] I: {'ins_mode': 4, 'realtime_x': -1300.78, 'realtime_y': -29.45, 'target_x': 0.0, 'target_y': 0.0, 'yaw_ins': 0.0, 'wp_current': 0, 'wp_count': 0, 'found_wp': 0, 'dis_ins': 0.0}
  [2026-06-11T06:06:10.583129] I: {'ins_mode': 4, 'realtime_x': -1310.44, 'realtime_y': -30.06, 'target_x': 0.0, 'target_y': 0.0, 'yaw_ins': 0.0, 'wp_current': 0, 'wp_count': 0, 'found_wp': 0, 'dis_ins': 0.0}
  [2026-06-11T06:06:10.654408] I: {'ins_mode': 4, 'realtime_x': -1316.8, 'realtime_y': -30.46, 'target_x': 0.0, 'target_y': 0.0, 'yaw_ins': 0.0, 'wp_current': 0, 'wp_count': 0, 'found_wp': 0, 'dis_ins': 0.0}
  [2026-06-11T06:06:10.674500] I: {'ins_mode': 4, 'realtime_x': -1325.99, 'realtime_y': -31.03, 'target_x': 0.0, 'target_y': 0.0, 'yaw_ins': 0.0, 'wp_current': 0, 'wp_count': 0, 'found_wp': 0, 'dis_ins': 0.0}
  [2026-06-11T06:06:10.712209] I: {'ins_mode': 4, 'realtime_x': -1331.74, 'realtime_y': -31.38, 'target_x': 0.0, 'target_y': 0.0, 'yaw_ins': 0.0, 'wp_current': 0, 'wp_count': 0, 'found_wp': 0, 'dis_ins': 0.0}
  [2026-06-11T06:06:10.741094] I: {'ins_mode': 4, 'realtime_x': -1339.49, 'realtime_y': -31.82, 'target_x': 0.0, 'target_y': 0.0, 'yaw_ins': 0.0, 'wp_current': 0, 'wp_count': 0, 'found_wp': 0, 'dis_ins': 0.0}
  [2026-06-11T06:06:10.789186] I: {'ins_mode': 4, 'realtime_x': -1344.05, 'realtime_y': -32.07, 'target_x': 0.0, 'target_y': 0.0, 'yaw_ins': 0.0, 'wp_current': 0, 'wp_count': 0, 'found_wp': 0, 'dis_ins': 0.0}
  [2026-06-11T06:06:10.835082] I: {'ins_mode': 4, 'realtime_x': -1349.78, 'realtime_y': -32.36, 'target_x': 0.0, 'target_y': 0.0, 'yaw_ins': 0.0, 'wp_current': 0, 'wp_count': 0, 'found_wp': 0, 'dis_ins': 0.0}
  [2026-06-11T06:06:10.870539] I: {'ins_mode': 4, 'realtime_x': -1352.79, 'realtime_y': -32.51, 'target_x': 0.0, 'target_y': 0.0, 'yaw_ins': 0.0, 'wp_current': 0, 'wp_count': 0, 'found_wp': 0, 'dis_ins': 0.0}
  [2026-06-11T06:06:10.927050] I: {'ins_mode': 4, 'realtime_x': -1356.06, 'realtime_y': -32.66, 'target_x': 0.0, 'target_y': 0.0, 'yaw_ins': 0.0, 'wp_current': 0, 'wp_count': 0, 'found_wp': 0, 'dis_ins': 0.0}
  [2026-06-11T06:06:10.967406] I: {'ins_mode': 4, 'realtime_x': -1357.26, 'realtime_y': -32.71, 'target_x': 0.0, 'target_y': 0.0, 'yaw_ins': 0.0, 'wp_current': 0, 'wp_count': 0, 'found_wp': 0, 'dis_ins': 0.0}
  [2026-06-11T06:06:11.027343] I: {'ins_mode': 4, 'realtime_x': -1357.47, 'realtime_y': -32.72, 'target_x': 0.0, 'target_y': 0.0, 'yaw_ins': 0.0, 'wp_current': 0, 'wp_count': 0, 'found_wp': 0, 'dis_ins': 0.0}
  [2026-06-11T06:06:11.050494] I: {'ins_mode': 4, 'realtime_x': -1356.97, 'realtime_y': -32.7, 'target_x': 0.0, 'target_y': 0.0, 'yaw_ins': 0.0, 'wp_current': 0, 'wp_count': 0, 'found_wp': 0, 'dis_ins': 0.0}
  [2026-06-11T06:06:11.092388] I: {'ins_mode': 4, 'realtime_x': -1355.23, 'realtime_y': -32.62, 'target_x': 0.0, 'target_y': 0.0, 'yaw_ins': 0.0, 'wp_current': 0, 'wp_count': 0, 'found_wp': 0, 'dis_ins': 0.0}
  [2026-06-11T06:06:11.156576] I: {'ins_mode': 4, 'realtime_x': -1353.34, 'realtime_y': -32.54, 'target_x': 0.0, 'target_y': 0.0, 'yaw_ins': 0.0, 'wp_current': 0, 'wp_count': 0, 'found_wp': 0, 'dis_ins': 0.0}
  [2026-06-11T06:06:11.171307] I: {'ins_mode': 4, 'realtime_x': -1349.35, 'realtime_y': -32.37, 'target_x': 0.0, 'target_y': 0.0, 'yaw_ins': 0.0, 'wp_current': 0, 'wp_count': 0, 'found_wp': 0, 'dis_ins': 0.0}
  [2026-06-11T06:06:11.220170] I: {'ins_mode': 4, 'realtime_x': -1345.96, 'realtime_y': -32.23, 'target_x': 0.0, 'target_y': 0.0, 'yaw_ins': 0.0, 'wp_current': 0, 'wp_count': 0, 'found_wp': 0, 'dis_ins': 0.0}
  [2026-06-11T06:06:11.268234] I: {'ins_mode': 4, 'realtime_x': -1340.06, 'realtime_y': -31.97, 'target_x': 0.0, 'target_y': 0.0, 'yaw_ins': 0.0, 'wp_current': 0, 'wp_count': 0, 'found_wp': 0, 'dis_ins': 0.0}
  [2026-06-11T06:06:11.306506] I: {'ins_mode': 4, 'realtime_x': -1335.62, 'realtime_y': -31.78, 'target_x': 0.0, 'target_y': 0.0, 'yaw_ins': 0.0, 'wp_current': 0, 'wp_count': 0, 'found_wp': 0, 'dis_ins': 0.0}
  [2026-06-11T06:06:11.341790] I: {'ins_mode': 4, 'realtime_x': -1328.07, 'realtime_y': -31.47, 'target_x': 0.0, 'target_y': 0.0, 'yaw_ins': 0.0, 'wp_current': 0, 'wp_count': 0, 'found_wp': 0, 'dis_ins': 0.0}
  [2026-06-11T06:06:11.396528] I: {'ins_mode': 4, 'realtime_x': -1322.48, 'realtime_y': -31.24, 'target_x': 0.0, 'target_y': 0.0, 'yaw_ins': 0.0, 'wp_current': 0, 'wp_count': 0, 'found_wp': 0, 'dis_ins': 0.0}
  [2026-06-11T06:06:11.455289] I: {'ins_mode': 4, 'realtime_x': -1313.64, 'realtime_y': -30.87, 'target_x': 0.0, 'target_y': 0.0, 'yaw_ins': 0.0, 'wp_current': 0, 'wp_count': 0, 'found_wp': 0, 'dis_ins': 0.0}
  [2026-06-11T06:06:11.489677] I: {'ins_mode': 4, 'realtime_x': -1307.5, 'realtime_y': -30.62, 'target_x': 0.0, 'target_y': 0.0, 'yaw_ins': 0.0, 'wp_current': 0, 'wp_count': 0, 'found_wp': 0, 'dis_ins': 0.0}
  [2026-06-11T06:06:11.525580] I: {'ins_mode': 4, 'realtime_x': -1298.0, 'realtime_y': -30.22, 'target_x': 0.0, 'target_y': 0.0, 'yaw_ins': 0.0, 'wp_current': 0, 'wp_count': 0, 'found_wp': 0, 'dis_ins': 0.0}
  [2026-06-11T06:06:11.561786] I: {'ins_mode': 4, 'realtime_x': -1291.66, 'realtime_y': -29.95, 'target_x': 0.0, 'target_y': 0.0, 'yaw_ins': 0.0, 'wp_current': 0, 'wp_count': 0, 'found_wp': 0, 'dis_ins': 0.0}
  [2026-06-11T06:06:11.615115] I: {'ins_mode': 4, 'realtime_x': -1282.29, 'realtime_y': -29.54, 'target_x': 0.0, 'target_y': 0.0, 'yaw_ins': 0.0, 'wp_current': 0, 'wp_count': 0, 'found_wp': 0, 'dis_ins': 0.0}
  [2026-06-11T06:06:11.652178] I: {'ins_mode': 4, 'realtime_x': -1276.31, 'realtime_y': -29.28, 'target_x': 0.0, 'target_y': 0.0, 'yaw_ins': 0.0, 'wp_current': 0, 'wp_count': 0, 'found_wp': 0, 'dis_ins': 0.0}
  [2026-06-11T06:06:11.706872] I: {'ins_mode': 4, 'realtime_x': -1267.95, 'realtime_y': -28.89, 'target_x': 0.0, 'target_y': 0.0, 'yaw_ins': 0.0, 'wp_current': 0, 'wp_count': 0, 'found_wp': 0, 'dis_ins': 0.0}
  [2026-06-11T06:06:11.743270] I: {'ins_mode': 4, 'realtime_x': -1262.87, 'realtime_y': -28.64, 'target_x': 0.0, 'target_y': 0.0, 'yaw_ins': 0.0, 'wp_current': 0, 'wp_count': 0, 'found_wp': 0, 'dis_ins': 0.0}
  [2026-06-11T06:06:11.779610] I: {'ins_mode': 4, 'realtime_x': -1256.09, 'realtime_y': -28.31, 'target_x': 0.0, 'target_y': 0.0, 'yaw_ins': 0.0, 'wp_current': 0, 'wp_count': 0, 'found_wp': 0, 'dis_ins': 0.0}
  [2026-06-11T06:06:11.834334] I: {'ins_mode': 4, 'realtime_x': -1252.13, 'realtime_y': -28.12, 'target_x': 0.0, 'target_y': 0.0, 'yaw_ins': 0.0, 'wp_current': 0, 'wp_count': 0, 'found_wp': 0, 'dis_ins': 0.0}
  [2026-06-11T06:06:11.866568] I: {'ins_mode': 4, 'realtime_x': -1246.87, 'realtime_y': -27.86, 'target_x': 0.0, 'target_y': 0.0, 'yaw_ins': 0.0, 'wp_current': 0, 'wp_count': 0, 'found_wp': 0, 'dis_ins': 0.0}
  [2026-06-11T06:06:11.902397] I: {'ins_mode': 4, 'realtime_x': -1243.88, 'realtime_y': -27.71, 'target_x': 0.0, 'target_y': 0.0, 'yaw_ins': 0.0, 'wp_current': 0, 'wp_count': 0, 'found_wp': 0, 'dis_ins': 0.0}
  [2026-06-11T06:06:11.962564] I: {'ins_mode': 4, 'realtime_x': -1240.58, 'realtime_y': -27.55, 'target_x': 0.0, 'target_y': 0.0, 'yaw_ins': 0.0, 'wp_current': 0, 'wp_count': 0, 'found_wp': 0, 'dis_ins': 0.0}
  [2026-06-11T06:06:11.996719] I: {'ins_mode': 4, 'realtime_x': -1239.47, 'realtime_y': -27.5, 'target_x': 0.0, 'target_y': 0.0, 'yaw_ins': 0.0, 'wp_current': 0, 'wp_count': 0, 'found_wp': 0, 'dis_ins': 0.0}
  [2026-06-11T06:06:12.033258] I: {'ins_mode': 4, 'realtime_x': -1239.27, 'realtime_y': -27.49, 'target_x': 0.0, 'target_y': 0.0, 'yaw_ins': 0.0, 'wp_current': 0, 'wp_count': 0, 'found_wp': 0, 'dis_ins': 0.0}
  [2026-06-11T06:06:12.083172] I: {'ins_mode': 4, 'realtime_x': -1239.98, 'realtime_y': -27.53, 'target_x': 0.0, 'target_y': 0.0, 'yaw_ins': 0.0, 'wp_current': 0, 'wp_count': 0, 'found_wp': 0, 'dis_ins': 0.0}
  [2026-06-11T06:06:12.150769] I: {'ins_mode': 4, 'realtime_x': -1242.76, 'realtime_y': -27.72, 'target_x': 0.0, 'target_y': 0.0, 'yaw_ins': 0.0, 'wp_current': 0, 'wp_count': 0, 'found_wp': 0, 'dis_ins': 0.0}
  [2026-06-11T06:06:12.166252] I: {'ins_mode': 4, 'realtime_x': -1245.76, 'realtime_y': -27.94, 'target_x': 0.0, 'target_y': 0.0, 'yaw_ins': 0.0, 'wp_current': 0, 'wp_count': 0, 'found_wp': 0, 'dis_ins': 0.0}
  [2026-06-11T06:06:12.205705] I: {'ins_mode': 4, 'realtime_x': -1251.82, 'realtime_y': -28.44, 'target_x': 0.0, 'target_y': 0.0, 'yaw_ins': 0.0, 'wp_current': 0, 'wp_count': 0, 'found_wp': 0, 'dis_ins': 0.0}
  [2026-06-11T06:06:12.272335] I: {'ins_mode': 4, 'realtime_x': -1256.76, 'realtime_y': -28.86, 'target_x': 0.0, 'target_y': 0.0, 'yaw_ins': 0.0, 'wp_current': 0, 'wp_count': 0, 'found_wp': 0, 'dis_ins': 0.0}
  [2026-06-11T06:06:12.306115] I: {'ins_mode': 4, 'realtime_x': -1265.29, 'realtime_y': -29.62, 'target_x': 0.0, 'target_y': 0.0, 'yaw_ins': 0.0, 'wp_current': 0, 'wp_count': 0, 'found_wp': 0, 'dis_ins': 0.0}
  [2026-06-11T06:06:12.361312] I: {'ins_mode': 4, 'realtime_x': -1271.71, 'realtime_y': -30.21, 'target_x': 0.0, 'target_y': 0.0, 'yaw_ins': 0.0, 'wp_current': 0, 'wp_count': 0, 'found_wp': 0, 'dis_ins': 0.0}
  [2026-06-11T06:06:12.405877] I: {'ins_mode': 4, 'realtime_x': -1282.29, 'realtime_y': -31.19, 'target_x': 0.0, 'target_y': 0.0, 'yaw_ins': 0.0, 'wp_current': 0, 'wp_count': 0, 'found_wp': 0, 'dis_ins': 0.0}
  [2026-06-11T06:06:12.450387] I: {'ins_mode': 4, 'realtime_x': -1289.7, 'realtime_y': -31.88, 'target_x': 0.0, 'target_y': 0.0, 'yaw_ins': 0.0, 'wp_current': 0, 'wp_count': 0, 'found_wp': 0, 'dis_ins': 0.0}
  [2026-06-11T06:06:12.472027] I: {'ins_mode': 4, 'realtime_x': -1300.98, 'realtime_y': -32.9, 'target_x': 0.0, 'target_y': 0.0, 'yaw_ins': 0.0, 'wp_current': 0, 'wp_count': 0, 'found_wp': 0, 'dis_ins': 0.0}
  [2026-06-11T06:06:12.508458] I: {'ins_mode': 4, 'realtime_x': -1308.46, 'realtime_y': -33.53, 'target_x': 0.0, 'target_y': 0.0, 'yaw_ins': 0.0, 'wp_current': 0, 'wp_count': 0, 'found_wp': 0, 'dis_ins': 0.0}
  [2026-06-11T06:06:12.571948] I: {'ins_mode': 4, 'realtime_x': -1319.41, 'realtime_y': -34.39, 'target_x': 0.0, 'target_y': 0.0, 'yaw_ins': 0.0, 'wp_current': 0, 'wp_count': 0, 'found_wp': 0, 'dis_ins': 0.0}
  [2026-06-11T06:06:12.602193] I: {'ins_mode': 4, 'realtime_x': -1326.4, 'realtime_y': -34.9, 'target_x': 0.0, 'target_y': 0.0, 'yaw_ins': 0.0, 'wp_current': 0, 'wp_count': 0, 'found_wp': 0, 'dis_ins': 0.0}
  [2026-06-11T06:06:12.637784] I: {'ins_mode': 4, 'realtime_x': -1336.03, 'realtime_y': -35.51, 'target_x': 0.0, 'target_y': 0.0, 'yaw_ins': 0.0, 'wp_current': 0, 'wp_count': 0, 'found_wp': 0, 'dis_ins': 0.0}
  [2026-06-11T06:06:12.707692] I: {'ins_mode': 4, 'realtime_x': -1341.77, 'realtime_y': -35.82, 'target_x': 0.0, 'target_y': 0.0, 'yaw_ins': 0.0, 'wp_current': 0, 'wp_count': 0, 'found_wp': 0, 'dis_ins': 0.0}
  [2026-06-11T06:06:12.728581] I: {'ins_mode': 4, 'realtime_x': -1349.34, 'realtime_y': -36.19, 'target_x': 0.0, 'target_y': 0.0, 'yaw_ins': 0.0, 'wp_current': 0, 'wp_count': 0, 'found_wp': 0, 'dis_ins': 0.0}
  [2026-06-11T06:06:12.771153] I: {'ins_mode': 4, 'realtime_x': -1353.67, 'realtime_y': -36.39, 'target_x': 0.0, 'target_y': 0.0, 'yaw_ins': 0.0, 'wp_current': 0, 'wp_count': 0, 'found_wp': 0, 'dis_ins': 0.0}
  [2026-06-11T06:06:12.818312] I: {'ins_mode': 4, 'realtime_x': -1358.98, 'realtime_y': -36.62, 'target_x': 0.0, 'target_y': 0.0, 'yaw_ins': 0.0, 'wp_current': 0, 'wp_count': 0, 'found_wp': 0, 'dis_ins': 0.0}
  [2026-06-11T06:06:12.858536] I: {'ins_mode': 4, 'realtime_x': -1361.44, 'realtime_y': -36.71, 'target_x': 0.0, 'target_y': 0.0, 'yaw_ins': 0.0, 'wp_current': 0, 'wp_count': 0, 'found_wp': 0, 'dis_ins': 0.0}
  [2026-06-11T06:06:12.893382] I: {'ins_mode': 4, 'realtime_x': -1363.46, 'realtime_y': -36.77, 'target_x': 0.0, 'target_y': 0.0, 'yaw_ins': 0.0, 'wp_current': 0, 'wp_count': 0, 'found_wp': 0, 'dis_ins': 0.0}
  [2026-06-11T06:06:12.954606] I: {'ins_mode': 4, 'realtime_x': -1363.76, 'realtime_y': -36.78, 'target_x': 0.0, 'target_y': 0.0, 'yaw_ins': 0.0, 'wp_current': 0, 'wp_count': 0, 'found_wp': 0, 'dis_ins': 0.0}
  [2026-06-11T06:06:12.986705] I: {'ins_mode': 4, 'realtime_x': -1363.3, 'realtime_y': -36.77, 'target_x': 0.0, 'target_y': 0.0, 'yaw_ins': 0.0, 'wp_current': 0, 'wp_count': 0, 'found_wp': 0, 'dis_ins': 0.0}
  [2026-06-11T06:06:13.024574] I: {'ins_mode': 4, 'realtime_x': -1362.95, 'realtime_y': -36.76, 'target_x': 0.0, 'target_y': 0.0, 'yaw_ins': 0.0, 'wp_current': 0, 'wp_count': 0, 'found_wp': 0, 'dis_ins': 0.0}
  [2026-06-11T06:06:13.087345] I: {'ins_mode': 4, 'realtime_x': -1361.99, 'realtime_y': -36.74, 'target_x': 0.0, 'target_y': 0.0, 'yaw_ins': 0.0, 'wp_current': 0, 'wp_count': 0, 'found_wp': 0, 'dis_ins': 0.0}
  [2026-06-11T06:06:13.138488] I: {'ins_mode': 4, 'realtime_x': -1360.87, 'realtime_y': -36.72, 'target_x': 0.0, 'target_y': 0.0, 'yaw_ins': 0.0, 'wp_current': 0, 'wp_count': 0, 'found_wp': 0, 'dis_ins': 0.0}
  [2026-06-11T06:06:13.153307] I: {'ins_mode': 4, 'realtime_x': -1358.66, 'realtime_y': -36.68, 'target_x': 0.0, 'target_y': 0.0, 'yaw_ins': 0.0, 'wp_current': 0, 'wp_count': 0, 'found_wp': 0, 'dis_ins': 0.0}
  [2026-06-11T06:06:13.204203] I: {'ins_mode': 4, 'realtime_x': -1356.85, 'realtime_y': -36.65, 'target_x': 0.0, 'target_y': 0.0, 'yaw_ins': 0.0, 'wp_current': 0, 'wp_count': 0, 'found_wp': 0, 'dis_ins': 0.0}
  [2026-06-11T06:06:13.267571] I: {'ins_mode': 4, 'realtime_x': -1353.4, 'realtime_y': -36.57, 'target_x': 0.0, 'target_y': 0.0, 'yaw_ins': 0.0, 'wp_current': 0, 'wp_count': 0, 'found_wp': 0, 'dis_ins': 0.0}
  [2026-06-11T06:06:13.283313] I: {'ins_mode': 4, 'realtime_x': -1350.53, 'realtime_y': -36.51, 'target_x': 0.0, 'target_y': 0.0, 'yaw_ins': 0.0, 'wp_current': 0, 'wp_count': 0, 'found_wp': 0, 'dis_ins': 0.0}
  [2026-06-11T06:06:13.325585] I: {'ins_mode': 4, 'realtime_x': -1345.53, 'realtime_y': -36.38, 'target_x': 0.0, 'target_y': 0.0, 'yaw_ins': 0.0, 'wp_current': 0, 'wp_count': 0, 'found_wp': 0, 'dis_ins': 0.0}
  [2026-06-11T06:06:13.384388] I: {'ins_mode': 4, 'realtime_x': -1341.95, 'realtime_y': -36.28, 'target_x': 0.0, 'target_y': 0.0, 'yaw_ins': 0.0, 'wp_current': 0, 'wp_count': 0, 'found_wp': 0, 'dis_ins': 0.0}
  [2026-06-11T06:06:13.410467] I: {'ins_mode': 4, 'realtime_x': -1336.57, 'realtime_y': -36.12, 'target_x': 0.0, 'target_y': 0.0, 'yaw_ins': 0.0, 'wp_current': 0, 'wp_count': 0, 'found_wp': 0, 'dis_ins': 0.0}
  [2026-06-11T06:06:13.461580] I: {'ins_mode': 4, 'realtime_x': -1333.09, 'realtime_y': -36.0, 'target_x': 0.0, 'target_y': 0.0, 'yaw_ins': 0.0, 'wp_current': 0, 'wp_count': 0, 'found_wp': 0, 'dis_ins': 0.0}
  [2026-06-11T06:06:13.498355] I: {'ins_mode': 4, 'realtime_x': -1328.02, 'realtime_y': -35.84, 'target_x': 0.0, 'target_y': 0.0, 'yaw_ins': 0.0, 'wp_current': 0, 'wp_count': 0, 'found_wp': 0, 'dis_ins': 0.0}
  [2026-06-11T06:06:13.555448] I: {'ins_mode': 4, 'realtime_x': -1324.77, 'realtime_y': -35.73, 'target_x': 0.0, 'target_y': 0.0, 'yaw_ins': 0.0, 'wp_current': 0, 'wp_count': 0, 'found_wp': 0, 'dis_ins': 0.0}
  [2026-06-11T06:06:13.587210] I: {'ins_mode': 4, 'realtime_x': -1320.05, 'realtime_y': -35.58, 'target_x': 0.0, 'target_y': 0.0, 'yaw_ins': 0.0, 'wp_current': 0, 'wp_count': 0, 'found_wp': 0, 'dis_ins': 0.0}
  [2026-06-11T06:06:13.624150] I: {'ins_mode': 4, 'realtime_x': -1316.93, 'realtime_y': -35.48, 'target_x': 0.0, 'target_y': 0.0, 'yaw_ins': 0.0, 'wp_current': 0, 'wp_count': 0, 'found_wp': 0, 'dis_ins': 0.0}
  [2026-06-11T06:06:13.685321] I: {'ins_mode': 4, 'realtime_x': -1312.26, 'realtime_y': -35.33, 'target_x': 0.0, 'target_y': 0.0, 'yaw_ins': 0.0, 'wp_current': 0, 'wp_count': 0, 'found_wp': 0, 'dis_ins': 0.0}
  [2026-06-11T06:06:13.721610] I: {'ins_mode': 4, 'realtime_x': -1309.16, 'realtime_y': -35.23, 'target_x': 0.0, 'target_y': 0.0, 'yaw_ins': 0.0, 'wp_current': 0, 'wp_count': 0, 'found_wp': 0, 'dis_ins': 0.0}
  [2026-06-11T06:06:13.757354] I: {'ins_mode': 4, 'realtime_x': -1304.6, 'realtime_y': -35.07, 'target_x': 0.0, 'target_y': 0.0, 'yaw_ins': 0.0, 'wp_current': 0, 'wp_count': 0, 'found_wp': 0, 'dis_ins': 0.0}
  [2026-06-11T06:06:13.808490] I: {'ins_mode': 4, 'realtime_x': -1301.77, 'realtime_y': -34.96, 'target_x': 0.0, 'target_y': 0.0, 'yaw_ins': 0.0, 'wp_current': 0, 'wp_count': 0, 'found_wp': 0, 'dis_ins': 0.0}
  [2026-06-11T06:06:13.874627] I: {'ins_mode': 4, 'realtime_x': -1298.15, 'realtime_y': -34.79, 'target_x': 0.0, 'target_y': 0.0, 'yaw_ins': 0.0, 'wp_current': 0, 'wp_count': 0, 'found_wp': 0, 'dis_ins': 0.0}
  [2026-06-11T06:06:13.889020] I: {'ins_mode': 4, 'realtime_x': -1296.29, 'realtime_y': -34.68, 'target_x': 0.0, 'target_y': 0.0, 'yaw_ins': 0.0, 'wp_current': 0, 'wp_count': 0, 'found_wp': 0, 'dis_ins': 0.0}
  [2026-06-11T06:06:13.930102] I: {'ins_mode': 4, 'realtime_x': -1295.0, 'realtime_y': -34.6, 'target_x': 0.0, 'target_y': 0.0, 'yaw_ins': 0.0, 'wp_current': 0, 'wp_count': 0, 'found_wp': 0, 'dis_ins': 0.0}
  [2026-06-11T06:06:13.989901] I: {'ins_mode': 4, 'realtime_x': -1294.84, 'realtime_y': -34.59, 'target_x': 0.0, 'target_y': 0.0, 'yaw_ins': 0.0, 'wp_current': 0, 'wp_count': 0, 'found_wp': 0, 'dis_ins': 0.0}
  [2026-06-11T06:06:14.054727] I: {'ins_mode': 4, 'realtime_x': -1295.35, 'realtime_y': -34.63, 'target_x': 0.0, 'target_y': 0.0, 'yaw_ins': 0.0, 'wp_current': 0, 'wp_count': 0, 'found_wp': 0, 'dis_ins': 0.0}
  [2026-06-11T06:06:14.084399] I: {'ins_mode': 4, 'realtime_x': -1296.28, 'realtime_y': -34.71, 'target_x': 0.0, 'target_y': 0.0, 'yaw_ins': 0.0, 'wp_current': 0, 'wp_count': 0, 'found_wp': 0, 'dis_ins': 0.0}
  [2026-06-11T06:06:14.107737] I: {'ins_mode': 4, 'realtime_x': -1298.73, 'realtime_y': -34.93, 'target_x': 0.0, 'target_y': 0.0, 'yaw_ins': 0.0, 'wp_current': 0, 'wp_count': 0, 'found_wp': 0, 'dis_ins': 0.0}
  [2026-06-11T06:06:14.163320] I: {'ins_mode': 4, 'realtime_x': -1300.88, 'realtime_y': -35.12, 'target_x': 0.0, 'target_y': 0.0, 'yaw_ins': 0.0, 'wp_current': 0, 'wp_count': 0, 'found_wp': 0, 'dis_ins': 0.0}
  [2026-06-11T06:06:14.191564] I: {'ins_mode': 4, 'realtime_x': -1304.56, 'realtime_y': -35.45, 'target_x': 0.0, 'target_y': 0.0, 'yaw_ins': 0.0, 'wp_current': 0, 'wp_count': 0, 'found_wp': 0, 'dis_ins': 0.0}
  [2026-06-11T06:06:14.227196] I: {'ins_mode': 4, 'realtime_x': -1307.16, 'realtime_y': -35.68, 'target_x': 0.0, 'target_y': 0.0, 'yaw_ins': 0.0, 'wp_current': 0, 'wp_count': 0, 'found_wp': 0, 'dis_ins': 0.0}
  [2026-06-11T06:06:14.289433] I: {'ins_mode': 4, 'realtime_x': -1311.11, 'realtime_y': -36.01, 'target_x': 0.0, 'target_y': 0.0, 'yaw_ins': 0.0, 'wp_current': 0, 'wp_count': 0, 'found_wp': 0, 'dis_ins': 0.0}
  [2026-06-11T06:06:14.327445] I: {'ins_mode': 4, 'realtime_x': -1313.76, 'realtime_y': -36.23, 'target_x': 0.0, 'target_y': 0.0, 'yaw_ins': 0.0, 'wp_current': 0, 'wp_count': 0, 'found_wp': 0, 'dis_ins': 0.0}
  [2026-06-11T06:06:14.363373] I: {'ins_mode': 4, 'realtime_x': -1317.61, 'realtime_y': -36.54, 'target_x': 0.0, 'target_y': 0.0, 'yaw_ins': 0.0, 'wp_current': 0, 'wp_count': 0, 'found_wp': 0, 'dis_ins': 0.0}
  [2026-06-11T06:06:14.410729] I: {'ins_mode': 4, 'realtime_x': -1319.93, 'realtime_y': -36.72, 'target_x': 0.0, 'target_y': 0.0, 'yaw_ins': 0.0, 'wp_current': 0, 'wp_count': 0, 'found_wp': 0, 'dis_ins': 0.0}
  [2026-06-11T06:06:14.439941] I: {'ins_mode': 4, 'realtime_x': -1322.82, 'realtime_y': -36.93, 'target_x': 0.0, 'target_y': 0.0, 'yaw_ins': 0.0, 'wp_current': 0, 'wp_count': 0, 'found_wp': 0, 'dis_ins': 0.0}
  [2026-06-11T06:06:14.491888] I: {'ins_mode': 4, 'realtime_x': -1324.2, 'realtime_y': -37.02, 'target_x': 0.0, 'target_y': 0.0, 'yaw_ins': 0.0, 'wp_current': 0, 'wp_count': 0, 'found_wp': 0, 'dis_ins': 0.0}
  [2026-06-11T06:06:14.529009] I: {'ins_mode': 4, 'realtime_x': -1324.85, 'realtime_y': -37.06, 'target_x': 0.0, 'target_y': 0.0, 'yaw_ins': 0.0, 'wp_current': 0, 'wp_count': 0, 'found_wp': 0, 'dis_ins': 0.0}
  [2026-06-11T06:06:14.583150] I: {'ins_mode': 4, 'realtime_x': -1324.8, 'realtime_y': -37.06, 'target_x': 0.0, 'target_y': 0.0, 'yaw_ins': 0.0, 'wp_current': 0, 'wp_count': 0, 'found_wp': 0, 'dis_ins': 0.0}
  [2026-06-11T06:06:14.627330] I: {'ins_mode': 4, 'realtime_x': -1324.24, 'realtime_y': -37.03, 'target_x': 0.0, 'target_y': 0.0, 'yaw_ins': 0.0, 'wp_current': 0, 'wp_count': 0, 'found_wp': 0, 'dis_ins': 0.0}
  [2026-06-11T06:06:14.656968] I: {'ins_mode': 4, 'realtime_x': -1323.6, 'realtime_y': -37.01, 'target_x': 0.0, 'target_y': 0.0, 'yaw_ins': 0.0, 'wp_current': 0, 'wp_count': 0, 'found_wp': 0, 'dis_ins': 0.0}
  [2026-06-11T06:06:14.721013] I: {'ins_mode': 4, 'realtime_x': -1322.64, 'realtime_y': -36.98, 'target_x': 0.0, 'target_y': 0.0, 'yaw_ins': 0.0, 'wp_current': 0, 'wp_count': 0, 'found_wp': 0, 'dis_ins': 0.0}
  [2026-06-11T06:06:14.753432] I: {'ins_mode': 4, 'realtime_x': -1321.78, 'realtime_y': -36.95, 'target_x': 0.0, 'target_y': 0.0, 'yaw_ins': 0.0, 'wp_current': 0, 'wp_count': 0, 'found_wp': 0, 'dis_ins': 0.0}
  [2026-06-11T06:06:14.790823] I: {'ins_mode': 4, 'realtime_x': -1320.63, 'realtime_y': -36.9, 'target_x': 0.0, 'target_y': 0.0, 'yaw_ins': 0.0, 'wp_current': 0, 'wp_count': 0, 'found_wp': 0, 'dis_ins': 0.0}
  [2026-06-11T06:06:14.867652] I: {'ins_mode': 4, 'realtime_x': -1319.81, 'realtime_y': -36.86, 'target_x': 0.0, 'target_y': 0.0, 'yaw_ins': 0.0, 'wp_current': 0, 'wp_count': 0, 'found_wp': 0, 'dis_ins': 0.0}
  [2026-06-11T06:06:14.906948] I: {'ins_mode': 4, 'realtime_x': -1318.92, 'realtime_y': -36.81, 'target_x': 0.0, 'target_y': 0.0, 'yaw_ins': 0.0, 'wp_current': 0, 'wp_count': 0, 'found_wp': 0, 'dis_ins': 0.0}
  [2026-06-11T06:06:14.921557] I: {'ins_mode': 4, 'realtime_x': -1318.3, 'realtime_y': -36.77, 'target_x': 0.0, 'target_y': 0.0, 'yaw_ins': 0.0, 'wp_current': 0, 'wp_count': 0, 'found_wp': 0, 'dis_ins': 0.0}
  [2026-06-11T06:06:14.968487] I: {'ins_mode': 4, 'realtime_x': -1317.24, 'realtime_y': -36.7, 'target_x': 0.0, 'target_y': 0.0, 'yaw_ins': 0.0, 'wp_current': 0, 'wp_count': 0, 'found_wp': 0, 'dis_ins': 0.0}
  [2026-06-11T06:06:15.030038] I: {'ins_mode': 4, 'realtime_x': -1316.46, 'realtime_y': -36.64, 'target_x': 0.0, 'target_y': 0.0, 'yaw_ins': 0.0, 'wp_current': 0, 'wp_count': 0, 'found_wp': 0, 'dis_ins': 0.0}
  [2026-06-11T06:06:15.044592] I: {'ins_mode': 4, 'realtime_x': -1315.04, 'realtime_y': -36.52, 'target_x': 0.0, 'target_y': 0.0, 'yaw_ins': 0.0, 'wp_current': 0, 'wp_count': 0, 'found_wp': 0, 'dis_ins': 0.0}
  [2026-06-11T06:06:15.093042] I: {'ins_mode': 4, 'realtime_x': -1314.13, 'realtime_y': -36.44, 'target_x': 0.0, 'target_y': 0.0, 'yaw_ins': 0.0, 'wp_current': 0, 'wp_count': 0, 'found_wp': 0, 'dis_ins': 0.0}
  [2026-06-11T06:06:15.160191] I: {'ins_mode': 4, 'realtime_x': -1313.05, 'realtime_y': -36.33, 'target_x': 0.0, 'target_y': 0.0, 'yaw_ins': 0.0, 'wp_current': 0, 'wp_count': 0, 'found_wp': 0, 'dis_ins': 0.0}
  [2026-06-11T06:06:15.176098] I: {'ins_mode': 4, 'realtime_x': -1312.24, 'realtime_y': -36.24, 'target_x': 0.0, 'target_y': 0.0, 'yaw_ins': 0.0, 'wp_current': 0, 'wp_count': 0, 'found_wp': 0, 'dis_ins': 0.0}
  [2026-06-11T06:06:15.217374] I: {'ins_mode': 4, 'realtime_x': -1310.92, 'realtime_y': -36.08, 'target_x': 0.0, 'target_y': 0.0, 'yaw_ins': 0.0, 'wp_current': 0, 'wp_count': 0, 'found_wp': 0, 'dis_ins': 0.0}
  [2026-06-11T06:06:15.256745] I: {'ins_mode': 4, 'realtime_x': -1309.81, 'realtime_y': -35.94, 'target_x': 0.0, 'target_y': 0.0, 'yaw_ins': 0.0, 'wp_current': 0, 'wp_count': 0, 'found_wp': 0, 'dis_ins': 0.0}
  [2026-06-11T06:06:15.309366] I: {'ins_mode': 4, 'realtime_x': -1308.13, 'realtime_y': -35.73, 'target_x': 0.0, 'target_y': 0.0, 'yaw_ins': 0.0, 'wp_current': 0, 'wp_count': 0, 'found_wp': 0, 'dis_ins': 0.0}
  [2026-06-11T06:06:15.347236] I: {'ins_mode': 4, 'realtime_x': -1307.14, 'realtime_y': -35.61, 'target_x': 0.0, 'target_y': 0.0, 'yaw_ins': 0.0, 'wp_current': 0, 'wp_count': 0, 'found_wp': 0, 'dis_ins': 0.0}
  [2026-06-11T06:06:15.398990] I: {'ins_mode': 4, 'realtime_x': -1305.4, 'realtime_y': -35.4, 'target_x': 0.0, 'target_y': 0.0, 'yaw_ins': 0.0, 'wp_current': 0, 'wp_count': 0, 'found_wp': 0, 'dis_ins': 0.0}
  [2026-06-11T06:06:15.465191] I: {'ins_mode': 4, 'realtime_x': -1303.9, 'realtime_y': -35.23, 'target_x': 0.0, 'target_y': 0.0, 'yaw_ins': 0.0, 'wp_current': 0, 'wp_count': 0, 'found_wp': 0, 'dis_ins': 0.0}
  [2026-06-11T06:06:15.480286] I: {'ins_mode': 4, 'realtime_x': -1300.56, 'realtime_y': -34.88, 'target_x': 0.0, 'target_y': 0.0, 'yaw_ins': 0.0, 'wp_current': 0, 'wp_count': 0, 'found_wp': 0, 'dis_ins': 0.0}
  [2026-06-11T06:06:15.520563] I: {'ins_mode': 4, 'realtime_x': -1297.52, 'realtime_y': -34.57, 'target_x': 0.0, 'target_y': 0.0, 'yaw_ins': 0.0, 'wp_current': 0, 'wp_count': 0, 'found_wp': 0, 'dis_ins': 0.0}
  [2026-06-11T06:06:15.582532] I: {'ins_mode': 4, 'realtime_x': -1292.01, 'realtime_y': -34.02, 'target_x': 0.0, 'target_y': 0.0, 'yaw_ins': 0.0, 'wp_current': 0, 'wp_count': 0, 'found_wp': 0, 'dis_ins': 0.0}
  [2026-06-11T06:06:15.613346] I: {'ins_mode': 4, 'realtime_x': -1287.89, 'realtime_y': -33.62, 'target_x': 0.0, 'target_y': 0.0, 'yaw_ins': 0.0, 'wp_current': 0, 'wp_count': 0, 'found_wp': 0, 'dis_ins': 0.0}
  [2026-06-11T06:06:15.651977] I: {'ins_mode': 4, 'realtime_x': -1281.38, 'realtime_y': -32.94, 'target_x': 0.0, 'target_y': 0.0, 'yaw_ins': 0.0, 'wp_current': 0, 'wp_count': 0, 'found_wp': 0, 'dis_ins': 0.0}
  [2026-06-11T06:06:15.703605] I: {'ins_mode': 4, 'realtime_x': -1277.09, 'realtime_y': -32.45, 'target_x': 0.0, 'target_y': 0.0, 'yaw_ins': 0.0, 'wp_current': 0, 'wp_count': 0, 'found_wp': 0, 'dis_ins': 0.0}
  [2026-06-11T06:06:15.734851] I: {'ins_mode': 4, 'realtime_x': -1271.12, 'realtime_y': -31.72, 'target_x': 0.0, 'target_y': 0.0, 'yaw_ins': 0.0, 'wp_current': 0, 'wp_count': 0, 'found_wp': 0, 'dis_ins': 0.0}
  [2026-06-11T06:06:15.773903] I: {'ins_mode': 4, 'realtime_x': -1267.53, 'realtime_y': -31.24, 'target_x': 0.0, 'target_y': 0.0, 'yaw_ins': 0.0, 'wp_current': 0, 'wp_count': 0, 'found_wp': 0, 'dis_ins': 0.0}
  [2026-06-11T06:06:15.823845] I: {'ins_mode': 4, 'realtime_x': -1262.69, 'realtime_y': -30.54, 'target_x': 0.0, 'target_y': 0.0, 'yaw_ins': 0.0, 'wp_current': 0, 'wp_count': 0, 'found_wp': 0, 'dis_ins': 0.0}
  [2026-06-11T06:06:15.890312] I: {'ins_mode': 4, 'realtime_x': -1259.71, 'realtime_y': -30.07, 'target_x': 0.0, 'target_y': 0.0, 'yaw_ins': 0.0, 'wp_current': 0, 'wp_count': 0, 'found_wp': 0, 'dis_ins': 0.0}
  [2026-06-11T06:06:15.909904] I: {'ins_mode': 4, 'realtime_x': -1255.65, 'realtime_y': -29.42, 'target_x': 0.0, 'target_y': 0.0, 'yaw_ins': 0.0, 'wp_current': 0, 'wp_count': 0, 'found_wp': 0, 'dis_ins': 0.0}
  [2026-06-11T06:06:15.945590] I: {'ins_mode': 4, 'realtime_x': -1253.16, 'realtime_y': -29.0, 'target_x': 0.0, 'target_y': 0.0, 'yaw_ins': 0.0, 'wp_current': 0, 'wp_count': 0, 'found_wp': 0, 'dis_ins': 0.0}
  [2026-06-11T06:06:16.007664] I: {'ins_mode': 4, 'realtime_x': -1249.58, 'realtime_y': -28.39, 'target_x': 0.0, 'target_y': 0.0, 'yaw_ins': 0.0, 'wp_current': 0, 'wp_count': 0, 'found_wp': 0, 'dis_ins': 0.0}
  [2026-06-11T06:06:16.039489] I: {'ins_mode': 4, 'realtime_x': -1247.33, 'realtime_y': -28.0, 'target_x': 0.0, 'target_y': 0.0, 'yaw_ins': 0.0, 'wp_current': 0, 'wp_count': 0, 'found_wp': 0, 'dis_ins': 0.0}
  [2026-06-11T06:06:16.075435] I: {'ins_mode': 4, 'realtime_x': -1244.31, 'realtime_y': -27.49, 'target_x': 0.0, 'target_y': 0.0, 'yaw_ins': 0.0, 'wp_current': 0, 'wp_count': 0, 'found_wp': 0, 'dis_ins': 0.0}
  [2026-06-11T06:06:16.136004] I: {'ins_mode': 4, 'realtime_x': -1242.51, 'realtime_y': -27.19, 'target_x': 0.0, 'target_y': 0.0, 'yaw_ins': 0.0, 'wp_current': 0, 'wp_count': 0, 'found_wp': 0, 'dis_ins': 0.0}
  [2026-06-11T06:06:16.173726] I: {'ins_mode': 4, 'realtime_x': -1239.94, 'realtime_y': -26.77, 'target_x': 0.0, 'target_y': 0.0, 'yaw_ins': 0.0, 'wp_current': 0, 'wp_count': 0, 'found_wp': 0, 'dis_ins': 0.0}
  [2026-06-11T06:06:16.212887] I: {'ins_mode': 4, 'realtime_x': -1238.3, 'realtime_y': -26.51, 'target_x': 0.0, 'target_y': 0.0, 'yaw_ins': 0.0, 'wp_current': 0, 'wp_count': 0, 'found_wp': 0, 'dis_ins': 0.0}
  [2026-06-11T06:06:16.270838] I: {'ins_mode': 4, 'realtime_x': -1235.84, 'realtime_y': -26.13, 'target_x': 0.0, 'target_y': 0.0, 'yaw_ins': 0.0, 'wp_current': 0, 'wp_count': 0, 'found_wp': 0, 'dis_ins': 0.0}
  [2026-06-11T06:06:16.309140] I: {'ins_mode': 4, 'realtime_x': -1234.18, 'realtime_y': -25.88, 'target_x': 0.0, 'target_y': 0.0, 'yaw_ins': 0.0, 'wp_current': 0, 'wp_count': 0, 'found_wp': 0, 'dis_ins': 0.0}
  [2026-06-11T06:06:16.344242] I: {'ins_mode': 4, 'realtime_x': -1231.59, 'realtime_y': -25.48, 'target_x': 0.0, 'target_y': 0.0, 'yaw_ins': 0.0, 'wp_current': 0, 'wp_count': 0, 'found_wp': 0, 'dis_ins': 0.0}
  [2026-06-11T06:06:16.374283] I: {'ins_mode': 4, 'realtime_x': -1230.03, 'realtime_y': -25.23, 'target_x': 0.0, 'target_y': 0.0, 'yaw_ins': 0.0, 'wp_current': 0, 'wp_count': 0, 'found_wp': 0, 'dis_ins': 0.0}
  [2026-06-11T06:06:16.430795] I: {'ins_mode': 4, 'realtime_x': -1228.62, 'realtime_y': -25.01, 'target_x': 0.0, 'target_y': 0.0, 'yaw_ins': 0.0, 'wp_current': 0, 'wp_count': 0, 'found_wp': 0, 'dis_ins': 0.0}
  [2026-06-11T06:06:16.468266] I: {'ins_mode': 4, 'realtime_x': -1228.51, 'realtime_y': -25.0, 'target_x': 0.0, 'target_y': 0.0, 'yaw_ins': 0.0, 'wp_current': 0, 'wp_count': 0, 'found_wp': 0, 'dis_ins': 0.0}
  [2026-06-11T06:06:16.517000] I: {'ins_mode': 4, 'realtime_x': -1230.04, 'realtime_y': -25.26, 'target_x': 0.0, 'target_y': 0.0, 'yaw_ins': 0.0, 'wp_current': 0, 'wp_count': 0, 'found_wp': 0, 'dis_ins': 0.0}
  [2026-06-11T06:06:16.577013] I: {'ins_mode': 4, 'realtime_x': -1232.2, 'realtime_y': -25.65, 'target_x': 0.0, 'target_y': 0.0, 'yaw_ins': 0.0, 'wp_current': 0, 'wp_count': 0, 'found_wp': 0, 'dis_ins': 0.0}
  [2026-06-11T06:06:16.591876] I: {'ins_mode': 4, 'realtime_x': -1236.83, 'realtime_y': -26.53, 'target_x': 0.0, 'target_y': 0.0, 'yaw_ins': 0.0, 'wp_current': 0, 'wp_count': 0, 'found_wp': 0, 'dis_ins': 0.0}
  [2026-06-11T06:06:16.638979] I: {'ins_mode': 4, 'realtime_x': -1240.59, 'realtime_y': -27.26, 'target_x': 0.0, 'target_y': 0.0, 'yaw_ins': 0.0, 'wp_current': 0, 'wp_count': 0, 'found_wp': 0, 'dis_ins': 0.0}
  [2026-06-11T06:06:16.691447] I: {'ins_mode': 4, 'realtime_x': -1246.95, 'realtime_y': -28.54, 'target_x': 0.0, 'target_y': 0.0, 'yaw_ins': 0.0, 'wp_current': 0, 'wp_count': 0, 'found_wp': 0, 'dis_ins': 0.0}
  [2026-06-11T06:06:16.753215] I: {'ins_mode': 4, 'realtime_x': -1251.31, 'realtime_y': -29.42, 'target_x': 0.0, 'target_y': 0.0, 'yaw_ins': 0.0, 'wp_current': 0, 'wp_count': 0, 'found_wp': 0, 'dis_ins': 0.0}
  [2026-06-11T06:06:16.768899] I: {'ins_mode': 4, 'realtime_x': -1257.56, 'realtime_y': -30.67, 'target_x': 0.0, 'target_y': 0.0, 'yaw_ins': 0.0, 'wp_current': 0, 'wp_count': 0, 'found_wp': 0, 'dis_ins': 0.0}
  [2026-06-11T06:06:16.815514] I: {'ins_mode': 4, 'realtime_x': -1261.34, 'realtime_y': -31.42, 'target_x': 0.0, 'target_y': 0.0, 'yaw_ins': 0.0, 'wp_current': 0, 'wp_count': 0, 'found_wp': 0, 'dis_ins': 0.0}
  [2026-06-11T06:06:16.870905] I: {'ins_mode': 4, 'realtime_x': -1265.99, 'realtime_y': -32.32, 'target_x': 0.0, 'target_y': 0.0, 'yaw_ins': 0.0, 'wp_current': 0, 'wp_count': 0, 'found_wp': 0, 'dis_ins': 0.0}
  [2026-06-11T06:06:16.904398] I: {'ins_mode': 4, 'realtime_x': -1268.29, 'realtime_y': -32.75, 'target_x': 0.0, 'target_y': 0.0, 'yaw_ins': 0.0, 'wp_current': 0, 'wp_count': 0, 'found_wp': 0, 'dis_ins': 0.0}
  [2026-06-11T06:06:16.940924] I: {'ins_mode': 4, 'realtime_x': -1270.63, 'realtime_y': -33.18, 'target_x': 0.0, 'target_y': 0.0, 'yaw_ins': 0.0, 'wp_current': 0, 'wp_count': 0, 'found_wp': 0, 'dis_ins': 0.0}
  [2026-06-11T06:06:17.005298] I: {'ins_mode': 4, 'realtime_x': -1271.47, 'realtime_y': -33.33, 'target_x': 0.0, 'target_y': 0.0, 'yaw_ins': 0.0, 'wp_current': 0, 'wp_count': 0, 'found_wp': 0, 'dis_ins': 0.0}
  [2026-06-11T06:06:17.020353] I: {'ins_mode': 4, 'realtime_x': -1271.73, 'realtime_y': -33.38, 'target_x': 0.0, 'target_y': 0.0, 'yaw_ins': 0.0, 'wp_current': 0, 'wp_count': 0, 'found_wp': 0, 'dis_ins': 0.0}
  [2026-06-11T06:06:17.074362] I: {'ins_mode': 4, 'realtime_x': -1271.65, 'realtime_y': -33.37, 'target_x': 0.0, 'target_y': 0.0, 'yaw_ins': 0.0, 'wp_current': 0, 'wp_count': 0, 'found_wp': 0, 'dis_ins': 0.0}
  [2026-06-11T06:06:17.136228] I: {'ins_mode': 4, 'realtime_x': -1271.56, 'realtime_y': -33.35, 'target_x': 0.0, 'target_y': 0.0, 'yaw_ins': 0.0, 'wp_current': 0, 'wp_count': 0, 'found_wp': 0, 'dis_ins': 0.0}
  [2026-06-11T06:06:17.151248] I: {'ins_mode': 4, 'realtime_x': -1271.56, 'realtime_y': -33.35, 'target_x': 0.0, 'target_y': 0.0, 'yaw_ins': 0.0, 'wp_current': 0, 'wp_count': 0, 'found_wp': 0, 'dis_ins': 0.0}
  [2026-06-11T06:06:17.200848] I: {'ins_mode': 4, 'realtime_x': -1271.56, 'realtime_y': -33.35, 'target_x': 0.0, 'target_y': 0.0, 'yaw_ins': 0.0, 'wp_current': 0, 'wp_count': 0, 'found_wp': 0, 'dis_ins': 0.0}
  [2026-06-11T06:06:17.244670] I: {'ins_mode': 4, 'realtime_x': -1271.56, 'realtime_y': -33.35, 'target_x': 0.0, 'target_y': 0.0, 'yaw_ins': 0.0, 'wp_current': 0, 'wp_count': 0, 'found_wp': 0, 'dis_ins': 0.0}
  [2026-06-11T06:06:17.280856] I: {'ins_mode': 4, 'realtime_x': -1271.56, 'realtime_y': -33.35, 'target_x': 0.0, 'target_y': 0.0, 'yaw_ins': 0.0, 'wp_current': 0, 'wp_count': 0, 'found_wp': 0, 'dis_ins': 0.0}
  [2026-06-11T06:06:17.335987] I: {'ins_mode': 4, 'realtime_x': -1271.54, 'realtime_y': -33.35, 'target_x': 0.0, 'target_y': 0.0, 'yaw_ins': 0.0, 'wp_current': 0, 'wp_count': 0, 'found_wp': 0, 'dis_ins': 0.0}
  [2026-06-11T06:06:17.375595] I: {'ins_mode': 4, 'realtime_x': -1271.34, 'realtime_y': -33.31, 'target_x': 0.0, 'target_y': 0.0, 'yaw_ins': 0.0, 'wp_current': 0, 'wp_count': 0, 'found_wp': 0, 'dis_ins': 0.0}
  [2026-06-11T06:06:17.414075] I: {'ins_mode': 4, 'realtime_x': -1271.01, 'realtime_y': -33.25, 'target_x': 0.0, 'target_y': 0.0, 'yaw_ins': 0.0, 'wp_current': 0, 'wp_count': 0, 'found_wp': 0, 'dis_ins': 0.0}
  [2026-06-11T06:06:17.462515] I: {'ins_mode': 4, 'realtime_x': -1270.6, 'realtime_y': -33.17, 'target_x': 0.0, 'target_y': 0.0, 'yaw_ins': 0.0, 'wp_current': 0, 'wp_count': 0, 'found_wp': 0, 'dis_ins': 0.0}
  [2026-06-11T06:06:17.499508] I: {'ins_mode': 4, 'realtime_x': -1270.25, 'realtime_y': -33.11, 'target_x': 0.0, 'target_y': 0.0, 'yaw_ins': 0.0, 'wp_current': 0, 'wp_count': 0, 'found_wp': 0, 'dis_ins': 0.0}
  [2026-06-11T06:06:17.536792] I: {'ins_mode': 4, 'realtime_x': -1269.51, 'realtime_y': -32.98, 'target_x': 0.0, 'target_y': 0.0, 'yaw_ins': 0.0, 'wp_current': 0, 'wp_count': 0, 'found_wp': 0, 'dis_ins': 0.0}
  [2026-06-11T06:06:17.586239] I: {'ins_mode': 4, 'realtime_x': -1268.77, 'realtime_y': -32.84, 'target_x': 0.0, 'target_y': 0.0, 'yaw_ins': 0.0, 'wp_current': 0, 'wp_count': 0, 'found_wp': 0, 'dis_ins': 0.0}
  [2026-06-11T06:06:17.628084] I: {'ins_mode': 4, 'realtime_x': -1267.85, 'realtime_y': -32.67, 'target_x': 0.0, 'target_y': 0.0, 'yaw_ins': 0.0, 'wp_current': 0, 'wp_count': 0, 'found_wp': 0, 'dis_ins': 0.0}
  [2026-06-11T06:06:17.666535] I: {'ins_mode': 4, 'realtime_x': -1267.11, 'realtime_y': -32.54, 'target_x': 0.0, 'target_y': 0.0, 'yaw_ins': 0.0, 'wp_current': 0, 'wp_count': 0, 'found_wp': 0, 'dis_ins': 0.0}
  [2026-06-11T06:06:17.721321] I: {'ins_mode': 4, 'realtime_x': -1266.32, 'realtime_y': -32.4, 'target_x': 0.0, 'target_y': 0.0, 'yaw_ins': 0.0, 'wp_current': 0, 'wp_count': 0, 'found_wp': 0, 'dis_ins': 0.0}
  [2026-06-11T06:06:17.786267] I: {'ins_mode': 4, 'realtime_x': -1265.89, 'realtime_y': -32.32, 'target_x': 0.0, 'target_y': 0.0, 'yaw_ins': 0.0, 'wp_current': 0, 'wp_count': 0, 'found_wp': 0, 'dis_ins': 0.0}
  [2026-06-11T06:06:17.801637] I: {'ins_mode': 4, 'realtime_x': -1264.93, 'realtime_y': -32.15, 'target_x': 0.0, 'target_y': 0.0, 'yaw_ins': 0.0, 'wp_current': 0, 'wp_count': 0, 'found_wp': 0, 'dis_ins': 0.0}
  [2026-06-11T06:06:17.850984] I: {'ins_mode': 4, 'realtime_x': -1264.3, 'realtime_y': -32.04, 'target_x': 0.0, 'target_y': 0.0, 'yaw_ins': 0.0, 'wp_current': 0, 'wp_count': 0, 'found_wp': 0, 'dis_ins': 0.0}
  [2026-06-11T06:06:17.904260] I: {'ins_mode': 4, 'realtime_x': -1263.31, 'realtime_y': -31.87, 'target_x': 0.0, 'target_y': 0.0, 'yaw_ins': 0.0, 'wp_current': 0, 'wp_count': 0, 'found_wp': 0, 'dis_ins': 0.0}
  [2026-06-11T06:06:17.940166] I: {'ins_mode': 4, 'realtime_x': -1262.58, 'realtime_y': -31.74, 'target_x': 0.0, 'target_y': 0.0, 'yaw_ins': 0.0, 'wp_current': 0, 'wp_count': 0, 'found_wp': 0, 'dis_ins': 0.0}
  [2026-06-11T06:06:17.971759] I: {'ins_mode': 4, 'realtime_x': -1261.43, 'realtime_y': -31.54, 'target_x': 0.0, 'target_y': 0.0, 'yaw_ins': 0.0, 'wp_current': 0, 'wp_count': 0, 'found_wp': 0, 'dis_ins': 0.0}
  [2026-06-11T06:06:18.034115] I: {'ins_mode': 4, 'realtime_x': -1260.55, 'realtime_y': -31.38, 'target_x': 0.0, 'target_y': 0.0, 'yaw_ins': 0.0, 'wp_current': 0, 'wp_count': 0, 'found_wp': 0, 'dis_ins': 0.0}
  [2026-06-11T06:06:18.067362] I: {'ins_mode': 4, 'realtime_x': -1259.18, 'realtime_y': -31.15, 'target_x': 0.0, 'target_y': 0.0, 'yaw_ins': 0.0, 'wp_current': 0, 'wp_count': 0, 'found_wp': 0, 'dis_ins': 0.0}
  [2026-06-11T06:06:18.101423] I: {'ins_mode': 4, 'realtime_x': -1258.33, 'realtime_y': -31.0, 'target_x': 0.0, 'target_y': 0.0, 'yaw_ins': 0.0, 'wp_current': 0, 'wp_count': 0, 'found_wp': 0, 'dis_ins': 0.0}
  [2026-06-11T06:06:18.155427] I: {'ins_mode': 4, 'realtime_x': -1256.94, 'realtime_y': -30.76, 'target_x': 0.0, 'target_y': 0.0, 'yaw_ins': 0.0, 'wp_current': 0, 'wp_count': 0, 'found_wp': 0, 'dis_ins': 0.0}
  [2026-06-11T06:06:18.190957] I: {'ins_mode': 4, 'realtime_x': -1255.95, 'realtime_y': -30.58, 'target_x': 0.0, 'target_y': 0.0, 'yaw_ins': 0.0, 'wp_current': 0, 'wp_count': 0, 'found_wp': 0, 'dis_ins': 0.0}
  [2026-06-11T06:06:18.227004] I: {'ins_mode': 4, 'realtime_x': -1254.31, 'realtime_y': -30.3, 'target_x': 0.0, 'target_y': 0.0, 'yaw_ins': 0.0, 'wp_current': 0, 'wp_count': 0, 'found_wp': 0, 'dis_ins': 0.0}
  [2026-06-11T06:06:18.285965] I: {'ins_mode': 4, 'realtime_x': -1253.02, 'realtime_y': -30.07, 'target_x': 0.0, 'target_y': 0.0, 'yaw_ins': 0.0, 'wp_current': 0, 'wp_count': 0, 'found_wp': 0, 'dis_ins': 0.0}
  [2026-06-11T06:06:18.323829] I: {'ins_mode': 4, 'realtime_x': -1250.81, 'realtime_y': -29.69, 'target_x': 0.0, 'target_y': 0.0, 'yaw_ins': 0.0, 'wp_current': 0, 'wp_count': 0, 'found_wp': 0, 'dis_ins': 0.0}
  [2026-06-11T06:06:18.353597] I: {'ins_mode': 4, 'realtime_x': -1249.14, 'realtime_y': -29.39, 'target_x': 0.0, 'target_y': 0.0, 'yaw_ins': 0.0, 'wp_current': 0, 'wp_count': 0, 'found_wp': 0, 'dis_ins': 0.0}
  [2026-06-11T06:06:18.421878] I: {'ins_mode': 4, 'realtime_x': -1246.5, 'realtime_y': -28.9, 'target_x': 0.0, 'target_y': 0.0, 'yaw_ins': 0.0, 'wp_current': 0, 'wp_count': 0, 'found_wp': 0, 'dis_ins': 0.0}
  [2026-06-11T06:06:18.455946] I: {'ins_mode': 4, 'realtime_x': -1244.69, 'realtime_y': -28.57, 'target_x': 0.0, 'target_y': 0.0, 'yaw_ins': 0.0, 'wp_current': 0, 'wp_count': 0, 'found_wp': 0, 'dis_ins': 0.0}
  [2026-06-11T06:06:18.489670] I: {'ins_mode': 4, 'realtime_x': -1241.98, 'realtime_y': -28.06, 'target_x': 0.0, 'target_y': 0.0, 'yaw_ins': 0.0, 'wp_current': 0, 'wp_count': 0, 'found_wp': 0, 'dis_ins': 0.0}
  [2026-06-11T06:06:18.541771] I: {'ins_mode': 4, 'realtime_x': -1240.13, 'realtime_y': -27.71, 'target_x': 0.0, 'target_y': 0.0, 'yaw_ins': 0.0, 'wp_current': 0, 'wp_count': 0, 'found_wp': 0, 'dis_ins': 0.0}
  [2026-06-11T06:06:18.575563] I: {'ins_mode': 4, 'realtime_x': -1237.22, 'realtime_y': -27.15, 'target_x': 0.0, 'target_y': 0.0, 'yaw_ins': 0.0, 'wp_current': 0, 'wp_count': 0, 'found_wp': 0, 'dis_ins': 0.0}
  [2026-06-11T06:06:18.617146] I: {'ins_mode': 4, 'realtime_x': -1235.2, 'realtime_y': -26.75, 'target_x': 0.0, 'target_y': 0.0, 'yaw_ins': 0.0, 'wp_current': 0, 'wp_count': 0, 'found_wp': 0, 'dis_ins': 0.0}
  [2026-06-11T06:06:18.666382] I: {'ins_mode': 4, 'realtime_x': -1232.38, 'realtime_y': -26.2, 'target_x': 0.0, 'target_y': 0.0, 'yaw_ins': 0.0, 'wp_current': 0, 'wp_count': 0, 'found_wp': 0, 'dis_ins': 0.0}
  [2026-06-11T06:06:18.729078] I: {'ins_mode': 4, 'realtime_x': -1230.78, 'realtime_y': -25.89, 'target_x': 0.0, 'target_y': 0.0, 'yaw_ins': 0.0, 'wp_current': 0, 'wp_count': 0, 'found_wp': 0, 'dis_ins': 0.0}
  [2026-06-11T06:06:18.743247] I: {'ins_mode': 4, 'realtime_x': -1228.63, 'realtime_y': -25.47, 'target_x': 0.0, 'target_y': 0.0, 'yaw_ins': 0.0, 'wp_current': 0, 'wp_count': 0, 'found_wp': 0, 'dis_ins': 0.0}
  [2026-06-11T06:06:18.789195] I: {'ins_mode': 4, 'realtime_x': -1227.37, 'realtime_y': -25.22, 'target_x': 0.0, 'target_y': 0.0, 'yaw_ins': 0.0, 'wp_current': 0, 'wp_count': 0, 'found_wp': 0, 'dis_ins': 0.0}
  [2026-06-11T06:06:18.856796] I: {'ins_mode': 4, 'realtime_x': -1225.74, 'realtime_y': -24.9, 'target_x': 0.0, 'target_y': 0.0, 'yaw_ins': 0.0, 'wp_current': 0, 'wp_count': 0, 'found_wp': 0, 'dis_ins': 0.0}
  [2026-06-11T06:06:18.871501] I: {'ins_mode': 4, 'realtime_x': -1224.91, 'realtime_y': -24.73, 'target_x': 0.0, 'target_y': 0.0, 'yaw_ins': 0.0, 'wp_current': 0, 'wp_count': 0, 'found_wp': 0, 'dis_ins': 0.0}
  [2026-06-11T06:06:18.918881] I: {'ins_mode': 4, 'realtime_x': -1224.06, 'realtime_y': -24.57, 'target_x': 0.0, 'target_y': 0.0, 'yaw_ins': 0.0, 'wp_current': 0, 'wp_count': 0, 'found_wp': 0, 'dis_ins': 0.0}
  [2026-06-11T06:06:18.981185] I: {'ins_mode': 4, 'realtime_x': -1223.73, 'realtime_y': -24.5, 'target_x': 0.0, 'target_y': 0.0, 'yaw_ins': 0.0, 'wp_current': 0, 'wp_count': 0, 'found_wp': 0, 'dis_ins': 0.0}
  [2026-06-11T06:06:18.996001] I: {'ins_mode': 4, 'realtime_x': -1223.1, 'realtime_y': -24.39, 'target_x': 0.0, 'target_y': 0.0, 'yaw_ins': 0.0, 'wp_current': 0, 'wp_count': 0, 'found_wp': 0, 'dis_ins': 0.0}
  [2026-06-11T06:06:19.044936] I: {'ins_mode': 4, 'realtime_x': -1222.28, 'realtime_y': -24.25, 'target_x': 0.0, 'target_y': 0.0, 'yaw_ins': 0.0, 'wp_current': 0, 'wp_count': 0, 'found_wp': 0, 'dis_ins': 0.0}
  [2026-06-11T06:06:19.109359] I: {'ins_mode': 4, 'realtime_x': -1220.85, 'realtime_y': -24.02, 'target_x': 0.0, 'target_y': 0.0, 'yaw_ins': 0.0, 'wp_current': 0, 'wp_count': 0, 'found_wp': 0, 'dis_ins': 0.0}
  [2026-06-11T06:06:19.140775] I: {'ins_mode': 4, 'realtime_x': -1219.63, 'realtime_y': -23.84, 'target_x': 0.0, 'target_y': 0.0, 'yaw_ins': 0.0, 'wp_current': 0, 'wp_count': 0, 'found_wp': 0, 'dis_ins': 0.0}
  [2026-06-11T06:06:19.177822] I: {'ins_mode': 4, 'realtime_x': -1217.16, 'realtime_y': -23.48, 'target_x': 0.0, 'target_y': 0.0, 'yaw_ins': 0.0, 'wp_current': 0, 'wp_count': 0, 'found_wp': 0, 'dis_ins': 0.0}
  [2026-06-11T06:06:19.236421] I: {'ins_mode': 4, 'realtime_x': -1215.42, 'realtime_y': -23.23, 'target_x': 0.0, 'target_y': 0.0, 'yaw_ins': 0.0, 'wp_current': 0, 'wp_count': 0, 'found_wp': 0, 'dis_ins': 0.0}
  [2026-06-11T06:06:19.268065] I: {'ins_mode': 4, 'realtime_x': -1213.18, 'realtime_y': -22.89, 'target_x': 0.0, 'target_y': 0.0, 'yaw_ins': 0.0, 'wp_current': 0, 'wp_count': 0, 'found_wp': 0, 'dis_ins': 0.0}
  [2026-06-11T06:06:19.303999] I: {'ins_mode': 4, 'realtime_x': -1212.09, 'realtime_y': -22.71, 'target_x': 0.0, 'target_y': 0.0, 'yaw_ins': 0.0, 'wp_current': 0, 'wp_count': 0, 'found_wp': 0, 'dis_ins': 0.0}
  [2026-06-11T06:06:19.355667] I: {'ins_mode': 4, 'realtime_x': -1211.09, 'realtime_y': -22.54, 'target_x': 0.0, 'target_y': 0.0, 'yaw_ins': 0.0, 'wp_current': 0, 'wp_count': 0, 'found_wp': 0, 'dis_ins': 0.0}
  [2026-06-11T06:06:19.422930] I: {'ins_mode': 4, 'realtime_x': -1210.87, 'realtime_y': -22.5, 'target_x': 0.0, 'target_y': 0.0, 'yaw_ins': 0.0, 'wp_current': 0, 'wp_count': 0, 'found_wp': 0, 'dis_ins': 0.0}
  [2026-06-11T06:06:19.442624] I: {'ins_mode': 4, 'realtime_x': -1210.87, 'realtime_y': -22.5, 'target_x': 0.0, 'target_y': 0.0, 'yaw_ins': 0.0, 'wp_current': 0, 'wp_count': 0, 'found_wp': 0, 'dis_ins': 0.0}
  [2026-06-11T06:06:19.477766] I: {'ins_mode': 4, 'realtime_x': -1210.94, 'realtime_y': -22.51, 'target_x': 0.0, 'target_y': 0.0, 'yaw_ins': 0.0, 'wp_current': 0, 'wp_count': 0, 'found_wp': 0, 'dis_ins': 0.0}
  [2026-06-11T06:06:19.538528] I: {'ins_mode': 4, 'realtime_x': -1211.09, 'realtime_y': -22.54, 'target_x': 0.0, 'target_y': 0.0, 'yaw_ins': 0.0, 'wp_current': 0, 'wp_count': 0, 'found_wp': 0, 'dis_ins': 0.0}
  [2026-06-11T06:06:19.593914] I: {'ins_mode': 4, 'realtime_x': -1211.15, 'realtime_y': -22.55, 'target_x': 0.0, 'target_y': 0.0, 'yaw_ins': 0.0, 'wp_current': 0, 'wp_count': 0, 'found_wp': 0, 'dis_ins': 0.0}
  [2026-06-11T06:06:19.608564] I: {'ins_mode': 4, 'realtime_x': -1211.13, 'realtime_y': -22.55, 'target_x': 0.0, 'target_y': 0.0, 'yaw_ins': 0.0, 'wp_current': 0, 'wp_count': 0, 'found_wp': 0, 'dis_ins': 0.0}
  [2026-06-11T06:06:19.655028] I: {'ins_mode': 4, 'realtime_x': -1211.1, 'realtime_y': -22.54, 'target_x': 0.0, 'target_y': 0.0, 'yaw_ins': 0.0, 'wp_current': 0, 'wp_count': 0, 'found_wp': 0, 'dis_ins': 0.0}
  [2026-06-11T06:06:19.690300] I: {'ins_mode': 4, 'realtime_x': -1211.1, 'realtime_y': -22.54, 'target_x': 0.0, 'target_y': 0.0, 'yaw_ins': 0.0, 'wp_current': 0, 'wp_count': 0, 'found_wp': 0, 'dis_ins': 0.0}
  [2026-06-11T06:06:19.744445] I: {'ins_mode': 4, 'realtime_x': -1211.1, 'realtime_y': -22.54, 'target_x': 0.0, 'target_y': 0.0, 'yaw_ins': 0.0, 'wp_current': 0, 'wp_count': 0, 'found_wp': 0, 'dis_ins': 0.0}
  [2026-06-11T06:06:19.785106] I: {'ins_mode': 4, 'realtime_x': -1211.1, 'realtime_y': -22.54, 'target_x': 0.0, 'target_y': 0.0, 'yaw_ins': 0.0, 'wp_current': 0, 'wp_count': 0, 'found_wp': 0, 'dis_ins': 0.0}
  [2026-06-11T06:06:19.840545] I: {'ins_mode': 4, 'realtime_x': -1211.1, 'realtime_y': -22.54, 'target_x': 0.0, 'target_y': 0.0, 'yaw_ins': 0.0, 'wp_current': 0, 'wp_count': 0, 'found_wp': 0, 'dis_ins': 0.0}
  [2026-06-11T06:06:19.873034] I: {'ins_mode': 4, 'realtime_x': -1211.1, 'realtime_y': -22.54, 'target_x': 0.0, 'target_y': 0.0, 'yaw_ins': 0.0, 'wp_current': 0, 'wp_count': 0, 'found_wp': 0, 'dis_ins': 0.0}
  [2026-06-11T06:06:19.908422] I: {'ins_mode': 4, 'realtime_x': -1211.1, 'realtime_y': -22.54, 'target_x': 0.0, 'target_y': 0.0, 'yaw_ins': 0.0, 'wp_current': 0, 'wp_count': 0, 'found_wp': 0, 'dis_ins': 0.0}
  [2026-06-11T06:06:19.971408] I: {'ins_mode': 4, 'realtime_x': -1211.1, 'realtime_y': -22.54, 'target_x': 0.0, 'target_y': 0.0, 'yaw_ins': 0.0, 'wp_current': 0, 'wp_count': 0, 'found_wp': 0, 'dis_ins': 0.0}
  [2026-06-11T06:06:19.992536] I: {'ins_mode': 4, 'realtime_x': -1211.1, 'realtime_y': -22.54, 'target_x': 0.0, 'target_y': 0.0, 'yaw_ins': 0.0, 'wp_current': 0, 'wp_count': 0, 'found_wp': 0, 'dis_ins': 0.0}
  [2026-06-11T06:06:20.032636] I: {'ins_mode': 4, 'realtime_x': -1210.9, 'realtime_y': -22.51, 'target_x': 0.0, 'target_y': 0.0, 'yaw_ins': 0.0, 'wp_current': 0, 'wp_count': 0, 'found_wp': 0, 'dis_ins': 0.0}
  [2026-06-11T06:06:20.093143] I: {'ins_mode': 4, 'realtime_x': -1210.63, 'realtime_y': -22.46, 'target_x': 0.0, 'target_y': 0.0, 'yaw_ins': 0.0, 'wp_current': 0, 'wp_count': 0, 'found_wp': 0, 'dis_ins': 0.0}
  [2026-06-11T06:06:20.125467] I: {'ins_mode': 4, 'realtime_x': -1210.5, 'realtime_y': -22.44, 'target_x': 0.0, 'target_y': 0.0, 'yaw_ins': 0.0, 'wp_current': 0, 'wp_count': 0, 'found_wp': 0, 'dis_ins': 0.0}
  [2026-06-11T06:06:20.163163] I: {'ins_mode': 4, 'realtime_x': -1210.41, 'realtime_y': -22.42, 'target_x': 0.0, 'target_y': 0.0, 'yaw_ins': 0.0, 'wp_current': 0, 'wp_count': 0, 'found_wp': 0, 'dis_ins': 0.0}
  [2026-06-11T06:06:20.216871] I: {'ins_mode': 4, 'realtime_x': -1209.45, 'realtime_y': -22.26, 'target_x': 0.0, 'target_y': 0.0, 'yaw_ins': 0.0, 'wp_current': 0, 'wp_count': 0, 'found_wp': 0, 'dis_ins': 0.0}
  [2026-06-11T06:06:20.278979] I: {'ins_mode': 4, 'realtime_x': -1208.33, 'realtime_y': -22.06, 'target_x': 0.0, 'target_y': 0.0, 'yaw_ins': 0.0, 'wp_current': 0, 'wp_count': 0, 'found_wp': 0, 'dis_ins': 0.0}
  [2026-06-11T06:06:20.303565] I: {'ins_mode': 4, 'realtime_x': -1206.21, 'realtime_y': -21.7, 'target_x': 0.0, 'target_y': 0.0, 'yaw_ins': 0.0, 'wp_current': 0, 'wp_count': 0, 'found_wp': 0, 'dis_ins': 0.0}
  [2026-06-11T06:06:20.342864] I: {'ins_mode': 4, 'realtime_x': -1204.54, 'realtime_y': -21.42, 'target_x': 0.0, 'target_y': 0.0, 'yaw_ins': 0.0, 'wp_current': 0, 'wp_count': 0, 'found_wp': 0, 'dis_ins': 0.0}
  [2026-06-11T06:06:20.403705] I: {'ins_mode': 4, 'realtime_x': -1201.72, 'realtime_y': -20.94, 'target_x': 0.0, 'target_y': 0.0, 'yaw_ins': 0.0, 'wp_current': 0, 'wp_count': 0, 'found_wp': 0, 'dis_ins': 0.0}
  [2026-06-11T06:06:20.418455] I: {'ins_mode': 4, 'realtime_x': -1199.65, 'realtime_y': -20.59, 'target_x': 0.0, 'target_y': 0.0, 'yaw_ins': 0.0, 'wp_current': 0, 'wp_count': 0, 'found_wp': 0, 'dis_ins': 0.0}
  [2026-06-11T06:06:20.470158] I: {'ins_mode': 4, 'realtime_x': -1196.1, 'realtime_y': -19.99, 'target_x': 0.0, 'target_y': 0.0, 'yaw_ins': 0.0, 'wp_current': 0, 'wp_count': 0, 'found_wp': 0, 'dis_ins': 0.0}
  [2026-06-11T06:06:20.531984] I: {'ins_mode': 4, 'realtime_x': -1193.48, 'realtime_y': -19.55, 'target_x': 0.0, 'target_y': 0.0, 'yaw_ins': 0.0, 'wp_current': 0, 'wp_count': 0, 'found_wp': 0, 'dis_ins': 0.0}
  [2026-06-11T06:06:20.547386] I: {'ins_mode': 4, 'realtime_x': -1189.44, 'realtime_y': -18.88, 'target_x': 0.0, 'target_y': 0.0, 'yaw_ins': 0.0, 'wp_current': 0, 'wp_count': 0, 'found_wp': 0, 'dis_ins': 0.0}
  [2026-06-11T06:06:20.594819] I: {'ins_mode': 4, 'realtime_x': -1186.71, 'realtime_y': -18.42, 'target_x': 0.0, 'target_y': 0.0, 'yaw_ins': 0.0, 'wp_current': 0, 'wp_count': 0, 'found_wp': 0, 'dis_ins': 0.0}
  [2026-06-11T06:06:20.661123] I: {'ins_mode': 4, 'realtime_x': -1182.61, 'realtime_y': -17.73, 'target_x': 0.0, 'target_y': 0.0, 'yaw_ins': 0.0, 'wp_current': 0, 'wp_count': 0, 'found_wp': 0, 'dis_ins': 0.0}
  [2026-06-11T06:06:20.686866] I: {'ins_mode': 4, 'realtime_x': -1179.83, 'realtime_y': -17.27, 'target_x': 0.0, 'target_y': 0.0, 'yaw_ins': 0.0, 'wp_current': 0, 'wp_count': 0, 'found_wp': 0, 'dis_ins': 0.0}
  [2026-06-11T06:06:20.724229] I: {'ins_mode': 4, 'realtime_x': -1175.48, 'realtime_y': -16.54, 'target_x': 0.0, 'target_y': 0.0, 'yaw_ins': 0.0, 'wp_current': 0, 'wp_count': 0, 'found_wp': 0, 'dis_ins': 0.0}
  [2026-06-11T06:06:20.778731] I: {'ins_mode': 4, 'realtime_x': -1172.41, 'realtime_y': -16.04, 'target_x': 0.0, 'target_y': 0.0, 'yaw_ins': 0.0, 'wp_current': 0, 'wp_count': 0, 'found_wp': 0, 'dis_ins': 0.0}
  [2026-06-11T06:06:20.810808] I: {'ins_mode': 4, 'realtime_x': -1167.44, 'realtime_y': -15.21, 'target_x': 0.0, 'target_y': 0.0, 'yaw_ins': 0.0, 'wp_current': 0, 'wp_count': 0, 'found_wp': 0, 'dis_ins': 0.0}
  [2026-06-11T06:06:20.849731] I: {'ins_mode': 4, 'realtime_x': -1163.95, 'realtime_y': -14.63, 'target_x': 0.0, 'target_y': 0.0, 'yaw_ins': 0.0, 'wp_current': 0, 'wp_count': 0, 'found_wp': 0, 'dis_ins': 0.0}
  [2026-06-11T06:06:20.904249] I: {'ins_mode': 4, 'realtime_x': -1158.83, 'realtime_y': -13.74, 'target_x': 0.0, 'target_y': 0.0, 'yaw_ins': 0.0, 'wp_current': 0, 'wp_count': 0, 'found_wp': 0, 'dis_ins': 0.0}
  [2026-06-11T06:06:20.948654] I: {'ins_mode': 4, 'realtime_x': -1155.65, 'realtime_y': -13.19, 'target_x': 0.0, 'target_y': 0.0, 'yaw_ins': 0.0, 'wp_current': 0, 'wp_count': 0, 'found_wp': 0, 'dis_ins': 0.0}
  [2026-06-11T06:06:20.985960] I: {'ins_mode': 4, 'realtime_x': -1152.2, 'realtime_y': -12.57, 'target_x': 0.0, 'target_y': 0.0, 'yaw_ins': 0.0, 'wp_current': 0, 'wp_count': 0, 'found_wp': 0, 'dis_ins': 0.0}
  [2026-06-11T06:06:21.039611] I: {'ins_mode': 4, 'realtime_x': -1151.36, 'realtime_y': -12.43, 'target_x': 0.0, 'target_y': 0.0, 'yaw_ins': 0.0, 'wp_current': 0, 'wp_count': 0, 'found_wp': 0, 'dis_ins': 0.0}
  [2026-06-11T06:06:21.070977] I: {'ins_mode': 4, 'realtime_x': -1151.03, 'realtime_y': -12.37, 'target_x': 0.0, 'target_y': 0.0, 'yaw_ins': 0.0, 'wp_current': 0, 'wp_count': 0, 'found_wp': 0, 'dis_ins': 0.0}
  [2026-06-11T06:06:21.107352] I: {'ins_mode': 4, 'realtime_x': -1151.03, 'realtime_y': -12.37, 'target_x': 0.0, 'target_y': 0.0, 'yaw_ins': 0.0, 'wp_current': 0, 'wp_count': 0, 'found_wp': 0, 'dis_ins': 0.0}
  [2026-06-11T06:06:21.169591] I: {'ins_mode': 4, 'realtime_x': -1151.03, 'realtime_y': -12.37, 'target_x': 0.0, 'target_y': 0.0, 'yaw_ins': 0.0, 'wp_current': 0, 'wp_count': 0, 'found_wp': 0, 'dis_ins': 0.0}
  [2026-06-11T06:06:21.199370] I: {'ins_mode': 4, 'realtime_x': -1151.03, 'realtime_y': -12.37, 'target_x': 0.0, 'target_y': 0.0, 'yaw_ins': 0.0, 'wp_current': 0, 'wp_count': 0, 'found_wp': 0, 'dis_ins': 0.0}
  [2026-06-11T06:06:21.235530] I: {'ins_mode': 4, 'realtime_x': -1151.03, 'realtime_y': -12.37, 'target_x': 0.0, 'target_y': 0.0, 'yaw_ins': 0.0, 'wp_current': 0, 'wp_count': 0, 'found_wp': 0, 'dis_ins': 0.0}
  [2026-06-11T06:06:21.291440] I: {'ins_mode': 4, 'realtime_x': -1151.03, 'realtime_y': -12.37, 'target_x': 0.0, 'target_y': 0.0, 'yaw_ins': 0.0, 'wp_current': 0, 'wp_count': 0, 'found_wp': 0, 'dis_ins': 0.0}
  [2026-06-11T06:06:21.329837] I: {'ins_mode': 4, 'realtime_x': -1151.03, 'realtime_y': -12.37, 'target_x': 0.0, 'target_y': 0.0, 'yaw_ins': 0.0, 'wp_current': 0, 'wp_count': 0, 'found_wp': 0, 'dis_ins': 0.0}
  [2026-06-11T06:06:21.368591] I: {'ins_mode': 4, 'realtime_x': -1151.03, 'realtime_y': -12.37, 'target_x': 0.0, 'target_y': 0.0, 'yaw_ins': 0.0, 'wp_current': 0, 'wp_count': 0, 'found_wp': 0, 'dis_ins': 0.0}
  [2026-06-11T06:06:21.423449] I: {'ins_mode': 4, 'realtime_x': -1151.03, 'realtime_y': -12.37, 'target_x': 0.0, 'target_y': 0.0, 'yaw_ins': 0.0, 'wp_current': 0, 'wp_count': 0, 'found_wp': 0, 'dis_ins': 0.0}
  [2026-06-11T06:06:21.456564] I: {'ins_mode': 4, 'realtime_x': -1151.03, 'realtime_y': -12.37, 'target_x': 0.0, 'target_y': 0.0, 'yaw_ins': 0.0, 'wp_current': 0, 'wp_count': 0, 'found_wp': 0, 'dis_ins': 0.0}
  [2026-06-11T06:06:21.492023] I: {'ins_mode': 4, 'realtime_x': -1151.03, 'realtime_y': -12.37, 'target_x': 0.0, 'target_y': 0.0, 'yaw_ins': 0.0, 'wp_current': 0, 'wp_count': 0, 'found_wp': 0, 'dis_ins': 0.0}
  [2026-06-11T06:06:21.553734] I: {'ins_mode': 4, 'realtime_x': -1151.03, 'realtime_y': -12.37, 'target_x': 0.0, 'target_y': 0.0, 'yaw_ins': 0.0, 'wp_current': 0, 'wp_count': 0, 'found_wp': 0, 'dis_ins': 0.0}
  [2026-06-11T06:06:21.595804] I: {'ins_mode': 4, 'realtime_x': -1151.03, 'realtime_y': -12.37, 'target_x': 0.0, 'target_y': 0.0, 'yaw_ins': 0.0, 'wp_current': 0, 'wp_count': 0, 'found_wp': 0, 'dis_ins': 0.0}
  [2026-06-11T06:06:21.622411] I: {'ins_mode': 4, 'realtime_x': -1151.03, 'realtime_y': -12.37, 'target_x': 0.0, 'target_y': 0.0, 'yaw_ins': 0.0, 'wp_current': 0, 'wp_count': 0, 'found_wp': 0, 'dis_ins': 0.0}
  [2026-06-11T06:06:21.687734] I: {'ins_mode': 4, 'realtime_x': -1151.03, 'realtime_y': -12.37, 'target_x': 0.0, 'target_y': 0.0, 'yaw_ins': 0.0, 'wp_current': 0, 'wp_count': 0, 'found_wp': 0, 'dis_ins': 0.0}
  [2026-06-11T06:06:21.723230] I: {'ins_mode': 4, 'realtime_x': -1151.03, 'realtime_y': -12.37, 'target_x': 0.0, 'target_y': 0.0, 'yaw_ins': 0.0, 'wp_current': 0, 'wp_count': 0, 'found_wp': 0, 'dis_ins': 0.0}
  [2026-06-11T06:06:21.754658] I: {'ins_mode': 4, 'realtime_x': -1151.03, 'realtime_y': -12.37, 'target_x': 0.0, 'target_y': 0.0, 'yaw_ins': 0.0, 'wp_current': 0, 'wp_count': 0, 'found_wp': 0, 'dis_ins': 0.0}
  [2026-06-11T06:06:21.820579] I: {'ins_mode': 4, 'realtime_x': -1151.03, 'realtime_y': -12.37, 'target_x': 0.0, 'target_y': 0.0, 'yaw_ins': 0.0, 'wp_current': 0, 'wp_count': 0, 'found_wp': 0, 'dis_ins': 0.0}
  [2026-06-11T06:06:21.839794] I: {'ins_mode': 4, 'realtime_x': -1151.03, 'realtime_y': -12.37, 'target_x': 0.0, 'target_y': 0.0, 'yaw_ins': 0.0, 'wp_current': 0, 'wp_count': 0, 'found_wp': 0, 'dis_ins': 0.0}
  [2026-06-11T06:06:21.884073] I: {'ins_mode': 4, 'realtime_x': -1151.03, 'realtime_y': -12.37, 'target_x': 0.0, 'target_y': 0.0, 'yaw_ins': 0.0, 'wp_current': 0, 'wp_count': 0, 'found_wp': 0, 'dis_ins': 0.0}
  [2026-06-11T06:06:21.937391] I: {'ins_mode': 4, 'realtime_x': -1151.03, 'realtime_y': -12.37, 'target_x': 0.0, 'target_y': 0.0, 'yaw_ins': 0.0, 'wp_current': 0, 'wp_count': 0, 'found_wp': 0, 'dis_ins': 0.0}
  [2026-06-11T06:06:21.993743] I: {'ins_mode': 4, 'realtime_x': -1151.03, 'realtime_y': -12.37, 'target_x': 0.0, 'target_y': 0.0, 'yaw_ins': 0.0, 'wp_current': 0, 'wp_count': 0, 'found_wp': 0, 'dis_ins': 0.0}
  [2026-06-11T06:06:22.008893] I: {'ins_mode': 4, 'realtime_x': -1151.03, 'realtime_y': -12.37, 'target_x': 0.0, 'target_y': 0.0, 'yaw_ins': 0.0, 'wp_current': 0, 'wp_count': 0, 'found_wp': 0, 'dis_ins': 0.0}
  [2026-06-11T06:06:22.062237] I: {'ins_mode': 4, 'realtime_x': -1151.03, 'realtime_y': -12.37, 'target_x': 0.0, 'target_y': 0.0, 'yaw_ins': 0.0, 'wp_current': 0, 'wp_count': 0, 'found_wp': 0, 'dis_ins': 0.0}
  [2026-06-11T06:06:22.124137] I: {'ins_mode': 4, 'realtime_x': -1151.03, 'realtime_y': -12.37, 'target_x': 0.0, 'target_y': 0.0, 'yaw_ins': 0.0, 'wp_current': 0, 'wp_count': 0, 'found_wp': 0, 'dis_ins': 0.0}
  [2026-06-11T06:06:22.143664] I: {'ins_mode': 4, 'realtime_x': -1151.03, 'realtime_y': -12.37, 'target_x': 0.0, 'target_y': 0.0, 'yaw_ins': 0.0, 'wp_current': 0, 'wp_count': 0, 'found_wp': 0, 'dis_ins': 0.0}
  [2026-06-11T06:06:22.182718] I: {'ins_mode': 4, 'realtime_x': -1151.03, 'realtime_y': -12.37, 'target_x': 0.0, 'target_y': 0.0, 'yaw_ins': 0.0, 'wp_current': 0, 'wp_count': 0, 'found_wp': 0, 'dis_ins': 0.0}
  [2026-06-11T06:06:22.240850] I: {'ins_mode': 4, 'realtime_x': -1151.03, 'realtime_y': -12.37, 'target_x': 0.0, 'target_y': 0.0, 'yaw_ins': 0.0, 'wp_current': 0, 'wp_count': 0, 'found_wp': 0, 'dis_ins': 0.0}
  [2026-06-11T06:06:22.279826] I: {'ins_mode': 4, 'realtime_x': -1151.03, 'realtime_y': -12.37, 'target_x': 0.0, 'target_y': 0.0, 'yaw_ins': 0.0, 'wp_current': 0, 'wp_count': 0, 'found_wp': 0, 'dis_ins': 0.0}
  [2026-06-11T06:06:22.319204] I: {'ins_mode': 4, 'realtime_x': -1151.03, 'realtime_y': -12.37, 'target_x': 0.0, 'target_y': 0.0, 'yaw_ins': 0.0, 'wp_current': 0, 'wp_count': 0, 'found_wp': 0, 'dis_ins': 0.0}
  [2026-06-11T06:06:22.373881] I: {'ins_mode': 4, 'realtime_x': -1151.03, 'realtime_y': -12.37, 'target_x': 0.0, 'target_y': 0.0, 'yaw_ins': 0.0, 'wp_current': 0, 'wp_count': 0, 'found_wp': 0, 'dis_ins': 0.0}
  [2026-06-11T06:06:22.426081] I: {'ins_mode': 4, 'realtime_x': -1151.03, 'realtime_y': -12.37, 'target_x': 0.0, 'target_y': 0.0, 'yaw_ins': 0.0, 'wp_current': 0, 'wp_count': 0, 'found_wp': 0, 'dis_ins': 0.0}
  [2026-06-11T06:06:22.446149] I: {'ins_mode': 4, 'realtime_x': -1151.03, 'realtime_y': -12.37, 'target_x': 0.0, 'target_y': 0.0, 'yaw_ins': 0.0, 'wp_current': 0, 'wp_count': 0, 'found_wp': 0, 'dis_ins': 0.0}
  [2026-06-11T06:06:22.486395] I: {'ins_mode': 4, 'realtime_x': -1151.03, 'realtime_y': -12.37, 'target_x': 0.0, 'target_y': 0.0, 'yaw_ins': 0.0, 'wp_current': 0, 'wp_count': 0, 'found_wp': 0, 'dis_ins': 0.0}
  [2026-06-11T06:06:22.527288] I: {'ins_mode': 4, 'realtime_x': -1151.03, 'realtime_y': -12.37, 'target_x': 0.0, 'target_y': 0.0, 'yaw_ins': 0.0, 'wp_current': 0, 'wp_count': 0, 'found_wp': 0, 'dis_ins': 0.0}
  [2026-06-11T06:06:22.581350] I: {'ins_mode': 4, 'realtime_x': -1151.03, 'realtime_y': -12.37, 'target_x': 0.0, 'target_y': 0.0, 'yaw_ins': 0.0, 'wp_current': 0, 'wp_count': 0, 'found_wp': 0, 'dis_ins': 0.0}
  [2026-06-11T06:06:22.619495] I: {'ins_mode': 4, 'realtime_x': -1151.03, 'realtime_y': -12.37, 'target_x': 0.0, 'target_y': 0.0, 'yaw_ins': 0.0, 'wp_current': 0, 'wp_count': 0, 'found_wp': 0, 'dis_ins': 0.0}
  [2026-06-11T06:06:22.673482] I: {'ins_mode': 4, 'realtime_x': -1151.03, 'realtime_y': -12.37, 'target_x': 0.0, 'target_y': 0.0, 'yaw_ins': 0.0, 'wp_current': 0, 'wp_count': 0, 'found_wp': 0, 'dis_ins': 0.0}
  [2026-06-11T06:06:22.706635] I: {'ins_mode': 4, 'realtime_x': -1151.03, 'realtime_y': -12.37, 'target_x': 0.0, 'target_y': 0.0, 'yaw_ins': 0.0, 'wp_current': 0, 'wp_count': 0, 'found_wp': 0, 'dis_ins': 0.0}
  [2026-06-11T06:06:22.746808] I: {'ins_mode': 4, 'realtime_x': -1151.03, 'realtime_y': -12.37, 'target_x': 0.0, 'target_y': 0.0, 'yaw_ins': 0.0, 'wp_current': 0, 'wp_count': 0, 'found_wp': 0, 'dis_ins': 0.0}
  [2026-06-11T06:06:22.801076] I: {'ins_mode': 4, 'realtime_x': -1151.03, 'realtime_y': -12.37, 'target_x': 0.0, 'target_y': 0.0, 'yaw_ins': 0.0, 'wp_current': 0, 'wp_count': 0, 'found_wp': 0, 'dis_ins': 0.0}
  [2026-06-11T06:06:22.854716] I: {'ins_mode': 4, 'realtime_x': -1151.03, 'realtime_y': -12.37, 'target_x': 0.0, 'target_y': 0.0, 'yaw_ins': 0.0, 'wp_current': 0, 'wp_count': 0, 'found_wp': 0, 'dis_ins': 0.0}
  [2026-06-11T06:06:22.869487] I: {'ins_mode': 4, 'realtime_x': -1151.03, 'realtime_y': -12.37, 'target_x': 0.0, 'target_y': 0.0, 'yaw_ins': 0.0, 'wp_current': 0, 'wp_count': 0, 'found_wp': 0, 'dis_ins': 0.0}
  [2026-06-11T06:06:22.912100] I: {'ins_mode': 4, 'realtime_x': -1151.03, 'realtime_y': -12.37, 'target_x': 0.0, 'target_y': 0.0, 'yaw_ins': 0.0, 'wp_current': 0, 'wp_count': 0, 'found_wp': 0, 'dis_ins': 0.0}
  [2026-06-11T06:06:22.977960] I: {'ins_mode': 4, 'realtime_x': -1151.03, 'realtime_y': -12.37, 'target_x': 0.0, 'target_y': 0.0, 'yaw_ins': 0.0, 'wp_current': 0, 'wp_count': 0, 'found_wp': 0, 'dis_ins': 0.0}
  [2026-06-11T06:06:23.015293] I: {'ins_mode': 4, 'realtime_x': -1151.03, 'realtime_y': -12.37, 'target_x': 0.0, 'target_y': 0.0, 'yaw_ins': 0.0, 'wp_current': 0, 'wp_count': 0, 'found_wp': 0, 'dis_ins': 0.0}
  [2026-06-11T06:06:23.049221] I: {'ins_mode': 4, 'realtime_x': -1151.03, 'realtime_y': -12.37, 'target_x': 0.0, 'target_y': 0.0, 'yaw_ins': 0.0, 'wp_current': 0, 'wp_count': 0, 'found_wp': 0, 'dis_ins': 0.0}
  [2026-06-11T06:06:23.109817] I: {'ins_mode': 4, 'realtime_x': -1151.03, 'realtime_y': -12.37, 'target_x': 0.0, 'target_y': 0.0, 'yaw_ins': 0.0, 'wp_current': 0, 'wp_count': 0, 'found_wp': 0, 'dis_ins': 0.0}
  [2026-06-11T06:06:23.141429] I: {'ins_mode': 4, 'realtime_x': -1151.03, 'realtime_y': -12.37, 'target_x': 0.0, 'target_y': 0.0, 'yaw_ins': 0.0, 'wp_current': 0, 'wp_count': 0, 'found_wp': 0, 'dis_ins': 0.0}
  [2026-06-11T06:06:23.198913] I: {'ins_mode': 4, 'realtime_x': -1151.03, 'realtime_y': -12.37, 'target_x': 0.0, 'target_y': 0.0, 'yaw_ins': 0.0, 'wp_current': 0, 'wp_count': 0, 'found_wp': 0, 'dis_ins': 0.0}
  [2026-06-11T06:06:23.240033] I: {'ins_mode': 4, 'realtime_x': -1151.03, 'realtime_y': -12.37, 'target_x': 0.0, 'target_y': 0.0, 'yaw_ins': 0.0, 'wp_current': 0, 'wp_count': 0, 'found_wp': 0, 'dis_ins': 0.0}
  [2026-06-11T06:06:23.264940] I: {'ins_mode': 4, 'realtime_x': -1151.03, 'realtime_y': -12.37, 'target_x': 0.0, 'target_y': 0.0, 'yaw_ins': 0.0, 'wp_current': 0, 'wp_count': 0, 'found_wp': 0, 'dis_ins': 0.0}
  [2026-06-11T06:06:23.301001] I: {'ins_mode': 4, 'realtime_x': -1151.03, 'realtime_y': -12.37, 'target_x': 0.0, 'target_y': 0.0, 'yaw_ins': 0.0, 'wp_current': 0, 'wp_count': 0, 'found_wp': 0, 'dis_ins': 0.0}
  [2026-06-11T06:06:23.359865] I: {'ins_mode': 4, 'realtime_x': -1151.03, 'realtime_y': -12.37, 'target_x': 0.0, 'target_y': 0.0, 'yaw_ins': 0.0, 'wp_current': 0, 'wp_count': 0, 'found_wp': 0, 'dis_ins': 0.0}
  [2026-06-11T06:06:23.390267] I: {'ins_mode': 4, 'realtime_x': -1151.03, 'realtime_y': -12.37, 'target_x': 0.0, 'target_y': 0.0, 'yaw_ins': 0.0, 'wp_current': 0, 'wp_count': 0, 'found_wp': 0, 'dis_ins': 0.0}
  [2026-06-11T06:06:23.427834] I: {'ins_mode': 4, 'realtime_x': -1151.03, 'realtime_y': -12.37, 'target_x': 0.0, 'target_y': 0.0, 'yaw_ins': 0.0, 'wp_current': 0, 'wp_count': 0, 'found_wp': 0, 'dis_ins': 0.0}
  [2026-06-11T06:06:23.479783] I: {'ins_mode': 4, 'realtime_x': -1151.03, 'realtime_y': -12.37, 'target_x': 0.0, 'target_y': 0.0, 'yaw_ins': 0.0, 'wp_current': 0, 'wp_count': 0, 'found_wp': 0, 'dis_ins': 0.0}
  [2026-06-11T06:06:23.555190] I: {'ins_mode': 4, 'realtime_x': -1151.03, 'realtime_y': -12.37, 'target_x': 0.0, 'target_y': 0.0, 'yaw_ins': 0.0, 'wp_current': 0, 'wp_count': 0, 'found_wp': 0, 'dis_ins': 0.0}
  [2026-06-11T06:06:23.575370] I: {'ins_mode': 4, 'realtime_x': -1151.03, 'realtime_y': -12.37, 'target_x': 0.0, 'target_y': 0.0, 'yaw_ins': 0.0, 'wp_current': 0, 'wp_count': 0, 'found_wp': 0, 'dis_ins': 0.0}
  [2026-06-11T06:06:23.606040] I: {'ins_mode': 4, 'realtime_x': -1151.03, 'realtime_y': -12.37, 'target_x': 0.0, 'target_y': 0.0, 'yaw_ins': 0.0, 'wp_current': 0, 'wp_count': 0, 'found_wp': 0, 'dis_ins': 0.0}
  [2026-06-11T06:06:23.671778] I: {'ins_mode': 4, 'realtime_x': -1151.03, 'realtime_y': -12.37, 'target_x': 0.0, 'target_y': 0.0, 'yaw_ins': 0.0, 'wp_current': 0, 'wp_count': 0, 'found_wp': 0, 'dis_ins': 0.0}
  [2026-06-11T06:06:23.691538] I: {'ins_mode': 4, 'realtime_x': -1151.03, 'realtime_y': -12.37, 'target_x': 0.0, 'target_y': 0.0, 'yaw_ins': 0.0, 'wp_current': 0, 'wp_count': 0, 'found_wp': 0, 'dis_ins': 0.0}
  [2026-06-11T06:06:23.739075] I: {'ins_mode': 4, 'realtime_x': -1151.03, 'realtime_y': -12.37, 'target_x': 0.0, 'target_y': 0.0, 'yaw_ins': 0.0, 'wp_current': 0, 'wp_count': 0, 'found_wp': 0, 'dis_ins': 0.0}
  [2026-06-11T06:06:23.786639] I: {'ins_mode': 4, 'realtime_x': -1151.03, 'realtime_y': -12.37, 'target_x': 0.0, 'target_y': 0.0, 'yaw_ins': 0.0, 'wp_current': 0, 'wp_count': 0, 'found_wp': 0, 'dis_ins': 0.0}
  [2026-06-11T06:06:23.823300] I: {'ins_mode': 4, 'realtime_x': -1151.03, 'realtime_y': -12.37, 'target_x': 0.0, 'target_y': 0.0, 'yaw_ins': 0.0, 'wp_current': 0, 'wp_count': 0, 'found_wp': 0, 'dis_ins': 0.0}
  [2026-06-11T06:06:23.858414] I: {'ins_mode': 4, 'realtime_x': -1151.03, 'realtime_y': -12.37, 'target_x': 0.0, 'target_y': 0.0, 'yaw_ins': 0.0, 'wp_current': 0, 'wp_count': 0, 'found_wp': 0, 'dis_ins': 0.0}
  [2026-06-11T06:06:23.919973] I: {'ins_mode': 4, 'realtime_x': -1151.03, 'realtime_y': -12.37, 'target_x': 0.0, 'target_y': 0.0, 'yaw_ins': 0.0, 'wp_current': 0, 'wp_count': 0, 'found_wp': 0, 'dis_ins': 0.0}
  [2026-06-11T06:06:23.954020] I: {'ins_mode': 4, 'realtime_x': -1151.03, 'realtime_y': -12.37, 'target_x': 0.0, 'target_y': 0.0, 'yaw_ins': 0.0, 'wp_current': 0, 'wp_count': 0, 'found_wp': 0, 'dis_ins': 0.0}
  [2026-06-11T06:06:23.991554] I: {'ins_mode': 4, 'realtime_x': -1151.03, 'realtime_y': -12.37, 'target_x': 0.0, 'target_y': 0.0, 'yaw_ins': 0.0, 'wp_current': 0, 'wp_count': 0, 'found_wp': 0, 'dis_ins': 0.0}
  [2026-06-11T06:06:24.064087] I: {'ins_mode': 4, 'realtime_x': -1151.03, 'realtime_y': -12.37, 'target_x': 0.0, 'target_y': 0.0, 'yaw_ins': 0.0, 'wp_current': 0, 'wp_count': 0, 'found_wp': 0, 'dis_ins': 0.0}
  [2026-06-11T06:06:24.090260] I: {'ins_mode': 4, 'realtime_x': -1151.03, 'realtime_y': -12.37, 'target_x': 0.0, 'target_y': 0.0, 'yaw_ins': 0.0, 'wp_current': 0, 'wp_count': 0, 'found_wp': 0, 'dis_ins': 0.0}
  [2026-06-11T06:06:24.122028] I: {'ins_mode': 4, 'realtime_x': -1151.03, 'realtime_y': -12.37, 'target_x': 0.0, 'target_y': 0.0, 'yaw_ins': 0.0, 'wp_current': 0, 'wp_count': 0, 'found_wp': 0, 'dis_ins': 0.0}
  [2026-06-11T06:06:24.175974] I: {'ins_mode': 4, 'realtime_x': -1151.03, 'realtime_y': -12.37, 'target_x': 0.0, 'target_y': 0.0, 'yaw_ins': 0.0, 'wp_current': 0, 'wp_count': 0, 'found_wp': 0, 'dis_ins': 0.0}
  [2026-06-11T06:06:24.212959] I: {'ins_mode': 4, 'realtime_x': -1151.03, 'realtime_y': -12.37, 'target_x': 0.0, 'target_y': 0.0, 'yaw_ins': 0.0, 'wp_current': 0, 'wp_count': 0, 'found_wp': 0, 'dis_ins': 0.0}
  [2026-06-11T06:06:24.250922] I: {'ins_mode': 4, 'realtime_x': -1151.03, 'realtime_y': -12.37, 'target_x': 0.0, 'target_y': 0.0, 'yaw_ins': 0.0, 'wp_current': 0, 'wp_count': 0, 'found_wp': 0, 'dis_ins': 0.0}
  [2026-06-11T06:06:24.306178] I: {'ins_mode': 4, 'realtime_x': -1151.03, 'realtime_y': -12.37, 'target_x': 0.0, 'target_y': 0.0, 'yaw_ins': 0.0, 'wp_current': 0, 'wp_count': 0, 'found_wp': 0, 'dis_ins': 0.0}
  [2026-06-11T06:06:24.339128] I: {'ins_mode': 4, 'realtime_x': -1151.03, 'realtime_y': -12.37, 'target_x': 0.0, 'target_y': 0.0, 'yaw_ins': 0.0, 'wp_current': 0, 'wp_count': 0, 'found_wp': 0, 'dis_ins': 0.0}
  [2026-06-11T06:06:24.375676] I: {'ins_mode': 4, 'realtime_x': -1151.03, 'realtime_y': -12.37, 'target_x': 0.0, 'target_y': 0.0, 'yaw_ins': 0.0, 'wp_current': 0, 'wp_count': 0, 'found_wp': 0, 'dis_ins': 0.0}
  [2026-06-11T06:06:24.426858] I: {'ins_mode': 4, 'realtime_x': -1151.03, 'realtime_y': -12.37, 'target_x': 0.0, 'target_y': 0.0, 'yaw_ins': 0.0, 'wp_current': 0, 'wp_count': 0, 'found_wp': 0, 'dis_ins': 0.0}
  [2026-06-11T06:06:24.496626] I: {'ins_mode': 4, 'realtime_x': -1151.03, 'realtime_y': -12.37, 'target_x': 0.0, 'target_y': 0.0, 'yaw_ins': 0.0, 'wp_current': 0, 'wp_count': 0, 'found_wp': 0, 'dis_ins': 0.0}
  [2026-06-11T06:06:24.519163] I: {'ins_mode': 4, 'realtime_x': -1151.03, 'realtime_y': -12.37, 'target_x': 0.0, 'target_y': 0.0, 'yaw_ins': 0.0, 'wp_current': 0, 'wp_count': 0, 'found_wp': 0, 'dis_ins': 0.0}
  [2026-06-11T06:06:24.554546] I: {'ins_mode': 4, 'realtime_x': -1151.03, 'realtime_y': -12.37, 'target_x': 0.0, 'target_y': 0.0, 'yaw_ins': 0.0, 'wp_current': 0, 'wp_count': 0, 'found_wp': 0, 'dis_ins': 0.0}
  [2026-06-11T06:06:24.621878] I: {'ins_mode': 4, 'realtime_x': -1151.03, 'realtime_y': -12.37, 'target_x': 0.0, 'target_y': 0.0, 'yaw_ins': 0.0, 'wp_current': 0, 'wp_count': 0, 'found_wp': 0, 'dis_ins': 0.0}
  [2026-06-11T06:06:24.636114] I: {'ins_mode': 4, 'realtime_x': -1151.03, 'realtime_y': -12.37, 'target_x': 0.0, 'target_y': 0.0, 'yaw_ins': 0.0, 'wp_current': 0, 'wp_count': 0, 'found_wp': 0, 'dis_ins': 0.0}
  [2026-06-11T06:06:24.689849] I: {'ins_mode': 4, 'realtime_x': -1151.03, 'realtime_y': -12.37, 'target_x': 0.0, 'target_y': 0.0, 'yaw_ins': 0.0, 'wp_current': 0, 'wp_count': 0, 'found_wp': 0, 'dis_ins': 0.0}
  [2026-06-11T06:06:24.743139] I: {'ins_mode': 4, 'realtime_x': -1151.03, 'realtime_y': -12.37, 'target_x': 0.0, 'target_y': 0.0, 'yaw_ins': 0.0, 'wp_current': 0, 'wp_count': 0, 'found_wp': 0, 'dis_ins': 0.0}
  [2026-06-11T06:06:24.782825] I: {'ins_mode': 4, 'realtime_x': -1151.03, 'realtime_y': -12.37, 'target_x': 0.0, 'target_y': 0.0, 'yaw_ins': 0.0, 'wp_current': 0, 'wp_count': 0, 'found_wp': 0, 'dis_ins': 0.0}
  [2026-06-11T06:06:24.815242] I: {'ins_mode': 4, 'realtime_x': -1151.03, 'realtime_y': -12.37, 'target_x': 0.0, 'target_y': 0.0, 'yaw_ins': 0.0, 'wp_current': 0, 'wp_count': 0, 'found_wp': 0, 'dis_ins': 0.0}
  [2026-06-11T06:06:24.878253] I: {'ins_mode': 4, 'realtime_x': -1151.03, 'realtime_y': -12.37, 'target_x': 0.0, 'target_y': 0.0, 'yaw_ins': 0.0, 'wp_current': 0, 'wp_count': 0, 'found_wp': 0, 'dis_ins': 0.0}
  [2026-06-11T06:06:24.898915] I: {'ins_mode': 4, 'realtime_x': -1151.03, 'realtime_y': -12.37, 'target_x': 0.0, 'target_y': 0.0, 'yaw_ins': 0.0, 'wp_current': 0, 'wp_count': 0, 'found_wp': 0, 'dis_ins': 0.0}
  [2026-06-11T06:06:24.938891] I: {'ins_mode': 4, 'realtime_x': -1151.03, 'realtime_y': -12.37, 'target_x': 0.0, 'target_y': 0.0, 'yaw_ins': 0.0, 'wp_current': 0, 'wp_count': 0, 'found_wp': 0, 'dis_ins': 0.0}
  [2026-06-11T06:06:24.985495] I: {'ins_mode': 4, 'realtime_x': -1150.92, 'realtime_y': -12.38, 'target_x': 0.0, 'target_y': 0.0, 'yaw_ins': 0.0, 'wp_current': 0, 'wp_count': 0, 'found_wp': 0, 'dis_ins': 0.0}
  [2026-06-11T06:06:25.052052] I: {'ins_mode': 4, 'realtime_x': -1150.44, 'realtime_y': -12.42, 'target_x': 0.0, 'target_y': 0.0, 'yaw_ins': 0.0, 'wp_current': 0, 'wp_count': 0, 'found_wp': 0, 'dis_ins': 0.0}
  [2026-06-11T06:06:25.074764] I: {'ins_mode': 4, 'realtime_x': -1150.33, 'realtime_y': -12.43, 'target_x': 0.0, 'target_y': 0.0, 'yaw_ins': 0.0, 'wp_current': 0, 'wp_count': 0, 'found_wp': 0, 'dis_ins': 0.0}
  [2026-06-11T06:06:25.112802] I: {'ins_mode': 4, 'realtime_x': -1149.5, 'realtime_y': -12.52, 'target_x': 0.0, 'target_y': 0.0, 'yaw_ins': 0.0, 'wp_current': 0, 'wp_count': 0, 'found_wp': 0, 'dis_ins': 0.0}
  [2026-06-11T06:06:25.171240] I: {'ins_mode': 4, 'realtime_x': -1148.72, 'realtime_y': -12.61, 'target_x': 0.0, 'target_y': 0.0, 'yaw_ins': 0.0, 'wp_current': 0, 'wp_count': 0, 'found_wp': 0, 'dis_ins': 0.0}
  [2026-06-11T06:06:25.206619] I: {'ins_mode': 4, 'realtime_x': -1147.48, 'realtime_y': -12.77, 'target_x': 0.0, 'target_y': 0.0, 'yaw_ins': 0.0, 'wp_current': 0, 'wp_count': 0, 'found_wp': 0, 'dis_ins': 0.0}
  [2026-06-11T06:06:25.237567] I: {'ins_mode': 4, 'realtime_x': -1146.68, 'realtime_y': -12.9, 'target_x': 0.0, 'target_y': 0.0, 'yaw_ins': 0.0, 'wp_current': 0, 'wp_count': 0, 'found_wp': 0, 'dis_ins': 0.0}
  [2026-06-11T06:06:25.305478] I: {'ins_mode': 4, 'realtime_x': -1145.61, 'realtime_y': -13.09, 'target_x': 0.0, 'target_y': 0.0, 'yaw_ins': 0.0, 'wp_current': 0, 'wp_count': 0, 'found_wp': 0, 'dis_ins': 0.0}
  [2026-06-11T06:06:25.321120] I: {'ins_mode': 4, 'realtime_x': -1144.92, 'realtime_y': -13.23, 'target_x': 0.0, 'target_y': 0.0, 'yaw_ins': 0.0, 'wp_current': 0, 'wp_count': 0, 'found_wp': 0, 'dis_ins': 0.0}
  [2026-06-11T06:06:25.360637] I: {'ins_mode': 4, 'realtime_x': -1143.84, 'realtime_y': -13.46, 'target_x': 0.0, 'target_y': 0.0, 'yaw_ins': 0.0, 'wp_current': 0, 'wp_count': 0, 'found_wp': 0, 'dis_ins': 0.0}
  [2026-06-11T06:06:25.422826] I: {'ins_mode': 4, 'realtime_x': -1143.04, 'realtime_y': -13.64, 'target_x': 0.0, 'target_y': 0.0, 'yaw_ins': 0.0, 'wp_current': 0, 'wp_count': 0, 'found_wp': 0, 'dis_ins': 0.0}
  [2026-06-11T06:06:25.457375] I: {'ins_mode': 4, 'realtime_x': -1141.81, 'realtime_y': -13.91, 'target_x': 0.0, 'target_y': 0.0, 'yaw_ins': 0.0, 'wp_current': 0, 'wp_count': 0, 'found_wp': 0, 'dis_ins': 0.0}
  [2026-06-11T06:06:25.493701] I: {'ins_mode': 4, 'realtime_x': -1140.96, 'realtime_y': -14.09, 'target_x': 0.0, 'target_y': 0.0, 'yaw_ins': 0.0, 'wp_current': 0, 'wp_count': 0, 'found_wp': 0, 'dis_ins': 0.0}
  [2026-06-11T06:06:25.552114] I: {'ins_mode': 4, 'realtime_x': -1139.68, 'realtime_y': -14.38, 'target_x': 0.0, 'target_y': 0.0, 'yaw_ins': 0.0, 'wp_current': 0, 'wp_count': 0, 'found_wp': 0, 'dis_ins': 0.0}
  [2026-06-11T06:06:25.589256] I: {'ins_mode': 4, 'realtime_x': -1138.98, 'realtime_y': -14.54, 'target_x': 0.0, 'target_y': 0.0, 'yaw_ins': 0.0, 'wp_current': 0, 'wp_count': 0, 'found_wp': 0, 'dis_ins': 0.0}
  [2026-06-11T06:06:25.626209] I: {'ins_mode': 4, 'realtime_x': -1138.33, 'realtime_y': -14.69, 'target_x': 0.0, 'target_y': 0.0, 'yaw_ins': 0.0, 'wp_current': 0, 'wp_count': 0, 'found_wp': 0, 'dis_ins': 0.0}
  [2026-06-11T06:06:25.673984] I: {'ins_mode': 4, 'realtime_x': -1138.26, 'realtime_y': -14.71, 'target_x': 0.0, 'target_y': 0.0, 'yaw_ins': 0.0, 'wp_current': 0, 'wp_count': 0, 'found_wp': 0, 'dis_ins': 0.0}
  [2026-06-11T06:06:25.737159] I: {'ins_mode': 4, 'realtime_x': -1138.26, 'realtime_y': -14.71, 'target_x': 0.0, 'target_y': 0.0, 'yaw_ins': 0.0, 'wp_current': 0, 'wp_count': 0, 'found_wp': 0, 'dis_ins': 0.0}
  [2026-06-11T06:06:25.757446] I: {'ins_mode': 4, 'realtime_x': -1138.26, 'realtime_y': -14.71, 'target_x': 0.0, 'target_y': 0.0, 'yaw_ins': 0.0, 'wp_current': 0, 'wp_count': 0, 'found_wp': 0, 'dis_ins': 0.0}
  [2026-06-11T06:06:25.795833] I: {'ins_mode': 4, 'realtime_x': -1138.26, 'realtime_y': -14.71, 'target_x': 0.0, 'target_y': 0.0, 'yaw_ins': 0.0, 'wp_current': 0, 'wp_count': 0, 'found_wp': 0, 'dis_ins': 0.0}
  [2026-06-11T06:06:25.856223] I: {'ins_mode': 4, 'realtime_x': -1138.26, 'realtime_y': -14.71, 'target_x': 0.0, 'target_y': 0.0, 'yaw_ins': 0.0, 'wp_current': 0, 'wp_count': 0, 'found_wp': 0, 'dis_ins': 0.0}
  [2026-06-11T06:06:25.893816] I: {'ins_mode': 4, 'realtime_x': -1138.26, 'realtime_y': -14.71, 'target_x': 0.0, 'target_y': 0.0, 'yaw_ins': 0.0, 'wp_current': 0, 'wp_count': 0, 'found_wp': 0, 'dis_ins': 0.0}
  [2026-06-11T06:06:25.930974] I: {'ins_mode': 4, 'realtime_x': -1138.26, 'realtime_y': -14.71, 'target_x': 0.0, 'target_y': 0.0, 'yaw_ins': 0.0, 'wp_current': 0, 'wp_count': 0, 'found_wp': 0, 'dis_ins': 0.0}
  [2026-06-11T06:06:25.985068] I: {'ins_mode': 4, 'realtime_x': -1138.26, 'realtime_y': -14.71, 'target_x': 0.0, 'target_y': 0.0, 'yaw_ins': 0.0, 'wp_current': 0, 'wp_count': 0, 'found_wp': 0, 'dis_ins': 0.0}
  [2026-06-11T06:06:26.013852] I: {'ins_mode': 4, 'realtime_x': -1138.26, 'realtime_y': -14.71, 'target_x': 0.0, 'target_y': 0.0, 'yaw_ins': 0.0, 'wp_current': 0, 'wp_count': 0, 'found_wp': 0, 'dis_ins': 0.0}
  [2026-06-11T06:06:26.052288] I: {'ins_mode': 4, 'realtime_x': -1138.26, 'realtime_y': -14.71, 'target_x': 0.0, 'target_y': 0.0, 'yaw_ins': 0.0, 'wp_current': 0, 'wp_count': 0, 'found_wp': 0, 'dis_ins': 0.0}
  [2026-06-11T06:06:26.104222] I: {'ins_mode': 4, 'realtime_x': -1138.26, 'realtime_y': -14.71, 'target_x': 0.0, 'target_y': 0.0, 'yaw_ins': 0.0, 'wp_current': 0, 'wp_count': 0, 'found_wp': 0, 'dis_ins': 0.0}
  [2026-06-11T06:06:26.142911] I: {'ins_mode': 4, 'realtime_x': -1138.26, 'realtime_y': -14.71, 'target_x': 0.0, 'target_y': 0.0, 'yaw_ins': 0.0, 'wp_current': 0, 'wp_count': 0, 'found_wp': 0, 'dis_ins': 0.0}
  [2026-06-11T06:06:26.185103] I: {'ins_mode': 4, 'realtime_x': -1138.26, 'realtime_y': -14.71, 'target_x': 0.0, 'target_y': 0.0, 'yaw_ins': 0.0, 'wp_current': 0, 'wp_count': 0, 'found_wp': 0, 'dis_ins': 0.0}
  [2026-06-11T06:06:26.232156] I: {'ins_mode': 4, 'realtime_x': -1138.25, 'realtime_y': -14.71, 'target_x': 0.0, 'target_y': 0.0, 'yaw_ins': 0.0, 'wp_current': 0, 'wp_count': 0, 'found_wp': 0, 'dis_ins': 0.0}
  [2026-06-11T06:06:26.285837] I: {'ins_mode': 4, 'realtime_x': -1138.25, 'realtime_y': -14.71, 'target_x': 0.0, 'target_y': 0.0, 'yaw_ins': 0.0, 'wp_current': 0, 'wp_count': 0, 'found_wp': 0, 'dis_ins': 0.0}
  [2026-06-11T06:06:26.323038] I: {'ins_mode': 4, 'realtime_x': -1138.25, 'realtime_y': -14.71, 'target_x': 0.0, 'target_y': 0.0, 'yaw_ins': 0.0, 'wp_current': 0, 'wp_count': 0, 'found_wp': 0, 'dis_ins': 0.0}
  [2026-06-11T06:06:26.360557] I: {'ins_mode': 4, 'realtime_x': -1138.03, 'realtime_y': -14.77, 'target_x': 0.0, 'target_y': 0.0, 'yaw_ins': 0.0, 'wp_current': 0, 'wp_count': 0, 'found_wp': 0, 'dis_ins': 0.0}
  [2026-06-11T06:06:26.410814] I: {'ins_mode': 4, 'realtime_x': -1137.52, 'realtime_y': -14.89, 'target_x': 0.0, 'target_y': 0.0, 'yaw_ins': 0.0, 'wp_current': 0, 'wp_count': 0, 'found_wp': 0, 'dis_ins': 0.0}
  [2026-06-11T06:06:26.471815] I: {'ins_mode': 4, 'realtime_x': -1137.08, 'realtime_y': -14.99, 'target_x': 0.0, 'target_y': 0.0, 'yaw_ins': 0.0, 'wp_current': 0, 'wp_count': 0, 'found_wp': 0, 'dis_ins': 0.0}
  [2026-06-11T06:06:26.486779] I: {'ins_mode': 4, 'realtime_x': -1136.34, 'realtime_y': -15.14, 'target_x': 0.0, 'target_y': 0.0, 'yaw_ins': 0.0, 'wp_current': 0, 'wp_count': 0, 'found_wp': 0, 'dis_ins': 0.0}
  [2026-06-11T06:06:26.527086] I: {'ins_mode': 4, 'realtime_x': -1135.78, 'realtime_y': -15.25, 'target_x': 0.0, 'target_y': 0.0, 'yaw_ins': 0.0, 'wp_current': 0, 'wp_count': 0, 'found_wp': 0, 'dis_ins': 0.0}
  [2026-06-11T06:06:26.589014] I: {'ins_mode': 4, 'realtime_x': -1134.85, 'realtime_y': -15.43, 'target_x': 0.0, 'target_y': 0.0, 'yaw_ins': 0.0, 'wp_current': 0, 'wp_count': 0, 'found_wp': 0, 'dis_ins': 0.0}
  [2026-06-11T06:06:26.622448] I: {'ins_mode': 4, 'realtime_x': -1134.18, 'realtime_y': -15.55, 'target_x': 0.0, 'target_y': 0.0, 'yaw_ins': 0.0, 'wp_current': 0, 'wp_count': 0, 'found_wp': 0, 'dis_ins': 0.0}
  [2026-06-11T06:06:26.659514] I: {'ins_mode': 4, 'realtime_x': -1132.99, 'realtime_y': -15.76, 'target_x': 0.0, 'target_y': 0.0, 'yaw_ins': 0.0, 'wp_current': 0, 'wp_count': 0, 'found_wp': 0, 'dis_ins': 0.0}
  [2026-06-11T06:06:26.706114] I: {'ins_mode': 4, 'realtime_x': -1132.13, 'realtime_y': -15.92, 'target_x': 0.0, 'target_y': 0.0, 'yaw_ins': 0.0, 'wp_current': 0, 'wp_count': 0, 'found_wp': 0, 'dis_ins': 0.0}
  [2026-06-11T06:06:26.769886] I: {'ins_mode': 4, 'realtime_x': -1130.84, 'realtime_y': -16.15, 'target_x': 0.0, 'target_y': 0.0, 'yaw_ins': 0.0, 'wp_current': 0, 'wp_count': 0, 'found_wp': 0, 'dis_ins': 0.0}
  [2026-06-11T06:06:26.784525] I: {'ins_mode': 4, 'realtime_x': -1130.04, 'realtime_y': -16.31, 'target_x': 0.0, 'target_y': 0.0, 'yaw_ins': 0.0, 'wp_current': 0, 'wp_count': 0, 'found_wp': 0, 'dis_ins': 0.0}
  [2026-06-11T06:06:26.837173] I: {'ins_mode': 4, 'realtime_x': -1129.05, 'realtime_y': -16.53, 'target_x': 0.0, 'target_y': 0.0, 'yaw_ins': 0.0, 'wp_current': 0, 'wp_count': 0, 'found_wp': 0, 'dis_ins': 0.0}
  [2026-06-11T06:06:26.905306] I: {'ins_mode': 4, 'realtime_x': -1128.54, 'realtime_y': -16.65, 'target_x': 0.0, 'target_y': 0.0, 'yaw_ins': 0.0, 'wp_current': 0, 'wp_count': 0, 'found_wp': 0, 'dis_ins': 0.0}
  [2026-06-11T06:06:26.920494] I: {'ins_mode': 4, 'realtime_x': -1127.91, 'realtime_y': -16.79, 'target_x': 0.0, 'target_y': 0.0, 'yaw_ins': 0.0, 'wp_current': 0, 'wp_count': 0, 'found_wp': 0, 'dis_ins': 0.0}
  [2026-06-11T06:06:26.966322] I: {'ins_mode': 4, 'realtime_x': -1127.76, 'realtime_y': -16.82, 'target_x': 0.0, 'target_y': 0.0, 'yaw_ins': 0.0, 'wp_current': 0, 'wp_count': 0, 'found_wp': 0, 'dis_ins': 0.0}
  [2026-06-11T06:06:27.025024] I: {'ins_mode': 4, 'realtime_x': -1127.79, 'realtime_y': -16.82, 'target_x': 0.0, 'target_y': 0.0, 'yaw_ins': 0.0, 'wp_current': 0, 'wp_count': 0, 'found_wp': 0, 'dis_ins': 0.0}
  [2026-06-11T06:06:27.048583] I: {'ins_mode': 4, 'realtime_x': -1127.79, 'realtime_y': -16.82, 'target_x': 0.0, 'target_y': 0.0, 'yaw_ins': 0.0, 'wp_current': 0, 'wp_count': 0, 'found_wp': 0, 'dis_ins': 0.0}
  [2026-06-11T06:06:27.087559] I: {'ins_mode': 4, 'realtime_x': -1127.79, 'realtime_y': -16.82, 'target_x': 0.0, 'target_y': 0.0, 'yaw_ins': 0.0, 'wp_current': 0, 'wp_count': 0, 'found_wp': 0, 'dis_ins': 0.0}
  [2026-06-11T06:06:27.156040] I: {'ins_mode': 4, 'realtime_x': -1127.79, 'realtime_y': -16.82, 'target_x': 0.0, 'target_y': 0.0, 'yaw_ins': 0.0, 'wp_current': 0, 'wp_count': 0, 'found_wp': 0, 'dis_ins': 0.0}
  [2026-06-11T06:06:27.175884] I: {'ins_mode': 4, 'realtime_x': -1127.79, 'realtime_y': -16.82, 'target_x': 0.0, 'target_y': 0.0, 'yaw_ins': 0.0, 'wp_current': 0, 'wp_count': 0, 'found_wp': 0, 'dis_ins': 0.0}
  [2026-06-11T06:06:27.215687] I: {'ins_mode': 4, 'realtime_x': -1127.79, 'realtime_y': -16.82, 'target_x': 0.0, 'target_y': 0.0, 'yaw_ins': 0.0, 'wp_current': 0, 'wp_count': 0, 'found_wp': 0, 'dis_ins': 0.0}
  [2026-06-11T06:06:27.274695] I: {'ins_mode': 4, 'realtime_x': -1127.79, 'realtime_y': -16.82, 'target_x': 0.0, 'target_y': 0.0, 'yaw_ins': 0.0, 'wp_current': 0, 'wp_count': 0, 'found_wp': 0, 'dis_ins': 0.0}
  [2026-06-11T06:06:27.337664] I: {'ins_mode': 4, 'realtime_x': -1127.79, 'realtime_y': -16.82, 'target_x': 0.0, 'target_y': 0.0, 'yaw_ins': 0.0, 'wp_current': 0, 'wp_count': 0, 'found_wp': 0, 'dis_ins': 0.0}
  [2026-06-11T06:06:27.357473] I: {'ins_mode': 4, 'realtime_x': -1127.79, 'realtime_y': -16.82, 'target_x': 0.0, 'target_y': 0.0, 'yaw_ins': 0.0, 'wp_current': 0, 'wp_count': 0, 'found_wp': 0, 'dis_ins': 0.0}
  [2026-06-11T06:06:27.389860] I: {'ins_mode': 4, 'realtime_x': -1128.05, 'realtime_y': -16.75, 'target_x': 0.0, 'target_y': 0.0, 'yaw_ins': 0.0, 'wp_current': 0, 'wp_count': 0, 'found_wp': 0, 'dis_ins': 0.0}
  [2026-06-11T06:06:27.453551] I: {'ins_mode': 4, 'realtime_x': -1128.25, 'realtime_y': -16.69, 'target_x': 0.0, 'target_y': 0.0, 'yaw_ins': 0.0, 'wp_current': 0, 'wp_count': 0, 'found_wp': 0, 'dis_ins': 0.0}
  [2026-06-11T06:06:27.486705] I: {'ins_mode': 4, 'realtime_x': -1128.16, 'realtime_y': -16.72, 'target_x': 0.0, 'target_y': 0.0, 'yaw_ins': 0.0, 'wp_current': 0, 'wp_count': 0, 'found_wp': 0, 'dis_ins': 0.0}
  [2026-06-11T06:06:27.521915] I: {'ins_mode': 4, 'realtime_x': -1128.05, 'realtime_y': -16.75, 'target_x': 0.0, 'target_y': 0.0, 'yaw_ins': 0.0, 'wp_current': 0, 'wp_count': 0, 'found_wp': 0, 'dis_ins': 0.0}
  [2026-06-11T06:06:27.582804] I: {'ins_mode': 4, 'realtime_x': -1127.91, 'realtime_y': -16.78, 'target_x': 0.0, 'target_y': 0.0, 'yaw_ins': 0.0, 'wp_current': 0, 'wp_count': 0, 'found_wp': 0, 'dis_ins': 0.0}
  [2026-06-11T06:06:27.598220] I: {'ins_mode': 4, 'realtime_x': -1127.38, 'realtime_y': -16.9, 'target_x': 0.0, 'target_y': 0.0, 'yaw_ins': 0.0, 'wp_current': 0, 'wp_count': 0, 'found_wp': 0, 'dis_ins': 0.0}
  [2026-06-11T06:06:27.649339] I: {'ins_mode': 4, 'realtime_x': -1126.86, 'realtime_y': -17.01, 'target_x': 0.0, 'target_y': 0.0, 'yaw_ins': 0.0, 'wp_current': 0, 'wp_count': 0, 'found_wp': 0, 'dis_ins': 0.0}
  [2026-06-11T06:06:27.706213] I: {'ins_mode': 4, 'realtime_x': -1125.77, 'realtime_y': -17.24, 'target_x': 0.0, 'target_y': 0.0, 'yaw_ins': 0.0, 'wp_current': 0, 'wp_count': 0, 'found_wp': 0, 'dis_ins': 0.0}
  [2026-06-11T06:06:27.764462] I: {'ins_mode': 4, 'realtime_x': -1124.95, 'realtime_y': -17.41, 'target_x': 0.0, 'target_y': 0.0, 'yaw_ins': 0.0, 'wp_current': 0, 'wp_count': 0, 'found_wp': 0, 'dis_ins': 0.0}
  [2026-06-11T06:06:27.779263] I: {'ins_mode': 4, 'realtime_x': -1123.7, 'realtime_y': -17.66, 'target_x': 0.0, 'target_y': 0.0, 'yaw_ins': 0.0, 'wp_current': 0, 'wp_count': 0, 'found_wp': 0, 'dis_ins': 0.0}
  [2026-06-11T06:06:27.824934] I: {'ins_mode': 4, 'realtime_x': -1122.85, 'realtime_y': -17.81, 'target_x': 0.0, 'target_y': 0.0, 'yaw_ins': 0.0, 'wp_current': 0, 'wp_count': 0, 'found_wp': 0, 'dis_ins': 0.0}
  [2026-06-11T06:06:27.856310] I: {'ins_mode': 4, 'realtime_x': -1121.62, 'realtime_y': -18.02, 'target_x': 0.0, 'target_y': 0.0, 'yaw_ins': 0.0, 'wp_current': 0, 'wp_count': 0, 'found_wp': 0, 'dis_ins': 0.0}
  [2026-06-11T06:06:27.902414] I: {'ins_mode': 4, 'realtime_x': -1120.86, 'realtime_y': -18.15, 'target_x': 0.0, 'target_y': 0.0, 'yaw_ins': 0.0, 'wp_current': 0, 'wp_count': 0, 'found_wp': 0, 'dis_ins': 0.0}
  [2026-06-11T06:06:27.947160] I: {'ins_mode': 4, 'realtime_x': -1119.85, 'realtime_y': -18.32, 'target_x': 0.0, 'target_y': 0.0, 'yaw_ins': 0.0, 'wp_current': 0, 'wp_count': 0, 'found_wp': 0, 'dis_ins': 0.0}
  [2026-06-11T06:06:28.003759] I: {'ins_mode': 4, 'realtime_x': -1119.41, 'realtime_y': -18.4, 'target_x': 0.0, 'target_y': 0.0, 'yaw_ins': 0.0, 'wp_current': 0, 'wp_count': 0, 'found_wp': 0, 'dis_ins': 0.0}
  [2026-06-11T06:06:28.039099] I: {'ins_mode': 4, 'realtime_x': -1119.18, 'realtime_y': -18.45, 'target_x': 0.0, 'target_y': 0.0, 'yaw_ins': 0.0, 'wp_current': 0, 'wp_count': 0, 'found_wp': 0, 'dis_ins': 0.0}
  [2026-06-11T06:06:28.076567] I: {'ins_mode': 4, 'realtime_x': -1119.22, 'realtime_y': -18.44, 'target_x': 0.0, 'target_y': 0.0, 'yaw_ins': 0.0, 'wp_current': 0, 'wp_count': 0, 'found_wp': 0, 'dis_ins': 0.0}
  [2026-06-11T06:06:28.156670] I: {'ins_mode': 4, 'realtime_x': -1119.36, 'realtime_y': -18.41, 'target_x': 0.0, 'target_y': 0.0, 'yaw_ins': 0.0, 'wp_current': 0, 'wp_count': 0, 'found_wp': 0, 'dis_ins': 0.0}
  [2026-06-11T06:06:28.198003] I: {'ins_mode': 4, 'realtime_x': -1119.36, 'realtime_y': -18.41, 'target_x': 0.0, 'target_y': 0.0, 'yaw_ins': 0.0, 'wp_current': 0, 'wp_count': 0, 'found_wp': 0, 'dis_ins': 0.0}
  [2026-06-11T06:06:28.225277] I: {'ins_mode': 4, 'realtime_x': -1119.36, 'realtime_y': -18.41, 'target_x': 0.0, 'target_y': 0.0, 'yaw_ins': 0.0, 'wp_current': 0, 'wp_count': 0, 'found_wp': 0, 'dis_ins': 0.0}
  [2026-06-11T06:06:28.261035] I: {'ins_mode': 4, 'realtime_x': -1119.36, 'realtime_y': -18.41, 'target_x': 0.0, 'target_y': 0.0, 'yaw_ins': 0.0, 'wp_current': 0, 'wp_count': 0, 'found_wp': 0, 'dis_ins': 0.0}
  [2026-06-11T06:06:28.305617] I: {'ins_mode': 4, 'realtime_x': -1119.36, 'realtime_y': -18.41, 'target_x': 0.0, 'target_y': 0.0, 'yaw_ins': 0.0, 'wp_current': 0, 'wp_count': 0, 'found_wp': 0, 'dis_ins': 0.0}
  [2026-06-11T06:06:28.341482] I: {'ins_mode': 4, 'realtime_x': -1119.36, 'realtime_y': -18.41, 'target_x': 0.0, 'target_y': 0.0, 'yaw_ins': 0.0, 'wp_current': 0, 'wp_count': 0, 'found_wp': 0, 'dis_ins': 0.0}
  [2026-06-11T06:06:28.377082] I: {'ins_mode': 4, 'realtime_x': -1119.36, 'realtime_y': -18.41, 'target_x': 0.0, 'target_y': 0.0, 'yaw_ins': 0.0, 'wp_current': 0, 'wp_count': 0, 'found_wp': 0, 'dis_ins': 0.0}
  [2026-06-11T06:06:28.436109] I: {'ins_mode': 4, 'realtime_x': -1119.36, 'realtime_y': -18.41, 'target_x': 0.0, 'target_y': 0.0, 'yaw_ins': 0.0, 'wp_current': 0, 'wp_count': 0, 'found_wp': 0, 'dis_ins': 0.0}
  [2026-06-11T06:06:28.470085] I: {'ins_mode': 4, 'realtime_x': -1119.44, 'realtime_y': -18.39, 'target_x': -1119.44, 'target_y': -18.39, 'yaw_ins': 0.0, 'wp_current': 0, 'wp_count': 1, 'found_wp': 0, 'dis_ins': 0.0}
  [2026-06-11T06:06:28.501805] W: {'wp_index': 1, 'wp_x': -1119.44, 'wp_y': -18.39, 'ins_mode': 4}
  [2026-06-11T06:06:28.517872] I: {'ins_mode': 4, 'realtime_x': -1119.64, 'realtime_y': -18.35, 'target_x': -1119.44, 'target_y': -18.39, 'yaw_ins': 0.0, 'wp_current': 0, 'wp_count': 1, 'found_wp': 0, 'dis_ins': 0.0}
  [2026-06-11T06:06:28.565429] W: {'wp_index': 1, 'wp_x': -1119.44, 'wp_y': -18.39, 'ins_mode': 4}
  [2026-06-11T06:06:28.581953] I: {'ins_mode': 4, 'realtime_x': -1119.83, 'realtime_y': -18.3, 'target_x': -1119.44, 'target_y': -18.39, 'yaw_ins': 0.0, 'wp_current': 0, 'wp_count': 1, 'found_wp': 0, 'dis_ins': 0.0}
  [2026-06-11T06:06:28.591981] W: {'wp_index': 1, 'wp_x': -1119.44, 'wp_y': -18.39, 'ins_mode': 4}
  [2026-06-11T06:06:28.625300] I: {'ins_mode': 4, 'realtime_x': -1119.69, 'realtime_y': -18.33, 'target_x': -1119.44, 'target_y': -18.39, 'yaw_ins': 0.0, 'wp_current': 0, 'wp_count': 1, 'found_wp': 0, 'dis_ins': 0.0}
  [2026-06-11T06:06:28.628881] W: {'wp_index': 1, 'wp_x': -1119.44, 'wp_y': -18.39, 'ins_mode': 4}
  [2026-06-11T06:06:28.648871] I: {'ins_mode': 4, 'realtime_x': -1118.98, 'realtime_y': -18.47, 'target_x': -1119.44, 'target_y': -18.39, 'yaw_ins': 0.0, 'wp_current': 0, 'wp_count': 1, 'found_wp': 0, 'dis_ins': 0.0}
  [2026-06-11T06:06:28.656134] W: {'wp_index': 1, 'wp_x': -1119.44, 'wp_y': -18.39, 'ins_mode': 4}
  [2026-06-11T06:06:28.694155] I: {'ins_mode': 4, 'realtime_x': -1118.2, 'realtime_y': -18.62, 'target_x': -1119.44, 'target_y': -18.39, 'yaw_ins': 0.0, 'wp_current': 0, 'wp_count': 1, 'found_wp': 0, 'dis_ins': 0.0}
  [2026-06-11T06:06:28.696360] W: {'wp_index': 1, 'wp_x': -1119.44, 'wp_y': -18.39, 'ins_mode': 4}
  [2026-06-11T06:06:28.758999] I: {'ins_mode': 4, 'realtime_x': -1116.91, 'realtime_y': -18.85, 'target_x': -1119.44, 'target_y': -18.39, 'yaw_ins': 0.0, 'wp_current': 0, 'wp_count': 1, 'found_wp': 0, 'dis_ins': 0.0}
  [2026-06-11T06:06:28.761439] W: {'wp_index': 1, 'wp_x': -1119.44, 'wp_y': -18.39, 'ins_mode': 4}
  [2026-06-11T06:06:28.788754] I: {'ins_mode': 4, 'realtime_x': -1115.99, 'realtime_y': -19.0, 'target_x': -1119.44, 'target_y': -18.39, 'yaw_ins': 0.0, 'wp_current': 0, 'wp_count': 1, 'found_wp': 0, 'dis_ins': 0.0}
  [2026-06-11T06:06:28.800972] W: {'wp_index': 1, 'wp_x': -1119.44, 'wp_y': -18.39, 'ins_mode': 4}
  [2026-06-11T06:06:28.833117] I: {'ins_mode': 4, 'realtime_x': -1114.49, 'realtime_y': -19.24, 'target_x': -1119.44, 'target_y': -18.39, 'yaw_ins': 0.0, 'wp_current': 0, 'wp_count': 1, 'found_wp': 0, 'dis_ins': 0.0}
  [2026-06-11T06:06:28.836705] W: {'wp_index': 1, 'wp_x': -1119.44, 'wp_y': -18.39, 'ins_mode': 4}
  [2026-06-11T06:06:28.892398] I: {'ins_mode': 4, 'realtime_x': -1113.43, 'realtime_y': -19.4, 'target_x': -1119.44, 'target_y': -18.39, 'yaw_ins': 0.0, 'wp_current': 0, 'wp_count': 1, 'found_wp': 0, 'dis_ins': 0.0}
  [2026-06-11T06:06:28.894797] W: {'wp_index': 1, 'wp_x': -1119.44, 'wp_y': -18.39, 'ins_mode': 4}
  [2026-06-11T06:06:28.924466] I: {'ins_mode': 4, 'realtime_x': -1111.96, 'realtime_y': -19.62, 'target_x': -1119.44, 'target_y': -18.39, 'yaw_ins': 0.0, 'wp_current': 0, 'wp_count': 1, 'found_wp': 0, 'dis_ins': 0.0}
  [2026-06-11T06:06:28.931854] W: {'wp_index': 1, 'wp_x': -1119.44, 'wp_y': -18.39, 'ins_mode': 4}
  [2026-06-11T06:06:28.985503] I: {'ins_mode': 4, 'realtime_x': -1111.17, 'realtime_y': -19.75, 'target_x': -1119.44, 'target_y': -18.39, 'yaw_ins': 0.0, 'wp_current': 0, 'wp_count': 1, 'found_wp': 0, 'dis_ins': 0.0}
  [2026-06-11T06:06:29.033444] W: {'wp_index': 1, 'wp_x': -1119.44, 'wp_y': -18.39, 'ins_mode': 4}
  [2026-06-11T06:06:29.068984] I: {'ins_mode': 4, 'realtime_x': -1110.41, 'realtime_y': -19.89, 'target_x': -1119.44, 'target_y': -18.39, 'yaw_ins': 0.0, 'wp_current': 0, 'wp_count': 1, 'found_wp': 0, 'dis_ins': 0.0}
  [2026-06-11T06:06:29.110135] W: {'wp_index': 1, 'wp_x': -1119.44, 'wp_y': -18.39, 'ins_mode': 4}
  [2026-06-11T06:06:29.137869] I: {'ins_mode': 4, 'realtime_x': -1110.15, 'realtime_y': -19.94, 'target_x': -1119.44, 'target_y': -18.39, 'yaw_ins': 0.0, 'wp_current': 0, 'wp_count': 1, 'found_wp': 0, 'dis_ins': 0.0}
  [2026-06-11T06:06:29.182129] W: {'wp_index': 1, 'wp_x': -1119.44, 'wp_y': -18.39, 'ins_mode': 4}
  [2026-06-11T06:06:29.215563] I: {'ins_mode': 4, 'realtime_x': -1110.16, 'realtime_y': -19.94, 'target_x': -1119.44, 'target_y': -18.39, 'yaw_ins': 0.0, 'wp_current': 0, 'wp_count': 1, 'found_wp': 0, 'dis_ins': 0.0}
  [2026-06-11T06:06:29.222147] W: {'wp_index': 1, 'wp_x': -1119.44, 'wp_y': -18.39, 'ins_mode': 4}
  [2026-06-11T06:06:29.258555] I: {'ins_mode': 4, 'realtime_x': -1110.16, 'realtime_y': -19.94, 'target_x': -1119.44, 'target_y': -18.39, 'yaw_ins': 0.0, 'wp_current': 0, 'wp_count': 1, 'found_wp': 0, 'dis_ins': 0.0}
  [2026-06-11T06:06:29.279952] W: {'wp_index': 1, 'wp_x': -1119.44, 'wp_y': -18.39, 'ins_mode': 4}
  [2026-06-11T06:06:29.320494] I: {'ins_mode': 4, 'realtime_x': -1110.16, 'realtime_y': -19.94, 'target_x': -1119.44, 'target_y': -18.39, 'yaw_ins': 0.0, 'wp_current': 0, 'wp_count': 1, 'found_wp': 0, 'dis_ins': 0.0}
  [2026-06-11T06:06:29.323663] W: {'wp_index': 1, 'wp_x': -1119.44, 'wp_y': -18.39, 'ins_mode': 4}
  [2026-06-11T06:06:29.360943] I: {'ins_mode': 4, 'realtime_x': -1110.16, 'realtime_y': -19.94, 'target_x': -1119.44, 'target_y': -18.39, 'yaw_ins': 0.0, 'wp_current': 0, 'wp_count': 1, 'found_wp': 0, 'dis_ins': 0.0}
  [2026-06-11T06:06:29.400786] W: {'wp_index': 1, 'wp_x': -1119.44, 'wp_y': -18.39, 'ins_mode': 4}
  [2026-06-11T06:06:29.426261] I: {'ins_mode': 4, 'realtime_x': -1110.16, 'realtime_y': -19.94, 'target_x': -1119.44, 'target_y': -18.39, 'yaw_ins': 0.0, 'wp_current': 0, 'wp_count': 1, 'found_wp': 0, 'dis_ins': 0.0}
  [2026-06-11T06:06:29.469246] W: {'wp_index': 1, 'wp_x': -1119.44, 'wp_y': -18.39, 'ins_mode': 4}
  [2026-06-11T06:06:29.474518] I: {'ins_mode': 4, 'realtime_x': -1110.16, 'realtime_y': -19.94, 'target_x': -1119.44, 'target_y': -18.39, 'yaw_ins': 0.0, 'wp_current': 0, 'wp_count': 1, 'found_wp': 0, 'dis_ins': 0.0}
  [2026-06-11T06:06:29.476527] W: {'wp_index': 1, 'wp_x': -1119.44, 'wp_y': -18.39, 'ins_mode': 4}
  [2026-06-11T06:06:29.505307] I: {'ins_mode': 4, 'realtime_x': -1110.16, 'realtime_y': -19.94, 'target_x': -1119.44, 'target_y': -18.39, 'yaw_ins': 0.0, 'wp_current': 0, 'wp_count': 1, 'found_wp': 0, 'dis_ins': 0.0}
  [2026-06-11T06:06:29.547730] W: {'wp_index': 1, 'wp_x': -1119.44, 'wp_y': -18.39, 'ins_mode': 4}
  [2026-06-11T06:06:29.576686] I: {'ins_mode': 4, 'realtime_x': -1110.16, 'realtime_y': -19.94, 'target_x': -1119.44, 'target_y': -18.39, 'yaw_ins': 0.0, 'wp_current': 0, 'wp_count': 1, 'found_wp': 0, 'dis_ins': 0.0}
  [2026-06-11T06:06:29.620898] W: {'wp_index': 1, 'wp_x': -1119.44, 'wp_y': -18.39, 'ins_mode': 4}
  [2026-06-11T06:06:29.626886] I: {'ins_mode': 4, 'realtime_x': -1110.68, 'realtime_y': -19.82, 'target_x': -1119.44, 'target_y': -18.39, 'yaw_ins': 0.0, 'wp_current': 0, 'wp_count': 1, 'found_wp': 0, 'dis_ins': 0.0}
  [2026-06-11T06:06:29.630059] W: {'wp_index': 1, 'wp_x': -1119.44, 'wp_y': -18.39, 'ins_mode': 4}
  [2026-06-11T06:06:29.664341] I: {'ins_mode': 4, 'realtime_x': -1110.86, 'realtime_y': -19.78, 'target_x': -1119.44, 'target_y': -18.39, 'yaw_ins': 0.0, 'wp_current': 0, 'wp_count': 1, 'found_wp': 0, 'dis_ins': 0.0}
  [2026-06-11T06:06:29.735878] W: {'wp_index': 1, 'wp_x': -1119.44, 'wp_y': -18.39, 'ins_mode': 4}
  [2026-06-11T06:06:29.792557] I: {'ins_mode': 4, 'realtime_x': -1111.11, 'realtime_y': -19.72, 'target_x': -1119.44, 'target_y': -18.39, 'yaw_ins': 0.0, 'wp_current': 0, 'wp_count': 1, 'found_wp': 0, 'dis_ins': 0.0}
  [2026-06-11T06:06:29.857594] W: {'wp_index': 1, 'wp_x': -1119.44, 'wp_y': -18.39, 'ins_mode': 4}
  [2026-06-11T06:06:29.864982] I: {'ins_mode': 4, 'realtime_x': -1111.07, 'realtime_y': -19.73, 'target_x': -1119.44, 'target_y': -18.39, 'yaw_ins': 0.0, 'wp_current': 0, 'wp_count': 1, 'found_wp': 0, 'dis_ins': 0.0}
  [2026-06-11T06:06:29.894405] W: {'wp_index': 1, 'wp_x': -1119.44, 'wp_y': -18.39, 'ins_mode': 4}
  [2026-06-11T06:06:29.941289] I: {'ins_mode': 4, 'realtime_x': -1110.55, 'realtime_y': -19.82, 'target_x': -1119.44, 'target_y': -18.39, 'yaw_ins': 0.0, 'wp_current': 0, 'wp_count': 1, 'found_wp': 0, 'dis_ins': 0.0}
  [2026-06-11T06:06:29.945543] W: {'wp_index': 1, 'wp_x': -1119.44, 'wp_y': -18.39, 'ins_mode': 4}
  [2026-06-11T06:06:30.023854] I: {'ins_mode': 4, 'realtime_x': -1109.91, 'realtime_y': -19.93, 'target_x': -1119.44, 'target_y': -18.39, 'yaw_ins': 0.0, 'wp_current': 0, 'wp_count': 1, 'found_wp': 0, 'dis_ins': 0.0}
  [2026-06-11T06:06:30.056711] W: {'wp_index': 1, 'wp_x': -1119.44, 'wp_y': -18.39, 'ins_mode': 4}
  [2026-06-11T06:06:30.063215] I: {'ins_mode': 4, 'realtime_x': -1108.7, 'realtime_y': -20.12, 'target_x': -1119.44, 'target_y': -18.39, 'yaw_ins': 0.0, 'wp_current': 0, 'wp_count': 1, 'found_wp': 0, 'dis_ins': 0.0}
  [2026-06-11T06:06:30.142792] W: {'wp_index': 1, 'wp_x': -1119.44, 'wp_y': -18.39, 'ins_mode': 4}
  [2026-06-11T06:06:30.226129] I: {'ins_mode': 4, 'realtime_x': -1107.73, 'realtime_y': -20.26, 'target_x': -1119.44, 'target_y': -18.39, 'yaw_ins': 0.0, 'wp_current': 0, 'wp_count': 1, 'found_wp': 0, 'dis_ins': 0.0}
  [2026-06-11T06:06:30.302367] W: {'wp_index': 1, 'wp_x': -1119.44, 'wp_y': -18.39, 'ins_mode': 4}
  [2026-06-11T06:06:30.379347] I: {'ins_mode': 4, 'realtime_x': -1106.16, 'realtime_y': -20.47, 'target_x': -1119.44, 'target_y': -18.39, 'yaw_ins': 0.0, 'wp_current': 0, 'wp_count': 1, 'found_wp': 0, 'dis_ins': 0.0}
  [2026-06-11T06:06:30.457043] W: {'wp_index': 1, 'wp_x': -1119.44, 'wp_y': -18.39, 'ins_mode': 4}
  [2026-06-11T06:06:30.492231] I: {'ins_mode': 4, 'realtime_x': -1105.08, 'realtime_y': -20.6, 'target_x': -1119.44, 'target_y': -18.39, 'yaw_ins': 0.0, 'wp_current': 0, 'wp_count': 1, 'found_wp': 0, 'dis_ins': 0.0}
  [2026-06-11T06:06:30.494386] W: {'wp_index': 1, 'wp_x': -1119.44, 'wp_y': -18.39, 'ins_mode': 4}
  [2026-06-11T06:06:30.551758] I: {'ins_mode': 4, 'realtime_x': -1103.7, 'realtime_y': -20.78, 'target_x': -1119.44, 'target_y': -18.39, 'yaw_ins': 0.0, 'wp_current': 0, 'wp_count': 1, 'found_wp': 0, 'dis_ins': 0.0}
  [2026-06-11T06:06:30.625772] W: {'wp_index': 1, 'wp_x': -1119.44, 'wp_y': -18.39, 'ins_mode': 4}
  [2026-06-11T06:06:30.631964] I: {'ins_mode': 4, 'realtime_x': -1102.99, 'realtime_y': -20.89, 'target_x': -1119.44, 'target_y': -18.39, 'yaw_ins': 0.0, 'wp_current': 0, 'wp_count': 1, 'found_wp': 0, 'dis_ins': 0.0}
  [2026-06-11T06:06:30.670775] W: {'wp_index': 1, 'wp_x': -1119.44, 'wp_y': -18.39, 'ins_mode': 4}
  [2026-06-11T06:06:30.741183] I: {'ins_mode': 4, 'realtime_x': -1102.37, 'realtime_y': -20.99, 'target_x': -1119.44, 'target_y': -18.39, 'yaw_ins': 0.0, 'wp_current': 0, 'wp_count': 1, 'found_wp': 0, 'dis_ins': 0.0}
  [2026-06-11T06:06:30.762976] W: {'wp_index': 1, 'wp_x': -1119.44, 'wp_y': -18.39, 'ins_mode': 4}
  [2026-06-11T06:06:30.767594] I: {'ins_mode': 4, 'realtime_x': -1102.01, 'realtime_y': -21.04, 'target_x': -1119.44, 'target_y': -18.39, 'yaw_ins': 0.0, 'wp_current': 0, 'wp_count': 1, 'found_wp': 0, 'dis_ins': 0.0}
  [2026-06-11T06:06:30.815017] W: {'wp_index': 1, 'wp_x': -1119.44, 'wp_y': -18.39, 'ins_mode': 4}
  [2026-06-11T06:06:30.866821] I: {'ins_mode': 4, 'realtime_x': -1101.69, 'realtime_y': -21.09, 'target_x': -1119.44, 'target_y': -18.39, 'yaw_ins': 0.0, 'wp_current': 0, 'wp_count': 1, 'found_wp': 0, 'dis_ins': 0.0}
  [2026-06-11T06:06:30.946321] W: {'wp_index': 1, 'wp_x': -1119.44, 'wp_y': -18.39, 'ins_mode': 4}
  [2026-06-11T06:06:30.999375] I: {'ins_mode': 4, 'realtime_x': -1101.66, 'realtime_y': -21.09, 'target_x': -1119.44, 'target_y': -18.39, 'yaw_ins': 0.0, 'wp_current': 0, 'wp_count': 1, 'found_wp': 0, 'dis_ins': 0.0}
  [2026-06-11T06:06:31.044862] W: {'wp_index': 1, 'wp_x': -1119.44, 'wp_y': -18.39, 'ins_mode': 4}
  [2026-06-11T06:06:31.149865] I: {'ins_mode': 4, 'realtime_x': -1101.66, 'realtime_y': -21.09, 'target_x': -1119.44, 'target_y': -18.39, 'yaw_ins': 0.0, 'wp_current': 0, 'wp_count': 1, 'found_wp': 0, 'dis_ins': 0.0}
  [2026-06-11T06:06:31.251932] W: {'wp_index': 1, 'wp_x': -1119.44, 'wp_y': -18.39, 'ins_mode': 4}
  [2026-06-11T06:06:31.347857] I: {'ins_mode': 4, 'realtime_x': -1101.66, 'realtime_y': -21.09, 'target_x': -1119.44, 'target_y': -18.39, 'yaw_ins': 0.0, 'wp_current': 0, 'wp_count': 1, 'found_wp': 0, 'dis_ins': 0.0}
  [2026-06-11T06:06:31.351160] W: {'wp_index': 1, 'wp_x': -1119.44, 'wp_y': -18.39, 'ins_mode': 4}
  [2026-06-11T06:06:31.440960] I: {'ins_mode': 4, 'realtime_x': -1101.66, 'realtime_y': -21.09, 'target_x': -1119.44, 'target_y': -18.39, 'yaw_ins': 0.0, 'wp_current': 0, 'wp_count': 1, 'found_wp': 0, 'dis_ins': 0.0}
  [2026-06-11T06:06:31.555120] W: {'wp_index': 1, 'wp_x': -1119.44, 'wp_y': -18.39, 'ins_mode': 4}
  [2026-06-11T06:06:31.629321] I: {'ins_mode': 4, 'realtime_x': -1101.66, 'realtime_y': -21.09, 'target_x': -1119.44, 'target_y': -18.39, 'yaw_ins': 0.0, 'wp_current': 0, 'wp_count': 1, 'found_wp': 0, 'dis_ins': 0.0}
  [2026-06-11T06:06:31.754240] W: {'wp_index': 1, 'wp_x': -1119.44, 'wp_y': -18.39, 'ins_mode': 4}
  [2026-06-11T06:06:31.760348] I: {'ins_mode': 4, 'realtime_x': -1101.66, 'realtime_y': -21.09, 'target_x': -1119.44, 'target_y': -18.39, 'yaw_ins': 0.0, 'wp_current': 0, 'wp_count': 1, 'found_wp': 0, 'dis_ins': 0.0}
  [2026-06-11T06:06:31.852645] W: {'wp_index': 1, 'wp_x': -1119.44, 'wp_y': -18.39, 'ins_mode': 4}
  [2026-06-11T06:06:31.923642] I: {'ins_mode': 4, 'realtime_x': -1101.66, 'realtime_y': -21.09, 'target_x': -1119.44, 'target_y': -18.39, 'yaw_ins': 0.0, 'wp_current': 0, 'wp_count': 1, 'found_wp': 0, 'dis_ins': 0.0}
  [2026-06-11T06:06:31.998349] W: {'wp_index': 1, 'wp_x': -1119.44, 'wp_y': -18.39, 'ins_mode': 4}
  [2026-06-11T06:06:32.002743] I: {'ins_mode': 4, 'realtime_x': -1101.66, 'realtime_y': -21.09, 'target_x': -1119.44, 'target_y': -18.39, 'yaw_ins': 0.0, 'wp_current': 0, 'wp_count': 1, 'found_wp': 0, 'dis_ins': 0.0}
  [2026-06-11T06:06:32.101313] W: {'wp_index': 1, 'wp_x': -1119.44, 'wp_y': -18.39, 'ins_mode': 4}
  [2026-06-11T06:06:32.251659] I: {'ins_mode': 4, 'realtime_x': -1101.86, 'realtime_y': -21.05, 'target_x': -1119.44, 'target_y': -18.39, 'yaw_ins': 0.0, 'wp_current': 0, 'wp_count': 1, 'found_wp': 0, 'dis_ins': 0.0}
  [2026-06-11T06:06:32.260215] W: {'wp_index': 1, 'wp_x': -1119.44, 'wp_y': -18.39, 'ins_mode': 4}
  [2026-06-11T06:06:32.360568] I: {'ins_mode': 4, 'realtime_x': -1102.58, 'realtime_y': -20.89, 'target_x': -1119.44, 'target_y': -18.39, 'yaw_ins': 0.0, 'wp_current': 0, 'wp_count': 1, 'found_wp': 0, 'dis_ins': 0.0}
  [2026-06-11T06:06:32.469497] W: {'wp_index': 1, 'wp_x': -1119.44, 'wp_y': -18.39, 'ins_mode': 4}
  [2026-06-11T06:06:32.579409] I: {'ins_mode': 4, 'realtime_x': -1102.71, 'realtime_y': -20.86, 'target_x': -1119.44, 'target_y': -18.39, 'yaw_ins': 0.0, 'wp_current': 0, 'wp_count': 1, 'found_wp': 0, 'dis_ins': 0.0}
  [2026-06-11T06:06:32.678288] W: {'wp_index': 1, 'wp_x': -1119.44, 'wp_y': -18.39, 'ins_mode': 4}
  [2026-06-11T06:06:32.783881] I: {'ins_mode': 4, 'realtime_x': -1102.86, 'realtime_y': -20.83, 'target_x': -1119.44, 'target_y': -18.39, 'yaw_ins': 0.0, 'wp_current': 0, 'wp_count': 1, 'found_wp': 0, 'dis_ins': 0.0}
  [2026-06-11T06:06:32.835948] W: {'wp_index': 1, 'wp_x': -1119.44, 'wp_y': -18.39, 'ins_mode': 4}
  [2026-06-11T06:06:32.889782] I: {'ins_mode': 4, 'realtime_x': -1102.82, 'realtime_y': -20.83, 'target_x': -1119.44, 'target_y': -18.39, 'yaw_ins': 0.0, 'wp_current': 0, 'wp_count': 1, 'found_wp': 0, 'dis_ins': 0.0}
  [2026-06-11T06:06:32.896600] W: {'wp_index': 1, 'wp_x': -1119.44, 'wp_y': -18.39, 'ins_mode': 4}
  [2026-06-11T06:06:32.994222] I: {'ins_mode': 4, 'realtime_x': -1102.18, 'realtime_y': -20.93, 'target_x': -1119.44, 'target_y': -18.39, 'yaw_ins': 0.0, 'wp_current': 0, 'wp_count': 1, 'found_wp': 0, 'dis_ins': 0.0}
  [2026-06-11T06:06:33.103529] W: {'wp_index': 1, 'wp_x': -1119.44, 'wp_y': -18.39, 'ins_mode': 4}
  [2026-06-11T06:06:33.220476] I: {'ins_mode': 4, 'realtime_x': -1101.34, 'realtime_y': -21.05, 'target_x': -1119.44, 'target_y': -18.39, 'yaw_ins': 0.0, 'wp_current': 0, 'wp_count': 1, 'found_wp': 0, 'dis_ins': 0.0}
  [2026-06-11T06:06:33.329584] W: {'wp_index': 1, 'wp_x': -1119.44, 'wp_y': -18.39, 'ins_mode': 4}
  [2026-06-11T06:06:33.439020] I: {'ins_mode': 4, 'realtime_x': -1099.78, 'realtime_y': -21.27, 'target_x': -1119.44, 'target_y': -18.39, 'yaw_ins': 0.0, 'wp_current': 0, 'wp_count': 1, 'found_wp': 0, 'dis_ins': 0.0}
  [2026-06-11T06:06:33.441512] W: {'wp_index': 1, 'wp_x': -1119.44, 'wp_y': -18.39, 'ins_mode': 4}
  [2026-06-11T06:06:33.515859] I: {'ins_mode': 4, 'realtime_x': -1098.71, 'realtime_y': -21.42, 'target_x': -1119.44, 'target_y': -18.39, 'yaw_ins': 0.0, 'wp_current': 0, 'wp_count': 1, 'found_wp': 0, 'dis_ins': 0.0}
  [2026-06-11T06:06:33.624071] W: {'wp_index': 1, 'wp_x': -1119.44, 'wp_y': -18.39, 'ins_mode': 4}
  [2026-06-11T06:06:33.678181] I: {'ins_mode': 4, 'realtime_x': -1097.19, 'realtime_y': -21.6, 'target_x': -1119.44, 'target_y': -18.39, 'yaw_ins': 0.0, 'wp_current': 0, 'wp_count': 1, 'found_wp': 0, 'dis_ins': 0.0}
  [2026-06-11T06:06:33.793913] W: {'wp_index': 1, 'wp_x': -1119.44, 'wp_y': -18.39, 'ins_mode': 4}
  [2026-06-11T06:06:33.900117] I: {'ins_mode': 4, 'realtime_x': -1096.23, 'realtime_y': -21.71, 'target_x': -1119.44, 'target_y': -18.39, 'yaw_ins': 0.0, 'wp_current': 0, 'wp_count': 1, 'found_wp': 0, 'dis_ins': 0.0}
  [2026-06-11T06:06:34.022177] W: {'wp_index': 1, 'wp_x': -1119.44, 'wp_y': -18.39, 'ins_mode': 4}
  [2026-06-11T06:06:34.026853] I: {'ins_mode': 4, 'realtime_x': -1095.01, 'realtime_y': -21.85, 'target_x': -1119.44, 'target_y': -18.39, 'yaw_ins': 0.0, 'wp_current': 0, 'wp_count': 1, 'found_wp': 0, 'dis_ins': 0.0}
  [2026-06-11T06:06:34.176181] W: {'wp_index': 1, 'wp_x': -1119.44, 'wp_y': -18.39, 'ins_mode': 4}
  [2026-06-11T06:06:34.320197] I: {'ins_mode': 4, 'realtime_x': -1094.41, 'realtime_y': -21.93, 'target_x': -1119.44, 'target_y': -18.39, 'yaw_ins': 0.0, 'wp_current': 0, 'wp_count': 1, 'found_wp': 0, 'dis_ins': 0.0}
  [2026-06-11T06:06:34.323036] W: {'wp_index': 1, 'wp_x': -1119.44, 'wp_y': -18.39, 'ins_mode': 4}
  [2026-06-11T06:06:34.456823] I: {'ins_mode': 4, 'realtime_x': -1093.69, 'realtime_y': -22.01, 'target_x': -1119.44, 'target_y': -18.39, 'yaw_ins': 0.0, 'wp_current': 0, 'wp_count': 1, 'found_wp': 0, 'dis_ins': 0.0}
  [2026-06-11T06:06:34.588748] W: {'wp_index': 1, 'wp_x': -1119.44, 'wp_y': -18.39, 'ins_mode': 4}
  [2026-06-11T06:06:34.726758] I: {'ins_mode': 4, 'realtime_x': -1093.25, 'realtime_y': -22.06, 'target_x': -1119.44, 'target_y': -18.39, 'yaw_ins': 0.0, 'wp_current': 0, 'wp_count': 1, 'found_wp': 0, 'dis_ins': 0.0}
  [2026-06-11T06:06:34.859000] W: {'wp_index': 1, 'wp_x': -1119.44, 'wp_y': -18.39, 'ins_mode': 4}
  [2026-06-11T06:06:34.866691] I: {'ins_mode': 4, 'realtime_x': -1092.77, 'realtime_y': -22.11, 'target_x': -1119.44, 'target_y': -18.39, 'yaw_ins': 0.0, 'wp_current': 0, 'wp_count': 1, 'found_wp': 0, 'dis_ins': 0.0}
  [2026-06-11T06:06:34.997521] W: {'wp_index': 1, 'wp_x': -1119.44, 'wp_y': -18.39, 'ins_mode': 4}
  [2026-06-11T06:06:35.065289] I: {'ins_mode': 4, 'realtime_x': -1092.58, 'realtime_y': -22.14, 'target_x': -1119.44, 'target_y': -18.39, 'yaw_ins': 0.0, 'wp_current': 0, 'wp_count': 1, 'found_wp': 0, 'dis_ins': 0.0}
  [2026-06-11T06:06:35.136371] W: {'wp_index': 1, 'wp_x': -1119.44, 'wp_y': -18.39, 'ins_mode': 4}
  [2026-06-11T06:06:35.275653] I: {'ins_mode': 4, 'realtime_x': -1092.36, 'realtime_y': -22.16, 'target_x': -1119.44, 'target_y': -18.39, 'yaw_ins': 0.0, 'wp_current': 0, 'wp_count': 1, 'found_wp': 0, 'dis_ins': 0.0}
  [2026-06-11T06:06:35.403874] W: {'wp_index': 1, 'wp_x': -1119.44, 'wp_y': -18.39, 'ins_mode': 4}
  [2026-06-11T06:06:35.538873] I: {'ins_mode': 4, 'realtime_x': -1092.2, 'realtime_y': -22.19, 'target_x': -1119.44, 'target_y': -18.39, 'yaw_ins': 0.0, 'wp_current': 0, 'wp_count': 1, 'found_wp': 0, 'dis_ins': 0.0}
  [2026-06-11T06:06:35.672696] W: {'wp_index': 1, 'wp_x': -1119.44, 'wp_y': -18.39, 'ins_mode': 4}
  [2026-06-11T06:06:35.678393] I: {'ins_mode': 4, 'realtime_x': -1092.15, 'realtime_y': -22.19, 'target_x': -1119.44, 'target_y': -18.39, 'yaw_ins': 0.0, 'wp_current': 0, 'wp_count': 1, 'found_wp': 0, 'dis_ins': 0.0}
  [2026-06-11T06:06:35.815236] W: {'wp_index': 1, 'wp_x': -1119.44, 'wp_y': -18.39, 'ins_mode': 4}
  [2026-06-11T06:06:35.888012] I: {'ins_mode': 4, 'realtime_x': -1092.15, 'realtime_y': -22.19, 'target_x': -1119.44, 'target_y': -18.39, 'yaw_ins': 0.0, 'wp_current': 0, 'wp_count': 1, 'found_wp': 0, 'dis_ins': 0.0}
  [2026-06-11T06:06:35.967486] W: {'wp_index': 1, 'wp_x': -1119.44, 'wp_y': -18.39, 'ins_mode': 4}
  [2026-06-11T06:06:36.098350] I: {'ins_mode': 4, 'realtime_x': -1092.15, 'realtime_y': -22.19, 'target_x': -1119.44, 'target_y': -18.39, 'yaw_ins': 0.0, 'wp_current': 0, 'wp_count': 1, 'found_wp': 0, 'dis_ins': 0.0}
  [2026-06-11T06:06:36.239561] W: {'wp_index': 1, 'wp_x': -1119.44, 'wp_y': -18.39, 'ins_mode': 4}
  [2026-06-11T06:06:36.318265] I: {'ins_mode': 4, 'realtime_x': -1092.15, 'realtime_y': -22.19, 'target_x': -1119.44, 'target_y': -18.39, 'yaw_ins': 0.0, 'wp_current': 0, 'wp_count': 1, 'found_wp': 0, 'dis_ins': 0.0}
  [2026-06-11T06:06:36.464013] W: {'wp_index': 1, 'wp_x': -1119.44, 'wp_y': -18.39, 'ins_mode': 4}
  [2026-06-11T06:06:36.587838] I: {'ins_mode': 4, 'realtime_x': -1092.15, 'realtime_y': -22.19, 'target_x': -1119.44, 'target_y': -18.39, 'yaw_ins': 0.0, 'wp_current': 0, 'wp_count': 1, 'found_wp': 0, 'dis_ins': 0.0}
  [2026-06-11T06:06:36.752120] W: {'wp_index': 1, 'wp_x': -1119.44, 'wp_y': -18.39, 'ins_mode': 4}
  [2026-06-11T06:06:36.815450] I: {'ins_mode': 4, 'realtime_x': -1092.15, 'realtime_y': -22.19, 'target_x': -1119.44, 'target_y': -18.39, 'yaw_ins': 0.0, 'wp_current': 0, 'wp_count': 1, 'found_wp': 0, 'dis_ins': 0.0}
  [2026-06-11T06:06:36.961658] W: {'wp_index': 1, 'wp_x': -1119.44, 'wp_y': -18.39, 'ins_mode': 4}
  [2026-06-11T06:06:37.119986] I: {'ins_mode': 4, 'realtime_x': -1092.26, 'realtime_y': -22.17, 'target_x': -1119.44, 'target_y': -18.39, 'yaw_ins': 0.0, 'wp_current': 0, 'wp_count': 1, 'found_wp': 0, 'dis_ins': 0.0}
  [2026-06-11T06:06:37.122624] W: {'wp_index': 1, 'wp_x': -1119.44, 'wp_y': -18.39, 'ins_mode': 4}
  [2026-06-11T06:06:37.278059] I: {'ins_mode': 4, 'realtime_x': -1092.46, 'realtime_y': -22.13, 'target_x': -1119.44, 'target_y': -18.39, 'yaw_ins': 0.0, 'wp_current': 0, 'wp_count': 1, 'found_wp': 0, 'dis_ins': 0.0}
  [2026-06-11T06:06:37.423719] W: {'wp_index': 1, 'wp_x': -1119.44, 'wp_y': -18.39, 'ins_mode': 4}
  [2026-06-11T06:06:37.508583] I: {'ins_mode': 4, 'realtime_x': -1092.46, 'realtime_y': -22.13, 'target_x': -1119.44, 'target_y': -18.39, 'yaw_ins': 0.0, 'wp_current': 0, 'wp_count': 1, 'found_wp': 0, 'dis_ins': 0.0}
  [2026-06-11T06:06:37.668760] W: {'wp_index': 1, 'wp_x': -1119.44, 'wp_y': -18.39, 'ins_mode': 4}
  [2026-06-11T06:06:37.737285] I: {'ins_mode': 4, 'realtime_x': -1091.98, 'realtime_y': -22.22, 'target_x': -1119.44, 'target_y': -18.39, 'yaw_ins': 0.0, 'wp_current': 0, 'wp_count': 1, 'found_wp': 0, 'dis_ins': 0.0}
  [2026-06-11T06:06:37.885959] W: {'wp_index': 1, 'wp_x': -1119.44, 'wp_y': -18.39, 'ins_mode': 4}
  [2026-06-11T06:06:38.037596] I: {'ins_mode': 4, 'realtime_x': -1091.0, 'realtime_y': -22.42, 'target_x': -1119.44, 'target_y': -18.39, 'yaw_ins': 0.0, 'wp_current': 0, 'wp_count': 1, 'found_wp': 0, 'dis_ins': 0.0}
  [2026-06-11T06:06:38.177281] W: {'wp_index': 1, 'wp_x': -1119.44, 'wp_y': -18.39, 'ins_mode': 4}
  [2026-06-11T06:06:38.322873] I: {'ins_mode': 4, 'realtime_x': -1090.31, 'realtime_y': -22.54, 'target_x': -1119.44, 'target_y': -18.39, 'yaw_ins': 0.0, 'wp_current': 0, 'wp_count': 1, 'found_wp': 0, 'dis_ins': 0.0}
  [2026-06-11T06:06:38.462064] W: {'wp_index': 1, 'wp_x': -1119.44, 'wp_y': -18.39, 'ins_mode': 4}
  [2026-06-11T06:06:38.576467] I: {'ins_mode': 4, 'realtime_x': -1089.19, 'realtime_y': -22.72, 'target_x': -1119.44, 'target_y': -18.39, 'yaw_ins': 0.0, 'wp_current': 0, 'wp_count': 1, 'found_wp': 0, 'dis_ins': 0.0}
  [2026-06-11T06:06:38.643941] W: {'wp_index': 1, 'wp_x': -1119.44, 'wp_y': -18.39, 'ins_mode': 4}
  [2026-06-11T06:06:38.801751] I: {'ins_mode': 4, 'realtime_x': -1088.32, 'realtime_y': -22.84, 'target_x': -1119.44, 'target_y': -18.39, 'yaw_ins': 0.0, 'wp_current': 0, 'wp_count': 1, 'found_wp': 0, 'dis_ins': 0.0}
  [2026-06-11T06:06:38.955497] W: {'wp_index': 1, 'wp_x': -1119.44, 'wp_y': -18.39, 'ins_mode': 4}
  [2026-06-11T06:06:38.961896] I: {'ins_mode': 4, 'realtime_x': -1086.98, 'realtime_y': -23.0, 'target_x': -1119.44, 'target_y': -18.39, 'yaw_ins': 0.0, 'wp_current': 0, 'wp_count': 1, 'found_wp': 0, 'dis_ins': 0.0}
  [2026-06-11T06:06:39.121743] W: {'wp_index': 1, 'wp_x': -1119.44, 'wp_y': -18.39, 'ins_mode': 4}
  [2026-06-11T06:06:39.288451] I: {'ins_mode': 4, 'realtime_x': -1086.13, 'realtime_y': -23.11, 'target_x': -1119.44, 'target_y': -18.39, 'yaw_ins': 0.0, 'wp_current': 0, 'wp_count': 1, 'found_wp': 0, 'dis_ins': 0.0}
  [2026-06-11T06:06:39.457746] W: {'wp_index': 1, 'wp_x': -1119.44, 'wp_y': -18.39, 'ins_mode': 4}
  [2026-06-11T06:06:39.628180] I: {'ins_mode': 4, 'realtime_x': -1085.21, 'realtime_y': -23.23, 'target_x': -1119.44, 'target_y': -18.39, 'yaw_ins': 0.0, 'wp_current': 0, 'wp_count': 2, 'found_wp': 0, 'dis_ins': 0.0}
  [2026-06-11T06:06:39.797472] W: {'wp_index': 2, 'wp_x': -1085.76, 'wp_y': -23.16, 'ins_mode': 4}
  [2026-06-11T06:06:39.803363] I: {'ins_mode': 4, 'realtime_x': -1084.86, 'realtime_y': -23.28, 'target_x': -1119.44, 'target_y': -18.39, 'yaw_ins': 0.0, 'wp_current': 0, 'wp_count': 2, 'found_wp': 0, 'dis_ins': 0.0}
  [2026-06-11T06:06:39.954060] W: {'wp_index': 2, 'wp_x': -1085.76, 'wp_y': -23.16, 'ins_mode': 4}
  [2026-06-11T06:06:40.054375] I: {'ins_mode': 4, 'realtime_x': -1084.62, 'realtime_y': -23.31, 'target_x': -1119.44, 'target_y': -18.39, 'yaw_ins': 0.0, 'wp_current': 0, 'wp_count': 2, 'found_wp': 0, 'dis_ins': 0.0}
  [2026-06-11T06:06:40.197648] W: {'wp_index': 2, 'wp_x': -1085.76, 'wp_y': -23.16, 'ins_mode': 4}
  [2026-06-11T06:06:40.347398] I: {'ins_mode': 4, 'realtime_x': -1084.64, 'realtime_y': -23.31, 'target_x': -1119.44, 'target_y': -18.39, 'yaw_ins': 0.0, 'wp_current': 0, 'wp_count': 2, 'found_wp': 0, 'dis_ins': 0.0}
  [2026-06-11T06:06:40.581618] W: {'wp_index': 2, 'wp_x': -1085.76, 'wp_y': -23.16, 'ins_mode': 4}
  [2026-06-11T06:06:40.586689] I: {'ins_mode': 4, 'realtime_x': -1084.64, 'realtime_y': -23.31, 'target_x': -1119.44, 'target_y': -18.39, 'yaw_ins': 0.0, 'wp_current': 0, 'wp_count': 2, 'found_wp': 0, 'dis_ins': 0.0}
  [2026-06-11T06:06:40.750009] W: {'wp_index': 2, 'wp_x': -1085.76, 'wp_y': -23.16, 'ins_mode': 4}
  [2026-06-11T06:06:40.902440] I: {'ins_mode': 4, 'realtime_x': -1084.64, 'realtime_y': -23.31, 'target_x': -1119.44, 'target_y': -18.39, 'yaw_ins': 0.0, 'wp_current': 0, 'wp_count': 2, 'found_wp': 0, 'dis_ins': 0.0}
  [2026-06-11T06:06:41.069754] W: {'wp_index': 2, 'wp_x': -1085.76, 'wp_y': -23.16, 'ins_mode': 4}
  [2026-06-11T06:06:41.244971] I: {'ins_mode': 4, 'realtime_x': -1084.64, 'realtime_y': -23.31, 'target_x': -1119.44, 'target_y': -18.39, 'yaw_ins': 0.0, 'wp_current': 0, 'wp_count': 2, 'found_wp': 0, 'dis_ins': 0.0}
  [2026-06-11T06:06:41.247882] W: {'wp_index': 2, 'wp_x': -1085.76, 'wp_y': -23.16, 'ins_mode': 4}
  [2026-06-11T06:06:41.432841] I: {'ins_mode': 4, 'realtime_x': -1084.64, 'realtime_y': -23.31, 'target_x': -1119.44, 'target_y': -18.39, 'yaw_ins': 0.0, 'wp_current': 0, 'wp_count': 2, 'found_wp': 0, 'dis_ins': 0.0}
  [2026-06-11T06:06:41.593389] W: {'wp_index': 2, 'wp_x': -1085.76, 'wp_y': -23.16, 'ins_mode': 4}
  [2026-06-11T06:06:41.762838] I: {'ins_mode': 4, 'realtime_x': -1084.64, 'realtime_y': -23.31, 'target_x': -1119.44, 'target_y': -18.39, 'yaw_ins': 0.0, 'wp_current': 0, 'wp_count': 2, 'found_wp': 0, 'dis_ins': 0.0}
  [2026-06-11T06:06:41.930903] W: {'wp_index': 2, 'wp_x': -1085.76, 'wp_y': -23.16, 'ins_mode': 4}
  [2026-06-11T06:06:41.935606] I: {'ins_mode': 4, 'realtime_x': -1084.64, 'realtime_y': -23.31, 'target_x': -1119.44, 'target_y': -18.39, 'yaw_ins': 0.0, 'wp_current': 0, 'wp_count': 2, 'found_wp': 0, 'dis_ins': 0.0}
  [2026-06-11T06:06:42.029593] W: {'wp_index': 2, 'wp_x': -1085.76, 'wp_y': -23.16, 'ins_mode': 4}
  [2026-06-11T06:06:42.281261] I: {'ins_mode': 4, 'realtime_x': -1084.64, 'realtime_y': -23.31, 'target_x': -1119.44, 'target_y': -18.39, 'yaw_ins': 0.0, 'wp_current': 0, 'wp_count': 2, 'found_wp': 0, 'dis_ins': 0.0}
  [2026-06-11T06:06:42.356269] W: {'wp_index': 2, 'wp_x': -1085.76, 'wp_y': -23.16, 'ins_mode': 4}
  [2026-06-11T06:06:42.452597] I: {'ins_mode': 4, 'realtime_x': -1084.64, 'realtime_y': -23.31, 'target_x': -1119.44, 'target_y': -18.39, 'yaw_ins': 0.0, 'wp_current': 0, 'wp_count': 2, 'found_wp': 0, 'dis_ins': 0.0}
  [2026-06-11T06:06:42.629975] W: {'wp_index': 2, 'wp_x': -1085.76, 'wp_y': -23.16, 'ins_mode': 4}
  [2026-06-11T06:06:42.707677] I: {'ins_mode': 4, 'realtime_x': -1084.64, 'realtime_y': -23.31, 'target_x': -1119.44, 'target_y': -18.39, 'yaw_ins': 0.0, 'wp_current': 0, 'wp_count': 2, 'found_wp': 0, 'dis_ins': 0.0}
  [2026-06-11T06:06:42.805333] W: {'wp_index': 2, 'wp_x': -1085.76, 'wp_y': -23.16, 'ins_mode': 4}
  [2026-06-11T06:06:42.978587] I: {'ins_mode': 4, 'realtime_x': -1084.64, 'realtime_y': -23.31, 'target_x': -1119.44, 'target_y': -18.39, 'yaw_ins': 0.0, 'wp_current': 0, 'wp_count': 2, 'found_wp': 0, 'dis_ins': 0.0}
  [2026-06-11T06:06:43.060568] W: {'wp_index': 2, 'wp_x': -1085.76, 'wp_y': -23.16, 'ins_mode': 4}
  [2026-06-11T06:06:43.239533] I: {'ins_mode': 4, 'realtime_x': -1084.64, 'realtime_y': -23.31, 'target_x': -1119.44, 'target_y': -18.39, 'yaw_ins': 0.0, 'wp_current': 0, 'wp_count': 2, 'found_wp': 0, 'dis_ins': 0.0}
  [2026-06-11T06:06:43.333187] W: {'wp_index': 2, 'wp_x': -1085.76, 'wp_y': -23.16, 'ins_mode': 4}
  [2026-06-11T06:06:43.511721] I: {'ins_mode': 4, 'realtime_x': -1084.64, 'realtime_y': -23.31, 'target_x': -1119.44, 'target_y': -18.39, 'yaw_ins': 0.0, 'wp_current': 0, 'wp_count': 2, 'found_wp': 0, 'dis_ins': 0.0}
  [2026-06-11T06:06:43.593260] W: {'wp_index': 2, 'wp_x': -1085.76, 'wp_y': -23.16, 'ins_mode': 4}
  [2026-06-11T06:06:43.762323] I: {'ins_mode': 4, 'realtime_x': -1084.62, 'realtime_y': -23.31, 'target_x': -1119.44, 'target_y': -18.39, 'yaw_ins': 0.0, 'wp_current': 0, 'wp_count': 2, 'found_wp': 0, 'dis_ins': 0.0}
  [2026-06-11T06:06:43.949852] W: {'wp_index': 2, 'wp_x': -1085.76, 'wp_y': -23.16, 'ins_mode': 4}
  [2026-06-11T06:06:44.138600] I: {'ins_mode': 4, 'realtime_x': -1084.6, 'realtime_y': -23.31, 'target_x': -1119.44, 'target_y': -18.39, 'yaw_ins': 0.0, 'wp_current': 0, 'wp_count': 2, 'found_wp': 0, 'dis_ins': 0.0}
  [2026-06-11T06:06:44.344442] W: {'wp_index': 2, 'wp_x': -1085.76, 'wp_y': -23.16, 'ins_mode': 4}
  [2026-06-11T06:06:44.402984] I: {'ins_mode': 4, 'realtime_x': -1084.21, 'realtime_y': -23.4, 'target_x': -1119.44, 'target_y': -18.39, 'yaw_ins': 0.0, 'wp_current': 0, 'wp_count': 2, 'found_wp': 0, 'dis_ins': 0.0}
  [2026-06-11T06:06:44.559660] W: {'wp_index': 2, 'wp_x': -1085.76, 'wp_y': -23.16, 'ins_mode': 4}
  [2026-06-11T06:06:44.564359] I: {'ins_mode': 4, 'realtime_x': -1083.76, 'realtime_y': -23.49, 'target_x': -1119.44, 'target_y': -18.39, 'yaw_ins': 0.0, 'wp_current': 0, 'wp_count': 2, 'found_wp': 0, 'dis_ins': 0.0}
  [2026-06-11T06:06:44.763450] W: {'wp_index': 2, 'wp_x': -1085.76, 'wp_y': -23.16, 'ins_mode': 4}
  [2026-06-11T06:06:44.767885] I: {'ins_mode': 4, 'realtime_x': -1083.05, 'realtime_y': -23.62, 'target_x': -1119.44, 'target_y': -18.39, 'yaw_ins': 0.0, 'wp_current': 0, 'wp_count': 2, 'found_wp': 0, 'dis_ins': 0.0}
  [2026-06-11T06:06:44.952253] W: {'wp_index': 2, 'wp_x': -1085.76, 'wp_y': -23.16, 'ins_mode': 4}
  [2026-06-11T06:06:45.043950] I: {'ins_mode': 4, 'realtime_x': -1082.58, 'realtime_y': -23.71, 'target_x': -1119.44, 'target_y': -18.39, 'yaw_ins': 0.0, 'wp_current': 0, 'wp_count': 2, 'found_wp': 0, 'dis_ins': 0.0}
  [2026-06-11T06:06:45.225340] W: {'wp_index': 2, 'wp_x': -1085.76, 'wp_y': -23.16, 'ins_mode': 4}
  [2026-06-11T06:06:45.423853] I: {'ins_mode': 4, 'realtime_x': -1081.7, 'realtime_y': -23.87, 'target_x': -1119.44, 'target_y': -18.39, 'yaw_ins': 0.0, 'wp_current': 0, 'wp_count': 2, 'found_wp': 0, 'dis_ins': 0.0}
  [2026-06-11T06:06:45.532425] W: {'wp_index': 2, 'wp_x': -1085.76, 'wp_y': -23.16, 'ins_mode': 4}
  [2026-06-11T06:06:45.714834] I: {'ins_mode': 4, 'realtime_x': -1081.04, 'realtime_y': -24.0, 'target_x': -1119.44, 'target_y': -18.39, 'yaw_ins': 0.0, 'wp_current': 0, 'wp_count': 2, 'found_wp': 0, 'dis_ins': 0.0}
  [2026-06-11T06:06:45.718263] W: {'wp_index': 2, 'wp_x': -1085.76, 'wp_y': -23.16, 'ins_mode': 4}
  [2026-06-11T06:06:45.902262] I: {'ins_mode': 4, 'realtime_x': -1080.11, 'realtime_y': -24.18, 'target_x': -1119.44, 'target_y': -18.39, 'yaw_ins': 0.0, 'wp_current': 0, 'wp_count': 2, 'found_wp': 0, 'dis_ins': 0.0}
  [2026-06-11T06:06:45.905181] W: {'wp_index': 2, 'wp_x': -1085.76, 'wp_y': -23.16, 'ins_mode': 4}
  [2026-06-11T06:06:46.106389] I: {'ins_mode': 4, 'realtime_x': -1079.51, 'realtime_y': -24.29, 'target_x': -1119.44, 'target_y': -18.39, 'yaw_ins': 0.0, 'wp_current': 0, 'wp_count': 2, 'found_wp': 0, 'dis_ins': 0.0}
  [2026-06-11T06:06:46.111315] W: {'wp_index': 2, 'wp_x': -1085.76, 'wp_y': -23.16, 'ins_mode': 4}
  [2026-06-11T06:06:46.200369] I: {'ins_mode': 4, 'realtime_x': -1078.67, 'realtime_y': -24.46, 'target_x': -1119.44, 'target_y': -18.39, 'yaw_ins': 0.0, 'wp_current': 0, 'wp_count': 2, 'found_wp': 0, 'dis_ins': 0.0}
  [2026-06-11T06:06:46.403261] W: {'wp_index': 2, 'wp_x': -1085.76, 'wp_y': -23.16, 'ins_mode': 4}
  [2026-06-11T06:06:46.605244] I: {'ins_mode': 4, 'realtime_x': -1078.13, 'realtime_y': -24.56, 'target_x': -1119.44, 'target_y': -18.39, 'yaw_ins': 0.0, 'wp_current': 0, 'wp_count': 2, 'found_wp': 0, 'dis_ins': 0.0}
  [2026-06-11T06:06:46.928035] W: {'wp_index': 2, 'wp_x': -1085.76, 'wp_y': -23.16, 'ins_mode': 4}
  [2026-06-11T06:06:47.023659] I: {'ins_mode': 4, 'realtime_x': -1077.38, 'realtime_y': -24.71, 'target_x': -1119.44, 'target_y': -18.39, 'yaw_ins': 0.0, 'wp_current': 0, 'wp_count': 2, 'found_wp': 0, 'dis_ins': 0.0}
  [2026-06-11T06:06:47.133696] W: {'wp_index': 2, 'wp_x': -1085.76, 'wp_y': -23.16, 'ins_mode': 4}
  [2026-06-11T06:06:47.139332] I: {'ins_mode': 4, 'realtime_x': -1077.0, 'realtime_y': -24.78, 'target_x': -1119.44, 'target_y': -18.39, 'yaw_ins': 0.0, 'wp_current': 0, 'wp_count': 2, 'found_wp': 0, 'dis_ins': 0.0}
  [2026-06-11T06:06:47.351440] W: {'wp_index': 2, 'wp_x': -1085.76, 'wp_y': -23.16, 'ins_mode': 4}
  [2026-06-11T06:06:47.455484] I: {'ins_mode': 4, 'realtime_x': -1076.5, 'realtime_y': -24.89, 'target_x': -1119.44, 'target_y': -18.39, 'yaw_ins': 0.0, 'wp_current': 0, 'wp_count': 2, 'found_wp': 0, 'dis_ins': 0.0}
  [2026-06-11T06:06:47.583235] W: {'wp_index': 2, 'wp_x': -1085.76, 'wp_y': -23.16, 'ins_mode': 4}
  [2026-06-11T06:06:47.589314] I: {'ins_mode': 4, 'realtime_x': -1076.22, 'realtime_y': -24.94, 'target_x': -1119.44, 'target_y': -18.39, 'yaw_ins': 0.0, 'wp_current': 0, 'wp_count': 2, 'found_wp': 0, 'dis_ins': 0.0}
  [2026-06-11T06:06:47.593012] W: {'wp_index': 2, 'wp_x': -1085.76, 'wp_y': -23.16, 'ins_mode': 4}
  [2026-06-11T06:06:47.821071] I: {'ins_mode': 4, 'realtime_x': -1075.95, 'realtime_y': -25.0, 'target_x': -1119.44, 'target_y': -18.39, 'yaw_ins': 0.0, 'wp_current': 0, 'wp_count': 2, 'found_wp': 0, 'dis_ins': 0.0}
  [2026-06-11T06:06:47.984164] W: {'wp_index': 2, 'wp_x': -1085.76, 'wp_y': -23.16, 'ins_mode': 4}
  [2026-06-11T06:06:48.153326] I: {'ins_mode': 4, 'realtime_x': -1075.86, 'realtime_y': -25.02, 'target_x': -1119.44, 'target_y': -18.39, 'yaw_ins': 0.0, 'wp_current': 0, 'wp_count': 2, 'found_wp': 0, 'dis_ins': 0.0}
  [2026-06-11T06:06:48.271609] W: {'wp_index': 2, 'wp_x': -1085.76, 'wp_y': -23.16, 'ins_mode': 4}
  [2026-06-11T06:06:48.278283] I: {'ins_mode': 4, 'realtime_x': -1075.84, 'realtime_y': -25.02, 'target_x': -1119.44, 'target_y': -18.39, 'yaw_ins': 0.0, 'wp_current': 0, 'wp_count': 2, 'found_wp': 0, 'dis_ins': 0.0}
  [2026-06-11T06:06:48.379699] W: {'wp_index': 2, 'wp_x': -1085.76, 'wp_y': -23.16, 'ins_mode': 4}
  [2026-06-11T06:06:48.490823] I: {'ins_mode': 4, 'realtime_x': -1075.84, 'realtime_y': -25.02, 'target_x': -1119.44, 'target_y': -18.39, 'yaw_ins': 0.0, 'wp_current': 0, 'wp_count': 2, 'found_wp': 0, 'dis_ins': 0.0}
  [2026-06-11T06:06:48.718397] W: {'wp_index': 2, 'wp_x': -1085.76, 'wp_y': -23.16, 'ins_mode': 4}
  [2026-06-11T06:06:48.729016] I: {'ins_mode': 4, 'realtime_x': -1075.84, 'realtime_y': -25.02, 'target_x': -1119.44, 'target_y': -18.39, 'yaw_ins': 0.0, 'wp_current': 0, 'wp_count': 2, 'found_wp': 0, 'dis_ins': 0.0}
  [2026-06-11T06:06:48.821703] W: {'wp_index': 2, 'wp_x': -1085.76, 'wp_y': -23.16, 'ins_mode': 4}
  [2026-06-11T06:06:48.826838] I: {'ins_mode': 4, 'realtime_x': -1075.84, 'realtime_y': -25.02, 'target_x': -1119.44, 'target_y': -18.39, 'yaw_ins': 0.0, 'wp_current': 0, 'wp_count': 2, 'found_wp': 0, 'dis_ins': 0.0}
  [2026-06-11T06:06:49.049697] W: {'wp_index': 2, 'wp_x': -1085.76, 'wp_y': -23.16, 'ins_mode': 4}
  [2026-06-11T06:06:49.186059] I: {'ins_mode': 4, 'realtime_x': -1075.84, 'realtime_y': -25.02, 'target_x': -1119.44, 'target_y': -18.39, 'yaw_ins': 0.0, 'wp_current': 0, 'wp_count': 2, 'found_wp': 0, 'dis_ins': 0.0}
  [2026-06-11T06:06:49.285568] W: {'wp_index': 2, 'wp_x': -1085.76, 'wp_y': -23.16, 'ins_mode': 4}
  [2026-06-11T06:06:49.410742] I: {'ins_mode': 4, 'realtime_x': -1075.84, 'realtime_y': -25.02, 'target_x': -1119.44, 'target_y': -18.39, 'yaw_ins': 0.0, 'wp_current': 0, 'wp_count': 2, 'found_wp': 0, 'dis_ins': 0.0}
  [2026-06-11T06:06:49.416037] W: {'wp_index': 2, 'wp_x': -1085.76, 'wp_y': -23.16, 'ins_mode': 4}
  [2026-06-11T06:06:49.635536] I: {'ins_mode': 4, 'realtime_x': -1075.84, 'realtime_y': -25.02, 'target_x': -1119.44, 'target_y': -18.39, 'yaw_ins': 0.0, 'wp_current': 0, 'wp_count': 2, 'found_wp': 0, 'dis_ins': 0.0}
  [2026-06-11T06:06:49.855317] W: {'wp_index': 2, 'wp_x': -1085.76, 'wp_y': -23.16, 'ins_mode': 4}
  [2026-06-11T06:06:49.953603] I: {'ins_mode': 4, 'realtime_x': -1075.84, 'realtime_y': -25.02, 'target_x': -1119.44, 'target_y': -18.39, 'yaw_ins': 0.0, 'wp_current': 0, 'wp_count': 2, 'found_wp': 0, 'dis_ins': 0.0}
  [2026-06-11T06:06:50.175676] W: {'wp_index': 2, 'wp_x': -1085.76, 'wp_y': -23.16, 'ins_mode': 4}
  [2026-06-11T06:06:50.399267] I: {'ins_mode': 4, 'realtime_x': -1075.86, 'realtime_y': -25.01, 'target_x': -1119.44, 'target_y': -18.39, 'yaw_ins': 0.0, 'wp_current': 0, 'wp_count': 2, 'found_wp': 0, 'dis_ins': 0.0}
  [2026-06-11T06:06:50.511102] W: {'wp_index': 2, 'wp_x': -1085.76, 'wp_y': -23.16, 'ins_mode': 4}
  [2026-06-11T06:06:50.516944] I: {'ins_mode': 4, 'realtime_x': -1075.84, 'realtime_y': -25.02, 'target_x': -1119.44, 'target_y': -18.39, 'yaw_ins': 0.0, 'wp_current': 0, 'wp_count': 2, 'found_wp': 0, 'dis_ins': 0.0}
  [2026-06-11T06:06:50.727016] W: {'wp_index': 2, 'wp_x': -1085.76, 'wp_y': -23.16, 'ins_mode': 4}
  [2026-06-11T06:06:50.732598] I: {'ins_mode': 4, 'realtime_x': -1075.83, 'realtime_y': -25.02, 'target_x': -1119.44, 'target_y': -18.39, 'yaw_ins': 0.0, 'wp_current': 0, 'wp_count': 2, 'found_wp': 0, 'dis_ins': 0.0}
  [2026-06-11T06:06:50.966506] W: {'wp_index': 2, 'wp_x': -1085.76, 'wp_y': -23.16, 'ins_mode': 4}
