Ins Auto Telemetry Data Record
Record Time: 2026-06-22T19:39:42.229537
============================================================

Trajectory Points: 578
Waypoints: 238

Trajectory Points (x, y, mode, timestamp):
  -0.08, 0.00, 4, 1782128289.0779736
  -4.50, 0.07, 4, 1782128289.1298287
  -10.50, 0.14, 4, 1782128289.2040195
  -10.80, 0.14, 4, 1782128289.2882898
  -10.48, 0.14, 4, 1782128289.3722289
  -10.40, 0.14, 4, 1782128289.4532897
  -10.13, 0.13, 4, 1782128289.5268283
  -9.84, 0.13, 4, 1782128289.6140275
  -9.81, 0.13, 4, 1782128289.6882417
  -10.00, 0.14, 4, 1782128289.773458
  -10.05, 0.14, 4, 1782128289.8551035
  -9.81, 0.14, 4, 1782128289.9300172
  -9.39, 0.13, 4, 1782128290.013675
  -9.34, 0.13, 4, 1782128290.101785
  -9.62, 0.13, 4, 1782128290.1648352
  -9.95, 0.14, 4, 1782128290.2492938
  -10.00, 0.14, 4, 1782128290.3265467
  -9.94, 0.14, 4, 1782128290.409836
  -9.87, 0.14, 4, 1782128290.4836287
  -9.87, 0.14, 4, 1782128290.5676491
  -9.90, 0.14, 4, 1782128290.6510236
  -9.89, 0.14, 4, 1782128290.7484672
  -9.81, 0.14, 4, 1782128290.8121858
  -9.78, 0.14, 4, 1782128290.8856583
  -9.78, 0.14, 4, 1782128290.9703226
  -9.78, 0.14, 4, 1782128291.0529842
  -9.71, 0.14, 4, 1782128291.126897
  -9.63, 0.14, 4, 1782128291.1975105
  -9.60, 0.14, 4, 1782128291.2921023
  -9.62, 0.14, 4, 1782128291.3705037
  -9.63, 0.14, 4, 1782128291.4452035
  -9.63, 0.14, 4, 1782128291.5293005
  -9.63, 0.14, 4, 1782128291.6209662
  -9.63, 0.14, 4, 1782128291.6846595
  -9.58, 0.14, 4, 1782128291.7688634
  -9.52, 0.13, 4, 1782128291.8450649
  -9.54, 0.14, 4, 1782128291.9281526
  -9.60, 0.14, 4, 1782128292.0203547
  -9.60, 0.14, 4, 1782128292.0871665
  -9.60, 0.14, 4, 1782128292.1707306
  -9.60, 0.14, 4, 1782128292.2599962
  -9.60, 0.14, 4, 1782128292.3228388
  -9.60, 0.14, 4, 1782128292.4070182
  -9.44, 0.13, 4, 1782128292.4837706
  -9.17, 0.13, 4, 1782128292.567509
  -9.17, 0.13, 4, 1782128292.6627946
  -9.17, 0.13, 4, 1782128292.728241
  -9.17, 0.13, 4, 1782128292.8126628
  -9.12, 0.13, 4, 1782128292.8864892
  -9.12, 0.13, 4, 1782128292.9723563
  -9.12, 0.13, 4, 1782128293.0456393
  -9.12, 0.13, 4, 1782128293.135331
  -9.12, 0.13, 4, 1782128293.2093184
  -9.12, 0.13, 4, 1782128293.293683
  -9.12, 0.13, 4, 1782128293.3654208
  -9.09, 0.13, 4, 1782128293.4495797
  -9.09, 0.13, 4, 1782128293.5665321
  -9.09, 0.13, 4, 1782128293.6090543
  -9.09, 0.13, 4, 1782128293.6932428
  -9.09, 0.13, 4, 1782128293.7809894
  -9.09, 0.13, 4, 1782128293.844997
  -9.09, 0.13, 4, 1782128293.9294746
  -9.09, 0.13, 4, 1782128294.0124283
  -9.09, 0.13, 4, 1782128294.0866647
  -9.09, 0.13, 4, 1782128294.179532
  -9.09, 0.13, 4, 1782128294.251714
  -9.09, 0.13, 4, 1782128294.325048
  -9.06, 0.12, 4, 1782128294.4360092
  -9.01, 0.12, 4, 1782128294.4890184
  -9.01, 0.12, 4, 1782128294.574577
  -9.01, 0.12, 4, 1782128294.65295
  -9.01, 0.12, 4, 1782128294.7250144
  -9.01, 0.12, 4, 1782128294.809368
  -9.01, 0.12, 4, 1782128294.8894687
  -9.01, 0.12, 4, 1782128294.9732535
  -9.01, 0.12, 4, 1782128295.051838
  -9.01, 0.12, 4, 1782128295.126914
  -9.01, 0.12, 4, 1782128295.2107062
  -9.01, 0.12, 4, 1782128295.2990413
  -9.01, 0.12, 4, 1782128295.373231
  -9.01, 0.12, 4, 1782128295.4463959
  -8.99, 0.12, 4, 1782128295.5254939
  -8.93, 0.12, 4, 1782128295.6093733
  -8.72, 0.12, 4, 1782128295.6948323
  -8.48, 0.11, 4, 1782128295.771631
  -8.21, 0.11, 4, 1782128295.8457797
  -7.97, 0.10, 4, 1782128295.9411118
  -7.89, 0.10, 4, 1782128296.0042784
  -7.89, 0.10, 4, 1782128296.088341
  -7.94, 0.10, 4, 1782128296.1643362
  -7.97, 0.10, 4, 1782128296.2490678
  -7.97, 0.10, 4, 1782128296.3413932
  -7.97, 0.10, 4, 1782128296.4061797
  -7.97, 0.10, 4, 1782128296.4896936
  -7.97, 0.10, 4, 1782128296.581375
  -7.97, 0.10, 4, 1782128296.6448407
  -7.97, 0.10, 4, 1782128296.7286112
  -7.97, 0.10, 4, 1782128296.8101268
  -7.97, 0.10, 4, 1782128296.8938606
  -7.97, 0.10, 4, 1782128296.9734817
  -7.94, 0.10, 4, 1782128297.0496566
  -7.92, 0.10, 4, 1782128297.133132
  -7.92, 0.10, 4, 1782128297.2194748
  -7.92, 0.10, 4, 1782128297.2939725
  -7.90, 0.10, 4, 1782128297.3669977
  -7.74, 0.10, 4, 1782128297.447399
  -7.58, 0.10, 4, 1782128297.5326095
  -7.57, 0.10, 4, 1782128297.616154
  -7.57, 0.10, 4, 1782128297.6846068
  -7.73, 0.10, 4, 1782128297.7701485
  -7.89, 0.10, 4, 1782128297.8633845
  -7.89, 0.10, 4, 1782128297.9280543
  -7.74, 0.10, 4, 1782128298.010852
  -7.68, 0.10, 4, 1782128298.0923605
  -7.76, 0.10, 4, 1782128298.1653576
  -7.84, 0.10, 4, 1782128298.249708
  -7.84, 0.10, 4, 1782128298.3290722
  -7.79, 0.10, 4, 1782128298.4124196
  -7.76, 0.10, 4, 1782128298.4983292
  -7.74, 0.10, 4, 1782128298.5719473
  -7.74, 0.10, 4, 1782128298.646466
  -7.74, 0.10, 4, 1782128298.729616
  -7.74, 0.10, 4, 1782128298.813744
  -7.78, 0.10, 4, 1782128298.8968766
  -7.89, 0.10, 4, 1782128298.971744
  -7.89, 0.10, 4, 1782128299.045221
  -2.34, 0.01, 4, 1782128299.1486762
  0.78, -0.00, 4, 1782128299.2121954
  -2.70, 0.08, 4, 1782128299.2965732
  -4.53, 0.17, 4, 1782128299.3746774
  -5.08, 0.20, 4, 1782128299.4496222
  -5.26, 0.21, 4, 1782128299.5430639
  -5.21, 0.20, 4, 1782128299.6067078
  -5.21, 0.20, 4, 1782128299.6910937
  -5.31, 0.21, 4, 1782128299.7870698
  -5.21, 0.20, 4, 1782128299.849806
  -5.15, 0.20, 4, 1782128299.9335005
  -5.26, 0.21, 4, 1782128300.013164
  -5.39, 0.21, 4, 1782128300.085765
  -5.34, 0.21, 4, 1782128300.1698432
  -5.26, 0.21, 4, 1782128300.2455754
  -5.39, 0.22, 4, 1782128300.3317337
  -5.10, 0.20, 4, 1782128300.434599
  -4.69, 0.17, 4, 1782128300.487119
  -4.72, 0.17, 4, 1782128300.5711596
  -4.72, 0.17, 4, 1782128300.654016
  -4.81, 0.18, 4, 1782128300.7279415
  -4.89, 0.18, 4, 1782128300.8135269
  -4.89, 0.18, 4, 1782128300.8904397
  -4.88, 0.18, 4, 1782128300.9750867
  -4.83, 0.18, 4, 1782128301.076488
  -4.89, 0.18, 4, 1782128301.1286855
  -4.96, 0.19, 4, 1782128301.2125564
  -5.05, 0.19, 4, 1782128301.288101
  -5.61, 0.23, 4, 1782128301.3724594
  -5.28, 0.20, 4, 1782128301.456098
  -4.56, 0.16, 4, 1782128301.5326958
  -3.79, 0.10, 4, 1782128301.6067634
  -2.34, -0.04, 4, 1782128301.7089863
  0.45, -0.27, 4, 1782128301.7717743
  5.18, -0.53, 4, 1782128301.8453252
  11.25, -0.74, 4, 1782128301.9292922
  18.66, -0.90, 4, 1782128302.013116
  27.91, -0.95, 4, 1782128302.1004028
  38.35, -0.90, 4, 1782128302.1746066
  48.85, -0.85, 4, 1782128302.248272
  58.95, -0.82, 4, 1782128302.3556066
  68.72, -0.79, 4, 1782128302.4074845
  78.55, -0.75, 4, 1782128302.4922476
  87.83, -0.71, 4, 1782128302.572119
  96.45, -0.49, 4, 1782128302.645403
  105.33, 0.16, 4, 1782128302.7307212
  114.39, 1.20, 4, 1782128302.8144717
  123.03, 2.37, 4, 1782128302.8885305
  131.27, 3.41, 4, 1782128302.9737728
  139.27, 4.18, 4, 1782128303.053088
  147.00, 4.57, 4, 1782128303.128675
  154.20, 4.62, 4, 1782128303.2382746
  160.66, 4.48, 4, 1782128303.2917502
  166.95, 4.25, 4, 1782128303.3761406
  173.55, 4.03, 4, 1782128303.4721098
  179.90, 3.94, 4, 1782128303.5349324
  185.42, 3.98, 4, 1782128303.6096108
  190.19, 4.09, 4, 1782128303.713804
  194.54, 4.24, 4, 1782128303.7666466
  198.17, 4.39, 4, 1782128303.8500702
  200.64, 4.51, 4, 1782128303.9517198
  202.34, 4.59, 4, 1782128304.0149283
  203.33, 4.63, 4, 1782128304.0877683
  203.58, 4.64, 4, 1782128304.187547
  203.44, 4.63, 4, 1782128304.2504036
  203.33, 4.63, 4, 1782128304.3341577
  203.38, 4.63, 4, 1782128304.4197247
  203.38, 4.63, 4, 1782128304.4933243
  203.38, 4.63, 4, 1782128304.566608
  203.38, 4.63, 4, 1782128304.6549141
  203.36, 4.63, 4, 1782128304.730827
  203.39, 4.63, 4, 1782128304.8945801
  203.43, 4.63, 4, 1782128304.898527
  203.43, 4.63, 4, 1782128304.9722753
  203.43, 4.63, 4, 1782128305.0469313
  203.43, 4.63, 4, 1782128305.140085
  203.43, 4.63, 4, 1782128305.2133806
  203.43, 4.63, 4, 1782128305.3261302
  203.43, 4.63, 4, 1782128305.3801184
  203.43, 4.63, 4, 1782128305.452744
  203.43, 4.63, 4, 1782128305.5738287
  203.43, 4.63, 4, 1782128305.6330884
  203.43, 4.63, 4, 1782128305.6861587
  203.43, 4.63, 4, 1782128305.7725646
  203.43, 4.63, 4, 1782128305.8759425
  203.43, 4.63, 4, 1782128305.9289193
  203.43, 4.63, 4, 1782128306.0144064
  203.38, 4.63, 4, 1782128306.1248677
  203.31, 4.63, 4, 1782128306.1676035
  203.33, 4.63, 4, 1782128306.2521589
  203.39, 4.63, 4, 1782128306.3266723
  203.39, 4.63, 4, 1782128306.4055154
  203.25, 4.62, 4, 1782128306.4901345
  203.03, 4.61, 4, 1782128306.5824034
  202.95, 4.61, 4, 1782128306.653867
  202.85, 4.61, 4, 1782128306.7290776
  202.43, 4.59, 4, 1782128306.8481631
  201.49, 4.56, 4, 1782128306.9073756
  200.87, 4.54, 4, 1782128306.9710705
  201.39, 4.54, 4, 1782128307.1275103
  203.81, 4.45, 4, 1782128307.1837335
  208.91, 3.97, 4, 1782128307.2157514
  215.90, 3.06, 4, 1782128307.2917523
  224.42, 1.82, 4, 1782128307.4511757
  234.09, 0.51, 4, 1782128307.456047
  244.25, -0.53, 4, 1782128307.529494
  254.27, -1.21, 4, 1782128307.7254891
  264.49, -1.62, 4, 1782128307.731156
  275.17, -1.76, 4, 1782128307.774354
  286.47, -1.56, 4, 1782128307.8481224
  298.09, -1.14, 4, 1782128308.0012066
  309.89, -0.71, 4, 1782128308.013913
  321.57, -0.58, 4, 1782128308.0873134
  333.10, -0.79, 4, 1782128308.222944
  344.25, -1.09, 4, 1782128308.2946675
  354.83, -1.22, 4, 1782128308.3572347
  364.76, -1.05, 4, 1782128308.413904
  373.89, -0.62, 4, 1782128308.5031652
  382.11, -0.06, 4, 1782128308.5811167
  389.11, 0.45, 4, 1782128308.6555915
  394.62, 0.76, 4, 1782128308.7892435
  398.94, 0.90, 4, 1782128308.8699155
  402.03, 0.91, 4, 1782128308.8923893
  404.11, 0.88, 4, 1782128308.9675367
  405.42, 0.83, 4, 1782128309.0748048
  406.00, 0.80, 4, 1782128309.156612
  406.01, 0.80, 4, 1782128309.2096667
  405.66, 0.82, 4, 1782128309.3627596
  405.40, 0.83, 4, 1782128309.4436018
  405.34, 0.84, 4, 1782128309.454308
  405.34, 0.84, 4, 1782128309.5279126
  405.32, 0.84, 4, 1782128309.7284343
  405.32, 0.84, 4, 1782128309.7327664
  405.28, 0.84, 4, 1782128309.778152
  405.29, 0.84, 4, 1782128309.9337983
  405.18, 0.85, 4, 1782128310.0123146
  405.18, 0.85, 4, 1782128310.0162659
  405.16, 0.85, 4, 1782128310.0920308
  405.12, 0.85, 4, 1782128310.2408094
  405.15, 0.85, 4, 1782128310.3299773
  405.31, 0.84, 4, 1782128310.335052
  405.45, 0.82, 4, 1782128310.4086597
  405.42, 0.83, 4, 1782128310.6156306
  405.45, 0.82, 4, 1782128310.6178725
  405.47, 0.82, 4, 1782128310.6509233
  405.21, 0.84, 4, 1782128310.7346983
  404.81, 0.88, 4, 1782128310.9500852
  404.65, 0.89, 4, 1782128310.955178
  404.81, 0.88, 4, 1782128310.9661276
  405.04, 0.86, 4, 1782128311.0514028
  405.40, 0.83, 4, 1782128311.2663279
  405.55, 0.81, 4, 1782128311.2702558
  405.48, 0.82, 4, 1782128311.2910466
  405.48, 0.82, 4, 1782128311.377825
  405.52, 0.82, 4, 1782128311.4992816
  405.52, 0.82, 4, 1782128311.5915902
  405.32, 0.83, 4, 1782128311.6143317
  405.12, 0.85, 4, 1782128311.6874197
  404.69, 0.89, 4, 1782128311.9045956
  404.64, 0.89, 4, 1782128311.9087753
  405.39, 0.87, 4, 1782128311.9299734
  407.82, 0.98, 4, 1782128312.0140119
  412.89, 1.84, 4, 1782128312.227953
  420.16, 4.19, 4, 1782128312.2307968
  429.04, 8.37, 4, 1782128312.2517695
  438.82, 14.74, 4, 1782128312.459956
  448.15, 22.94, 4, 1782128312.546468
  456.58, 32.48, 4, 1782128312.5485003
  463.74, 42.94, 4, 1782128312.5696652
  469.54, 54.53, 4, 1782128312.6560826
  474.05, 66.93, 4, 1782128312.7850654
  477.65, 79.45, 4, 1782128312.877161
  480.48, 91.88, 4, 1782128312.8980563
  482.43, 104.35, 4, 1782128313.1284587
  483.41, 115.78, 4, 1782128313.2188454
  483.71, 126.00, 4, 1782128313.22107
  483.66, 135.40, 4, 1782128313.2231557
  483.33, 144.04, 4, 1782128313.297099
  482.87, 151.25, 4, 1782128313.545825
  482.37, 156.83, 4, 1782128313.5502977
  481.95, 160.92, 4, 1782128313.5526383
  481.70, 163.63, 4, 1782128313.6157112
  481.64, 164.94, 4, 1782128313.7876246
  481.64, 165.10, 4, 1782128313.8978808
  481.63, 164.28, 4, 1782128313.902391
  481.64, 163.16, 4, 1782128313.934035
  481.65, 162.38, 4, 1782128314.1210313
  481.66, 162.00, 4, 1782128314.2181823
  481.67, 161.90, 4, 1782128314.2202234
  481.67, 161.92, 4, 1782128314.252715
  481.67, 161.98, 4, 1782128314.568658
  481.67, 162.21, 4, 1782128314.5809743
  481.67, 162.29, 4, 1782128314.601994
  481.67, 162.29, 4, 1782128314.6076074
  481.67, 162.29, 4, 1782128314.6395037
  481.67, 162.29, 4, 1782128314.8120944
  481.67, 162.29, 4, 1782128314.9251566
  481.67, 162.29, 4, 1782128314.9275877
  481.67, 162.29, 4, 1782128314.9709435
  481.67, 162.29, 4, 1782128315.1814916
  481.67, 162.29, 4, 1782128315.2955635
  481.67, 162.29, 4, 1782128315.299964
  481.67, 162.29, 4, 1782128315.3022144
  481.67, 162.29, 4, 1782128315.3759181
  481.67, 162.32, 4, 1782128315.5372603
  481.67, 162.32, 4, 1782128315.647954
  481.67, 162.32, 4, 1782128315.6503649
  481.67, 162.25, 4, 1782128315.6928108
  481.67, 162.25, 4, 1782128315.9121377
  481.66, 162.19, 4, 1782128316.0214438
  481.66, 162.11, 4, 1782128316.0241787
  481.66, 162.11, 4, 1782128316.0270567
  481.66, 162.11, 4, 1782128316.0901947
  481.66, 162.08, 4, 1782128316.3169775
  481.66, 162.08, 4, 1782128316.4318128
  481.66, 162.08, 4, 1782128316.4357772
  481.66, 162.08, 4, 1782128316.437925
  481.66, 162.08, 4, 1782128316.4907353
  481.66, 162.08, 4, 1782128316.710975
  481.66, 162.14, 4, 1782128316.821963
  481.66, 162.14, 4, 1782128316.828197
  481.66, 162.14, 4, 1782128316.8305788
  481.66, 162.14, 4, 1782128316.8979976
  481.66, 162.14, 4, 1782128317.2147048
  481.66, 162.14, 4, 1782128317.2188993
  481.66, 162.14, 4, 1782128317.220906
  481.66, 162.14, 4, 1782128317.2231498
  481.66, 162.14, 4, 1782128317.4661143
  481.66, 162.14, 4, 1782128317.5821385
  481.66, 162.14, 4, 1782128317.5866795
  481.66, 162.14, 4, 1782128317.5898788
  481.66, 162.14, 4, 1782128317.6109095
  481.66, 162.14, 4, 1782128317.9917932
  481.66, 162.16, 4, 1782128317.9973922
  481.66, 162.13, 4, 1782128317.999995
  481.66, 162.11, 4, 1782128318.0021307
  481.66, 162.11, 4, 1782128318.0130622
  481.66, 162.13, 4, 1782128318.287777
  481.66, 162.09, 4, 1782128318.4312434
  481.66, 162.08, 4, 1782128318.4358797
  481.66, 162.08, 4, 1782128318.4387467
  481.66, 162.27, 4, 1782128318.4417152
  481.66, 162.38, 4, 1782128318.82191
  481.66, 162.38, 4, 1782128318.8279269
  481.66, 162.33, 4, 1782128318.8300846
  481.66, 162.32, 4, 1782128318.8320553
  481.66, 162.32, 4, 1782128318.8339615
  481.66, 162.30, 4, 1782128319.1008215
  481.66, 162.33, 4, 1782128319.241537
  481.66, 162.30, 4, 1782128319.2444236
  481.66, 162.30, 4, 1782128319.2469206
  481.66, 162.24, 4, 1782128319.2491143
  481.66, 162.22, 4, 1782128319.2905235
  481.66, 162.30, 4, 1782128319.664834
  481.66, 162.32, 4, 1782128319.6697915
  481.66, 162.32, 4, 1782128319.6738155
  481.66, 162.37, 4, 1782128319.6764112
  481.66, 162.32, 4, 1782128319.6976724
  481.65, 162.19, 4, 1782128319.9911087
  481.65, 161.93, 4, 1782128319.9943254
  481.65, 161.63, 4, 1782128320.1454716
  481.66, 162.00, 4, 1782128320.1479204
  481.66, 162.89, 4, 1782128320.150526
  481.65, 163.81, 4, 1782128320.1722174
  481.65, 164.03, 4, 1782128320.4376843
  481.65, 164.08, 4, 1782128320.5885444
  481.67, 164.44, 4, 1782128320.5913396
  481.70, 165.07, 4, 1782128320.5944853
  481.73, 165.43, 4, 1782128320.5969992
  481.72, 165.26, 4, 1782128320.8901427
  481.71, 165.15, 4, 1782128320.8931355
  481.72, 165.29, 4, 1782128321.042954
  481.73, 165.50, 4, 1782128321.0476162
  481.73, 165.48, 4, 1782128321.050674
  0.00, 0.00, 4, 1782128340.7761815
  -0.08, 0.00, 4, 1782128340.917919
  -4.66, 0.00, 4, 1782128340.9180017
  -12.05, -0.09, 4, 1782128340.918077
  -11.86, -0.08, 4, 1782128340.9182806
  -10.19, -0.03, 4, 1782128340.918329
  -8.18, 0.04, 4, 1782128340.9602907
  -7.03, 0.08, 4, 1782128341.3588727
  -7.01, 0.08, 4, 1782128341.361121
  -7.17, 0.08, 4, 1782128341.3611867
  -7.17, 0.08, 4, 1782128341.3612392
  -7.17, 0.08, 4, 1782128341.3612823
  -7.17, 0.08, 4, 1782128341.6399696
  -7.17, 0.08, 4, 1782128341.7684734
  -7.17, 0.08, 4, 1782128341.770363
  -7.17, 0.08, 4, 1782128341.7704515
  -7.17, 0.08, 4, 1782128341.770546
  -7.19, 0.08, 4, 1782128342.1965082
  -7.19, 0.08, 4, 1782128342.1987789
  -7.19, 0.08, 4, 1782128342.198809
  -7.19, 0.08, 4, 1782128342.1989062
  -7.19, 0.08, 4, 1782128342.1989338
  -7.19, 0.08, 4, 1782128342.2415066
  -7.19, 0.08, 4, 1782128342.497754
  -7.27, 0.07, 4, 1782128342.6283212
  -7.35, 0.07, 4, 1782128342.6304238
  -7.38, 0.07, 4, 1782128342.6304693
  -7.44, 0.07, 4, 1782128342.6408925
  -7.47, 0.07, 4, 1782128342.9538279
  -7.47, 0.07, 4, 1782128343.0975003
  -7.47, 0.07, 4, 1782128343.0976827
  -7.47, 0.07, 4, 1782128343.097736
  -7.47, 0.07, 4, 1782128343.0978634
  -7.47, 0.07, 4, 1782128343.1188912
  -7.47, 0.07, 4, 1782128343.521137
  -7.47, 0.07, 4, 1782128343.5243893
  -7.47, 0.07, 4, 1782128343.52456
  -7.47, 0.07, 4, 1782128343.5246403
  -7.47, 0.07, 4, 1782128343.524791
  -7.47, 0.07, 4, 1782128343.8362253
  -7.47, 0.07, 4, 1782128343.8363037
  -7.47, 0.07, 4, 1782128343.973573
  -7.47, 0.07, 4, 1782128343.9759767
  -7.47, 0.07, 4, 1782128343.9760525
  -7.47, 0.07, 4, 1782128344.007577
  -7.47, 0.07, 4, 1782128344.4079587
  -7.47, 0.07, 4, 1782128344.4104238
  -7.47, 0.07, 4, 1782128344.4104867
  -7.47, 0.07, 4, 1782128344.4105186
  -7.47, 0.07, 4, 1782128344.4105692
  -7.54, 0.07, 4, 1782128344.7047148
  -7.55, 0.07, 4, 1782128344.850688
  -7.55, 0.07, 4, 1782128344.8508565
  -7.55, 0.07, 4, 1782128344.8509119
  -7.55, 0.07, 4, 1782128344.8509462
  -7.55, 0.07, 4, 1782128344.8824942
  -7.55, 0.07, 4, 1782128345.154155
  -7.55, 0.07, 4, 1782128345.154359
  -7.55, 0.07, 4, 1782128345.2898889
  -7.55, 0.07, 4, 1782128345.2922823
  -7.55, 0.07, 4, 1782128345.2924478
  -7.55, 0.07, 4, 1782128345.5828662
  -7.55, 0.07, 4, 1782128345.7248182
  -7.55, 0.07, 4, 1782128345.7250774
  -7.55, 0.07, 4, 1782128345.725473
  -7.55, 0.07, 4, 1782128345.72563
  -7.55, 0.07, 4, 1782128345.7676888
  -7.57, 0.07, 4, 1782128346.0438097
  -7.57, 0.07, 4, 1782128346.1833858
  -7.57, 0.07, 4, 1782128346.1836815
  -7.57, 0.07, 4, 1782128346.1840403
  -7.57, 0.07, 4, 1782128346.1842966
  -7.57, 0.07, 4, 1782128346.641729
  -7.57, 0.07, 4, 1782128346.6441047
  -7.57, 0.07, 4, 1782128346.6442647
  -7.51, 0.07, 4, 1782128346.644389
  -7.49, 0.07, 4, 1782128346.6444201
  -7.68, 0.07, 4, 1782128346.6444597
  -7.60, 0.07, 4, 1782128346.9595046
  -7.54, 0.07, 4, 1782128347.1004734
  -7.44, 0.07, 4, 1782128347.1006238
  -7.30, 0.07, 4, 1782128347.1008618
  -7.38, 0.07, 4, 1782128347.1009817
  -7.38, 0.07, 4, 1782128347.122468
  -7.31, 0.07, 4, 1782128347.4091692
  -7.28, 0.07, 4, 1782128347.5488045
  -7.28, 0.07, 4, 1782128347.5488806
  -7.20, 0.07, 4, 1782128347.549076
  -7.09, 0.07, 4, 1782128347.549201
  -6.88, 0.07, 4, 1782128347.6014261
  -6.18, 0.07, 4, 1782128347.895193
  -5.23, 0.06, 4, 1782128347.8953876
  -3.52, 0.01, 4, 1782128347.8954568
  0.83, -0.14, 4, 1782128348.0435624
  7.08, -0.34, 4, 1782128348.0436544
  13.88, -0.47, 4, 1782128348.085433
  24.89, -0.48, 4, 1782128348.5279493
  41.06, -0.37, 4, 1782128348.528083
  62.98, -0.09, 4, 1782128348.5302606
  90.30, 0.49, 4, 1782128348.5303438
  121.99, 1.07, 4, 1782128348.530388
  156.94, 1.81, 4, 1782128348.7872012
  194.02, 1.76, 4, 1782128348.7872505
  232.09, 1.17, 4, 1782128348.935641
  270.99, 0.18, 4, 1782128348.937684
  309.07, -0.76, 4, 1782128348.9378457
  345.10, -0.70, 4, 1782128348.969109
  377.66, 1.54, 4, 1782128349.3979905
  405.98, 6.58, 4, 1782128349.4000902
  430.76, 14.91, 4, 1782128349.4003384
  451.60, 26.86, 4, 1782128349.400471
  467.87, 41.35, 4, 1782128349.4006283
  480.28, 58.09, 4, 1782128349.4425979
  489.75, 76.53, 4, 1782128349.6998875
  496.58, 96.77, 4, 1782128349.8540382
  500.68, 119.45, 4, 1782128349.8544345
  500.55, 143.53, 4, 1782128349.8547068
  492.87, 166.39, 4, 1782128349.8548234
  474.86, 180.33, 4, 1782128350.2974572
  455.81, 180.86, 4, 1782128350.299906
  441.15, 171.65, 4, 1782128350.299965
  433.44, 157.46, 4, 1782128350.3000886
  431.94, 141.43, 4, 1782128350.3001986
  433.92, 125.40, 4, 1782128350.3213956
  436.88, 109.52, 4, 1782128350.5889473
  439.80, 93.63, 4, 1782128350.5903187
  442.48, 77.69, 4, 1782128350.5903504
  445.15, 61.75, 4, 1782128350.7468693
  447.81, 45.81, 4, 1782128350.7471092
  450.47, 29.87, 4, 1782128351.1763592
  453.12, 13.93, 4, 1782128351.1787674
  455.77, -2.01, 4, 1782128351.1789203
  458.41, -17.95, 4, 1782128351.1789567
  461.04, -33.90, 4, 1782128351.1790607
  463.62, -49.85, 4, 1782128351.200812
  466.23, -65.80, 4, 1782128351.6555293
  468.84, -81.75, 4, 1782128351.6581824
  471.46, -97.69, 4, 1782128351.658426
  474.05, -113.64, 4, 1782128351.6590667
  476.60, -129.60, 4, 1782128351.6595492
  479.11, -145.57, 4, 1782128351.6804566
  481.53, -161.54, 4, 1782128351.94511
  483.94, -177.52, 4, 1782128352.087663
  486.35, -193.50, 4, 1782128352.0877247
  488.72, -209.49, 4, 1782128352.089895
  491.01, -225.48, 4, 1782128352.0899346
  493.38, -241.47, 4, 1782128352.4167833
  495.86, -257.44, 4, 1782128352.574221
  498.20, -273.43, 4, 1782128352.5744097
  500.23, -289.46, 4, 1782128352.5745027
  501.99, -305.52, 4, 1782128352.574721
  503.64, -321.60, 4, 1782128352.5748603
  503.64, -321.60, 4, 1782128352.87773
  503.64, -321.60, 4, 1782128353.021035
  503.64, -321.60, 4, 1782128353.0234237
  503.64, -321.60, 4, 1782128353.0238068
  503.64, -321.60, 4, 1782128353.0239863
  503.64, -321.60, 4, 1782128353.0452573
  503.64, -321.60, 4, 1782128353.3589606
  503.64, -321.60, 4, 1782128353.5352275
  503.64, -321.60, 4, 1782128353.5353892
  503.64, -321.60, 4, 1782128353.535578
  503.64, -321.60, 4, 1782128353.5356495
  503.64, -321.60, 4, 1782128353.5357196
  503.64, -321.60, 4, 1782128353.844422
  503.64, -321.60, 4, 1782128353.9975524
  503.64, -321.60, 4, 1782128353.9999545
  503.64, -321.60, 4, 1782128354.000075
  503.64, -321.60, 4, 1782128354.0002193
  503.64, -321.60, 4, 1782128354.011374
  503.64, -321.60, 4, 1782128354.3157628
  503.64, -321.60, 4, 1782128354.4662805
  503.64, -321.60, 4, 1782128354.4663985
  503.64, -321.60, 4, 1782128354.4665418
  503.64, -321.60, 4, 1782128354.466664
  503.64, -321.60, 4, 1782128354.4880705
  503.64, -321.60, 4, 1782128354.8946664
  503.64, -321.60, 4, 1782128354.8965583

Waypoints (x, y):
  #1: 17.04, -0.88
  #2: 17.04, -0.88
  #3: 17.04, -0.88
  #4: 17.04, -0.88
  #5: 58.95, -0.82
  #6: 58.95, -0.82
  #7: 58.95, -0.82
  #8: 58.95, -0.82
  #9: 58.95, -0.82
  #10: 99.91, -0.29
  #11: 99.91, -0.29
  #12: 99.91, -0.29
  #13: 99.91, -0.29
  #14: 99.91, -0.29
  #15: 140.83, 4.30
  #16: 140.83, 4.30
  #17: 140.83, 4.30
  #18: 140.83, 4.30
  #19: 140.83, 4.30
  #20: 140.83, 4.30
  #21: 181.07, 3.93
  #22: 181.07, 3.93
  #23: 181.07, 3.93
  #24: 181.07, 3.93
  #25: 181.07, 3.93
  #26: 181.07, 3.93
  #27: 181.07, 3.93
  #28: 181.07, 3.93
  #29: 181.07, 3.93
  #30: 181.07, 3.93
  #31: 181.07, 3.93
  #32: 181.07, 3.93
  #33: 181.07, 3.93
  #34: 181.07, 3.93
  #35: 181.07, 3.93
  #36: 181.07, 3.93
  #37: 181.07, 3.93
  #38: 181.07, 3.93
  #39: 181.07, 3.93
  #40: 181.07, 3.93
  #41: 181.07, 3.93
  #42: 181.07, 3.93
  #43: 181.07, 3.93
  #44: 181.07, 3.93
  #45: 181.07, 3.93
  #46: 181.07, 3.93
  #47: 181.07, 3.93
  #48: 181.07, 3.93
  #49: 181.07, 3.93
  #50: 181.07, 3.93
  #51: 181.07, 3.93
  #52: 181.07, 3.93
  #53: 181.07, 3.93
  #54: 181.07, 3.93
  #55: 181.07, 3.93
  #56: 181.07, 3.93
  #57: 181.07, 3.93
  #58: 181.07, 3.93
  #59: 181.07, 3.93
  #60: 181.07, 3.93
  #61: 181.07, 3.93
  #62: 181.07, 3.93
  #63: 181.07, 3.93
  #64: 181.07, 3.93
  #65: 181.07, 3.93
  #66: 181.07, 3.93
  #67: 215.90, 3.06
  #68: 215.90, 3.06
  #69: 215.90, 3.06
  #70: 215.90, 3.06
  #71: 215.90, 3.06
  #72: 256.27, -1.31
  #73: 256.27, -1.31
  #74: 256.27, -1.31
  #75: 298.09, -1.14
  #76: 298.09, -1.14
  #77: 298.09, -1.14
  #78: 298.09, -1.14
  #79: 339.85, -0.98
  #80: 339.85, -0.98
  #81: 339.85, -0.98
  #82: 339.85, -0.98
  #83: 380.54, -0.17
  #84: 380.54, -0.17
  #85: 380.54, -0.17
  #86: 380.54, -0.17
  #87: 380.54, -0.17
  #88: 380.54, -0.17
  #89: 380.54, -0.17
  #90: 380.54, -0.17
  #91: 380.54, -0.17
  #92: 380.54, -0.17
  #93: 380.54, -0.17
  #94: 380.54, -0.17
  #95: 380.54, -0.17
  #96: 380.54, -0.17
  #97: 380.54, -0.17
  #98: 380.54, -0.17
  #99: 380.54, -0.17
  #100: 380.54, -0.17
  #101: 380.54, -0.17
  #102: 380.54, -0.17
  #103: 380.54, -0.17
  #104: 380.54, -0.17
  #105: 380.54, -0.17
  #106: 380.54, -0.17
  #107: 380.54, -0.17
  #108: 380.54, -0.17
  #109: 380.54, -0.17
  #110: 380.54, -0.17
  #111: 380.54, -0.17
  #112: 380.54, -0.17
  #113: 380.54, -0.17
  #114: 380.54, -0.17
  #115: 380.54, -0.17
  #116: 380.54, -0.17
  #117: 380.54, -0.17
  #118: 380.54, -0.17
  #119: 380.54, -0.17
  #120: 380.54, -0.17
  #121: 380.54, -0.17
  #122: 380.54, -0.17
  #123: 380.54, -0.17
  #124: 380.54, -0.17
  #125: 380.54, -0.17
  #126: 380.54, -0.17
  #127: 380.54, -0.17
  #128: 415.56, 2.57
  #129: 415.56, 2.57
  #130: 415.56, 2.57
  #131: 415.56, 2.57
  #132: 449.94, 24.75
  #133: 449.94, 24.75
  #134: 449.94, 24.75
  #135: 471.49, 59.42
  #136: 471.49, 59.42
  #137: 471.49, 59.42
  #138: 481.78, 99.42
  #139: 481.78, 99.42
  #140: 481.78, 99.42
  #141: 481.78, 99.42
  #142: 483.49, 140.74
  #143: 483.49, 140.74
  #144: 483.49, 140.74
  #145: 483.49, 140.74
  #146: 483.49, 140.74
  #147: 483.49, 140.74
  #148: 483.49, 140.74
  #149: 483.49, 140.74
  #150: 483.49, 140.74
  #151: 483.49, 140.74
  #152: 483.49, 140.74
  #153: 483.49, 140.74
  #154: 483.49, 140.74
  #155: 483.49, 140.74
  #156: 483.49, 140.74
  #157: 483.49, 140.74
  #158: 483.49, 140.74
  #159: 483.49, 140.74
  #160: 483.49, 140.74
  #161: 483.49, 140.74
  #162: 483.49, 140.74
  #163: 483.49, 140.74
  #164: 483.49, 140.74
  #165: 483.49, 140.74
  #166: 483.49, 140.74
  #167: 483.49, 140.74
  #168: 483.49, 140.74
  #169: 483.49, 140.74
  #170: 483.49, 140.74
  #171: 483.49, 140.74
  #172: 483.49, 140.74
  #173: 483.49, 140.74
  #174: 483.49, 140.74
  #175: 483.49, 140.74
  #176: 483.49, 140.74
  #177: 483.49, 140.74
  #178: 483.49, 140.74
  #179: 483.49, 140.74
  #180: 483.49, 140.74
  #181: 483.49, 140.74
  #182: 483.49, 140.74
  #183: 483.49, 140.74
  #184: 483.49, 140.74
  #185: 483.49, 140.74
  #186: 483.49, 140.74
  #187: 483.49, 140.74
  #188: 483.49, 140.74
  #189: 483.49, 140.74
  #190: 483.49, 140.74
  #191: 483.49, 140.74
  #192: 483.49, 140.74
  #193: 483.49, 140.74
  #194: 483.49, 140.74
  #195: 483.49, 140.74
  #196: 483.49, 140.74
  #197: 483.49, 140.74
  #198: 483.49, 140.74
  #199: 483.49, 140.74
  #200: 483.49, 140.74
  #201: 483.49, 140.74
  #202: 483.49, 140.74
  #203: 483.49, 140.74
  #204: 483.49, 140.74
  #205: 483.49, 140.74
  #206: 483.49, 140.74
  #207: 483.49, 140.74
  #208: 483.49, 140.74
  #209: 483.49, 140.74
  #210: 483.49, 140.74
  #211: 483.49, 140.74
  #212: 483.49, 140.74
  #213: 483.49, 140.74
  #214: 483.49, 140.74
  #215: 483.49, 140.74
  #216: 483.49, 140.74
  #217: 483.49, 140.74
  #218: 483.49, 140.74
  #219: 483.49, 140.74
  #220: 483.49, 140.74
  #221: 483.49, 140.74
  #222: 483.49, 140.74
  #223: 483.49, 140.74
  #224: 483.49, 140.74
  #225: 483.49, 140.74
  #226: 483.49, 140.74
  #227: 483.49, 140.74
  #228: 483.49, 140.74
  #229: 483.49, 140.74
  #230: 483.49, 140.74
  #231: 483.49, 140.74
  #232: 483.49, 140.74
  #233: 483.49, 140.74
  #234: 483.49, 140.74
  #235: 483.49, 140.74
  #236: 483.49, 140.74
  #237: 483.49, 140.74
  #238: 483.49, 140.74

Raw Data Log:
  [2026-06-22T19:38:09.077979] I: {'realtime_x': -0.08, 'realtime_y': 0.0, 'target_x': 0.0, 'target_y': 0.0, 'yaw_ins': 0.0, 'dis_ins': 0.0}
  [2026-06-22T19:38:09.129831] I: {'realtime_x': -4.5, 'realtime_y': 0.07, 'target_x': 0.0, 'target_y': 0.0, 'yaw_ins': 0.0, 'dis_ins': 0.0}
  [2026-06-22T19:38:09.204022] I: {'realtime_x': -10.5, 'realtime_y': 0.14, 'target_x': 0.0, 'target_y': 0.0, 'yaw_ins': 0.0, 'dis_ins': 0.0}
  [2026-06-22T19:38:09.288294] I: {'realtime_x': -10.8, 'realtime_y': 0.14, 'target_x': 0.0, 'target_y': 0.0, 'yaw_ins': 0.0, 'dis_ins': 0.0}
  [2026-06-22T19:38:09.372235] I: {'realtime_x': -10.48, 'realtime_y': 0.14, 'target_x': 0.0, 'target_y': 0.0, 'yaw_ins': 0.0, 'dis_ins': 0.0}
  [2026-06-22T19:38:09.453292] I: {'realtime_x': -10.4, 'realtime_y': 0.14, 'target_x': 0.0, 'target_y': 0.0, 'yaw_ins': 0.0, 'dis_ins': 0.0}
  [2026-06-22T19:38:09.526835] I: {'realtime_x': -10.13, 'realtime_y': 0.13, 'target_x': 0.0, 'target_y': 0.0, 'yaw_ins': 0.0, 'dis_ins': 0.0}
  [2026-06-22T19:38:09.614032] I: {'realtime_x': -9.84, 'realtime_y': 0.13, 'target_x': 0.0, 'target_y': 0.0, 'yaw_ins': 0.0, 'dis_ins': 0.0}
  [2026-06-22T19:38:09.688244] I: {'realtime_x': -9.81, 'realtime_y': 0.13, 'target_x': 0.0, 'target_y': 0.0, 'yaw_ins': 0.0, 'dis_ins': 0.0}
  [2026-06-22T19:38:09.773468] I: {'realtime_x': -10.0, 'realtime_y': 0.14, 'target_x': 0.0, 'target_y': 0.0, 'yaw_ins': 0.0, 'dis_ins': 0.0}
  [2026-06-22T19:38:09.855106] I: {'realtime_x': -10.05, 'realtime_y': 0.14, 'target_x': 0.0, 'target_y': 0.0, 'yaw_ins': 0.0, 'dis_ins': 0.0}
  [2026-06-22T19:38:09.930022] I: {'realtime_x': -9.81, 'realtime_y': 0.14, 'target_x': 0.0, 'target_y': 0.0, 'yaw_ins': 0.0, 'dis_ins': 0.0}
  [2026-06-22T19:38:10.013677] I: {'realtime_x': -9.39, 'realtime_y': 0.13, 'target_x': 0.0, 'target_y': 0.0, 'yaw_ins': 0.0, 'dis_ins': 0.0}
  [2026-06-22T19:38:10.101789] I: {'realtime_x': -9.34, 'realtime_y': 0.13, 'target_x': 0.0, 'target_y': 0.0, 'yaw_ins': 0.0, 'dis_ins': 0.0}
  [2026-06-22T19:38:10.164840] I: {'realtime_x': -9.62, 'realtime_y': 0.13, 'target_x': 0.0, 'target_y': 0.0, 'yaw_ins': 0.0, 'dis_ins': 0.0}
  [2026-06-22T19:38:10.249297] I: {'realtime_x': -9.95, 'realtime_y': 0.14, 'target_x': 0.0, 'target_y': 0.0, 'yaw_ins': 0.0, 'dis_ins': 0.0}
  [2026-06-22T19:38:10.326549] I: {'realtime_x': -10.0, 'realtime_y': 0.14, 'target_x': 0.0, 'target_y': 0.0, 'yaw_ins': 0.0, 'dis_ins': 0.0}
  [2026-06-22T19:38:10.409838] I: {'realtime_x': -9.94, 'realtime_y': 0.14, 'target_x': 0.0, 'target_y': 0.0, 'yaw_ins': 0.0, 'dis_ins': 0.0}
  [2026-06-22T19:38:10.483631] I: {'realtime_x': -9.87, 'realtime_y': 0.14, 'target_x': 0.0, 'target_y': 0.0, 'yaw_ins': 0.0, 'dis_ins': 0.0}
  [2026-06-22T19:38:10.567651] I: {'realtime_x': -9.87, 'realtime_y': 0.14, 'target_x': 0.0, 'target_y': 0.0, 'yaw_ins': 0.0, 'dis_ins': 0.0}
  [2026-06-22T19:38:10.651027] I: {'realtime_x': -9.9, 'realtime_y': 0.14, 'target_x': 0.0, 'target_y': 0.0, 'yaw_ins': 0.0, 'dis_ins': 0.0}
  [2026-06-22T19:38:10.748470] I: {'realtime_x': -9.89, 'realtime_y': 0.14, 'target_x': 0.0, 'target_y': 0.0, 'yaw_ins': 0.0, 'dis_ins': 0.0}
  [2026-06-22T19:38:10.812196] I: {'realtime_x': -9.81, 'realtime_y': 0.14, 'target_x': 0.0, 'target_y': 0.0, 'yaw_ins': 0.0, 'dis_ins': 0.0}
  [2026-06-22T19:38:10.885660] I: {'realtime_x': -9.78, 'realtime_y': 0.14, 'target_x': 0.0, 'target_y': 0.0, 'yaw_ins': 0.0, 'dis_ins': 0.0}
  [2026-06-22T19:38:10.970326] I: {'realtime_x': -9.78, 'realtime_y': 0.14, 'target_x': 0.0, 'target_y': 0.0, 'yaw_ins': 0.0, 'dis_ins': 0.0}
  [2026-06-22T19:38:11.052988] I: {'realtime_x': -9.78, 'realtime_y': 0.14, 'target_x': 0.0, 'target_y': 0.0, 'yaw_ins': 0.0, 'dis_ins': 0.0}
  [2026-06-22T19:38:11.126905] I: {'realtime_x': -9.71, 'realtime_y': 0.14, 'target_x': 0.0, 'target_y': 0.0, 'yaw_ins': 0.0, 'dis_ins': 0.0}
  [2026-06-22T19:38:11.197513] I: {'realtime_x': -9.63, 'realtime_y': 0.14, 'target_x': 0.0, 'target_y': 0.0, 'yaw_ins': 0.0, 'dis_ins': 0.0}
  [2026-06-22T19:38:11.292107] I: {'realtime_x': -9.6, 'realtime_y': 0.14, 'target_x': 0.0, 'target_y': 0.0, 'yaw_ins': 0.0, 'dis_ins': 0.0}
  [2026-06-22T19:38:11.370506] I: {'realtime_x': -9.62, 'realtime_y': 0.14, 'target_x': 0.0, 'target_y': 0.0, 'yaw_ins': 0.0, 'dis_ins': 0.0}
  [2026-06-22T19:38:11.445211] I: {'realtime_x': -9.63, 'realtime_y': 0.14, 'target_x': 0.0, 'target_y': 0.0, 'yaw_ins': 0.0, 'dis_ins': 0.0}
  [2026-06-22T19:38:11.529305] I: {'realtime_x': -9.63, 'realtime_y': 0.14, 'target_x': 0.0, 'target_y': 0.0, 'yaw_ins': 0.0, 'dis_ins': 0.0}
  [2026-06-22T19:38:11.620970] I: {'realtime_x': -9.63, 'realtime_y': 0.14, 'target_x': 0.0, 'target_y': 0.0, 'yaw_ins': 0.0, 'dis_ins': 0.0}
  [2026-06-22T19:38:11.684663] I: {'realtime_x': -9.63, 'realtime_y': 0.14, 'target_x': 0.0, 'target_y': 0.0, 'yaw_ins': 0.0, 'dis_ins': 0.0}
  [2026-06-22T19:38:11.768867] I: {'realtime_x': -9.58, 'realtime_y': 0.14, 'target_x': 0.0, 'target_y': 0.0, 'yaw_ins': 0.0, 'dis_ins': 0.0}
  [2026-06-22T19:38:11.845070] I: {'realtime_x': -9.52, 'realtime_y': 0.13, 'target_x': 0.0, 'target_y': 0.0, 'yaw_ins': 0.0, 'dis_ins': 0.0}
  [2026-06-22T19:38:11.928156] I: {'realtime_x': -9.54, 'realtime_y': 0.14, 'target_x': 0.0, 'target_y': 0.0, 'yaw_ins': 0.0, 'dis_ins': 0.0}
  [2026-06-22T19:38:12.020357] I: {'realtime_x': -9.6, 'realtime_y': 0.14, 'target_x': 0.0, 'target_y': 0.0, 'yaw_ins': 0.0, 'dis_ins': 0.0}
  [2026-06-22T19:38:12.087169] I: {'realtime_x': -9.6, 'realtime_y': 0.14, 'target_x': 0.0, 'target_y': 0.0, 'yaw_ins': 0.0, 'dis_ins': 0.0}
  [2026-06-22T19:38:12.170734] I: {'realtime_x': -9.6, 'realtime_y': 0.14, 'target_x': 0.0, 'target_y': 0.0, 'yaw_ins': 0.0, 'dis_ins': 0.0}
  [2026-06-22T19:38:12.260000] I: {'realtime_x': -9.6, 'realtime_y': 0.14, 'target_x': 0.0, 'target_y': 0.0, 'yaw_ins': 0.0, 'dis_ins': 0.0}
  [2026-06-22T19:38:12.322842] I: {'realtime_x': -9.6, 'realtime_y': 0.14, 'target_x': 0.0, 'target_y': 0.0, 'yaw_ins': 0.0, 'dis_ins': 0.0}
  [2026-06-22T19:38:12.407023] I: {'realtime_x': -9.6, 'realtime_y': 0.14, 'target_x': 0.0, 'target_y': 0.0, 'yaw_ins': 0.0, 'dis_ins': 0.0}
  [2026-06-22T19:38:12.483773] I: {'realtime_x': -9.44, 'realtime_y': 0.13, 'target_x': 0.0, 'target_y': 0.0, 'yaw_ins': 0.0, 'dis_ins': 0.0}
  [2026-06-22T19:38:12.567512] I: {'realtime_x': -9.17, 'realtime_y': 0.13, 'target_x': 0.0, 'target_y': 0.0, 'yaw_ins': 0.0, 'dis_ins': 0.0}
  [2026-06-22T19:38:12.662797] I: {'realtime_x': -9.17, 'realtime_y': 0.13, 'target_x': 0.0, 'target_y': 0.0, 'yaw_ins': 0.0, 'dis_ins': 0.0}
  [2026-06-22T19:38:12.728245] I: {'realtime_x': -9.17, 'realtime_y': 0.13, 'target_x': 0.0, 'target_y': 0.0, 'yaw_ins': 0.0, 'dis_ins': 0.0}
  [2026-06-22T19:38:12.812665] I: {'realtime_x': -9.17, 'realtime_y': 0.13, 'target_x': 0.0, 'target_y': 0.0, 'yaw_ins': 0.0, 'dis_ins': 0.0}
  [2026-06-22T19:38:12.886491] I: {'realtime_x': -9.12, 'realtime_y': 0.13, 'target_x': 0.0, 'target_y': 0.0, 'yaw_ins': 0.0, 'dis_ins': 0.0}
  [2026-06-22T19:38:12.972362] I: {'realtime_x': -9.12, 'realtime_y': 0.13, 'target_x': 0.0, 'target_y': 0.0, 'yaw_ins': 0.0, 'dis_ins': 0.0}
  [2026-06-22T19:38:13.045644] I: {'realtime_x': -9.12, 'realtime_y': 0.13, 'target_x': 0.0, 'target_y': 0.0, 'yaw_ins': 0.0, 'dis_ins': 0.0}
  [2026-06-22T19:38:13.135334] I: {'realtime_x': -9.12, 'realtime_y': 0.13, 'target_x': 0.0, 'target_y': 0.0, 'yaw_ins': 0.0, 'dis_ins': 0.0}
  [2026-06-22T19:38:13.209324] I: {'realtime_x': -9.12, 'realtime_y': 0.13, 'target_x': 0.0, 'target_y': 0.0, 'yaw_ins': 0.0, 'dis_ins': 0.0}
  [2026-06-22T19:38:13.293691] I: {'realtime_x': -9.12, 'realtime_y': 0.13, 'target_x': 0.0, 'target_y': 0.0, 'yaw_ins': 0.0, 'dis_ins': 0.0}
  [2026-06-22T19:38:13.365423] I: {'realtime_x': -9.12, 'realtime_y': 0.13, 'target_x': 0.0, 'target_y': 0.0, 'yaw_ins': 0.0, 'dis_ins': 0.0}
  [2026-06-22T19:38:13.449583] I: {'realtime_x': -9.09, 'realtime_y': 0.13, 'target_x': 0.0, 'target_y': 0.0, 'yaw_ins': 0.0, 'dis_ins': 0.0}
  [2026-06-22T19:38:13.566535] I: {'realtime_x': -9.09, 'realtime_y': 0.13, 'target_x': 0.0, 'target_y': 0.0, 'yaw_ins': 0.0, 'dis_ins': 0.0}
  [2026-06-22T19:38:13.609060] I: {'realtime_x': -9.09, 'realtime_y': 0.13, 'target_x': 0.0, 'target_y': 0.0, 'yaw_ins': 0.0, 'dis_ins': 0.0}
  [2026-06-22T19:38:13.693250] I: {'realtime_x': -9.09, 'realtime_y': 0.13, 'target_x': 0.0, 'target_y': 0.0, 'yaw_ins': 0.0, 'dis_ins': 0.0}
  [2026-06-22T19:38:13.780993] I: {'realtime_x': -9.09, 'realtime_y': 0.13, 'target_x': 0.0, 'target_y': 0.0, 'yaw_ins': 0.0, 'dis_ins': 0.0}
  [2026-06-22T19:38:13.845000] I: {'realtime_x': -9.09, 'realtime_y': 0.13, 'target_x': 0.0, 'target_y': 0.0, 'yaw_ins': 0.0, 'dis_ins': 0.0}
  [2026-06-22T19:38:13.929479] I: {'realtime_x': -9.09, 'realtime_y': 0.13, 'target_x': 0.0, 'target_y': 0.0, 'yaw_ins': 0.0, 'dis_ins': 0.0}
  [2026-06-22T19:38:14.012431] I: {'realtime_x': -9.09, 'realtime_y': 0.13, 'target_x': 0.0, 'target_y': 0.0, 'yaw_ins': 0.0, 'dis_ins': 0.0}
  [2026-06-22T19:38:14.086669] I: {'realtime_x': -9.09, 'realtime_y': 0.13, 'target_x': 0.0, 'target_y': 0.0, 'yaw_ins': 0.0, 'dis_ins': 0.0}
  [2026-06-22T19:38:14.179534] I: {'realtime_x': -9.09, 'realtime_y': 0.13, 'target_x': 0.0, 'target_y': 0.0, 'yaw_ins': 0.0, 'dis_ins': 0.0}
  [2026-06-22T19:38:14.251722] I: {'realtime_x': -9.09, 'realtime_y': 0.13, 'target_x': 0.0, 'target_y': 0.0, 'yaw_ins': 0.0, 'dis_ins': 0.0}
  [2026-06-22T19:38:14.325052] I: {'realtime_x': -9.09, 'realtime_y': 0.13, 'target_x': 0.0, 'target_y': 0.0, 'yaw_ins': 0.0, 'dis_ins': 0.0}
  [2026-06-22T19:38:14.436013] I: {'realtime_x': -9.06, 'realtime_y': 0.12, 'target_x': 0.0, 'target_y': 0.0, 'yaw_ins': 0.0, 'dis_ins': 0.0}
  [2026-06-22T19:38:14.489024] I: {'realtime_x': -9.01, 'realtime_y': 0.12, 'target_x': 0.0, 'target_y': 0.0, 'yaw_ins': 0.0, 'dis_ins': 0.0}
  [2026-06-22T19:38:14.574585] I: {'realtime_x': -9.01, 'realtime_y': 0.12, 'target_x': 0.0, 'target_y': 0.0, 'yaw_ins': 0.0, 'dis_ins': 0.0}
  [2026-06-22T19:38:14.652952] I: {'realtime_x': -9.01, 'realtime_y': 0.12, 'target_x': 0.0, 'target_y': 0.0, 'yaw_ins': 0.0, 'dis_ins': 0.0}
  [2026-06-22T19:38:14.725017] I: {'realtime_x': -9.01, 'realtime_y': 0.12, 'target_x': 0.0, 'target_y': 0.0, 'yaw_ins': 0.0, 'dis_ins': 0.0}
  [2026-06-22T19:38:14.809374] I: {'realtime_x': -9.01, 'realtime_y': 0.12, 'target_x': 0.0, 'target_y': 0.0, 'yaw_ins': 0.0, 'dis_ins': 0.0}
  [2026-06-22T19:38:14.889471] I: {'realtime_x': -9.01, 'realtime_y': 0.12, 'target_x': 0.0, 'target_y': 0.0, 'yaw_ins': 0.0, 'dis_ins': 0.0}
  [2026-06-22T19:38:14.973256] I: {'realtime_x': -9.01, 'realtime_y': 0.12, 'target_x': 0.0, 'target_y': 0.0, 'yaw_ins': 0.0, 'dis_ins': 0.0}
  [2026-06-22T19:38:15.051840] I: {'realtime_x': -9.01, 'realtime_y': 0.12, 'target_x': 0.0, 'target_y': 0.0, 'yaw_ins': 0.0, 'dis_ins': 0.0}
  [2026-06-22T19:38:15.126924] I: {'realtime_x': -9.01, 'realtime_y': 0.12, 'target_x': 0.0, 'target_y': 0.0, 'yaw_ins': 0.0, 'dis_ins': 0.0}
  [2026-06-22T19:38:15.210708] I: {'realtime_x': -9.01, 'realtime_y': 0.12, 'target_x': 0.0, 'target_y': 0.0, 'yaw_ins': 0.0, 'dis_ins': 0.0}
  [2026-06-22T19:38:15.299045] I: {'realtime_x': -9.01, 'realtime_y': 0.12, 'target_x': 0.0, 'target_y': 0.0, 'yaw_ins': 0.0, 'dis_ins': 0.0}
  [2026-06-22T19:38:15.373234] I: {'realtime_x': -9.01, 'realtime_y': 0.12, 'target_x': 0.0, 'target_y': 0.0, 'yaw_ins': 0.0, 'dis_ins': 0.0}
  [2026-06-22T19:38:15.446398] I: {'realtime_x': -9.01, 'realtime_y': 0.12, 'target_x': 0.0, 'target_y': 0.0, 'yaw_ins': 0.0, 'dis_ins': 0.0}
  [2026-06-22T19:38:15.525496] I: {'realtime_x': -8.99, 'realtime_y': 0.12, 'target_x': 0.0, 'target_y': 0.0, 'yaw_ins': 0.0, 'dis_ins': 0.0}
  [2026-06-22T19:38:15.609377] I: {'realtime_x': -8.93, 'realtime_y': 0.12, 'target_x': 0.0, 'target_y': 0.0, 'yaw_ins': 0.0, 'dis_ins': 0.0}
  [2026-06-22T19:38:15.694835] I: {'realtime_x': -8.72, 'realtime_y': 0.12, 'target_x': 0.0, 'target_y': 0.0, 'yaw_ins': 0.0, 'dis_ins': 0.0}
  [2026-06-22T19:38:15.771635] I: {'realtime_x': -8.48, 'realtime_y': 0.11, 'target_x': 0.0, 'target_y': 0.0, 'yaw_ins': 0.0, 'dis_ins': 0.0}
  [2026-06-22T19:38:15.845782] I: {'realtime_x': -8.21, 'realtime_y': 0.11, 'target_x': 0.0, 'target_y': 0.0, 'yaw_ins': 0.0, 'dis_ins': 0.0}
  [2026-06-22T19:38:15.941115] I: {'realtime_x': -7.97, 'realtime_y': 0.1, 'target_x': 0.0, 'target_y': 0.0, 'yaw_ins': 0.0, 'dis_ins': 0.0}
  [2026-06-22T19:38:16.004280] I: {'realtime_x': -7.89, 'realtime_y': 0.1, 'target_x': 0.0, 'target_y': 0.0, 'yaw_ins': 0.0, 'dis_ins': 0.0}
  [2026-06-22T19:38:16.088343] I: {'realtime_x': -7.89, 'realtime_y': 0.1, 'target_x': 0.0, 'target_y': 0.0, 'yaw_ins': 0.0, 'dis_ins': 0.0}
  [2026-06-22T19:38:16.164339] I: {'realtime_x': -7.94, 'realtime_y': 0.1, 'target_x': 0.0, 'target_y': 0.0, 'yaw_ins': 0.0, 'dis_ins': 0.0}
  [2026-06-22T19:38:16.249071] I: {'realtime_x': -7.97, 'realtime_y': 0.1, 'target_x': 0.0, 'target_y': 0.0, 'yaw_ins': 0.0, 'dis_ins': 0.0}
  [2026-06-22T19:38:16.341395] I: {'realtime_x': -7.97, 'realtime_y': 0.1, 'target_x': 0.0, 'target_y': 0.0, 'yaw_ins': 0.0, 'dis_ins': 0.0}
  [2026-06-22T19:38:16.406187] I: {'realtime_x': -7.97, 'realtime_y': 0.1, 'target_x': 0.0, 'target_y': 0.0, 'yaw_ins': 0.0, 'dis_ins': 0.0}
  [2026-06-22T19:38:16.489697] I: {'realtime_x': -7.97, 'realtime_y': 0.1, 'target_x': 0.0, 'target_y': 0.0, 'yaw_ins': 0.0, 'dis_ins': 0.0}
  [2026-06-22T19:38:16.581380] I: {'realtime_x': -7.97, 'realtime_y': 0.1, 'target_x': 0.0, 'target_y': 0.0, 'yaw_ins': 0.0, 'dis_ins': 0.0}
  [2026-06-22T19:38:16.644845] I: {'realtime_x': -7.97, 'realtime_y': 0.1, 'target_x': 0.0, 'target_y': 0.0, 'yaw_ins': 0.0, 'dis_ins': 0.0}
  [2026-06-22T19:38:16.728613] I: {'realtime_x': -7.97, 'realtime_y': 0.1, 'target_x': 0.0, 'target_y': 0.0, 'yaw_ins': 0.0, 'dis_ins': 0.0}
  [2026-06-22T19:38:16.810130] I: {'realtime_x': -7.97, 'realtime_y': 0.1, 'target_x': 0.0, 'target_y': 0.0, 'yaw_ins': 0.0, 'dis_ins': 0.0}
  [2026-06-22T19:38:16.893864] I: {'realtime_x': -7.97, 'realtime_y': 0.1, 'target_x': 0.0, 'target_y': 0.0, 'yaw_ins': 0.0, 'dis_ins': 0.0}
  [2026-06-22T19:38:16.973484] I: {'realtime_x': -7.97, 'realtime_y': 0.1, 'target_x': 0.0, 'target_y': 0.0, 'yaw_ins': 0.0, 'dis_ins': 0.0}
  [2026-06-22T19:38:17.049659] I: {'realtime_x': -7.94, 'realtime_y': 0.1, 'target_x': 0.0, 'target_y': 0.0, 'yaw_ins': 0.0, 'dis_ins': 0.0}
  [2026-06-22T19:38:17.133134] I: {'realtime_x': -7.92, 'realtime_y': 0.1, 'target_x': 0.0, 'target_y': 0.0, 'yaw_ins': 0.0, 'dis_ins': 0.0}
  [2026-06-22T19:38:17.219512] I: {'realtime_x': -7.92, 'realtime_y': 0.1, 'target_x': 0.0, 'target_y': 0.0, 'yaw_ins': 0.0, 'dis_ins': 0.0}
  [2026-06-22T19:38:17.293976] I: {'realtime_x': -7.92, 'realtime_y': 0.1, 'target_x': 0.0, 'target_y': 0.0, 'yaw_ins': 0.0, 'dis_ins': 0.0}
  [2026-06-22T19:38:17.367001] I: {'realtime_x': -7.9, 'realtime_y': 0.1, 'target_x': 0.0, 'target_y': 0.0, 'yaw_ins': 0.0, 'dis_ins': 0.0}
  [2026-06-22T19:38:17.447402] I: {'realtime_x': -7.74, 'realtime_y': 0.1, 'target_x': 0.0, 'target_y': 0.0, 'yaw_ins': 0.0, 'dis_ins': 0.0}
  [2026-06-22T19:38:17.532615] I: {'realtime_x': -7.58, 'realtime_y': 0.1, 'target_x': 0.0, 'target_y': 0.0, 'yaw_ins': 0.0, 'dis_ins': 0.0}
  [2026-06-22T19:38:17.616155] I: {'realtime_x': -7.57, 'realtime_y': 0.1, 'target_x': 0.0, 'target_y': 0.0, 'yaw_ins': 0.0, 'dis_ins': 0.0}
  [2026-06-22T19:38:17.684617] I: {'realtime_x': -7.57, 'realtime_y': 0.1, 'target_x': 0.0, 'target_y': 0.0, 'yaw_ins': 0.0, 'dis_ins': 0.0}
  [2026-06-22T19:38:17.770155] I: {'realtime_x': -7.73, 'realtime_y': 0.1, 'target_x': 0.0, 'target_y': 0.0, 'yaw_ins': 0.0, 'dis_ins': 0.0}
  [2026-06-22T19:38:17.863388] I: {'realtime_x': -7.89, 'realtime_y': 0.1, 'target_x': 0.0, 'target_y': 0.0, 'yaw_ins': 0.0, 'dis_ins': 0.0}
  [2026-06-22T19:38:17.928065] I: {'realtime_x': -7.89, 'realtime_y': 0.1, 'target_x': 0.0, 'target_y': 0.0, 'yaw_ins': 0.0, 'dis_ins': 0.0}
  [2026-06-22T19:38:18.010854] I: {'realtime_x': -7.74, 'realtime_y': 0.1, 'target_x': 0.0, 'target_y': 0.0, 'yaw_ins': 0.0, 'dis_ins': 0.0}
  [2026-06-22T19:38:18.092363] I: {'realtime_x': -7.68, 'realtime_y': 0.1, 'target_x': 0.0, 'target_y': 0.0, 'yaw_ins': 0.0, 'dis_ins': 0.0}
  [2026-06-22T19:38:18.165362] I: {'realtime_x': -7.76, 'realtime_y': 0.1, 'target_x': 0.0, 'target_y': 0.0, 'yaw_ins': 0.0, 'dis_ins': 0.0}
  [2026-06-22T19:38:18.249711] I: {'realtime_x': -7.84, 'realtime_y': 0.1, 'target_x': 0.0, 'target_y': 0.0, 'yaw_ins': 0.0, 'dis_ins': 0.0}
  [2026-06-22T19:38:18.329081] I: {'realtime_x': -7.84, 'realtime_y': 0.1, 'target_x': 0.0, 'target_y': 0.0, 'yaw_ins': 0.0, 'dis_ins': 0.0}
  [2026-06-22T19:38:18.412422] I: {'realtime_x': -7.79, 'realtime_y': 0.1, 'target_x': 0.0, 'target_y': 0.0, 'yaw_ins': 0.0, 'dis_ins': 0.0}
  [2026-06-22T19:38:18.498332] I: {'realtime_x': -7.76, 'realtime_y': 0.1, 'target_x': 0.0, 'target_y': 0.0, 'yaw_ins': 0.0, 'dis_ins': 0.0}
  [2026-06-22T19:38:18.571950] I: {'realtime_x': -7.74, 'realtime_y': 0.1, 'target_x': 0.0, 'target_y': 0.0, 'yaw_ins': 0.0, 'dis_ins': 0.0}
  [2026-06-22T19:38:18.646476] I: {'realtime_x': -7.74, 'realtime_y': 0.1, 'target_x': 0.0, 'target_y': 0.0, 'yaw_ins': 0.0, 'dis_ins': 0.0}
  [2026-06-22T19:38:18.729619] I: {'realtime_x': -7.74, 'realtime_y': 0.1, 'target_x': 0.0, 'target_y': 0.0, 'yaw_ins': 0.0, 'dis_ins': 0.0}
  [2026-06-22T19:38:18.813747] I: {'realtime_x': -7.74, 'realtime_y': 0.1, 'target_x': 0.0, 'target_y': 0.0, 'yaw_ins': 0.0, 'dis_ins': 0.0}
  [2026-06-22T19:38:18.896878] I: {'realtime_x': -7.78, 'realtime_y': 0.1, 'target_x': 0.0, 'target_y': 0.0, 'yaw_ins': 0.0, 'dis_ins': 0.0}
  [2026-06-22T19:38:18.971752] I: {'realtime_x': -7.89, 'realtime_y': 0.1, 'target_x': 0.0, 'target_y': 0.0, 'yaw_ins': 0.0, 'dis_ins': 0.0}
  [2026-06-22T19:38:19.045225] I: {'realtime_x': -7.89, 'realtime_y': 0.1, 'target_x': 0.0, 'target_y': 0.0, 'yaw_ins': 0.0, 'dis_ins': 0.0}
  [2026-06-22T19:38:19.148680] I: {'realtime_x': -2.34, 'realtime_y': 0.01, 'target_x': 0.0, 'target_y': 0.0, 'yaw_ins': 0.0, 'dis_ins': 0.0}
  [2026-06-22T19:38:19.212200] I: {'realtime_x': 0.78, 'realtime_y': -0.0, 'target_x': 0.0, 'target_y': 0.0, 'yaw_ins': 0.0, 'dis_ins': 0.0}
  [2026-06-22T19:38:19.296581] I: {'realtime_x': -2.7, 'realtime_y': 0.08, 'target_x': 0.0, 'target_y': 0.0, 'yaw_ins': 0.0, 'dis_ins': 0.0}
  [2026-06-22T19:38:19.374679] I: {'realtime_x': -4.53, 'realtime_y': 0.17, 'target_x': 0.0, 'target_y': 0.0, 'yaw_ins': 0.0, 'dis_ins': 0.0}
  [2026-06-22T19:38:19.449627] I: {'realtime_x': -5.08, 'realtime_y': 0.2, 'target_x': 0.0, 'target_y': 0.0, 'yaw_ins': 0.0, 'dis_ins': 0.0}
  [2026-06-22T19:38:19.543065] I: {'realtime_x': -5.26, 'realtime_y': 0.21, 'target_x': 0.0, 'target_y': 0.0, 'yaw_ins': 0.0, 'dis_ins': 0.0}
  [2026-06-22T19:38:19.606713] I: {'realtime_x': -5.21, 'realtime_y': 0.2, 'target_x': 0.0, 'target_y': 0.0, 'yaw_ins': 0.0, 'dis_ins': 0.0}
  [2026-06-22T19:38:19.691096] I: {'realtime_x': -5.21, 'realtime_y': 0.2, 'target_x': 0.0, 'target_y': 0.0, 'yaw_ins': 0.0, 'dis_ins': 0.0}
  [2026-06-22T19:38:19.787072] I: {'realtime_x': -5.31, 'realtime_y': 0.21, 'target_x': 0.0, 'target_y': 0.0, 'yaw_ins': 0.0, 'dis_ins': 0.0}
  [2026-06-22T19:38:19.849809] I: {'realtime_x': -5.21, 'realtime_y': 0.2, 'target_x': 0.0, 'target_y': 0.0, 'yaw_ins': 0.0, 'dis_ins': 0.0}
  [2026-06-22T19:38:19.933503] I: {'realtime_x': -5.15, 'realtime_y': 0.2, 'target_x': 0.0, 'target_y': 0.0, 'yaw_ins': 0.0, 'dis_ins': 0.0}
  [2026-06-22T19:38:20.013167] I: {'realtime_x': -5.26, 'realtime_y': 0.21, 'target_x': 0.0, 'target_y': 0.0, 'yaw_ins': 0.0, 'dis_ins': 0.0}
  [2026-06-22T19:38:20.085767] I: {'realtime_x': -5.39, 'realtime_y': 0.21, 'target_x': 0.0, 'target_y': 0.0, 'yaw_ins': 0.0, 'dis_ins': 0.0}
  [2026-06-22T19:38:20.169846] I: {'realtime_x': -5.34, 'realtime_y': 0.21, 'target_x': 0.0, 'target_y': 0.0, 'yaw_ins': 0.0, 'dis_ins': 0.0}
  [2026-06-22T19:38:20.245581] I: {'realtime_x': -5.26, 'realtime_y': 0.21, 'target_x': 0.0, 'target_y': 0.0, 'yaw_ins': 0.0, 'dis_ins': 0.0}
  [2026-06-22T19:38:20.331738] I: {'realtime_x': -5.39, 'realtime_y': 0.22, 'target_x': 0.0, 'target_y': 0.0, 'yaw_ins': 0.0, 'dis_ins': 0.0}
  [2026-06-22T19:38:20.434602] I: {'realtime_x': -5.1, 'realtime_y': 0.2, 'target_x': 0.0, 'target_y': 0.0, 'yaw_ins': 0.0, 'dis_ins': 0.0}
  [2026-06-22T19:38:20.487122] I: {'realtime_x': -4.69, 'realtime_y': 0.17, 'target_x': 0.0, 'target_y': 0.0, 'yaw_ins': 0.0, 'dis_ins': 0.0}
  [2026-06-22T19:38:20.571168] I: {'realtime_x': -4.72, 'realtime_y': 0.17, 'target_x': 0.0, 'target_y': 0.0, 'yaw_ins': 0.0, 'dis_ins': 0.0}
  [2026-06-22T19:38:20.654018] I: {'realtime_x': -4.72, 'realtime_y': 0.17, 'target_x': 0.0, 'target_y': 0.0, 'yaw_ins': 0.0, 'dis_ins': 0.0}
  [2026-06-22T19:38:20.727949] I: {'realtime_x': -4.81, 'realtime_y': 0.18, 'target_x': 0.0, 'target_y': 0.0, 'yaw_ins': 0.0, 'dis_ins': 0.0}
  [2026-06-22T19:38:20.813534] I: {'realtime_x': -4.89, 'realtime_y': 0.18, 'target_x': 0.0, 'target_y': 0.0, 'yaw_ins': 0.0, 'dis_ins': 0.0}
  [2026-06-22T19:38:20.890444] I: {'realtime_x': -4.89, 'realtime_y': 0.18, 'target_x': 0.0, 'target_y': 0.0, 'yaw_ins': 0.0, 'dis_ins': 0.0}
  [2026-06-22T19:38:20.975094] I: {'realtime_x': -4.88, 'realtime_y': 0.18, 'target_x': 0.0, 'target_y': 0.0, 'yaw_ins': 0.0, 'dis_ins': 0.0}
  [2026-06-22T19:38:21.076492] I: {'realtime_x': -4.83, 'realtime_y': 0.18, 'target_x': 0.0, 'target_y': 0.0, 'yaw_ins': 0.0, 'dis_ins': 0.0}
  [2026-06-22T19:38:21.128689] I: {'realtime_x': -4.89, 'realtime_y': 0.18, 'target_x': 0.0, 'target_y': 0.0, 'yaw_ins': 0.0, 'dis_ins': 0.0}
  [2026-06-22T19:38:21.212563] I: {'realtime_x': -4.96, 'realtime_y': 0.19, 'target_x': 0.0, 'target_y': 0.0, 'yaw_ins': 0.0, 'dis_ins': 0.0}
  [2026-06-22T19:38:21.288104] I: {'realtime_x': -5.05, 'realtime_y': 0.19, 'target_x': 0.0, 'target_y': 0.0, 'yaw_ins': 0.0, 'dis_ins': 0.0}
  [2026-06-22T19:38:21.372467] I: {'realtime_x': -5.61, 'realtime_y': 0.23, 'target_x': 0.0, 'target_y': 0.0, 'yaw_ins': 0.0, 'dis_ins': 0.0}
  [2026-06-22T19:38:21.456102] I: {'realtime_x': -5.28, 'realtime_y': 0.2, 'target_x': 0.0, 'target_y': 0.0, 'yaw_ins': 0.0, 'dis_ins': 0.0}
  [2026-06-22T19:38:21.532698] I: {'realtime_x': -4.56, 'realtime_y': 0.16, 'target_x': 0.0, 'target_y': 0.0, 'yaw_ins': 0.0, 'dis_ins': 0.0}
  [2026-06-22T19:38:21.606770] I: {'realtime_x': -3.79, 'realtime_y': 0.1, 'target_x': 0.0, 'target_y': 0.0, 'yaw_ins': 0.0, 'dis_ins': 0.0}
  [2026-06-22T19:38:21.708989] I: {'realtime_x': -2.34, 'realtime_y': -0.04, 'target_x': 0.0, 'target_y': 0.0, 'yaw_ins': 0.0, 'dis_ins': 0.0}
  [2026-06-22T19:38:21.771778] I: {'realtime_x': 0.45, 'realtime_y': -0.27, 'target_x': 0.0, 'target_y': 0.0, 'yaw_ins': 0.0, 'dis_ins': 0.0}
  [2026-06-22T19:38:21.845331] I: {'realtime_x': 5.18, 'realtime_y': -0.53, 'target_x': 0.0, 'target_y': 0.0, 'yaw_ins': 0.0, 'dis_ins': 0.0}
  [2026-06-22T19:38:21.929295] I: {'realtime_x': 11.25, 'realtime_y': -0.74, 'target_x': 0.0, 'target_y': 0.0, 'yaw_ins': 0.0, 'dis_ins': 0.0}
  [2026-06-22T19:38:22.013121] I: {'realtime_x': 18.66, 'realtime_y': -0.9, 'target_x': 17.04, 'target_y': -0.88, 'yaw_ins': 0.0, 'dis_ins': 0.0}
  [2026-06-22T19:38:22.017847] W: {'wp_x': 17.04, 'wp_y': -0.88}
  [2026-06-22T19:38:22.100405] I: {'realtime_x': 27.91, 'realtime_y': -0.95, 'target_x': 17.04, 'target_y': -0.88, 'yaw_ins': 0.0, 'dis_ins': 0.0}
  [2026-06-22T19:38:22.134655] W: {'wp_x': 17.04, 'wp_y': -0.88}
  [2026-06-22T19:38:22.174610] I: {'realtime_x': 38.35, 'realtime_y': -0.9, 'target_x': 17.04, 'target_y': -0.88, 'yaw_ins': 0.0, 'dis_ins': 0.0}
  [2026-06-22T19:38:22.179083] W: {'wp_x': 17.04, 'wp_y': -0.88}
  [2026-06-22T19:38:22.248275] I: {'realtime_x': 48.85, 'realtime_y': -0.85, 'target_x': 17.04, 'target_y': -0.88, 'yaw_ins': 0.0, 'dis_ins': 0.0}
  [2026-06-22T19:38:22.251801] W: {'wp_x': 17.04, 'wp_y': -0.88}
  [2026-06-22T19:38:22.355609] I: {'realtime_x': 58.95, 'realtime_y': -0.82, 'target_x': 17.04, 'target_y': -0.88, 'yaw_ins': 0.0, 'dis_ins': 0.0}
  [2026-06-22T19:38:22.357511] W: {'wp_x': 58.95, 'wp_y': -0.82}
  [2026-06-22T19:38:22.407486] I: {'realtime_x': 68.72, 'realtime_y': -0.79, 'target_x': 17.04, 'target_y': -0.88, 'yaw_ins': 0.0, 'dis_ins': 0.0}
  [2026-06-22T19:38:22.409842] W: {'wp_x': 58.95, 'wp_y': -0.82}
  [2026-06-22T19:38:22.492249] I: {'realtime_x': 78.55, 'realtime_y': -0.75, 'target_x': 17.04, 'target_y': -0.88, 'yaw_ins': 0.0, 'dis_ins': 0.0}
  [2026-06-22T19:38:22.494233] W: {'wp_x': 58.95, 'wp_y': -0.82}
  [2026-06-22T19:38:22.572121] I: {'realtime_x': 87.83, 'realtime_y': -0.71, 'target_x': 17.04, 'target_y': -0.88, 'yaw_ins': 0.0, 'dis_ins': 0.0}
  [2026-06-22T19:38:22.574105] W: {'wp_x': 58.95, 'wp_y': -0.82}
  [2026-06-22T19:38:22.645405] I: {'realtime_x': 96.45, 'realtime_y': -0.49, 'target_x': 17.04, 'target_y': -0.88, 'yaw_ins': 0.0, 'dis_ins': 0.0}
  [2026-06-22T19:38:22.647613] W: {'wp_x': 58.95, 'wp_y': -0.82}
  [2026-06-22T19:38:22.730725] I: {'realtime_x': 105.33, 'realtime_y': 0.16, 'target_x': 17.04, 'target_y': -0.88, 'yaw_ins': 0.0, 'dis_ins': 0.0}
  [2026-06-22T19:38:22.735644] W: {'wp_x': 99.91, 'wp_y': -0.29}
  [2026-06-22T19:38:22.814478] I: {'realtime_x': 114.39, 'realtime_y': 1.2, 'target_x': 17.04, 'target_y': -0.88, 'yaw_ins': 0.0, 'dis_ins': 0.0}
  [2026-06-22T19:38:22.816530] W: {'wp_x': 99.91, 'wp_y': -0.29}
  [2026-06-22T19:38:22.888532] I: {'realtime_x': 123.03, 'realtime_y': 2.37, 'target_x': 17.04, 'target_y': -0.88, 'yaw_ins': 0.0, 'dis_ins': 0.0}
  [2026-06-22T19:38:22.890752] W: {'wp_x': 99.91, 'wp_y': -0.29}
  [2026-06-22T19:38:22.973775] I: {'realtime_x': 131.27, 'realtime_y': 3.41, 'target_x': 17.04, 'target_y': -0.88, 'yaw_ins': 0.0, 'dis_ins': 0.0}
  [2026-06-22T19:38:23.012532] W: {'wp_x': 99.91, 'wp_y': -0.29}
  [2026-06-22T19:38:23.053091] I: {'realtime_x': 139.27, 'realtime_y': 4.18, 'target_x': 17.04, 'target_y': -0.88, 'yaw_ins': 0.0, 'dis_ins': 0.0}
  [2026-06-22T19:38:23.055464] W: {'wp_x': 99.91, 'wp_y': -0.29}
  [2026-06-22T19:38:23.128680] I: {'realtime_x': 147.0, 'realtime_y': 4.57, 'target_x': 17.04, 'target_y': -0.88, 'yaw_ins': 0.0, 'dis_ins': 0.0}
  [2026-06-22T19:38:23.133244] W: {'wp_x': 140.83, 'wp_y': 4.3}
  [2026-06-22T19:38:23.238277] I: {'realtime_x': 154.2, 'realtime_y': 4.62, 'target_x': 17.04, 'target_y': -0.88, 'yaw_ins': 0.0, 'dis_ins': 0.0}
  [2026-06-22T19:38:23.240853] W: {'wp_x': 140.83, 'wp_y': 4.3}
  [2026-06-22T19:38:23.291755] I: {'realtime_x': 160.66, 'realtime_y': 4.48, 'target_x': 17.04, 'target_y': -0.88, 'yaw_ins': 0.0, 'dis_ins': 0.0}
  [2026-06-22T19:38:23.297117] W: {'wp_x': 140.83, 'wp_y': 4.3}
  [2026-06-22T19:38:23.376149] I: {'realtime_x': 166.95, 'realtime_y': 4.25, 'target_x': 17.04, 'target_y': -0.88, 'yaw_ins': 0.0, 'dis_ins': 0.0}
  [2026-06-22T19:38:23.383364] W: {'wp_x': 140.83, 'wp_y': 4.3}
  [2026-06-22T19:38:23.472112] I: {'realtime_x': 173.55, 'realtime_y': 4.03, 'target_x': 17.04, 'target_y': -0.88, 'yaw_ins': 0.0, 'dis_ins': 0.0}
  [2026-06-22T19:38:23.474409] W: {'wp_x': 140.83, 'wp_y': 4.3}
  [2026-06-22T19:38:23.534937] I: {'realtime_x': 179.9, 'realtime_y': 3.94, 'target_x': 17.04, 'target_y': -0.88, 'yaw_ins': 0.0, 'dis_ins': 0.0}
  [2026-06-22T19:38:23.537149] W: {'wp_x': 140.83, 'wp_y': 4.3}
  [2026-06-22T19:38:23.609625] I: {'realtime_x': 185.42, 'realtime_y': 3.98, 'target_x': 17.04, 'target_y': -0.88, 'yaw_ins': 0.0, 'dis_ins': 0.0}
  [2026-06-22T19:38:23.615713] W: {'wp_x': 181.07, 'wp_y': 3.93}
  [2026-06-22T19:38:23.713807] I: {'realtime_x': 190.19, 'realtime_y': 4.09, 'target_x': 17.04, 'target_y': -0.88, 'yaw_ins': 0.0, 'dis_ins': 0.0}
  [2026-06-22T19:38:23.716391] W: {'wp_x': 181.07, 'wp_y': 3.93}
  [2026-06-22T19:38:23.766650] I: {'realtime_x': 194.54, 'realtime_y': 4.24, 'target_x': 17.04, 'target_y': -0.88, 'yaw_ins': 0.0, 'dis_ins': 0.0}
  [2026-06-22T19:38:23.770272] W: {'wp_x': 181.07, 'wp_y': 3.93}
  [2026-06-22T19:38:23.850072] I: {'realtime_x': 198.17, 'realtime_y': 4.39, 'target_x': 17.04, 'target_y': -0.88, 'yaw_ins': 0.0, 'dis_ins': 0.0}
  [2026-06-22T19:38:23.852283] W: {'wp_x': 181.07, 'wp_y': 3.93}
  [2026-06-22T19:38:23.951723] I: {'realtime_x': 200.64, 'realtime_y': 4.51, 'target_x': 17.04, 'target_y': -0.88, 'yaw_ins': 0.0, 'dis_ins': 0.0}
  [2026-06-22T19:38:23.953919] W: {'wp_x': 181.07, 'wp_y': 3.93}
  [2026-06-22T19:38:24.014931] I: {'realtime_x': 202.34, 'realtime_y': 4.59, 'target_x': 17.04, 'target_y': -0.88, 'yaw_ins': 0.0, 'dis_ins': 0.0}
  [2026-06-22T19:38:24.017789] W: {'wp_x': 181.07, 'wp_y': 3.93}
  [2026-06-22T19:38:24.087771] I: {'realtime_x': 203.33, 'realtime_y': 4.63, 'target_x': 17.04, 'target_y': -0.88, 'yaw_ins': 0.0, 'dis_ins': 0.0}
  [2026-06-22T19:38:24.091630] W: {'wp_x': 181.07, 'wp_y': 3.93}
  [2026-06-22T19:38:24.187550] I: {'realtime_x': 203.58, 'realtime_y': 4.64, 'target_x': 17.04, 'target_y': -0.88, 'yaw_ins': 0.0, 'dis_ins': 0.0}
  [2026-06-22T19:38:24.189402] W: {'wp_x': 181.07, 'wp_y': 3.93}
  [2026-06-22T19:38:24.250408] I: {'realtime_x': 203.44, 'realtime_y': 4.63, 'target_x': 17.04, 'target_y': -0.88, 'yaw_ins': 0.0, 'dis_ins': 0.0}
  [2026-06-22T19:38:24.254311] W: {'wp_x': 181.07, 'wp_y': 3.93}
  [2026-06-22T19:38:24.334162] I: {'realtime_x': 203.33, 'realtime_y': 4.63, 'target_x': 17.04, 'target_y': -0.88, 'yaw_ins': 0.0, 'dis_ins': 0.0}
  [2026-06-22T19:38:24.338636] W: {'wp_x': 181.07, 'wp_y': 3.93}
  [2026-06-22T19:38:24.419727] I: {'realtime_x': 203.38, 'realtime_y': 4.63, 'target_x': 17.04, 'target_y': -0.88, 'yaw_ins': 0.0, 'dis_ins': 0.0}
  [2026-06-22T19:38:24.422415] W: {'wp_x': 181.07, 'wp_y': 3.93}
  [2026-06-22T19:38:24.493327] I: {'realtime_x': 203.38, 'realtime_y': 4.63, 'target_x': 17.04, 'target_y': -0.88, 'yaw_ins': 0.0, 'dis_ins': 0.0}
  [2026-06-22T19:38:24.495448] W: {'wp_x': 181.07, 'wp_y': 3.93}
  [2026-06-22T19:38:24.566611] I: {'realtime_x': 203.38, 'realtime_y': 4.63, 'target_x': 17.04, 'target_y': -0.88, 'yaw_ins': 0.0, 'dis_ins': 0.0}
  [2026-06-22T19:38:24.571270] W: {'wp_x': 181.07, 'wp_y': 3.93}
  [2026-06-22T19:38:24.654917] I: {'realtime_x': 203.38, 'realtime_y': 4.63, 'target_x': 17.04, 'target_y': -0.88, 'yaw_ins': 0.0, 'dis_ins': 0.0}
  [2026-06-22T19:38:24.658632] W: {'wp_x': 181.07, 'wp_y': 3.93}
  [2026-06-22T19:38:24.730831] I: {'realtime_x': 203.36, 'realtime_y': 4.63, 'target_x': 17.04, 'target_y': -0.88, 'yaw_ins': 0.0, 'dis_ins': 0.0}
  [2026-06-22T19:38:24.735055] W: {'wp_x': 181.07, 'wp_y': 3.93}
  [2026-06-22T19:38:24.894584] I: {'realtime_x': 203.39, 'realtime_y': 4.63, 'target_x': 17.04, 'target_y': -0.88, 'yaw_ins': 0.0, 'dis_ins': 0.0}
  [2026-06-22T19:38:24.898482] W: {'wp_x': 181.07, 'wp_y': 3.93}
  [2026-06-22T19:38:24.898527] I: {'realtime_x': 203.43, 'realtime_y': 4.63, 'target_x': 17.04, 'target_y': -0.88, 'yaw_ins': 0.0, 'dis_ins': 0.0}
  [2026-06-22T19:38:24.900277] W: {'wp_x': 181.07, 'wp_y': 3.93}
  [2026-06-22T19:38:24.972278] I: {'realtime_x': 203.43, 'realtime_y': 4.63, 'target_x': 17.04, 'target_y': -0.88, 'yaw_ins': 0.0, 'dis_ins': 0.0}
  [2026-06-22T19:38:24.976146] W: {'wp_x': 181.07, 'wp_y': 3.93}
  [2026-06-22T19:38:25.046940] I: {'realtime_x': 203.43, 'realtime_y': 4.63, 'target_x': 17.04, 'target_y': -0.88, 'yaw_ins': 0.0, 'dis_ins': 0.0}
  [2026-06-22T19:38:25.050705] W: {'wp_x': 181.07, 'wp_y': 3.93}
  [2026-06-22T19:38:25.140088] I: {'realtime_x': 203.43, 'realtime_y': 4.63, 'target_x': 17.04, 'target_y': -0.88, 'yaw_ins': 0.0, 'dis_ins': 0.0}
  [2026-06-22T19:38:25.143246] W: {'wp_x': 181.07, 'wp_y': 3.93}
  [2026-06-22T19:38:25.213385] I: {'realtime_x': 203.43, 'realtime_y': 4.63, 'target_x': 17.04, 'target_y': -0.88, 'yaw_ins': 0.0, 'dis_ins': 0.0}
  [2026-06-22T19:38:25.217859] W: {'wp_x': 181.07, 'wp_y': 3.93}
  [2026-06-22T19:38:25.326132] I: {'realtime_x': 203.43, 'realtime_y': 4.63, 'target_x': 17.04, 'target_y': -0.88, 'yaw_ins': 0.0, 'dis_ins': 0.0}
  [2026-06-22T19:38:25.329210] W: {'wp_x': 181.07, 'wp_y': 3.93}
  [2026-06-22T19:38:25.380122] I: {'realtime_x': 203.43, 'realtime_y': 4.63, 'target_x': 17.04, 'target_y': -0.88, 'yaw_ins': 0.0, 'dis_ins': 0.0}
  [2026-06-22T19:38:25.382396] W: {'wp_x': 181.07, 'wp_y': 3.93}
  [2026-06-22T19:38:25.452746] I: {'realtime_x': 203.43, 'realtime_y': 4.63, 'target_x': 17.04, 'target_y': -0.88, 'yaw_ins': 0.0, 'dis_ins': 0.0}
  [2026-06-22T19:38:25.454979] W: {'wp_x': 181.07, 'wp_y': 3.93}
  [2026-06-22T19:38:25.573831] I: {'realtime_x': 203.43, 'realtime_y': 4.63, 'target_x': 17.04, 'target_y': -0.88, 'yaw_ins': 0.0, 'dis_ins': 0.0}
  [2026-06-22T19:38:25.630867] W: {'wp_x': 181.07, 'wp_y': 3.93}
  [2026-06-22T19:38:25.633089] I: {'realtime_x': 203.43, 'realtime_y': 4.63, 'target_x': 17.04, 'target_y': -0.88, 'yaw_ins': 0.0, 'dis_ins': 0.0}
  [2026-06-22T19:38:25.635622] W: {'wp_x': 181.07, 'wp_y': 3.93}
  [2026-06-22T19:38:25.686163] I: {'realtime_x': 203.43, 'realtime_y': 4.63, 'target_x': 17.04, 'target_y': -0.88, 'yaw_ins': 0.0, 'dis_ins': 0.0}
  [2026-06-22T19:38:25.690688] W: {'wp_x': 181.07, 'wp_y': 3.93}
  [2026-06-22T19:38:25.772579] I: {'realtime_x': 203.43, 'realtime_y': 4.63, 'target_x': 17.04, 'target_y': -0.88, 'yaw_ins': 0.0, 'dis_ins': 0.0}
  [2026-06-22T19:38:25.779875] W: {'wp_x': 181.07, 'wp_y': 3.93}
  [2026-06-22T19:38:25.875945] I: {'realtime_x': 203.43, 'realtime_y': 4.63, 'target_x': 17.04, 'target_y': -0.88, 'yaw_ins': 0.0, 'dis_ins': 0.0}
  [2026-06-22T19:38:25.879690] W: {'wp_x': 181.07, 'wp_y': 3.93}
  [2026-06-22T19:38:25.928923] I: {'realtime_x': 203.43, 'realtime_y': 4.63, 'target_x': 17.04, 'target_y': -0.88, 'yaw_ins': 0.0, 'dis_ins': 0.0}
  [2026-06-22T19:38:25.934102] W: {'wp_x': 181.07, 'wp_y': 3.93}
  [2026-06-22T19:38:26.014409] I: {'realtime_x': 203.43, 'realtime_y': 4.63, 'target_x': 17.04, 'target_y': -0.88, 'yaw_ins': 0.0, 'dis_ins': 0.0}
  [2026-06-22T19:38:26.018539] W: {'wp_x': 181.07, 'wp_y': 3.93}
  [2026-06-22T19:38:26.124871] I: {'realtime_x': 203.38, 'realtime_y': 4.63, 'target_x': 17.04, 'target_y': -0.88, 'yaw_ins': 0.0, 'dis_ins': 0.0}
  [2026-06-22T19:38:26.127607] W: {'wp_x': 181.07, 'wp_y': 3.93}
  [2026-06-22T19:38:26.167609] I: {'realtime_x': 203.31, 'realtime_y': 4.63, 'target_x': 17.04, 'target_y': -0.88, 'yaw_ins': 0.0, 'dis_ins': 0.0}
  [2026-06-22T19:38:26.171931] W: {'wp_x': 181.07, 'wp_y': 3.93}
  [2026-06-22T19:38:26.252164] I: {'realtime_x': 203.33, 'realtime_y': 4.63, 'target_x': 17.04, 'target_y': -0.88, 'yaw_ins': 0.0, 'dis_ins': 0.0}
  [2026-06-22T19:38:26.257807] W: {'wp_x': 181.07, 'wp_y': 3.93}
  [2026-06-22T19:38:26.326675] I: {'realtime_x': 203.39, 'realtime_y': 4.63, 'target_x': 17.04, 'target_y': -0.88, 'yaw_ins': 0.0, 'dis_ins': 0.0}
  [2026-06-22T19:38:26.386165] W: {'wp_x': 181.07, 'wp_y': 3.93}
  [2026-06-22T19:38:26.405517] I: {'realtime_x': 203.39, 'realtime_y': 4.63, 'target_x': 17.04, 'target_y': -0.88, 'yaw_ins': 0.0, 'dis_ins': 0.0}
  [2026-06-22T19:38:26.407500] W: {'wp_x': 181.07, 'wp_y': 3.93}
  [2026-06-22T19:38:26.490140] I: {'realtime_x': 203.25, 'realtime_y': 4.62, 'target_x': 17.04, 'target_y': -0.88, 'yaw_ins': 0.0, 'dis_ins': 0.0}
  [2026-06-22T19:38:26.495331] W: {'wp_x': 181.07, 'wp_y': 3.93}
  [2026-06-22T19:38:26.582405] I: {'realtime_x': 203.03, 'realtime_y': 4.61, 'target_x': 17.04, 'target_y': -0.88, 'yaw_ins': 0.0, 'dis_ins': 0.0}
  [2026-06-22T19:38:26.634568] W: {'wp_x': 181.07, 'wp_y': 3.93}
  [2026-06-22T19:38:26.653869] I: {'realtime_x': 202.95, 'realtime_y': 4.61, 'target_x': 17.04, 'target_y': -0.88, 'yaw_ins': 0.0, 'dis_ins': 0.0}
  [2026-06-22T19:38:26.657153] W: {'wp_x': 181.07, 'wp_y': 3.93}
  [2026-06-22T19:38:26.729083] I: {'realtime_x': 202.85, 'realtime_y': 4.61, 'target_x': 17.04, 'target_y': -0.88, 'yaw_ins': 0.0, 'dis_ins': 0.0}
  [2026-06-22T19:38:26.733660] W: {'wp_x': 181.07, 'wp_y': 3.93}
  [2026-06-22T19:38:26.848165] I: {'realtime_x': 202.43, 'realtime_y': 4.59, 'target_x': 17.04, 'target_y': -0.88, 'yaw_ins': 0.0, 'dis_ins': 0.0}
  [2026-06-22T19:38:26.905643] W: {'wp_x': 181.07, 'wp_y': 3.93}
  [2026-06-22T19:38:26.907376] I: {'realtime_x': 201.49, 'realtime_y': 4.56, 'target_x': 17.04, 'target_y': -0.88, 'yaw_ins': 0.0, 'dis_ins': 0.0}
  [2026-06-22T19:38:26.911101] W: {'wp_x': 181.07, 'wp_y': 3.93}
  [2026-06-22T19:38:26.971074] I: {'realtime_x': 200.87, 'realtime_y': 4.54, 'target_x': 17.04, 'target_y': -0.88, 'yaw_ins': 0.0, 'dis_ins': 0.0}
  [2026-06-22T19:38:26.974415] W: {'wp_x': 181.07, 'wp_y': 3.93}
  [2026-06-22T19:38:27.127513] I: {'realtime_x': 201.39, 'realtime_y': 4.54, 'target_x': 17.04, 'target_y': -0.88, 'yaw_ins': 0.0, 'dis_ins': 0.0}
  [2026-06-22T19:38:27.181716] W: {'wp_x': 181.07, 'wp_y': 3.93}
  [2026-06-22T19:38:27.183736] I: {'realtime_x': 203.81, 'realtime_y': 4.45, 'target_x': 17.04, 'target_y': -0.88, 'yaw_ins': 0.0, 'dis_ins': 0.0}
  [2026-06-22T19:38:27.186059] W: {'wp_x': 181.07, 'wp_y': 3.93}
  [2026-06-22T19:38:27.215757] I: {'realtime_x': 208.91, 'realtime_y': 3.97, 'target_x': 17.04, 'target_y': -0.88, 'yaw_ins': 0.0, 'dis_ins': 0.0}
  [2026-06-22T19:38:27.219968] W: {'wp_x': 181.07, 'wp_y': 3.93}
  [2026-06-22T19:38:27.291757] I: {'realtime_x': 215.9, 'realtime_y': 3.06, 'target_x': 17.04, 'target_y': -0.88, 'yaw_ins': 0.0, 'dis_ins': 0.0}
  [2026-06-22T19:38:27.297086] W: {'wp_x': 215.9, 'wp_y': 3.06}
  [2026-06-22T19:38:27.451180] I: {'realtime_x': 224.42, 'realtime_y': 1.82, 'target_x': 17.04, 'target_y': -0.88, 'yaw_ins': 0.0, 'dis_ins': 0.0}
  [2026-06-22T19:38:27.455875] W: {'wp_x': 215.9, 'wp_y': 3.06}
  [2026-06-22T19:38:27.456048] I: {'realtime_x': 234.09, 'realtime_y': 0.51, 'target_x': 17.04, 'target_y': -0.88, 'yaw_ins': 0.0, 'dis_ins': 0.0}
  [2026-06-22T19:38:27.458318] W: {'wp_x': 215.9, 'wp_y': 3.06}
  [2026-06-22T19:38:27.529500] I: {'realtime_x': 244.25, 'realtime_y': -0.53, 'target_x': 17.04, 'target_y': -0.88, 'yaw_ins': 0.0, 'dis_ins': 0.0}
  [2026-06-22T19:38:27.534736] W: {'wp_x': 215.9, 'wp_y': 3.06}
  [2026-06-22T19:38:27.725494] I: {'realtime_x': 254.27, 'realtime_y': -1.21, 'target_x': 17.04, 'target_y': -0.88, 'yaw_ins': 0.0, 'dis_ins': 0.0}
  [2026-06-22T19:38:27.730858] W: {'wp_x': 215.9, 'wp_y': 3.06}
  [2026-06-22T19:38:27.731157] I: {'realtime_x': 264.49, 'realtime_y': -1.62, 'target_x': 17.04, 'target_y': -0.88, 'yaw_ins': 0.0, 'dis_ins': 0.0}
  [2026-06-22T19:38:27.733310] W: {'wp_x': 256.27, 'wp_y': -1.31}
  [2026-06-22T19:38:27.774357] I: {'realtime_x': 275.17, 'realtime_y': -1.76, 'target_x': 17.04, 'target_y': -0.88, 'yaw_ins': 0.0, 'dis_ins': 0.0}
  [2026-06-22T19:38:27.778361] W: {'wp_x': 256.27, 'wp_y': -1.31}
  [2026-06-22T19:38:27.848129] I: {'realtime_x': 286.47, 'realtime_y': -1.56, 'target_x': 17.04, 'target_y': -0.88, 'yaw_ins': 0.0, 'dis_ins': 0.0}
  [2026-06-22T19:38:27.851721] W: {'wp_x': 256.27, 'wp_y': -1.31}
  [2026-06-22T19:38:28.001210] I: {'realtime_x': 298.09, 'realtime_y': -1.14, 'target_x': 17.04, 'target_y': -0.88, 'yaw_ins': 0.0, 'dis_ins': 0.0}
  [2026-06-22T19:38:28.005147] W: {'wp_x': 298.09, 'wp_y': -1.14}
  [2026-06-22T19:38:28.013915] I: {'realtime_x': 309.89, 'realtime_y': -0.71, 'target_x': 17.04, 'target_y': -0.88, 'yaw_ins': 0.0, 'dis_ins': 0.0}
  [2026-06-22T19:38:28.016022] W: {'wp_x': 298.09, 'wp_y': -1.14}
  [2026-06-22T19:38:28.087317] I: {'realtime_x': 321.57, 'realtime_y': -0.58, 'target_x': 17.04, 'target_y': -0.88, 'yaw_ins': 0.0, 'dis_ins': 0.0}
  [2026-06-22T19:38:28.094189] W: {'wp_x': 298.09, 'wp_y': -1.14}
  [2026-06-22T19:38:28.222946] I: {'realtime_x': 333.1, 'realtime_y': -0.79, 'target_x': 17.04, 'target_y': -0.88, 'yaw_ins': 0.0, 'dis_ins': 0.0}
  [2026-06-22T19:38:28.290149] W: {'wp_x': 298.09, 'wp_y': -1.14}
  [2026-06-22T19:38:28.294670] I: {'realtime_x': 344.25, 'realtime_y': -1.09, 'target_x': 17.04, 'target_y': -0.88, 'yaw_ins': 0.0, 'dis_ins': 0.0}
  [2026-06-22T19:38:28.296696] W: {'wp_x': 339.85, 'wp_y': -0.98}
  [2026-06-22T19:38:28.357240] I: {'realtime_x': 354.83, 'realtime_y': -1.22, 'target_x': 17.04, 'target_y': -0.88, 'yaw_ins': 0.0, 'dis_ins': 0.0}
  [2026-06-22T19:38:28.363296] W: {'wp_x': 339.85, 'wp_y': -0.98}
  [2026-06-22T19:38:28.413909] I: {'realtime_x': 364.76, 'realtime_y': -1.05, 'target_x': 17.04, 'target_y': -0.88, 'yaw_ins': 0.0, 'dis_ins': 0.0}
  [2026-06-22T19:38:28.418650] W: {'wp_x': 339.85, 'wp_y': -0.98}
  [2026-06-22T19:38:28.503168] I: {'realtime_x': 373.89, 'realtime_y': -0.62, 'target_x': 17.04, 'target_y': -0.88, 'yaw_ins': 0.0, 'dis_ins': 0.0}
  [2026-06-22T19:38:28.578958] W: {'wp_x': 339.85, 'wp_y': -0.98}
  [2026-06-22T19:38:28.581118] I: {'realtime_x': 382.11, 'realtime_y': -0.06, 'target_x': 17.04, 'target_y': -0.88, 'yaw_ins': 0.0, 'dis_ins': 0.0}
  [2026-06-22T19:38:28.583625] W: {'wp_x': 380.54, 'wp_y': -0.17}
  [2026-06-22T19:38:28.655600] I: {'realtime_x': 389.11, 'realtime_y': 0.45, 'target_x': 17.04, 'target_y': -0.88, 'yaw_ins': 0.0, 'dis_ins': 0.0}
  [2026-06-22T19:38:28.663292] W: {'wp_x': 380.54, 'wp_y': -0.17}
  [2026-06-22T19:38:28.789245] I: {'realtime_x': 394.62, 'realtime_y': 0.76, 'target_x': 17.04, 'target_y': -0.88, 'yaw_ins': 0.0, 'dis_ins': 0.0}
  [2026-06-22T19:38:28.867941] W: {'wp_x': 380.54, 'wp_y': -0.17}
  [2026-06-22T19:38:28.869916] I: {'realtime_x': 398.94, 'realtime_y': 0.9, 'target_x': 17.04, 'target_y': -0.88, 'yaw_ins': 0.0, 'dis_ins': 0.0}
  [2026-06-22T19:38:28.872536] W: {'wp_x': 380.54, 'wp_y': -0.17}
  [2026-06-22T19:38:28.892394] I: {'realtime_x': 402.03, 'realtime_y': 0.91, 'target_x': 17.04, 'target_y': -0.88, 'yaw_ins': 0.0, 'dis_ins': 0.0}
  [2026-06-22T19:38:28.895289] W: {'wp_x': 380.54, 'wp_y': -0.17}
  [2026-06-22T19:38:28.967540] I: {'realtime_x': 404.11, 'realtime_y': 0.88, 'target_x': 17.04, 'target_y': -0.88, 'yaw_ins': 0.0, 'dis_ins': 0.0}
  [2026-06-22T19:38:28.971602] W: {'wp_x': 380.54, 'wp_y': -0.17}
  [2026-06-22T19:38:29.074807] I: {'realtime_x': 405.42, 'realtime_y': 0.83, 'target_x': 17.04, 'target_y': -0.88, 'yaw_ins': 0.0, 'dis_ins': 0.0}
  [2026-06-22T19:38:29.154623] W: {'wp_x': 380.54, 'wp_y': -0.17}
  [2026-06-22T19:38:29.156613] I: {'realtime_x': 406.0, 'realtime_y': 0.8, 'target_x': 17.04, 'target_y': -0.88, 'yaw_ins': 0.0, 'dis_ins': 0.0}
  [2026-06-22T19:38:29.160755] W: {'wp_x': 380.54, 'wp_y': -0.17}
  [2026-06-22T19:38:29.209671] I: {'realtime_x': 406.01, 'realtime_y': 0.8, 'target_x': 17.04, 'target_y': -0.88, 'yaw_ins': 0.0, 'dis_ins': 0.0}
  [2026-06-22T19:38:29.215634] W: {'wp_x': 380.54, 'wp_y': -0.17}
  [2026-06-22T19:38:29.362762] I: {'realtime_x': 405.66, 'realtime_y': 0.82, 'target_x': 17.04, 'target_y': -0.88, 'yaw_ins': 0.0, 'dis_ins': 0.0}
  [2026-06-22T19:38:29.443500] W: {'wp_x': 380.54, 'wp_y': -0.17}
  [2026-06-22T19:38:29.443603] I: {'realtime_x': 405.4, 'realtime_y': 0.83, 'target_x': 17.04, 'target_y': -0.88, 'yaw_ins': 0.0, 'dis_ins': 0.0}
  [2026-06-22T19:38:29.446075] W: {'wp_x': 380.54, 'wp_y': -0.17}
  [2026-06-22T19:38:29.454309] I: {'realtime_x': 405.34, 'realtime_y': 0.84, 'target_x': 17.04, 'target_y': -0.88, 'yaw_ins': 0.0, 'dis_ins': 0.0}
  [2026-06-22T19:38:29.456417] W: {'wp_x': 380.54, 'wp_y': -0.17}
  [2026-06-22T19:38:29.527917] I: {'realtime_x': 405.34, 'realtime_y': 0.84, 'target_x': 17.04, 'target_y': -0.88, 'yaw_ins': 0.0, 'dis_ins': 0.0}
  [2026-06-22T19:38:29.533088] W: {'wp_x': 380.54, 'wp_y': -0.17}
  [2026-06-22T19:38:29.728438] I: {'realtime_x': 405.32, 'realtime_y': 0.84, 'target_x': 17.04, 'target_y': -0.88, 'yaw_ins': 0.0, 'dis_ins': 0.0}
  [2026-06-22T19:38:29.730737] W: {'wp_x': 380.54, 'wp_y': -0.17}
  [2026-06-22T19:38:29.732767] I: {'realtime_x': 405.32, 'realtime_y': 0.84, 'target_x': 17.04, 'target_y': -0.88, 'yaw_ins': 0.0, 'dis_ins': 0.0}
  [2026-06-22T19:38:29.734627] W: {'wp_x': 380.54, 'wp_y': -0.17}
  [2026-06-22T19:38:29.778158] I: {'realtime_x': 405.28, 'realtime_y': 0.84, 'target_x': 17.04, 'target_y': -0.88, 'yaw_ins': 0.0, 'dis_ins': 0.0}
  [2026-06-22T19:38:29.784127] W: {'wp_x': 380.54, 'wp_y': -0.17}
  [2026-06-22T19:38:29.933801] I: {'realtime_x': 405.29, 'realtime_y': 0.84, 'target_x': 17.04, 'target_y': -0.88, 'yaw_ins': 0.0, 'dis_ins': 0.0}
  [2026-06-22T19:38:30.012075] W: {'wp_x': 380.54, 'wp_y': -0.17}
  [2026-06-22T19:38:30.012316] I: {'realtime_x': 405.18, 'realtime_y': 0.85, 'target_x': 17.04, 'target_y': -0.88, 'yaw_ins': 0.0, 'dis_ins': 0.0}
  [2026-06-22T19:38:30.014229] W: {'wp_x': 380.54, 'wp_y': -0.17}
  [2026-06-22T19:38:30.016266] I: {'realtime_x': 405.18, 'realtime_y': 0.85, 'target_x': 17.04, 'target_y': -0.88, 'yaw_ins': 0.0, 'dis_ins': 0.0}
  [2026-06-22T19:38:30.018258] W: {'wp_x': 380.54, 'wp_y': -0.17}
  [2026-06-22T19:38:30.092037] I: {'realtime_x': 405.16, 'realtime_y': 0.85, 'target_x': 17.04, 'target_y': -0.88, 'yaw_ins': 0.0, 'dis_ins': 0.0}
  [2026-06-22T19:38:30.098257] W: {'wp_x': 380.54, 'wp_y': -0.17}
  [2026-06-22T19:38:30.240812] I: {'realtime_x': 405.12, 'realtime_y': 0.85, 'target_x': 17.04, 'target_y': -0.88, 'yaw_ins': 0.0, 'dis_ins': 0.0}
  [2026-06-22T19:38:30.243314] W: {'wp_x': 380.54, 'wp_y': -0.17}
  [2026-06-22T19:38:30.329981] I: {'realtime_x': 405.15, 'realtime_y': 0.85, 'target_x': 17.04, 'target_y': -0.88, 'yaw_ins': 0.0, 'dis_ins': 0.0}
  [2026-06-22T19:38:30.334874] W: {'wp_x': 380.54, 'wp_y': -0.17}
  [2026-06-22T19:38:30.335053] I: {'realtime_x': 405.31, 'realtime_y': 0.84, 'target_x': 17.04, 'target_y': -0.88, 'yaw_ins': 0.0, 'dis_ins': 0.0}
  [2026-06-22T19:38:30.337331] W: {'wp_x': 380.54, 'wp_y': -0.17}
  [2026-06-22T19:38:30.408667] I: {'realtime_x': 405.45, 'realtime_y': 0.82, 'target_x': 17.04, 'target_y': -0.88, 'yaw_ins': 0.0, 'dis_ins': 0.0}
  [2026-06-22T19:38:30.416413] W: {'wp_x': 380.54, 'wp_y': -0.17}
  [2026-06-22T19:38:30.615636] I: {'realtime_x': 405.42, 'realtime_y': 0.83, 'target_x': 17.04, 'target_y': -0.88, 'yaw_ins': 0.0, 'dis_ins': 0.0}
  [2026-06-22T19:38:30.617829] W: {'wp_x': 380.54, 'wp_y': -0.17}
  [2026-06-22T19:38:30.617873] I: {'realtime_x': 405.45, 'realtime_y': 0.82, 'target_x': 17.04, 'target_y': -0.88, 'yaw_ins': 0.0, 'dis_ins': 0.0}
  [2026-06-22T19:38:30.621667] W: {'wp_x': 380.54, 'wp_y': -0.17}
  [2026-06-22T19:38:30.650926] I: {'realtime_x': 405.47, 'realtime_y': 0.82, 'target_x': 17.04, 'target_y': -0.88, 'yaw_ins': 0.0, 'dis_ins': 0.0}
  [2026-06-22T19:38:30.654097] W: {'wp_x': 380.54, 'wp_y': -0.17}
  [2026-06-22T19:38:30.734703] I: {'realtime_x': 405.21, 'realtime_y': 0.84, 'target_x': 17.04, 'target_y': -0.88, 'yaw_ins': 0.0, 'dis_ins': 0.0}
  [2026-06-22T19:38:30.740156] W: {'wp_x': 380.54, 'wp_y': -0.17}
  [2026-06-22T19:38:30.950089] I: {'realtime_x': 404.81, 'realtime_y': 0.88, 'target_x': 17.04, 'target_y': -0.88, 'yaw_ins': 0.0, 'dis_ins': 0.0}
  [2026-06-22T19:38:30.954955] W: {'wp_x': 380.54, 'wp_y': -0.17}
  [2026-06-22T19:38:30.955179] I: {'realtime_x': 404.65, 'realtime_y': 0.89, 'target_x': 17.04, 'target_y': -0.88, 'yaw_ins': 0.0, 'dis_ins': 0.0}
  [2026-06-22T19:38:30.957317] W: {'wp_x': 380.54, 'wp_y': -0.17}
  [2026-06-22T19:38:30.966129] I: {'realtime_x': 404.81, 'realtime_y': 0.88, 'target_x': 17.04, 'target_y': -0.88, 'yaw_ins': 0.0, 'dis_ins': 0.0}
  [2026-06-22T19:38:30.968224] W: {'wp_x': 380.54, 'wp_y': -0.17}
  [2026-06-22T19:38:31.051406] I: {'realtime_x': 405.04, 'realtime_y': 0.86, 'target_x': 17.04, 'target_y': -0.88, 'yaw_ins': 0.0, 'dis_ins': 0.0}
  [2026-06-22T19:38:31.056451] W: {'wp_x': 380.54, 'wp_y': -0.17}
  [2026-06-22T19:38:31.266331] I: {'realtime_x': 405.4, 'realtime_y': 0.83, 'target_x': 17.04, 'target_y': -0.88, 'yaw_ins': 0.0, 'dis_ins': 0.0}
  [2026-06-22T19:38:31.270207] W: {'wp_x': 380.54, 'wp_y': -0.17}
  [2026-06-22T19:38:31.270256] I: {'realtime_x': 405.55, 'realtime_y': 0.81, 'target_x': 17.04, 'target_y': -0.88, 'yaw_ins': 0.0, 'dis_ins': 0.0}
  [2026-06-22T19:38:31.272383] W: {'wp_x': 380.54, 'wp_y': -0.17}
  [2026-06-22T19:38:31.291048] I: {'realtime_x': 405.48, 'realtime_y': 0.82, 'target_x': 17.04, 'target_y': -0.88, 'yaw_ins': 0.0, 'dis_ins': 0.0}
  [2026-06-22T19:38:31.293531] W: {'wp_x': 380.54, 'wp_y': -0.17}
  [2026-06-22T19:38:31.377829] I: {'realtime_x': 405.48, 'realtime_y': 0.82, 'target_x': 17.04, 'target_y': -0.88, 'yaw_ins': 0.0, 'dis_ins': 0.0}
  [2026-06-22T19:38:31.382826] W: {'wp_x': 380.54, 'wp_y': -0.17}
  [2026-06-22T19:38:31.499284] I: {'realtime_x': 405.52, 'realtime_y': 0.82, 'target_x': 17.04, 'target_y': -0.88, 'yaw_ins': 0.0, 'dis_ins': 0.0}
  [2026-06-22T19:38:31.589812] W: {'wp_x': 380.54, 'wp_y': -0.17}
  [2026-06-22T19:38:31.591591] I: {'realtime_x': 405.52, 'realtime_y': 0.82, 'target_x': 17.04, 'target_y': -0.88, 'yaw_ins': 0.0, 'dis_ins': 0.0}
  [2026-06-22T19:38:31.595247] W: {'wp_x': 380.54, 'wp_y': -0.17}
  [2026-06-22T19:38:31.614333] I: {'realtime_x': 405.32, 'realtime_y': 0.83, 'target_x': 17.04, 'target_y': -0.88, 'yaw_ins': 0.0, 'dis_ins': 0.0}
  [2026-06-22T19:38:31.617541] W: {'wp_x': 380.54, 'wp_y': -0.17}
  [2026-06-22T19:38:31.687423] I: {'realtime_x': 405.12, 'realtime_y': 0.85, 'target_x': 17.04, 'target_y': -0.88, 'yaw_ins': 0.0, 'dis_ins': 0.0}
  [2026-06-22T19:38:31.691952] W: {'wp_x': 380.54, 'wp_y': -0.17}
  [2026-06-22T19:38:31.904599] I: {'realtime_x': 404.69, 'realtime_y': 0.89, 'target_x': 17.04, 'target_y': -0.88, 'yaw_ins': 0.0, 'dis_ins': 0.0}
  [2026-06-22T19:38:31.908645] W: {'wp_x': 380.54, 'wp_y': -0.17}
  [2026-06-22T19:38:31.908776] I: {'realtime_x': 404.64, 'realtime_y': 0.89, 'target_x': 17.04, 'target_y': -0.88, 'yaw_ins': 0.0, 'dis_ins': 0.0}
  [2026-06-22T19:38:31.910982] W: {'wp_x': 380.54, 'wp_y': -0.17}
  [2026-06-22T19:38:31.929975] I: {'realtime_x': 405.39, 'realtime_y': 0.87, 'target_x': 17.04, 'target_y': -0.88, 'yaw_ins': 0.0, 'dis_ins': 0.0}
  [2026-06-22T19:38:31.933288] W: {'wp_x': 380.54, 'wp_y': -0.17}
  [2026-06-22T19:38:32.014014] I: {'realtime_x': 407.82, 'realtime_y': 0.98, 'target_x': 17.04, 'target_y': -0.88, 'yaw_ins': 0.0, 'dis_ins': 0.0}
  [2026-06-22T19:38:32.016278] W: {'wp_x': 380.54, 'wp_y': -0.17}
  [2026-06-22T19:38:32.227957] I: {'realtime_x': 412.89, 'realtime_y': 1.84, 'target_x': 17.04, 'target_y': -0.88, 'yaw_ins': 0.0, 'dis_ins': 0.0}
  [2026-06-22T19:38:32.230497] W: {'wp_x': 380.54, 'wp_y': -0.17}
  [2026-06-22T19:38:32.230797] I: {'realtime_x': 420.16, 'realtime_y': 4.19, 'target_x': 17.04, 'target_y': -0.88, 'yaw_ins': 0.0, 'dis_ins': 0.0}
  [2026-06-22T19:38:32.232979] W: {'wp_x': 415.56, 'wp_y': 2.57}
  [2026-06-22T19:38:32.251771] I: {'realtime_x': 429.04, 'realtime_y': 8.37, 'target_x': 17.04, 'target_y': -0.88, 'yaw_ins': 0.0, 'dis_ins': 0.0}
  [2026-06-22T19:38:32.254281] W: {'wp_x': 415.56, 'wp_y': 2.57}
  [2026-06-22T19:38:32.459958] I: {'realtime_x': 438.82, 'realtime_y': 14.74, 'target_x': 17.04, 'target_y': -0.88, 'yaw_ins': 0.0, 'dis_ins': 0.0}
  [2026-06-22T19:38:32.543933] W: {'wp_x': 415.56, 'wp_y': 2.57}
  [2026-06-22T19:38:32.546471] I: {'realtime_x': 448.15, 'realtime_y': 22.94, 'target_x': 17.04, 'target_y': -0.88, 'yaw_ins': 0.0, 'dis_ins': 0.0}
  [2026-06-22T19:38:32.548463] W: {'wp_x': 415.56, 'wp_y': 2.57}
  [2026-06-22T19:38:32.548501] I: {'realtime_x': 456.58, 'realtime_y': 32.48, 'target_x': 17.04, 'target_y': -0.88, 'yaw_ins': 0.0, 'dis_ins': 0.0}
  [2026-06-22T19:38:32.550485] W: {'wp_x': 449.94, 'wp_y': 24.75}
  [2026-06-22T19:38:32.569667] I: {'realtime_x': 463.74, 'realtime_y': 42.94, 'target_x': 17.04, 'target_y': -0.88, 'yaw_ins': 0.0, 'dis_ins': 0.0}
  [2026-06-22T19:38:32.572242] W: {'wp_x': 449.94, 'wp_y': 24.75}
  [2026-06-22T19:38:32.656090] I: {'realtime_x': 469.54, 'realtime_y': 54.53, 'target_x': 17.04, 'target_y': -0.88, 'yaw_ins': 0.0, 'dis_ins': 0.0}
  [2026-06-22T19:38:32.663313] W: {'wp_x': 449.94, 'wp_y': 24.75}
  [2026-06-22T19:38:32.785068] I: {'realtime_x': 474.05, 'realtime_y': 66.93, 'target_x': 17.04, 'target_y': -0.88, 'yaw_ins': 0.0, 'dis_ins': 0.0}
  [2026-06-22T19:38:32.874875] W: {'wp_x': 471.49, 'wp_y': 59.42}
  [2026-06-22T19:38:32.877163] I: {'realtime_x': 477.65, 'realtime_y': 79.45, 'target_x': 17.04, 'target_y': -0.88, 'yaw_ins': 0.0, 'dis_ins': 0.0}
  [2026-06-22T19:38:32.879476] W: {'wp_x': 471.49, 'wp_y': 59.42}
  [2026-06-22T19:38:32.898058] I: {'realtime_x': 480.48, 'realtime_y': 91.88, 'target_x': 17.04, 'target_y': -0.88, 'yaw_ins': 0.0, 'dis_ins': 0.0}
  [2026-06-22T19:38:32.899984] W: {'wp_x': 471.49, 'wp_y': 59.42}
  [2026-06-22T19:38:33.128462] I: {'realtime_x': 482.43, 'realtime_y': 104.35, 'target_x': 17.04, 'target_y': -0.88, 'yaw_ins': 0.0, 'dis_ins': 0.0}
  [2026-06-22T19:38:33.217041] W: {'wp_x': 481.78, 'wp_y': 99.42}
  [2026-06-22T19:38:33.218847] I: {'realtime_x': 483.41, 'realtime_y': 115.78, 'target_x': 17.04, 'target_y': -0.88, 'yaw_ins': 0.0, 'dis_ins': 0.0}
  [2026-06-22T19:38:33.220864] W: {'wp_x': 481.78, 'wp_y': 99.42}
  [2026-06-22T19:38:33.221071] I: {'realtime_x': 483.71, 'realtime_y': 126.0, 'target_x': 17.04, 'target_y': -0.88, 'yaw_ins': 0.0, 'dis_ins': 0.0}
  [2026-06-22T19:38:33.222997] W: {'wp_x': 481.78, 'wp_y': 99.42}
  [2026-06-22T19:38:33.223156] I: {'realtime_x': 483.66, 'realtime_y': 135.4, 'target_x': 17.04, 'target_y': -0.88, 'yaw_ins': 0.0, 'dis_ins': 0.0}
  [2026-06-22T19:38:33.225036] W: {'wp_x': 481.78, 'wp_y': 99.42}
  [2026-06-22T19:38:33.297106] I: {'realtime_x': 483.33, 'realtime_y': 144.04, 'target_x': 17.04, 'target_y': -0.88, 'yaw_ins': 0.0, 'dis_ins': 0.0}
  [2026-06-22T19:38:33.302880] W: {'wp_x': 483.49, 'wp_y': 140.74}
  [2026-06-22T19:38:33.545829] I: {'realtime_x': 482.87, 'realtime_y': 151.25, 'target_x': 17.04, 'target_y': -0.88, 'yaw_ins': 0.0, 'dis_ins': 0.0}
  [2026-06-22T19:38:33.548384] W: {'wp_x': 483.49, 'wp_y': 140.74}
  [2026-06-22T19:38:33.550299] I: {'realtime_x': 482.37, 'realtime_y': 156.83, 'target_x': 17.04, 'target_y': -0.88, 'yaw_ins': 0.0, 'dis_ins': 0.0}
  [2026-06-22T19:38:33.552599] W: {'wp_x': 483.49, 'wp_y': 140.74}
  [2026-06-22T19:38:33.552638] I: {'realtime_x': 481.95, 'realtime_y': 160.92, 'target_x': 17.04, 'target_y': -0.88, 'yaw_ins': 0.0, 'dis_ins': 0.0}
  [2026-06-22T19:38:33.554639] W: {'wp_x': 483.49, 'wp_y': 140.74}
  [2026-06-22T19:38:33.615716] I: {'realtime_x': 481.7, 'realtime_y': 163.63, 'target_x': 17.04, 'target_y': -0.88, 'yaw_ins': 0.0, 'dis_ins': 0.0}
  [2026-06-22T19:38:33.621565] W: {'wp_x': 483.49, 'wp_y': 140.74}
  [2026-06-22T19:38:33.787628] I: {'realtime_x': 481.64, 'realtime_y': 164.94, 'target_x': 17.04, 'target_y': -0.88, 'yaw_ins': 0.0, 'dis_ins': 0.0}
  [2026-06-22T19:38:33.789635] W: {'wp_x': 483.49, 'wp_y': 140.74}
  [2026-06-22T19:38:33.897885] I: {'realtime_x': 481.64, 'realtime_y': 165.1, 'target_x': 17.04, 'target_y': -0.88, 'yaw_ins': 0.0, 'dis_ins': 0.0}
  [2026-06-22T19:38:33.902140] W: {'wp_x': 483.49, 'wp_y': 140.74}
  [2026-06-22T19:38:33.902392] I: {'realtime_x': 481.63, 'realtime_y': 164.28, 'target_x': 17.04, 'target_y': -0.88, 'yaw_ins': 0.0, 'dis_ins': 0.0}
  [2026-06-22T19:38:33.904361] W: {'wp_x': 483.49, 'wp_y': 140.74}
  [2026-06-22T19:38:33.934038] I: {'realtime_x': 481.64, 'realtime_y': 163.16, 'target_x': 17.04, 'target_y': -0.88, 'yaw_ins': 0.0, 'dis_ins': 0.0}
  [2026-06-22T19:38:33.938057] W: {'wp_x': 483.49, 'wp_y': 140.74}
  [2026-06-22T19:38:34.121038] I: {'realtime_x': 481.65, 'realtime_y': 162.38, 'target_x': 17.04, 'target_y': -0.88, 'yaw_ins': 0.0, 'dis_ins': 0.0}
  [2026-06-22T19:38:34.217990] W: {'wp_x': 483.49, 'wp_y': 140.74}
  [2026-06-22T19:38:34.218183] I: {'realtime_x': 481.66, 'realtime_y': 162.0, 'target_x': 17.04, 'target_y': -0.88, 'yaw_ins': 0.0, 'dis_ins': 0.0}
  [2026-06-22T19:38:34.220165] W: {'wp_x': 483.49, 'wp_y': 140.74}
  [2026-06-22T19:38:34.220224] I: {'realtime_x': 481.67, 'realtime_y': 161.9, 'target_x': 17.04, 'target_y': -0.88, 'yaw_ins': 0.0, 'dis_ins': 0.0}
  [2026-06-22T19:38:34.222135] W: {'wp_x': 483.49, 'wp_y': 140.74}
  [2026-06-22T19:38:34.252719] I: {'realtime_x': 481.67, 'realtime_y': 161.92, 'target_x': 17.04, 'target_y': -0.88, 'yaw_ins': 0.0, 'dis_ins': 0.0}
  [2026-06-22T19:38:34.257323] W: {'wp_x': 483.49, 'wp_y': 140.74}
  [2026-06-22T19:38:34.568660] I: {'realtime_x': 481.67, 'realtime_y': 161.98, 'target_x': 17.04, 'target_y': -0.88, 'yaw_ins': 0.0, 'dis_ins': 0.0}
  [2026-06-22T19:38:34.572684] W: {'wp_x': 483.49, 'wp_y': 140.74}
  [2026-06-22T19:38:34.580976] I: {'realtime_x': 481.67, 'realtime_y': 162.21, 'target_x': 17.04, 'target_y': -0.88, 'yaw_ins': 0.0, 'dis_ins': 0.0}
  [2026-06-22T19:38:34.584006] W: {'wp_x': 483.49, 'wp_y': 140.74}
  [2026-06-22T19:38:34.601996] I: {'realtime_x': 481.67, 'realtime_y': 162.29, 'target_x': 17.04, 'target_y': -0.88, 'yaw_ins': 0.0, 'dis_ins': 0.0}
  [2026-06-22T19:38:34.607274] W: {'wp_x': 483.49, 'wp_y': 140.74}
  [2026-06-22T19:38:34.607608] I: {'realtime_x': 481.67, 'realtime_y': 162.29, 'target_x': 17.04, 'target_y': -0.88, 'yaw_ins': 0.0, 'dis_ins': 0.0}
  [2026-06-22T19:38:34.610436] W: {'wp_x': 483.49, 'wp_y': 140.74}
  [2026-06-22T19:38:34.639507] I: {'realtime_x': 481.67, 'realtime_y': 162.29, 'target_x': 17.04, 'target_y': -0.88, 'yaw_ins': 0.0, 'dis_ins': 0.0}
  [2026-06-22T19:38:34.644298] W: {'wp_x': 483.49, 'wp_y': 140.74}
  [2026-06-22T19:38:34.812097] I: {'realtime_x': 481.67, 'realtime_y': 162.29, 'target_x': 17.04, 'target_y': -0.88, 'yaw_ins': 0.0, 'dis_ins': 0.0}
  [2026-06-22T19:38:34.923305] W: {'wp_x': 483.49, 'wp_y': 140.74}
  [2026-06-22T19:38:34.925157] I: {'realtime_x': 481.67, 'realtime_y': 162.29, 'target_x': 17.04, 'target_y': -0.88, 'yaw_ins': 0.0, 'dis_ins': 0.0}
  [2026-06-22T19:38:34.927502] W: {'wp_x': 483.49, 'wp_y': 140.74}
  [2026-06-22T19:38:34.927588] I: {'realtime_x': 481.67, 'realtime_y': 162.29, 'target_x': 17.04, 'target_y': -0.88, 'yaw_ins': 0.0, 'dis_ins': 0.0}
  [2026-06-22T19:38:34.929573] W: {'wp_x': 483.49, 'wp_y': 140.74}
  [2026-06-22T19:38:34.970951] I: {'realtime_x': 481.67, 'realtime_y': 162.29, 'target_x': 17.04, 'target_y': -0.88, 'yaw_ins': 0.0, 'dis_ins': 0.0}
  [2026-06-22T19:38:34.978120] W: {'wp_x': 483.49, 'wp_y': 140.74}
  [2026-06-22T19:38:35.181494] I: {'realtime_x': 481.67, 'realtime_y': 162.29, 'target_x': 17.04, 'target_y': -0.88, 'yaw_ins': 0.0, 'dis_ins': 0.0}
  [2026-06-22T19:38:35.184237] W: {'wp_x': 483.49, 'wp_y': 140.74}
  [2026-06-22T19:38:35.295566] I: {'realtime_x': 481.67, 'realtime_y': 162.29, 'target_x': 17.04, 'target_y': -0.88, 'yaw_ins': 0.0, 'dis_ins': 0.0}
  [2026-06-22T19:38:35.299795] W: {'wp_x': 483.49, 'wp_y': 140.74}
  [2026-06-22T19:38:35.299964] I: {'realtime_x': 481.67, 'realtime_y': 162.29, 'target_x': 17.04, 'target_y': -0.88, 'yaw_ins': 0.0, 'dis_ins': 0.0}
  [2026-06-22T19:38:35.301992] W: {'wp_x': 483.49, 'wp_y': 140.74}
  [2026-06-22T19:38:35.302215] I: {'realtime_x': 481.67, 'realtime_y': 162.29, 'target_x': 17.04, 'target_y': -0.88, 'yaw_ins': 0.0, 'dis_ins': 0.0}
  [2026-06-22T19:38:35.304138] W: {'wp_x': 483.49, 'wp_y': 140.74}
  [2026-06-22T19:38:35.375927] I: {'realtime_x': 481.67, 'realtime_y': 162.29, 'target_x': 17.04, 'target_y': -0.88, 'yaw_ins': 0.0, 'dis_ins': 0.0}
  [2026-06-22T19:38:35.382917] W: {'wp_x': 483.49, 'wp_y': 140.74}
  [2026-06-22T19:38:35.537262] I: {'realtime_x': 481.67, 'realtime_y': 162.32, 'target_x': 17.04, 'target_y': -0.88, 'yaw_ins': 0.0, 'dis_ins': 0.0}
  [2026-06-22T19:38:35.645918] W: {'wp_x': 483.49, 'wp_y': 140.74}
  [2026-06-22T19:38:35.647956] I: {'realtime_x': 481.67, 'realtime_y': 162.32, 'target_x': 17.04, 'target_y': -0.88, 'yaw_ins': 0.0, 'dis_ins': 0.0}
  [2026-06-22T19:38:35.650190] W: {'wp_x': 483.49, 'wp_y': 140.74}
  [2026-06-22T19:38:35.650365] I: {'realtime_x': 481.67, 'realtime_y': 162.32, 'target_x': 17.04, 'target_y': -0.88, 'yaw_ins': 0.0, 'dis_ins': 0.0}
  [2026-06-22T19:38:35.652677] W: {'wp_x': 483.49, 'wp_y': 140.74}
  [2026-06-22T19:38:35.692814] I: {'realtime_x': 481.67, 'realtime_y': 162.25, 'target_x': 17.04, 'target_y': -0.88, 'yaw_ins': 0.0, 'dis_ins': 0.0}
  [2026-06-22T19:38:35.696269] W: {'wp_x': 483.49, 'wp_y': 140.74}
  [2026-06-22T19:38:35.912140] I: {'realtime_x': 481.67, 'realtime_y': 162.25, 'target_x': 17.04, 'target_y': -0.88, 'yaw_ins': 0.0, 'dis_ins': 0.0}
  [2026-06-22T19:38:36.019515] W: {'wp_x': 483.49, 'wp_y': 140.74}
  [2026-06-22T19:38:36.021445] I: {'realtime_x': 481.66, 'realtime_y': 162.19, 'target_x': 17.04, 'target_y': -0.88, 'yaw_ins': 0.0, 'dis_ins': 0.0}
  [2026-06-22T19:38:36.023987] W: {'wp_x': 483.49, 'wp_y': 140.74}
  [2026-06-22T19:38:36.024179] I: {'realtime_x': 481.66, 'realtime_y': 162.11, 'target_x': 17.04, 'target_y': -0.88, 'yaw_ins': 0.0, 'dis_ins': 0.0}
  [2026-06-22T19:38:36.026887] W: {'wp_x': 483.49, 'wp_y': 140.74}
  [2026-06-22T19:38:36.027057] I: {'realtime_x': 481.66, 'realtime_y': 162.11, 'target_x': 17.04, 'target_y': -0.88, 'yaw_ins': 0.0, 'dis_ins': 0.0}
  [2026-06-22T19:38:36.029728] W: {'wp_x': 483.49, 'wp_y': 140.74}
  [2026-06-22T19:38:36.090201] I: {'realtime_x': 481.66, 'realtime_y': 162.11, 'target_x': 17.04, 'target_y': -0.88, 'yaw_ins': 0.0, 'dis_ins': 0.0}
  [2026-06-22T19:38:36.093269] W: {'wp_x': 483.49, 'wp_y': 140.74}
  [2026-06-22T19:38:36.316980] I: {'realtime_x': 481.66, 'realtime_y': 162.08, 'target_x': 17.04, 'target_y': -0.88, 'yaw_ins': 0.0, 'dis_ins': 0.0}
  [2026-06-22T19:38:36.319581] W: {'wp_x': 483.49, 'wp_y': 140.74}
  [2026-06-22T19:38:36.431816] I: {'realtime_x': 481.66, 'realtime_y': 162.08, 'target_x': 17.04, 'target_y': -0.88, 'yaw_ins': 0.0, 'dis_ins': 0.0}
  [2026-06-22T19:38:36.433990] W: {'wp_x': 483.49, 'wp_y': 140.74}
  [2026-06-22T19:38:36.435778] I: {'realtime_x': 481.66, 'realtime_y': 162.08, 'target_x': 17.04, 'target_y': -0.88, 'yaw_ins': 0.0, 'dis_ins': 0.0}
  [2026-06-22T19:38:36.437895] W: {'wp_x': 483.49, 'wp_y': 140.74}
  [2026-06-22T19:38:36.437925] I: {'realtime_x': 481.66, 'realtime_y': 162.08, 'target_x': 17.04, 'target_y': -0.88, 'yaw_ins': 0.0, 'dis_ins': 0.0}
  [2026-06-22T19:38:36.439949] W: {'wp_x': 483.49, 'wp_y': 140.74}
  [2026-06-22T19:38:36.490737] I: {'realtime_x': 481.66, 'realtime_y': 162.08, 'target_x': 17.04, 'target_y': -0.88, 'yaw_ins': 0.0, 'dis_ins': 0.0}
  [2026-06-22T19:38:36.494586] W: {'wp_x': 483.49, 'wp_y': 140.74}
  [2026-06-22T19:38:36.710978] I: {'realtime_x': 481.66, 'realtime_y': 162.08, 'target_x': 17.04, 'target_y': -0.88, 'yaw_ins': 0.0, 'dis_ins': 0.0}
  [2026-06-22T19:38:36.713019] W: {'wp_x': 483.49, 'wp_y': 140.74}
  [2026-06-22T19:38:36.821965] I: {'realtime_x': 481.66, 'realtime_y': 162.14, 'target_x': 17.04, 'target_y': -0.88, 'yaw_ins': 0.0, 'dis_ins': 0.0}
  [2026-06-22T19:38:36.824614] W: {'wp_x': 483.49, 'wp_y': 140.74}
  [2026-06-22T19:38:36.828199] I: {'realtime_x': 481.66, 'realtime_y': 162.14, 'target_x': 17.04, 'target_y': -0.88, 'yaw_ins': 0.0, 'dis_ins': 0.0}
  [2026-06-22T19:38:36.830357] W: {'wp_x': 483.49, 'wp_y': 140.74}
  [2026-06-22T19:38:36.830579] I: {'realtime_x': 481.66, 'realtime_y': 162.14, 'target_x': 17.04, 'target_y': -0.88, 'yaw_ins': 0.0, 'dis_ins': 0.0}
  [2026-06-22T19:38:36.832608] W: {'wp_x': 483.49, 'wp_y': 140.74}
  [2026-06-22T19:38:36.898002] I: {'realtime_x': 481.66, 'realtime_y': 162.14, 'target_x': 17.04, 'target_y': -0.88, 'yaw_ins': 0.0, 'dis_ins': 0.0}
  [2026-06-22T19:38:36.902388] W: {'wp_x': 483.49, 'wp_y': 140.74}
  [2026-06-22T19:38:37.214708] I: {'realtime_x': 481.66, 'realtime_y': 162.14, 'target_x': 17.04, 'target_y': -0.88, 'yaw_ins': 0.0, 'dis_ins': 0.0}
  [2026-06-22T19:38:37.218804] W: {'wp_x': 483.49, 'wp_y': 140.74}
  [2026-06-22T19:38:37.218900] I: {'realtime_x': 481.66, 'realtime_y': 162.14, 'target_x': 17.04, 'target_y': -0.88, 'yaw_ins': 0.0, 'dis_ins': 0.0}
  [2026-06-22T19:38:37.220859] W: {'wp_x': 483.49, 'wp_y': 140.74}
  [2026-06-22T19:38:37.220906] I: {'realtime_x': 481.66, 'realtime_y': 162.14, 'target_x': 17.04, 'target_y': -0.88, 'yaw_ins': 0.0, 'dis_ins': 0.0}
  [2026-06-22T19:38:37.222856] W: {'wp_x': 483.49, 'wp_y': 140.74}
  [2026-06-22T19:38:37.223153] I: {'realtime_x': 481.66, 'realtime_y': 162.14, 'target_x': 17.04, 'target_y': -0.88, 'yaw_ins': 0.0, 'dis_ins': 0.0}
  [2026-06-22T19:38:37.225177] W: {'wp_x': 483.49, 'wp_y': 140.74}
  [2026-06-22T19:38:37.466118] I: {'realtime_x': 481.66, 'realtime_y': 162.14, 'target_x': 17.04, 'target_y': -0.88, 'yaw_ins': 0.0, 'dis_ins': 0.0}
  [2026-06-22T19:38:37.468693] W: {'wp_x': 483.49, 'wp_y': 140.74}
  [2026-06-22T19:38:37.582142] I: {'realtime_x': 481.66, 'realtime_y': 162.14, 'target_x': 17.04, 'target_y': -0.88, 'yaw_ins': 0.0, 'dis_ins': 0.0}
  [2026-06-22T19:38:37.586622] W: {'wp_x': 483.49, 'wp_y': 140.74}
  [2026-06-22T19:38:37.586680] I: {'realtime_x': 481.66, 'realtime_y': 162.14, 'target_x': 17.04, 'target_y': -0.88, 'yaw_ins': 0.0, 'dis_ins': 0.0}
  [2026-06-22T19:38:37.589621] W: {'wp_x': 483.49, 'wp_y': 140.74}
  [2026-06-22T19:38:37.589879] I: {'realtime_x': 481.66, 'realtime_y': 162.14, 'target_x': 17.04, 'target_y': -0.88, 'yaw_ins': 0.0, 'dis_ins': 0.0}
  [2026-06-22T19:38:37.591785] W: {'wp_x': 483.49, 'wp_y': 140.74}
  [2026-06-22T19:38:37.610912] I: {'realtime_x': 481.66, 'realtime_y': 162.14, 'target_x': 17.04, 'target_y': -0.88, 'yaw_ins': 0.0, 'dis_ins': 0.0}
  [2026-06-22T19:38:37.613063] W: {'wp_x': 483.49, 'wp_y': 140.74}
  [2026-06-22T19:38:37.991796] I: {'realtime_x': 481.66, 'realtime_y': 162.14, 'target_x': 17.04, 'target_y': -0.88, 'yaw_ins': 0.0, 'dis_ins': 0.0}
  [2026-06-22T19:38:37.995069] W: {'wp_x': 483.49, 'wp_y': 140.74}
  [2026-06-22T19:38:37.997396] I: {'realtime_x': 481.66, 'realtime_y': 162.16, 'target_x': 17.04, 'target_y': -0.88, 'yaw_ins': 0.0, 'dis_ins': 0.0}
  [2026-06-22T19:38:37.999940] W: {'wp_x': 483.49, 'wp_y': 140.74}
  [2026-06-22T19:38:37.999995] I: {'realtime_x': 481.66, 'realtime_y': 162.13, 'target_x': 17.04, 'target_y': -0.88, 'yaw_ins': 0.0, 'dis_ins': 0.0}
  [2026-06-22T19:38:38.002107] W: {'wp_x': 483.49, 'wp_y': 140.74}
  [2026-06-22T19:38:38.002131] I: {'realtime_x': 481.66, 'realtime_y': 162.11, 'target_x': 17.04, 'target_y': -0.88, 'yaw_ins': 0.0, 'dis_ins': 0.0}
  [2026-06-22T19:38:38.004274] W: {'wp_x': 483.49, 'wp_y': 140.74}
  [2026-06-22T19:38:38.013065] I: {'realtime_x': 481.66, 'realtime_y': 162.11, 'target_x': 17.04, 'target_y': -0.88, 'yaw_ins': 0.0, 'dis_ins': 0.0}
  [2026-06-22T19:38:38.015207] W: {'wp_x': 483.49, 'wp_y': 140.74}
  [2026-06-22T19:38:38.287779] I: {'realtime_x': 481.66, 'realtime_y': 162.13, 'target_x': 17.04, 'target_y': -0.88, 'yaw_ins': 0.0, 'dis_ins': 0.0}
  [2026-06-22T19:38:38.290663] W: {'wp_x': 483.49, 'wp_y': 140.74}
  [2026-06-22T19:38:38.431247] I: {'realtime_x': 481.66, 'realtime_y': 162.09, 'target_x': 17.04, 'target_y': -0.88, 'yaw_ins': 0.0, 'dis_ins': 0.0}
  [2026-06-22T19:38:38.435657] W: {'wp_x': 483.49, 'wp_y': 140.74}
  [2026-06-22T19:38:38.435880] I: {'realtime_x': 481.66, 'realtime_y': 162.08, 'target_x': 17.04, 'target_y': -0.88, 'yaw_ins': 0.0, 'dis_ins': 0.0}
  [2026-06-22T19:38:38.438494] W: {'wp_x': 483.49, 'wp_y': 140.74}
  [2026-06-22T19:38:38.438747] I: {'realtime_x': 481.66, 'realtime_y': 162.08, 'target_x': 17.04, 'target_y': -0.88, 'yaw_ins': 0.0, 'dis_ins': 0.0}
  [2026-06-22T19:38:38.441256] W: {'wp_x': 483.49, 'wp_y': 140.74}
  [2026-06-22T19:38:38.441716] I: {'realtime_x': 481.66, 'realtime_y': 162.27, 'target_x': 17.04, 'target_y': -0.88, 'yaw_ins': 0.0, 'dis_ins': 0.0}
  [2026-06-22T19:38:38.445262] W: {'wp_x': 483.49, 'wp_y': 140.74}
  [2026-06-22T19:38:38.821913] I: {'realtime_x': 481.66, 'realtime_y': 162.38, 'target_x': 17.04, 'target_y': -0.88, 'yaw_ins': 0.0, 'dis_ins': 0.0}
  [2026-06-22T19:38:38.827774] W: {'wp_x': 483.49, 'wp_y': 140.74}
  [2026-06-22T19:38:38.827928] I: {'realtime_x': 481.66, 'realtime_y': 162.38, 'target_x': 17.04, 'target_y': -0.88, 'yaw_ins': 0.0, 'dis_ins': 0.0}
  [2026-06-22T19:38:38.829969] W: {'wp_x': 483.49, 'wp_y': 140.74}
  [2026-06-22T19:38:38.830085] I: {'realtime_x': 481.66, 'realtime_y': 162.33, 'target_x': 17.04, 'target_y': -0.88, 'yaw_ins': 0.0, 'dis_ins': 0.0}
  [2026-06-22T19:38:38.831972] W: {'wp_x': 483.49, 'wp_y': 140.74}
  [2026-06-22T19:38:38.832055] I: {'realtime_x': 481.66, 'realtime_y': 162.32, 'target_x': 17.04, 'target_y': -0.88, 'yaw_ins': 0.0, 'dis_ins': 0.0}
  [2026-06-22T19:38:38.833879] W: {'wp_x': 483.49, 'wp_y': 140.74}
  [2026-06-22T19:38:38.833962] I: {'realtime_x': 481.66, 'realtime_y': 162.32, 'target_x': 17.04, 'target_y': -0.88, 'yaw_ins': 0.0, 'dis_ins': 0.0}
  [2026-06-22T19:38:38.835791] W: {'wp_x': 483.49, 'wp_y': 140.74}
  [2026-06-22T19:38:39.100823] I: {'realtime_x': 481.66, 'realtime_y': 162.3, 'target_x': 17.04, 'target_y': -0.88, 'yaw_ins': 0.0, 'dis_ins': 0.0}
  [2026-06-22T19:38:39.239379] W: {'wp_x': 483.49, 'wp_y': 140.74}
  [2026-06-22T19:38:39.241539] I: {'realtime_x': 481.66, 'realtime_y': 162.33, 'target_x': 17.04, 'target_y': -0.88, 'yaw_ins': 0.0, 'dis_ins': 0.0}
  [2026-06-22T19:38:39.244330] W: {'wp_x': 483.49, 'wp_y': 140.74}
  [2026-06-22T19:38:39.244425] I: {'realtime_x': 481.66, 'realtime_y': 162.3, 'target_x': 17.04, 'target_y': -0.88, 'yaw_ins': 0.0, 'dis_ins': 0.0}
  [2026-06-22T19:38:39.246600] W: {'wp_x': 483.49, 'wp_y': 140.74}
  [2026-06-22T19:38:39.246922] I: {'realtime_x': 481.66, 'realtime_y': 162.3, 'target_x': 17.04, 'target_y': -0.88, 'yaw_ins': 0.0, 'dis_ins': 0.0}
  [2026-06-22T19:38:39.249014] W: {'wp_x': 483.49, 'wp_y': 140.74}
  [2026-06-22T19:38:39.249115] I: {'realtime_x': 481.66, 'realtime_y': 162.24, 'target_x': 17.04, 'target_y': -0.88, 'yaw_ins': 0.0, 'dis_ins': 0.0}
  [2026-06-22T19:38:39.250998] W: {'wp_x': 483.49, 'wp_y': 140.74}
  [2026-06-22T19:38:39.290527] I: {'realtime_x': 481.66, 'realtime_y': 162.22, 'target_x': 17.04, 'target_y': -0.88, 'yaw_ins': 0.0, 'dis_ins': 0.0}
  [2026-06-22T19:38:39.295844] W: {'wp_x': 483.49, 'wp_y': 140.74}
  [2026-06-22T19:38:39.664838] I: {'realtime_x': 481.66, 'realtime_y': 162.3, 'target_x': 17.04, 'target_y': -0.88, 'yaw_ins': 0.0, 'dis_ins': 0.0}
  [2026-06-22T19:38:39.667542] W: {'wp_x': 483.49, 'wp_y': 140.74}
  [2026-06-22T19:38:39.669793] I: {'realtime_x': 481.66, 'realtime_y': 162.32, 'target_x': 17.04, 'target_y': -0.88, 'yaw_ins': 0.0, 'dis_ins': 0.0}
  [2026-06-22T19:38:39.673506] W: {'wp_x': 483.49, 'wp_y': 140.74}
  [2026-06-22T19:38:39.673816] I: {'realtime_x': 481.66, 'realtime_y': 162.32, 'target_x': 17.04, 'target_y': -0.88, 'yaw_ins': 0.0, 'dis_ins': 0.0}
  [2026-06-22T19:38:39.676317] W: {'wp_x': 483.49, 'wp_y': 140.74}
  [2026-06-22T19:38:39.676412] I: {'realtime_x': 481.66, 'realtime_y': 162.37, 'target_x': 17.04, 'target_y': -0.88, 'yaw_ins': 0.0, 'dis_ins': 0.0}
  [2026-06-22T19:38:39.678756] W: {'wp_x': 483.49, 'wp_y': 140.74}
  [2026-06-22T19:38:39.697674] I: {'realtime_x': 481.66, 'realtime_y': 162.32, 'target_x': 17.04, 'target_y': -0.88, 'yaw_ins': 0.0, 'dis_ins': 0.0}
  [2026-06-22T19:38:39.699691] W: {'wp_x': 483.49, 'wp_y': 140.74}
  [2026-06-22T19:38:39.991111] I: {'realtime_x': 481.65, 'realtime_y': 162.19, 'target_x': 17.04, 'target_y': -0.88, 'yaw_ins': 0.0, 'dis_ins': 0.0}
  [2026-06-22T19:38:39.994203] W: {'wp_x': 483.49, 'wp_y': 140.74}
  [2026-06-22T19:38:39.994326] I: {'realtime_x': 481.65, 'realtime_y': 161.93, 'target_x': 17.04, 'target_y': -0.88, 'yaw_ins': 0.0, 'dis_ins': 0.0}
  [2026-06-22T19:38:40.143355] W: {'wp_x': 483.49, 'wp_y': 140.74}
  [2026-06-22T19:38:40.145473] I: {'realtime_x': 481.65, 'realtime_y': 161.63, 'target_x': 17.04, 'target_y': -0.88, 'yaw_ins': 0.0, 'dis_ins': 0.0}
  [2026-06-22T19:38:40.147872] W: {'wp_x': 483.49, 'wp_y': 140.74}
  [2026-06-22T19:38:40.147921] I: {'realtime_x': 481.66, 'realtime_y': 162.0, 'target_x': 17.04, 'target_y': -0.88, 'yaw_ins': 0.0, 'dis_ins': 0.0}
  [2026-06-22T19:38:40.150355] W: {'wp_x': 483.49, 'wp_y': 140.74}
  [2026-06-22T19:38:40.150527] I: {'realtime_x': 481.66, 'realtime_y': 162.89, 'target_x': 17.04, 'target_y': -0.88, 'yaw_ins': 0.0, 'dis_ins': 0.0}
  [2026-06-22T19:38:40.153427] W: {'wp_x': 483.49, 'wp_y': 140.74}
  [2026-06-22T19:38:40.172223] I: {'realtime_x': 481.65, 'realtime_y': 163.81, 'target_x': 17.04, 'target_y': -0.88, 'yaw_ins': 0.0, 'dis_ins': 0.0}
  [2026-06-22T19:38:40.174395] W: {'wp_x': 483.49, 'wp_y': 140.74}
  [2026-06-22T19:38:40.437687] I: {'realtime_x': 481.65, 'realtime_y': 164.03, 'target_x': 17.04, 'target_y': -0.88, 'yaw_ins': 0.0, 'dis_ins': 0.0}
  [2026-06-22T19:38:40.586483] W: {'wp_x': 483.49, 'wp_y': 140.74}
  [2026-06-22T19:38:40.588545] I: {'realtime_x': 481.65, 'realtime_y': 164.08, 'target_x': 17.04, 'target_y': -0.88, 'yaw_ins': 0.0, 'dis_ins': 0.0}
  [2026-06-22T19:38:40.591175] W: {'wp_x': 483.49, 'wp_y': 140.74}
  [2026-06-22T19:38:40.591340] I: {'realtime_x': 481.67, 'realtime_y': 164.44, 'target_x': 17.04, 'target_y': -0.88, 'yaw_ins': 0.0, 'dis_ins': 0.0}
  [2026-06-22T19:38:40.594276] W: {'wp_x': 483.49, 'wp_y': 140.74}
  [2026-06-22T19:38:40.594486] I: {'realtime_x': 481.7, 'realtime_y': 165.07, 'target_x': 17.04, 'target_y': -0.88, 'yaw_ins': 0.0, 'dis_ins': 0.0}
  [2026-06-22T19:38:40.596809] W: {'wp_x': 483.49, 'wp_y': 140.74}
  [2026-06-22T19:38:40.597000] I: {'realtime_x': 481.73, 'realtime_y': 165.43, 'target_x': 17.04, 'target_y': -0.88, 'yaw_ins': 0.0, 'dis_ins': 0.0}
  [2026-06-22T19:38:40.599179] W: {'wp_x': 483.49, 'wp_y': 140.74}
  [2026-06-22T19:38:40.890146] I: {'realtime_x': 481.72, 'realtime_y': 165.26, 'target_x': 17.04, 'target_y': -0.88, 'yaw_ins': 0.0, 'dis_ins': 0.0}
  [2026-06-22T19:38:40.893019] W: {'wp_x': 483.49, 'wp_y': 140.74}
  [2026-06-22T19:38:40.893137] I: {'realtime_x': 481.71, 'realtime_y': 165.15, 'target_x': 17.04, 'target_y': -0.88, 'yaw_ins': 0.0, 'dis_ins': 0.0}
  [2026-06-22T19:38:40.895917] W: {'wp_x': 483.49, 'wp_y': 140.74}
  [2026-06-22T19:38:41.042957] I: {'realtime_x': 481.72, 'realtime_y': 165.29, 'target_x': 17.04, 'target_y': -0.88, 'yaw_ins': 0.0, 'dis_ins': 0.0}
  [2026-06-22T19:38:41.045530] W: {'wp_x': 483.49, 'wp_y': 140.74}
  [2026-06-22T19:38:41.047617] I: {'realtime_x': 481.73, 'realtime_y': 165.5, 'target_x': 17.04, 'target_y': -0.88, 'yaw_ins': 0.0, 'dis_ins': 0.0}
  [2026-06-22T19:38:41.050440] W: {'wp_x': 483.49, 'wp_y': 140.74}
  [2026-06-22T19:38:41.050675] I: {'realtime_x': 481.73, 'realtime_y': 165.48, 'target_x': 17.04, 'target_y': -0.88, 'yaw_ins': 0.0, 'dis_ins': 0.0}
  [2026-06-22T19:38:41.053158] W: {'wp_x': 483.49, 'wp_y': 140.74}
  [2026-06-22T19:39:00.776185] I: {'realtime_x': 0.0, 'realtime_y': 0.0, 'target_x': 0.0, 'target_y': 0.0, 'yaw_ins': 0.0, 'dis_ins': 0.0}
  [2026-06-22T19:39:00.917923] I: {'realtime_x': -0.08, 'realtime_y': 0.0, 'target_x': 0.0, 'target_y': 0.0, 'yaw_ins': 0.0, 'dis_ins': 0.0}
  [2026-06-22T19:39:00.918002] I: {'realtime_x': -4.66, 'realtime_y': 0.0, 'target_x': 0.0, 'target_y': 0.0, 'yaw_ins': 0.0, 'dis_ins': 0.0}
  [2026-06-22T19:39:00.918077] I: {'realtime_x': -12.05, 'realtime_y': -0.09, 'target_x': 0.0, 'target_y': 0.0, 'yaw_ins': 0.0, 'dis_ins': 0.0}
  [2026-06-22T19:39:00.918282] I: {'realtime_x': -11.86, 'realtime_y': -0.08, 'target_x': 0.0, 'target_y': 0.0, 'yaw_ins': 0.0, 'dis_ins': 0.0}
  [2026-06-22T19:39:00.918329] I: {'realtime_x': -10.19, 'realtime_y': -0.03, 'target_x': 0.0, 'target_y': 0.0, 'yaw_ins': 0.0, 'dis_ins': 0.0}
  [2026-06-22T19:39:00.960295] I: {'realtime_x': -8.18, 'realtime_y': 0.04, 'target_x': 0.0, 'target_y': 0.0, 'yaw_ins': 0.0, 'dis_ins': 0.0}
  [2026-06-22T19:39:01.358876] I: {'realtime_x': -7.03, 'realtime_y': 0.08, 'target_x': 0.0, 'target_y': 0.0, 'yaw_ins': 0.0, 'dis_ins': 0.0}
  [2026-06-22T19:39:01.361123] I: {'realtime_x': -7.01, 'realtime_y': 0.08, 'target_x': 0.0, 'target_y': 0.0, 'yaw_ins': 0.0, 'dis_ins': 0.0}
  [2026-06-22T19:39:01.361187] I: {'realtime_x': -7.17, 'realtime_y': 0.08, 'target_x': 0.0, 'target_y': 0.0, 'yaw_ins': 0.0, 'dis_ins': 0.0}
  [2026-06-22T19:39:01.361240] I: {'realtime_x': -7.17, 'realtime_y': 0.08, 'target_x': 0.0, 'target_y': 0.0, 'yaw_ins': 0.0, 'dis_ins': 0.0}
  [2026-06-22T19:39:01.361282] I: {'realtime_x': -7.17, 'realtime_y': 0.08, 'target_x': 0.0, 'target_y': 0.0, 'yaw_ins': 0.0, 'dis_ins': 0.0}
  [2026-06-22T19:39:01.639972] I: {'realtime_x': -7.17, 'realtime_y': 0.08, 'target_x': 0.0, 'target_y': 0.0, 'yaw_ins': 0.0, 'dis_ins': 0.0}
  [2026-06-22T19:39:01.768476] I: {'realtime_x': -7.17, 'realtime_y': 0.08, 'target_x': 0.0, 'target_y': 0.0, 'yaw_ins': 0.0, 'dis_ins': 0.0}
  [2026-06-22T19:39:01.770364] I: {'realtime_x': -7.17, 'realtime_y': 0.08, 'target_x': 0.0, 'target_y': 0.0, 'yaw_ins': 0.0, 'dis_ins': 0.0}
  [2026-06-22T19:39:01.770452] I: {'realtime_x': -7.17, 'realtime_y': 0.08, 'target_x': 0.0, 'target_y': 0.0, 'yaw_ins': 0.0, 'dis_ins': 0.0}
  [2026-06-22T19:39:01.770546] I: {'realtime_x': -7.17, 'realtime_y': 0.08, 'target_x': 0.0, 'target_y': 0.0, 'yaw_ins': 0.0, 'dis_ins': 0.0}
  [2026-06-22T19:39:02.196511] I: {'realtime_x': -7.19, 'realtime_y': 0.08, 'target_x': 0.0, 'target_y': 0.0, 'yaw_ins': 0.0, 'dis_ins': 0.0}
  [2026-06-22T19:39:02.198780] I: {'realtime_x': -7.19, 'realtime_y': 0.08, 'target_x': 0.0, 'target_y': 0.0, 'yaw_ins': 0.0, 'dis_ins': 0.0}
  [2026-06-22T19:39:02.198809] I: {'realtime_x': -7.19, 'realtime_y': 0.08, 'target_x': 0.0, 'target_y': 0.0, 'yaw_ins': 0.0, 'dis_ins': 0.0}
  [2026-06-22T19:39:02.198907] I: {'realtime_x': -7.19, 'realtime_y': 0.08, 'target_x': 0.0, 'target_y': 0.0, 'yaw_ins': 0.0, 'dis_ins': 0.0}
  [2026-06-22T19:39:02.198934] I: {'realtime_x': -7.19, 'realtime_y': 0.08, 'target_x': 0.0, 'target_y': 0.0, 'yaw_ins': 0.0, 'dis_ins': 0.0}
  [2026-06-22T19:39:02.241511] I: {'realtime_x': -7.19, 'realtime_y': 0.08, 'target_x': 0.0, 'target_y': 0.0, 'yaw_ins': 0.0, 'dis_ins': 0.0}
  [2026-06-22T19:39:02.497757] I: {'realtime_x': -7.19, 'realtime_y': 0.08, 'target_x': 0.0, 'target_y': 0.0, 'yaw_ins': 0.0, 'dis_ins': 0.0}
  [2026-06-22T19:39:02.628325] I: {'realtime_x': -7.27, 'realtime_y': 0.07, 'target_x': 0.0, 'target_y': 0.0, 'yaw_ins': 0.0, 'dis_ins': 0.0}
  [2026-06-22T19:39:02.630425] I: {'realtime_x': -7.35, 'realtime_y': 0.07, 'target_x': 0.0, 'target_y': 0.0, 'yaw_ins': 0.0, 'dis_ins': 0.0}
  [2026-06-22T19:39:02.630469] I: {'realtime_x': -7.38, 'realtime_y': 0.07, 'target_x': 0.0, 'target_y': 0.0, 'yaw_ins': 0.0, 'dis_ins': 0.0}
  [2026-06-22T19:39:02.640893] I: {'realtime_x': -7.44, 'realtime_y': 0.07, 'target_x': 0.0, 'target_y': 0.0, 'yaw_ins': 0.0, 'dis_ins': 0.0}
  [2026-06-22T19:39:02.953830] I: {'realtime_x': -7.47, 'realtime_y': 0.07, 'target_x': 0.0, 'target_y': 0.0, 'yaw_ins': 0.0, 'dis_ins': 0.0}
  [2026-06-22T19:39:03.097503] I: {'realtime_x': -7.47, 'realtime_y': 0.07, 'target_x': 0.0, 'target_y': 0.0, 'yaw_ins': 0.0, 'dis_ins': 0.0}
  [2026-06-22T19:39:03.097684] I: {'realtime_x': -7.47, 'realtime_y': 0.07, 'target_x': 0.0, 'target_y': 0.0, 'yaw_ins': 0.0, 'dis_ins': 0.0}
  [2026-06-22T19:39:03.097737] I: {'realtime_x': -7.47, 'realtime_y': 0.07, 'target_x': 0.0, 'target_y': 0.0, 'yaw_ins': 0.0, 'dis_ins': 0.0}
  [2026-06-22T19:39:03.097863] I: {'realtime_x': -7.47, 'realtime_y': 0.07, 'target_x': 0.0, 'target_y': 0.0, 'yaw_ins': 0.0, 'dis_ins': 0.0}
  [2026-06-22T19:39:03.118893] I: {'realtime_x': -7.47, 'realtime_y': 0.07, 'target_x': 0.0, 'target_y': 0.0, 'yaw_ins': 0.0, 'dis_ins': 0.0}
  [2026-06-22T19:39:03.521140] I: {'realtime_x': -7.47, 'realtime_y': 0.07, 'target_x': 0.0, 'target_y': 0.0, 'yaw_ins': 0.0, 'dis_ins': 0.0}
  [2026-06-22T19:39:03.524393] I: {'realtime_x': -7.47, 'realtime_y': 0.07, 'target_x': 0.0, 'target_y': 0.0, 'yaw_ins': 0.0, 'dis_ins': 0.0}
  [2026-06-22T19:39:03.524561] I: {'realtime_x': -7.47, 'realtime_y': 0.07, 'target_x': 0.0, 'target_y': 0.0, 'yaw_ins': 0.0, 'dis_ins': 0.0}
  [2026-06-22T19:39:03.524641] I: {'realtime_x': -7.47, 'realtime_y': 0.07, 'target_x': 0.0, 'target_y': 0.0, 'yaw_ins': 0.0, 'dis_ins': 0.0}
  [2026-06-22T19:39:03.524792] I: {'realtime_x': -7.47, 'realtime_y': 0.07, 'target_x': 0.0, 'target_y': 0.0, 'yaw_ins': 0.0, 'dis_ins': 0.0}
  [2026-06-22T19:39:03.836227] I: {'realtime_x': -7.47, 'realtime_y': 0.07, 'target_x': 0.0, 'target_y': 0.0, 'yaw_ins': 0.0, 'dis_ins': 0.0}
  [2026-06-22T19:39:03.836304] I: {'realtime_x': -7.47, 'realtime_y': 0.07, 'target_x': 0.0, 'target_y': 0.0, 'yaw_ins': 0.0, 'dis_ins': 0.0}
  [2026-06-22T19:39:03.973575] I: {'realtime_x': -7.47, 'realtime_y': 0.07, 'target_x': 0.0, 'target_y': 0.0, 'yaw_ins': 0.0, 'dis_ins': 0.0}
  [2026-06-22T19:39:03.975980] I: {'realtime_x': -7.47, 'realtime_y': 0.07, 'target_x': 0.0, 'target_y': 0.0, 'yaw_ins': 0.0, 'dis_ins': 0.0}
  [2026-06-22T19:39:03.976052] I: {'realtime_x': -7.47, 'realtime_y': 0.07, 'target_x': 0.0, 'target_y': 0.0, 'yaw_ins': 0.0, 'dis_ins': 0.0}
  [2026-06-22T19:39:04.007580] I: {'realtime_x': -7.47, 'realtime_y': 0.07, 'target_x': 0.0, 'target_y': 0.0, 'yaw_ins': 0.0, 'dis_ins': 0.0}
  [2026-06-22T19:39:04.407962] I: {'realtime_x': -7.47, 'realtime_y': 0.07, 'target_x': 0.0, 'target_y': 0.0, 'yaw_ins': 0.0, 'dis_ins': 0.0}
  [2026-06-22T19:39:04.410426] I: {'realtime_x': -7.47, 'realtime_y': 0.07, 'target_x': 0.0, 'target_y': 0.0, 'yaw_ins': 0.0, 'dis_ins': 0.0}
  [2026-06-22T19:39:04.410487] I: {'realtime_x': -7.47, 'realtime_y': 0.07, 'target_x': 0.0, 'target_y': 0.0, 'yaw_ins': 0.0, 'dis_ins': 0.0}
  [2026-06-22T19:39:04.410519] I: {'realtime_x': -7.47, 'realtime_y': 0.07, 'target_x': 0.0, 'target_y': 0.0, 'yaw_ins': 0.0, 'dis_ins': 0.0}
  [2026-06-22T19:39:04.410569] I: {'realtime_x': -7.47, 'realtime_y': 0.07, 'target_x': 0.0, 'target_y': 0.0, 'yaw_ins': 0.0, 'dis_ins': 0.0}
  [2026-06-22T19:39:04.704717] I: {'realtime_x': -7.54, 'realtime_y': 0.07, 'target_x': 0.0, 'target_y': 0.0, 'yaw_ins': 0.0, 'dis_ins': 0.0}
  [2026-06-22T19:39:04.850692] I: {'realtime_x': -7.55, 'realtime_y': 0.07, 'target_x': 0.0, 'target_y': 0.0, 'yaw_ins': 0.0, 'dis_ins': 0.0}
  [2026-06-22T19:39:04.850857] I: {'realtime_x': -7.55, 'realtime_y': 0.07, 'target_x': 0.0, 'target_y': 0.0, 'yaw_ins': 0.0, 'dis_ins': 0.0}
  [2026-06-22T19:39:04.850912] I: {'realtime_x': -7.55, 'realtime_y': 0.07, 'target_x': 0.0, 'target_y': 0.0, 'yaw_ins': 0.0, 'dis_ins': 0.0}
  [2026-06-22T19:39:04.850946] I: {'realtime_x': -7.55, 'realtime_y': 0.07, 'target_x': 0.0, 'target_y': 0.0, 'yaw_ins': 0.0, 'dis_ins': 0.0}
  [2026-06-22T19:39:04.882498] I: {'realtime_x': -7.55, 'realtime_y': 0.07, 'target_x': 0.0, 'target_y': 0.0, 'yaw_ins': 0.0, 'dis_ins': 0.0}
  [2026-06-22T19:39:05.154159] I: {'realtime_x': -7.55, 'realtime_y': 0.07, 'target_x': 0.0, 'target_y': 0.0, 'yaw_ins': 0.0, 'dis_ins': 0.0}
  [2026-06-22T19:39:05.154359] I: {'realtime_x': -7.55, 'realtime_y': 0.07, 'target_x': 0.0, 'target_y': 0.0, 'yaw_ins': 0.0, 'dis_ins': 0.0}
  [2026-06-22T19:39:05.289891] I: {'realtime_x': -7.55, 'realtime_y': 0.07, 'target_x': 0.0, 'target_y': 0.0, 'yaw_ins': 0.0, 'dis_ins': 0.0}
  [2026-06-22T19:39:05.292284] I: {'realtime_x': -7.55, 'realtime_y': 0.07, 'target_x': 0.0, 'target_y': 0.0, 'yaw_ins': 0.0, 'dis_ins': 0.0}
  [2026-06-22T19:39:05.292448] I: {'realtime_x': -7.55, 'realtime_y': 0.07, 'target_x': 0.0, 'target_y': 0.0, 'yaw_ins': 0.0, 'dis_ins': 0.0}
  [2026-06-22T19:39:05.582868] I: {'realtime_x': -7.55, 'realtime_y': 0.07, 'target_x': 0.0, 'target_y': 0.0, 'yaw_ins': 0.0, 'dis_ins': 0.0}
  [2026-06-22T19:39:05.724823] I: {'realtime_x': -7.55, 'realtime_y': 0.07, 'target_x': 0.0, 'target_y': 0.0, 'yaw_ins': 0.0, 'dis_ins': 0.0}
  [2026-06-22T19:39:05.725079] I: {'realtime_x': -7.55, 'realtime_y': 0.07, 'target_x': 0.0, 'target_y': 0.0, 'yaw_ins': 0.0, 'dis_ins': 0.0}
  [2026-06-22T19:39:05.725474] I: {'realtime_x': -7.55, 'realtime_y': 0.07, 'target_x': 0.0, 'target_y': 0.0, 'yaw_ins': 0.0, 'dis_ins': 0.0}
  [2026-06-22T19:39:05.725630] I: {'realtime_x': -7.55, 'realtime_y': 0.07, 'target_x': 0.0, 'target_y': 0.0, 'yaw_ins': 0.0, 'dis_ins': 0.0}
  [2026-06-22T19:39:05.767692] I: {'realtime_x': -7.55, 'realtime_y': 0.07, 'target_x': 0.0, 'target_y': 0.0, 'yaw_ins': 0.0, 'dis_ins': 0.0}
  [2026-06-22T19:39:06.043811] I: {'realtime_x': -7.57, 'realtime_y': 0.07, 'target_x': 0.0, 'target_y': 0.0, 'yaw_ins': 0.0, 'dis_ins': 0.0}
  [2026-06-22T19:39:06.183389] I: {'realtime_x': -7.57, 'realtime_y': 0.07, 'target_x': 17.04, 'target_y': -0.88, 'yaw_ins': -0.2, 'dis_ins': 24.6}
  [2026-06-22T19:39:06.183682] I: {'realtime_x': -7.57, 'realtime_y': 0.07, 'target_x': 17.04, 'target_y': -0.88, 'yaw_ins': -0.2, 'dis_ins': 24.6}
  [2026-06-22T19:39:06.184041] I: {'realtime_x': -7.57, 'realtime_y': 0.07, 'target_x': 17.04, 'target_y': -0.88, 'yaw_ins': -0.2, 'dis_ins': 24.6}
  [2026-06-22T19:39:06.184298] I: {'realtime_x': -7.57, 'realtime_y': 0.07, 'target_x': 17.04, 'target_y': -0.88, 'yaw_ins': -0.2, 'dis_ins': 24.6}
  [2026-06-22T19:39:06.641740] I: {'realtime_x': -7.57, 'realtime_y': 0.07, 'target_x': 17.04, 'target_y': -0.88, 'yaw_ins': -0.2, 'dis_ins': 24.6}
  [2026-06-22T19:39:06.644108] I: {'realtime_x': -7.57, 'realtime_y': 0.07, 'target_x': 17.04, 'target_y': -0.88, 'yaw_ins': -0.2, 'dis_ins': 24.6}
  [2026-06-22T19:39:06.644265] I: {'realtime_x': -7.57, 'realtime_y': 0.07, 'target_x': 17.04, 'target_y': -0.88, 'yaw_ins': -0.2, 'dis_ins': 24.6}
  [2026-06-22T19:39:06.644390] I: {'realtime_x': -7.51, 'realtime_y': 0.07, 'target_x': 17.04, 'target_y': -0.88, 'yaw_ins': -0.2, 'dis_ins': 24.6}
  [2026-06-22T19:39:06.644420] I: {'realtime_x': -7.49, 'realtime_y': 0.07, 'target_x': 17.04, 'target_y': -0.88, 'yaw_ins': -0.2, 'dis_ins': 24.6}
  [2026-06-22T19:39:06.644460] I: {'realtime_x': -7.68, 'realtime_y': 0.07, 'target_x': 17.04, 'target_y': -0.88, 'yaw_ins': -0.2, 'dis_ins': 24.7}
  [2026-06-22T19:39:06.959507] I: {'realtime_x': -7.6, 'realtime_y': 0.07, 'target_x': 17.04, 'target_y': -0.88, 'yaw_ins': -0.2, 'dis_ins': 24.7}
  [2026-06-22T19:39:07.100477] I: {'realtime_x': -7.54, 'realtime_y': 0.07, 'target_x': 17.04, 'target_y': -0.88, 'yaw_ins': -0.2, 'dis_ins': 24.6}
  [2026-06-22T19:39:07.100625] I: {'realtime_x': -7.44, 'realtime_y': 0.07, 'target_x': 17.04, 'target_y': -0.88, 'yaw_ins': -0.2, 'dis_ins': 24.6}
  [2026-06-22T19:39:07.100862] I: {'realtime_x': -7.3, 'realtime_y': 0.07, 'target_x': 17.04, 'target_y': -0.88, 'yaw_ins': -0.2, 'dis_ins': 24.4}
  [2026-06-22T19:39:07.100982] I: {'realtime_x': -7.38, 'realtime_y': 0.07, 'target_x': 17.04, 'target_y': -0.88, 'yaw_ins': -0.2, 'dis_ins': 24.4}
  [2026-06-22T19:39:07.122470] I: {'realtime_x': -7.38, 'realtime_y': 0.07, 'target_x': 17.04, 'target_y': -0.88, 'yaw_ins': -0.2, 'dis_ins': 24.4}
  [2026-06-22T19:39:07.409171] I: {'realtime_x': -7.31, 'realtime_y': 0.07, 'target_x': 17.04, 'target_y': -0.88, 'yaw_ins': -0.2, 'dis_ins': 24.4}
  [2026-06-22T19:39:07.548808] I: {'realtime_x': -7.28, 'realtime_y': 0.07, 'target_x': 17.04, 'target_y': -0.88, 'yaw_ins': -0.2, 'dis_ins': 24.3}
  [2026-06-22T19:39:07.548881] I: {'realtime_x': -7.28, 'realtime_y': 0.07, 'target_x': 17.04, 'target_y': -0.88, 'yaw_ins': -0.2, 'dis_ins': 24.3}
  [2026-06-22T19:39:07.549081] I: {'realtime_x': -7.2, 'realtime_y': 0.07, 'target_x': 17.04, 'target_y': -0.88, 'yaw_ins': -0.2, 'dis_ins': 24.3}
  [2026-06-22T19:39:07.549201] I: {'realtime_x': -7.09, 'realtime_y': 0.07, 'target_x': 17.04, 'target_y': -0.88, 'yaw_ins': -0.2, 'dis_ins': 24.2}
  [2026-06-22T19:39:07.601428] I: {'realtime_x': -6.88, 'realtime_y': 0.07, 'target_x': 17.04, 'target_y': -0.88, 'yaw_ins': -0.2, 'dis_ins': 23.9}
  [2026-06-22T19:39:07.895196] I: {'realtime_x': -6.18, 'realtime_y': 0.07, 'target_x': 17.04, 'target_y': -0.88, 'yaw_ins': -0.2, 'dis_ins': 23.4}
  [2026-06-22T19:39:07.895388] I: {'realtime_x': -5.23, 'realtime_y': 0.06, 'target_x': 17.04, 'target_y': -0.88, 'yaw_ins': -0.2, 'dis_ins': 22.3}
  [2026-06-22T19:39:07.895457] I: {'realtime_x': -3.52, 'realtime_y': 0.01, 'target_x': 17.04, 'target_y': -0.88, 'yaw_ins': -0.2, 'dis_ins': 20.6}
  [2026-06-22T19:39:08.043565] I: {'realtime_x': 0.83, 'realtime_y': -0.14, 'target_x': 17.04, 'target_y': -0.88, 'yaw_ins': -0.1, 'dis_ins': 16.2}
  [2026-06-22T19:39:08.043655] I: {'realtime_x': 7.08, 'realtime_y': -0.34, 'target_x': 58.95, 'target_y': -0.82, 'yaw_ins': 1.9, 'dis_ins': 51.9}
  [2026-06-22T19:39:08.085435] I: {'realtime_x': 13.88, 'realtime_y': -0.47, 'target_x': 58.95, 'target_y': -0.82, 'yaw_ins': 2.1, 'dis_ins': 45.1}
  [2026-06-22T19:39:08.527954] I: {'realtime_x': 24.89, 'realtime_y': -0.48, 'target_x': 58.95, 'target_y': -0.82, 'yaw_ins': 2.3, 'dis_ins': 34.1}
  [2026-06-22T19:39:08.528084] I: {'realtime_x': 41.06, 'realtime_y': -0.37, 'target_x': 58.95, 'target_y': -0.82, 'yaw_ins': 2.5, 'dis_ins': 21.6}
  [2026-06-22T19:39:08.530262] I: {'realtime_x': 62.98, 'realtime_y': -0.09, 'target_x': 99.91, 'target_y': -0.29, 'yaw_ins': 2.0, 'dis_ins': 36.9}
  [2026-06-22T19:39:08.530345] I: {'realtime_x': 90.3, 'realtime_y': 0.49, 'target_x': 140.83, 'target_y': 4.3, 'yaw_ins': 2.2, 'dis_ins': 9.6}
  [2026-06-22T19:39:08.530388] I: {'realtime_x': 121.99, 'realtime_y': 1.07, 'target_x': 140.83, 'target_y': 4.3, 'yaw_ins': 0.8, 'dis_ins': 19.1}
  [2026-06-22T19:39:08.787204] I: {'realtime_x': 156.94, 'realtime_y': 1.81, 'target_x': 181.07, 'target_y': 3.93, 'yaw_ins': -1.5, 'dis_ins': 31.4}
  [2026-06-22T19:39:08.787251] I: {'realtime_x': 194.02, 'realtime_y': 1.76, 'target_x': 215.9, 'target_y': 3.06, 'yaw_ins': -1.6, 'dis_ins': 21.9}
  [2026-06-22T19:39:08.935644] I: {'realtime_x': 232.09, 'realtime_y': 1.17, 'target_x': 256.27, 'target_y': -1.31, 'yaw_ins': -1.2, 'dis_ins': 24.3}
  [2026-06-22T19:39:08.937685] I: {'realtime_x': 270.99, 'realtime_y': 0.18, 'target_x': 298.09, 'target_y': -1.14, 'yaw_ins': -0.2, 'dis_ins': 27.1}
  [2026-06-22T19:39:08.937847] I: {'realtime_x': 309.07, 'realtime_y': -0.76, 'target_x': 339.85, 'target_y': -0.98, 'yaw_ins': 2.9, 'dis_ins': 30.8}
  [2026-06-22T19:39:08.969111] I: {'realtime_x': 345.1, 'realtime_y': -0.7, 'target_x': 380.54, 'target_y': -0.17, 'yaw_ins': 15.1, 'dis_ins': 35.4}
  [2026-06-22T19:39:09.397993] I: {'realtime_x': 377.66, 'realtime_y': 1.54, 'target_x': 415.56, 'target_y': 2.57, 'yaw_ins': 30.0, 'dis_ins': 44.0}
  [2026-06-22T19:39:09.400091] I: {'realtime_x': 405.98, 'realtime_y': 6.58, 'target_x': 449.94, 'target_y': 24.75, 'yaw_ins': 38.5, 'dis_ins': 10.4}
  [2026-06-22T19:39:09.400339] I: {'realtime_x': 430.76, 'realtime_y': 14.91, 'target_x': 449.94, 'target_y': 24.75, 'yaw_ins': 56.8, 'dis_ins': 26.7}
  [2026-06-22T19:39:09.400471] I: {'realtime_x': 451.6, 'realtime_y': 26.86, 'target_x': 471.49, 'target_y': 59.42, 'yaw_ins': 74.1, 'dis_ins': 38.2}
  [2026-06-22T19:39:09.400628] I: {'realtime_x': 467.87, 'realtime_y': 41.35, 'target_x': 471.49, 'target_y': 59.42, 'yaw_ins': 80.9, 'dis_ins': 18.4}
  [2026-06-22T19:39:09.442600] I: {'realtime_x': 480.28, 'realtime_y': 58.09, 'target_x': 481.78, 'target_y': 99.42, 'yaw_ins': 86.4, 'dis_ins': 45.0}
  [2026-06-22T19:39:09.699889] I: {'realtime_x': 489.75, 'realtime_y': 76.53, 'target_x': 481.78, 'target_y': 99.42, 'yaw_ins': 95.6, 'dis_ins': 24.2}
  [2026-06-22T19:39:09.854041] I: {'realtime_x': 496.58, 'realtime_y': 96.77, 'target_x': 481.78, 'target_y': 99.42, 'yaw_ins': 106.6, 'dis_ins': 15.0}
  [2026-06-22T19:39:09.854437] I: {'realtime_x': 500.68, 'realtime_y': 119.45, 'target_x': 481.78, 'target_y': 99.42, 'yaw_ins': 128.9, 'dis_ins': 27.5}
  [2026-06-22T19:39:09.854707] I: {'realtime_x': 500.55, 'realtime_y': 143.53, 'target_x': 481.78, 'target_y': 99.42, 'yaw_ins': -170.7, 'dis_ins': 47.9}
  [2026-06-22T19:39:09.854823] I: {'realtime_x': 492.87, 'realtime_y': 166.39, 'target_x': 481.78, 'target_y': 99.42, 'yaw_ins': -118.7, 'dis_ins': 64.2}
  [2026-06-22T19:39:10.297461] I: {'realtime_x': 474.86, 'realtime_y': 180.33, 'target_x': 481.78, 'target_y': 99.42, 'yaw_ins': -77.7, 'dis_ins': 81.2}
  [2026-06-22T19:39:10.299907] I: {'realtime_x': 455.81, 'realtime_y': 180.86, 'target_x': 481.78, 'target_y': 99.42, 'yaw_ins': -55.4, 'dis_ins': 85.5}
  [2026-06-22T19:39:10.299969] I: {'realtime_x': 441.15, 'realtime_y': 171.65, 'target_x': 481.78, 'target_y': 99.42, 'yaw_ins': -36.1, 'dis_ins': 82.9}
  [2026-06-22T19:39:10.300090] I: {'realtime_x': 433.44, 'realtime_y': 157.46, 'target_x': 481.78, 'target_y': 99.42, 'yaw_ins': -18.5, 'dis_ins': 75.5}
  [2026-06-22T19:39:10.300199] I: {'realtime_x': 431.94, 'realtime_y': 141.43, 'target_x': 481.78, 'target_y': 99.42, 'yaw_ins': -0.8, 'dis_ins': 65.2}
  [2026-06-22T19:39:10.321399] I: {'realtime_x': 433.92, 'realtime_y': 125.4, 'target_x': 481.78, 'target_y': 99.42, 'yaw_ins': 13.6, 'dis_ins': 56.5}
  [2026-06-22T19:39:10.588949] I: {'realtime_x': 436.88, 'realtime_y': 109.52, 'target_x': 481.78, 'target_y': 99.42, 'yaw_ins': 30.7, 'dis_ins': 47.4}
  [2026-06-22T19:39:10.590320] I: {'realtime_x': 439.8, 'realtime_y': 93.63, 'target_x': 481.78, 'target_y': 99.42, 'yaw_ins': 47.2, 'dis_ins': 42.4}
  [2026-06-22T19:39:10.590350] I: {'realtime_x': 442.48, 'realtime_y': 77.69, 'target_x': 481.78, 'target_y': 99.42, 'yaw_ins': 57.0, 'dis_ins': 44.9}
  [2026-06-22T19:39:10.746872] I: {'realtime_x': 445.15, 'realtime_y': 61.75, 'target_x': 481.78, 'target_y': 99.42, 'yaw_ins': 64.1, 'dis_ins': 52.5}
  [2026-06-22T19:39:10.747109] I: {'realtime_x': 447.81, 'realtime_y': 45.81, 'target_x': 481.78, 'target_y': 99.42, 'yaw_ins': 69.4, 'dis_ins': 63.5}
  [2026-06-22T19:39:11.176362] I: {'realtime_x': 450.47, 'realtime_y': 29.87, 'target_x': 481.78, 'target_y': 99.42, 'yaw_ins': 73.4, 'dis_ins': 76.3}
  [2026-06-22T19:39:11.178769] I: {'realtime_x': 453.12, 'realtime_y': 13.93, 'target_x': 481.78, 'target_y': 99.42, 'yaw_ins': 76.0, 'dis_ins': 87.3}
  [2026-06-22T19:39:11.178921] I: {'realtime_x': 455.77, 'realtime_y': -2.01, 'target_x': 481.78, 'target_y': 99.42, 'yaw_ins': 79.0, 'dis_ins': 104.7}
  [2026-06-22T19:39:11.178957] I: {'realtime_x': 458.41, 'realtime_y': -17.95, 'target_x': 481.78, 'target_y': 99.42, 'yaw_ins': 81.0, 'dis_ins': 119.7}
  [2026-06-22T19:39:11.179061] I: {'realtime_x': 461.04, 'realtime_y': -33.9, 'target_x': 481.78, 'target_y': 99.42, 'yaw_ins': 82.4, 'dis_ins': 131.9}
  [2026-06-22T19:39:11.200816] I: {'realtime_x': 463.62, 'realtime_y': -49.85, 'target_x': 481.78, 'target_y': 99.42, 'yaw_ins': 84.1, 'dis_ins': 150.4}
  [2026-06-22T19:39:11.655533] I: {'realtime_x': 466.23, 'realtime_y': -65.8, 'target_x': 481.78, 'target_y': 99.42, 'yaw_ins': 85.2, 'dis_ins': 165.9}
  [2026-06-22T19:39:11.658185] I: {'realtime_x': 468.84, 'realtime_y': -81.75, 'target_x': 481.78, 'target_y': 99.42, 'yaw_ins': 86.0, 'dis_ins': 178.5}
  [2026-06-22T19:39:11.658427] I: {'realtime_x': 471.46, 'realtime_y': -97.69, 'target_x': 481.78, 'target_y': 99.42, 'yaw_ins': 87.1, 'dis_ins': 197.4}
  [2026-06-22T19:39:11.659068] I: {'realtime_x': 474.05, 'realtime_y': -113.64, 'target_x': 481.78, 'target_y': 99.42, 'yaw_ins': 87.9, 'dis_ins': 213.2}
  [2026-06-22T19:39:11.659550] I: {'realtime_x': 476.6, 'realtime_y': -129.6, 'target_x': 481.78, 'target_y': 99.42, 'yaw_ins': 88.4, 'dis_ins': 225.9}
  [2026-06-22T19:39:11.680459] I: {'realtime_x': 479.11, 'realtime_y': -145.57, 'target_x': 481.78, 'target_y': 99.42, 'yaw_ins': 89.0, 'dis_ins': 241.8}
  [2026-06-22T19:39:11.945112] I: {'realtime_x': 481.53, 'realtime_y': -161.54, 'target_x': 481.78, 'target_y': 99.42, 'yaw_ins': 89.6, 'dis_ins': 261.0}
  [2026-06-22T19:39:12.087666] I: {'realtime_x': 483.94, 'realtime_y': -177.52, 'target_x': 481.78, 'target_y': 99.42, 'yaw_ins': 90.1, 'dis_ins': 276.9}
  [2026-06-22T19:39:12.087725] I: {'realtime_x': 486.35, 'realtime_y': -193.5, 'target_x': 481.78, 'target_y': 99.42, 'yaw_ins': 90.4, 'dis_ins': 289.8}
  [2026-06-22T19:39:12.089896] I: {'realtime_x': 488.72, 'realtime_y': -209.49, 'target_x': 481.78, 'target_y': 99.42, 'yaw_ins': 90.9, 'dis_ins': 309.0}
  [2026-06-22T19:39:12.089935] I: {'realtime_x': 491.01, 'realtime_y': -225.48, 'target_x': 481.78, 'target_y': 99.42, 'yaw_ins': 91.2, 'dis_ins': 325.0}
  [2026-06-22T19:39:12.416786] I: {'realtime_x': 493.38, 'realtime_y': -241.47, 'target_x': 481.78, 'target_y': 99.42, 'yaw_ins': 91.4, 'dis_ins': 337.9}
  [2026-06-22T19:39:12.574225] I: {'realtime_x': 495.86, 'realtime_y': -257.44, 'target_x': 481.78, 'target_y': 99.42, 'yaw_ins': 91.7, 'dis_ins': 353.9}
  [2026-06-22T19:39:12.574410] I: {'realtime_x': 498.2, 'realtime_y': -273.43, 'target_x': 481.78, 'target_y': 99.42, 'yaw_ins': 92.0, 'dis_ins': 373.2}
  [2026-06-22T19:39:12.574504] I: {'realtime_x': 500.23, 'realtime_y': -289.46, 'target_x': 481.78, 'target_y': 99.42, 'yaw_ins': 92.2, 'dis_ins': 389.3}
  [2026-06-22T19:39:12.574721] I: {'realtime_x': 501.99, 'realtime_y': -305.52, 'target_x': 481.78, 'target_y': 99.42, 'yaw_ins': 92.4, 'dis_ins': 405.4}
  [2026-06-22T19:39:12.574861] I: {'realtime_x': 503.64, 'realtime_y': -321.6, 'target_x': 481.78, 'target_y': 99.42, 'yaw_ins': 92.5, 'dis_ins': 421.6}
  [2026-06-22T19:39:12.877733] I: {'realtime_x': 503.64, 'realtime_y': -321.6, 'target_x': 481.78, 'target_y': 99.42, 'yaw_ins': 92.5, 'dis_ins': 421.6}
  [2026-06-22T19:39:13.021037] I: {'realtime_x': 503.64, 'realtime_y': -321.6, 'target_x': 481.78, 'target_y': 99.42, 'yaw_ins': 92.5, 'dis_ins': 421.6}
  [2026-06-22T19:39:13.023425] I: {'realtime_x': 503.64, 'realtime_y': -321.6, 'target_x': 481.78, 'target_y': 99.42, 'yaw_ins': 92.5, 'dis_ins': 421.6}
  [2026-06-22T19:39:13.023809] I: {'realtime_x': 503.64, 'realtime_y': -321.6, 'target_x': 481.78, 'target_y': 99.42, 'yaw_ins': 92.5, 'dis_ins': 421.6}
  [2026-06-22T19:39:13.023987] I: {'realtime_x': 503.64, 'realtime_y': -321.6, 'target_x': 481.78, 'target_y': 99.42, 'yaw_ins': 92.5, 'dis_ins': 421.6}
  [2026-06-22T19:39:13.045260] I: {'realtime_x': 503.64, 'realtime_y': -321.6, 'target_x': 481.78, 'target_y': 99.42, 'yaw_ins': 92.5, 'dis_ins': 421.6}
  [2026-06-22T19:39:13.358963] I: {'realtime_x': 503.64, 'realtime_y': -321.6, 'target_x': 481.78, 'target_y': 99.42, 'yaw_ins': 92.5, 'dis_ins': 421.6}
  [2026-06-22T19:39:13.535232] I: {'realtime_x': 503.64, 'realtime_y': -321.6, 'target_x': 481.78, 'target_y': 99.42, 'yaw_ins': 92.5, 'dis_ins': 421.6}
  [2026-06-22T19:39:13.535391] I: {'realtime_x': 503.64, 'realtime_y': -321.6, 'target_x': 481.78, 'target_y': 99.42, 'yaw_ins': 92.5, 'dis_ins': 421.6}
  [2026-06-22T19:39:13.535579] I: {'realtime_x': 503.64, 'realtime_y': -321.6, 'target_x': 481.78, 'target_y': 99.42, 'yaw_ins': 92.5, 'dis_ins': 421.6}
  [2026-06-22T19:39:13.535650] I: {'realtime_x': 503.64, 'realtime_y': -321.6, 'target_x': 481.78, 'target_y': 99.42, 'yaw_ins': 92.5, 'dis_ins': 421.6}
  [2026-06-22T19:39:13.535720] I: {'realtime_x': 503.64, 'realtime_y': -321.6, 'target_x': 481.78, 'target_y': 99.42, 'yaw_ins': 92.5, 'dis_ins': 421.6}
  [2026-06-22T19:39:13.844424] I: {'realtime_x': 503.64, 'realtime_y': -321.6, 'target_x': 481.78, 'target_y': 99.42, 'yaw_ins': 92.5, 'dis_ins': 421.6}
  [2026-06-22T19:39:13.997556] I: {'realtime_x': 503.64, 'realtime_y': -321.6, 'target_x': 481.78, 'target_y': 99.42, 'yaw_ins': 92.5, 'dis_ins': 421.6}
  [2026-06-22T19:39:13.999956] I: {'realtime_x': 503.64, 'realtime_y': -321.6, 'target_x': 481.78, 'target_y': 99.42, 'yaw_ins': 92.5, 'dis_ins': 421.6}
  [2026-06-22T19:39:14.000075] I: {'realtime_x': 503.64, 'realtime_y': -321.6, 'target_x': 481.78, 'target_y': 99.42, 'yaw_ins': 92.5, 'dis_ins': 421.6}
  [2026-06-22T19:39:14.000219] I: {'realtime_x': 503.64, 'realtime_y': -321.6, 'target_x': 481.78, 'target_y': 99.42, 'yaw_ins': 92.5, 'dis_ins': 421.6}
  [2026-06-22T19:39:14.011376] I: {'realtime_x': 503.64, 'realtime_y': -321.6, 'target_x': 481.78, 'target_y': 99.42, 'yaw_ins': 92.5, 'dis_ins': 421.6}
  [2026-06-22T19:39:14.315765] I: {'realtime_x': 503.64, 'realtime_y': -321.6, 'target_x': 481.78, 'target_y': 99.42, 'yaw_ins': 92.5, 'dis_ins': 421.6}
  [2026-06-22T19:39:14.466284] I: {'realtime_x': 503.64, 'realtime_y': -321.6, 'target_x': 481.78, 'target_y': 99.42, 'yaw_ins': 92.5, 'dis_ins': 421.6}
  [2026-06-22T19:39:14.466399] I: {'realtime_x': 503.64, 'realtime_y': -321.6, 'target_x': 481.78, 'target_y': 99.42, 'yaw_ins': 92.5, 'dis_ins': 421.6}
  [2026-06-22T19:39:14.466542] I: {'realtime_x': 503.64, 'realtime_y': -321.6, 'target_x': 481.78, 'target_y': 99.42, 'yaw_ins': 92.5, 'dis_ins': 421.6}
  [2026-06-22T19:39:14.466664] I: {'realtime_x': 503.64, 'realtime_y': -321.6, 'target_x': 481.78, 'target_y': 99.42, 'yaw_ins': 92.5, 'dis_ins': 421.6}
  [2026-06-22T19:39:14.488073] I: {'realtime_x': 503.64, 'realtime_y': -321.6, 'target_x': 481.78, 'target_y': 99.42, 'yaw_ins': 92.5, 'dis_ins': 421.6}
  [2026-06-22T19:39:14.894670] I: {'realtime_x': 503.64, 'realtime_y': -321.6, 'target_x': 481.78, 'target_y': 99.42, 'yaw_ins': 92.5, 'dis_ins': 421.6}
  [2026-06-22T19:39:14.896560] I: {'realtime_x': 503.64, 'realtime_y': -321.6, 'target_x': 481.78, 'target_y': 99.42, 'yaw_ins': 92.5, 'dis_ins': 421.6}
