acc_x,acc_y,acc_z,gyro_x,gyro_y,gyro_z,kf_roll,kf_pitch,Xk0,Xk1,Pk0,Pk1,Q0,R0
113,-479,-4062,-50,22,17,10.22,-0.503,0.115533,-0.007026,0.014778,0.003751,0.0,0.03
126,-448,-4066,-34,26,29,10.104,-0.66,0.113524,-0.009771,0.009901,0.003335,0.0,0.03
130,-332,-4257,-893,154,29,9.123,-2.038,0.096397,-0.033826,0.000753,0.000658,0.0,0.03
615,270,-5623,-1792,-104,16,4.178,-2.52,0.010086,-0.042231,0.000604,0.000544,0.0,0.03
-218,380,-2806,-738,-235,90,0.767,-2.017,-0.049448,-0.033461,0.000514,0.000471,0.0,0.03
16,-537,-3872,-89,49,124,0.4,-1.589,-0.055847,-0.025989,0.000441,0.000412,0.0,0.03
389,199,-4175,294,88,3,1.023,-2.183,-0.04498,-0.03635,0.000383,0.000362,0.0,0.03
22,-177,-4421,182,171,78,1.619,-2.342,-0.034569,-0.039123,0.000342,0.000326,0.0,0.03
380,-28,-4417,-193,32,66,1.707,-2.157,-0.033031,-0.035905,0.00031,0.000297,0.0,0.03
172,236,-4142,-223,-24,65,1.442,-2.015,-0.037664,-0.033431,0.000283,0.000274,0.0,0.03
96,-10,-4038,-78,-7,-24,1.306,-1.995,-0.040033,-0.033071,0.000264,0.000256,0.0,0.03
155,-51,-4049,-31,45,44,1.404,-2.043,-0.038323,-0.033906,0.000245,0.000238,0.0,0.03
177,-51,-4113,-48,7,129,1.559,-2.108,-0.035629,-0.035041,0.000229,0.000224,0.0,0.03
153,138,-4112,-70,-22,86,1.471,-2.106,-0.037154,-0.035011,0.000216,0.000212,0.0,0.03
126,46,-4095,-57,-8,70,1.354,-2.014,-0.039197,-0.033408,0.000203,0.0002,0.0,0.03
170,113,-4104,-75,28,72,1.247,-2.065,-0.041061,-0.034297,0.000193,0.000191,0.0,0.03
195,161,-4144,-73,-17,43,1.07,-2.101,-0.044155,-0.034922,0.000184,0.000182,0.0,0.03
127,179,-4097,-21,-13,0,0.972,-2.058,-0.045866,-0.034173,0.000177,0.000175,0.0,0.03
207,181,-4097,8,16,-25,0.965,-2.091,-0.045983,-0.034744,0.00017,0.000168,0.0,0.03
154,176,-4141,11,-14,-36,1.006,-2.125,-0.045273,-0.035345,0.000163,0.000162,0.0,0.03
116,112,-4101,25,-3,26,1.085,-2.07,-0.043889,-0.034391,0.000158,0.000157,0.0,0.03
180,222,-4122,-24,23,-14,1.072,-2.141,-0.044122,-0.035616,0.000152,0.000151,0.0,0.03
159,159,-4130,-13,-25,5,1.05,-2.143,-0.044499,-0.035663,0.000148,0.000147,0.0,0.03
130,205,-4090,1,10,14,1.012,-2.11,-0.045163,-0.035089,0.000144,0.000143,0.0,0.03
174,219,-4110,14,11,27,1.018,-2.158,-0.045061,-0.035925,0.00014,0.00014,0.0,0.03
185,174,-4163,6,-24,4,1.039,-2.124,-0.044704,-0.03532,0.000137,0.000136,0.0,0.03
103,176,-4097,-15,17,24,1.06,-2.132,-0.044338,-0.035473,0.000134,0.000133,0.0,0.03
232,187,-4146,-25,-2,16,1.019,-2.157,-0.045046,-0.035905,0.000131,0.00013,0.0,0.03
132,188,-4114,-19,-17,3,0.953,-2.137,-0.046205,-0.035557,0.000128,0.000128,0.0,0.03
168,195,-4090,-4,23,-10,0.926,-2.137,-0.046665,-0.035553,0.000126,0.000126,0.0,0.03
161,207,-4129,-15,2,12,0.897,-2.199,-0.047177,-0.036643,0.000124,0.000123,0.0,0.03
179,212,-4115,-8,-26,-12,0.865,-2.154,-0.047727,-0.035849,0.000122,0.000121,0.0,0.03
138,159,-4096,-3,12,-2,0.859,-2.154,-0.047833,-0.035843,0.00012,0.000119,0.0,0.03
163,195,-4133,-30,6,-11,0.831,-2.189,-0.048322,-0.036455,0.000118,0.000118,0.0,0.03
172,188,-4122,-40,-17,0,0.741,-2.16,-0.049905,-0.035953,0.000117,0.000116,0.0,0.03
146,186,-4092,-42,8,0,0.657,-2.157,-0.05137,-0.035906,0.000115,0.000115,0.0,0.03
173,225,-4114,-11,-6,-33,0.594,-2.173,-0.052458,-0.036174,0.000114,0.000113,0.0,0.03
151,206,-4111,-18,-1,-23,0.578,-2.173,-0.052745,-0.036178,0.000112,0.000112,0.0,0.03
154,209,-4121,-31,-4,11,0.501,-2.181,-0.054079,-0.036319,0.000111,0.000111,0.0,0.03
152,226,-4106,-24,-9,18,0.443,-2.153,-0.055108,-0.035837,0.00011,0.00011,0.0,0.03
160,256,-4110,-29,7,20,0.381,-2.156,-0.056184,-0.035879,0.000109,0.000109,0.0,0.03
177,282,-4112,-17,-10,9,0.306,-2.164,-0.057485,-0.036017,0.000108,0.000108,0.0,0.03
151,291,-4099,6,-6,-7,0.274,-2.15,-0.058047,-0.035786,0.000107,0.000107,0.0,0.03
148,284,-4099,22,6,-17,0.286,-2.158,-0.057837,-0.035918,0.000106,0.000106,0.0,0.03
164,254,-4114,27,-5,1,0.34,-2.17,-0.056902,-0.03612,0.000106,0.000106,0.0,0.03
146,228,-4110,16,-4,12,0.383,-2.16,-0.05615,-0.035957,0.000105,0.000105,0.0,0.03
157,228,-4112,17,2,15,0.419,-2.158,-0.055512,-0.035924,0.000104,0.000104,0.0,0.03
180,222,-4119,25,-3,5,0.469,-2.166,-0.054652,-0.036053,0.000104,0.000104,0.0,0.03
158,214,-4117,2,-1,-5,0.524,-2.16,-0.053687,-0.035957,0.000103,0.000103,0.0,0.03
167,226,-4120,6,-3,-8,0.5,-2.176,-0.054099,-0.03624,0.000103,0.000103,0.0,0.03
140,191,-4109,14,-1,5,0.583,-2.154,-0.052663,-0.035856,0.000102,0.000102,0.0,0.03
177,242,-4127,-8,2,0,0.589,-2.183,-0.052559,-0.03636,0.000102,0.000102,0.0,0.03
145,220,-4127,-1,-14,4,0.569,-2.169,-0.052894,-0.036104,0.000101,0.000101,0.0,0.03
185,212,-4102,20,7,-5,0.603,-2.169,-0.052315,-0.036119,0.000101,0.000101,0.0,0.03
146,230,-4122,-3,-2,-17,0.625,-2.193,-0.051919,-0.036534,0.0001,0.0001,0.0,0.03
182,206,-4120,-14,-10,-25,0.602,-2.183,-0.052323,-0.03636,0.0001,0.0001,0.0,0.03
124,157,-4100,9,-1,26,0.623,-2.177,-0.051955,-0.036257,0.0001,0.0001,0.0,0.03
171,237,-4117,-33,7,0,0.607,-2.196,-0.052241,-0.036574,9.9e-05,9.9e-05,0.0,0.03
167,195,-4123,-23,-20,4,0.519,-2.192,-0.053765,-0.036519,9.9e-05,9.9e-05,0.0,0.03
156,209,-4094,7,0,15,0.535,-2.168,-0.053502,-0.036091,9.9e-05,9.9e-05,0.0,0.03
136,213,-4127,-39,7,57,0.496,-2.193,-0.054167,-0.036525,9.9e-05,9.9e-05,0.0,0.03
194,249,-4125,-51,-21,-4,0.376,-2.166,-0.056273,-0.036056,9.8e-05,9.8e-05,0.0,0.03
158,244,-4098,-64,13,-30,0.229,-2.169,-0.058841,-0.036117,9.8e-05,9.8e-05,0.0,0.03
144,235,-4120,-86,3,-7,0.043,-2.196,-0.062074,-0.036588,9.8e-05,9.8e-05,0.0,0.03
173,243,-4124,-104,-16,8,-0.161,-2.181,-0.065649,-0.036326,9.8e-05,9.8e-05,0.0,0.03
134,263,-4094,-93,0,-4,-0.439,-2.164,-0.070492,-0.036032,9.7e-05,9.8e-05,0.0,0.03
169,267,-4104,-81,5,-12,-0.628,-2.183,-0.0738,-0.036353,9.7e-05,9.7e-05,0.0,0.03
155,287,-4116,-97,-5,-5,-0.834,-2.19,-0.077386,-0.036471,9.7e-05,9.7e-05,0.0,0.03
159,309,-4110,-114,-3,-23,-1.059,-2.178,-0.081323,-0.036263,9.7e-05,9.7e-05,0.0,0.03
196,338,-4090,-89,6,-99,-1.306,-2.216,-0.085633,-0.036933,9.7e-05,9.7e-05,0.0,0.03
183,321,-4078,-2,17,-204,-1.387,-2.294,-0.087035,-0.038286,9.7e-05,9.7e-05,0.0,0.03
153,269,-4089,39,38,-231,-1.259,-2.431,-0.084801,-0.040689,9.7e-05,9.7e-05,0.0,0.03
136,244,-4136,30,11,-134,-1.08,-2.515,-0.081682,-0.042148,9.6e-05,9.8e-05,0.0,0.03
157,316,-4142,-44,8,-84,-1.027,-2.528,-0.080754,-0.042377,9.6e-05,9.8e-05,0.0,0.03
161,310,-4136,-82,3,-73,-1.198,-2.563,-0.083749,-0.042988,9.6e-05,9.7e-05,0.0,0.03
144,312,-4084,-81,-1,-48,-1.342,-2.556,-0.086246,-0.042867,9.6e-05,9.7e-05,0.0,0.03
143,292,-4063,-51,16,-11,-1.499,-2.575,-0.089002,-0.043189,9.6e-05,9.7e-05,0.0,0.03
173,275,-4081,16,-2,2,-1.437,-2.573,-0.087913,-0.043157,9.6e-05,9.7e-05,0.0,0.03
172,393,-4202,2,14,-108,-1.366,-2.589,-0.086665,-0.043447,9.6e-05,9.7e-05,0.0,0.03
156,354,-4099,-76,13,-70,-1.546,-2.657,-0.089819,-0.044622,9.6e-05,9.7e-05,0.0,0.03
154,303,-3977,-34,-12,-33,-1.661,-2.638,-0.091817,-0.04429,9.6e-05,9.7e-05,0.0,0.03
180,317,-4062,42,8,-70,-1.584,-2.652,-0.090478,-0.044533,9.6e-05,9.7e-05,0.0,0.03
147,325,-4192,41,19,-126,-1.456,-2.712,-0.088251,-0.045592,9.6e-05,9.7e-05,0.0,0.03
170,350,-4183,-49,9,-70,-1.51,-2.758,-0.08919,-0.046388,9.6e-05,9.7e-05,0.0,0.03
222,332,-4123,7,-23,-81,-1.573,-2.761,-0.090285,-0.046437,9.6e-05,9.7e-05,0.0,0.03
113,442,-4138,-123,36,-174,-1.731,-2.83,-0.093043,-0.04765,9.5e-05,9.7e-05,0.0,0.03
206,340,-4105,-77,12,-207,-1.972,-2.888,-0.097248,-0.048665,9.5e-05,9.7e-05,0.0,0.03
192,310,-4189,23,21,-245,-1.902,-2.979,-0.096027,-0.050246,9.5e-05,9.7e-05,0.0,0.03
124,340,-4053,-16,27,-252,-1.829,-3.039,-0.094754,-0.0513,9.5e-05,9.8e-05,0.0,0.03
148,406,-4190,-27,33,-282,-1.835,-3.104,-0.094861,-0.052434,9.5e-05,9.8e-05,0.0,0.03
192,331,-4187,-64,14,-284,-1.859,-3.209,-0.095275,-0.054271,9.5e-05,9.9e-05,0.0,0.03
189,483,-4159,-118,-4,-416,-2.076,-3.281,-0.099066,-0.055523,9.5e-05,0.0001,0.0,0.03
38,321,-4050,-24,12,-375,-2.153,-3.382,-0.100403,-0.057278,9.5e-05,0.000101,0.0,0.03
122,371,-4141,-11,56,-403,-2.091,-3.516,-0.099327,-0.059622,9.5e-05,0.000101,0.0,0.03
17,211,-4072,-38,70,-295,-1.97,-3.673,-0.097216,-0.062362,9.5e-05,0.000102,0.0,0.03
168,432,-4046,-96,34,-247,-2.049,-3.793,-0.0986,-0.064457,9.5e-05,0.000102,0.0,0.03
94,425,-4117,-109,20,-254,-2.254,-3.835,-0.102178,-0.065194,9.5e-05,0.000102,0.0,0.03
46,342,-4065,-53,40,-215,-2.437,-3.885,-0.10537,-0.066062,9.5e-05,0.000102,0.0,0.03
177,415,-4152,-40,103,-218,-2.512,-4.062,-0.106676,-0.069147,9.5e-05,0.000102,0.0,0.03
258,452,-4222,-24,17,-414,-2.474,-4.124,-0.106019,-0.070231,9.5e-05,0.000103,0.0,0.03
32,418,-4111,-78,22,-417,-2.488,-4.154,-0.106255,-0.070748,9.5e-05,0.000104,0.0,0.03
28,405,-4068,-74,52,-381,-2.509,-4.208,-0.10662,-0.071702,9.5e-05,0.000104,0.0,0.03
10,396,-4058,-86,112,-301,-2.621,-4.501,-0.10857,-0.076805,9.5e-05,0.000105,0.0,0.03
114,402,-4031,-80,45,-306,-2.783,-4.722,-0.111405,-0.080678,9.5e-05,0.000105,0.0,0.03
77,425,-4186,-44,66,-284,-2.91,-4.803,-0.113624,-0.082084,9.5e-05,0.000105,0.0,0.03
100,428,-4218,-37,36,-298,-2.952,-4.952,-0.114352,-0.084685,9.5e-05,0.000106,0.0,0.03
116,427,-4082,-63,74,-262,-3.019,-5.108,-0.115529,-0.087415,9.5e-05,0.000106,0.0,0.03
233,461,-3882,-71,-24,-346,-3.179,-5.165,-0.118309,-0.088396,9.5e-05,0.000106,0.0,0.03
34,539,-4440,-97,51,-367,-3.308,-5.214,-0.120574,-0.08926,9.5e-05,0.000106,0.0,0.03
-223,406,-3779,-93,69,-326,-3.486,-5.245,-0.123681,-0.089804,9.5e-05,0.000107,0.0,0.03
217,512,-4455,-90,150,-316,-3.502,-5.478,-0.123958,-0.093862,9.5e-05,0.000107,0.0,0.03
8,386,-3867,-143,112,-326,-3.543,-5.625,-0.124661,-0.096433,9.5e-05,0.000107,0.0,0.03
50,616,-3849,-124,19,-358,-3.775,-5.723,-0.128717,-0.098142,9.5e-05,0.000108,0.0,0.03
36,418,-3860,-88,87,-349,-3.949,-5.829,-0.131746,-0.099993,9.5e-05,0.000108,0.0,0.03
48,562,-4085,-20,127,-320,-4.085,-6.058,-0.134133,-0.103992,9.5e-05,0.000108,0.0,0.03
216,622,-4724,-146,-33,-360,-4.113,-6.304,-0.134617,-0.108274,9.5e-05,0.000108,0.0,0.03
201,509,-4034,-137,-24,-413,-4.18,-6.483,-0.135793,-0.111404,9.5e-05,0.000109,0.0,0.03
-72,565,-3629,-49,49,-347,-4.441,-6.602,-0.14034,-0.113482,9.5e-05,0.000109,0.0,0.03
-189,462,-3390,9,74,-314,-4.637,-6.678,-0.143768,-0.114801,9.5e-05,0.000109,0.0,0.03
54,750,-4746,-101,80,-390,-4.667,-6.74,-0.144283,-0.115893,9.5e-05,0.00011,0.0,0.03
184,734,-4836,-163,106,-388,-4.805,-7.036,-0.146688,-0.121052,9.5e-05,0.00011,0.0,0.03
88,593,-4215,-126,169,-341,-4.962,-7.384,-0.14944,-0.127134,9.5e-05,0.00011,0.0,0.03
130,565,-3864,-47,80,-366,-5.101,-7.593,-0.151856,-0.130771,9.5e-05,0.00011,0.0,0.03
18,786,-4792,-196,34,-345,-5.238,-7.749,-0.154251,-0.133496,9.5e-05,0.00011,0.0,0.03
562,616,-4059,-143,-216,-459,-5.421,-7.915,-0.157442,-0.136406,9.5e-05,0.00011,0.0,0.03
-475,480,-3283,-295,-119,-254,-5.553,-8.309,-0.159743,-0.14327,9.5e-05,0.00011,0.0,0.03
528,874,-4418,-547,-599,-310,-5.937,-8.262,-0.166457,-0.14245,9.5e-05,0.000111,0.0,0.03
-661,3376,-1983,450,344,283,-7.974,-8.485,-0.202011,-0.146338,9.5e-05,0.00011,0.0,0.03
462,3650,-3976,794,-214,724,-5.722,-7.465,-0.162694,-0.128541,9.5e-05,0.000111,0.0,0.03
-208,2445,-2618,917,-61,668,-4.721,-6.763,-0.145231,-0.116292,9.5e-05,0.000113,0.0,0.03
1226,2350,-3698,966,138,519,-3.466,-6.645,-0.123327,-0.114226,9.5e-05,0.000114,0.0,0.03
334,1958,-4177,345,222,14,-2.25,-5.984,-0.102098,-0.102698,9.5e-05,0.000115,0.0,0.03
-267,2758,-2957,-750,83,-177,-3.001,-5.724,-0.115207,-0.098161,9.5e-05,0.000116,0.0,0.03
-1252,1660,-3235,167,0,207,-4.617,-4.826,-0.143417,-0.082482,9.5e-05,0.000115,0.0,0.03
735,60,-4512,132,215,-14,-4.727,-5.421,-0.145337,-0.092872,9.5e-05,0.000113,0.0,0.03
502,568,-4277,3,26,-103,-4.386,-5.531,-0.13939,-0.094785,9.5e-05,0.000112,0.0,0.03
-229,758,-3922,98,18,-30,-4.091,-5.54,-0.134234,-0.09495,9.5e-05,0.000111,0.0,0.03
207,512,-4101,-23,-20,33,-4.11,-5.305,-0.134563,-0.090847,9.5e-05,0.00011,0.0,0.03
274,531,-4047,-13,-29,-33,-4.128,-5.13,-0.134876,-0.087785,9.5e-05,0.000109,0.0,0.03
97,571,-4069,4,-30,-1,-4.149,-4.958,-0.135247,-0.084792,9.5e-05,0.000108,0.0,0.03
110,582,-4062,38,46,16,-4.121,-4.881,-0.134755,-0.08345,9.5e-05,0.000107,0.0,0.03
210,546,-4117,51,13,0,-4.017,-4.885,-0.132939,-0.083506,9.5e-05,0.000107,0.0,0.03
151,534,-4106,34,-26,13,-3.87,-4.725,-0.130372,-0.080725,9.5e-05,0.000106,0.0,0.03
160,521,-4068,49,10,5,-3.784,-4.604,-0.12888,-0.078606,9.5e-05,0.000105,0.0,0.03
141,573,-4036,102,20,-23,-3.576,-4.595,-0.12524,-0.078457,9.5e-05,0.000104,0.0,0.03
170,523,-4064,123,-7,39,-3.333,-4.528,-0.121008,-0.077279,9.5e-05,0.000104,0.0,0.03
133,572,-4063,190,-44,44,-3.005,-4.324,-0.115275,-0.073729,9.5e-05,0.000103,0.0,0.03
200,468,-4047,258,-1,61,-2.46,-4.163,-0.105762,-0.070908,9.5e-05,0.000103,0.0,0.03
90,580,-3996,417,57,41,-1.655,-4.122,-0.091724,-0.070204,9.5e-05,0.000102,0.0,0.03
194,361,-4132,401,-97,245,-0.558,-4.037,-0.072577,-0.068719,9.5e-05,0.000102,0.0,0.03
170,326,-4079,291,-57,208,0.218,-3.74,-0.059024,-0.063535,9.5e-05,0.000102,0.0,0.03
162,281,-4122,148,-29,131,0.753,-3.581,-0.049684,-0.060756,9.5e-05,0.000102,0.0,0.03
164,128,-4330,-246,-68,111,0.411,-3.399,-0.055658,-0.057572,9.5e-05,0.000102,0.0,0.03
175,169,-4123,-218,15,39,-0.232,-3.356,-0.066883,-0.056824,9.5e-05,0.000101,0.0,0.03
202,210,-4064,15,-4,121,-0.347,-3.231,-0.068894,-0.054639,9.5e-05,0.000101,0.0,0.03
2,223,-4117,-10,11,67,-0.3,-3.178,-0.068065,-0.053713,9.5e-05,0.000101,0.0,0.03
240,151,-4124,-82,-22,-44,-0.348,-3.089,-0.068913,-0.052171,9.5e-05,0.0001,0.0,0.03
136,297,-4082,-128,54,-264,-0.705,-3.192,-0.075137,-0.053969,9.5e-05,0.0001,0.0,0.03
222,40,-4153,-17,20,-328,-0.681,-3.224,-0.074725,-0.054527,9.5e-05,0.000101,0.0,0.03
176,-89,-4105,212,0,37,4.851,-0.71,0.021828,-0.010653,0.014778,0.003756,0.0,0.03
169,-99,-4110,221,-3,32,4.929,-0.903,0.023202,-0.014019,0.009901,0.003339,0.0,0.03
174,-114,-4117,-634,43,-26,5.628,-2.244,0.035394,-0.037414,0.000753,0.000657,0.0,0.03
299,940,-4582,-1550,51,11,1.697,-2.301,-0.033212,-0.038407,0.000604,0.000542,0.0,0.03
208,-54,-3914,-1100,-25,-86,-1.004,-2.356,-0.080361,-0.039377,0.000506,0.000462,0.0,0.03
252,-438,-3927,-333,24,-166,-1.07,-2.469,-0.081511,-0.041351,0.000435,0.000406,0.0,0.03
234,312,-4057,227,-9,-106,-0.212,-2.626,-0.066532,-0.044091,0.000383,0.000363,0.0,0.03
149,356,-4083,-2,35,-118,-0.082,-2.672,-0.064256,-0.044883,0.000342,0.000328,0.0,0.03
191,816,-4034,19,-12,-174,-0.535,-2.769,-0.072178,-0.046579,0.00031,0.000301,0.0,0.03
163,386,-4169,-245,14,-153,-1.069,-2.857,-0.081484,-0.04812,0.000286,0.00028,0.0,0.03
169,528,-4022,-102,-8,-153,-1.921,-2.862,-0.096359,-0.048212,0.000262,0.000259,0.0,0.03
197,401,-4080,-6,7,-135,-2.025,-2.929,-0.098172,-0.049375,0.000243,0.000243,0.0,0.03
148,564,-4029,180,21,-84,-1.822,-2.946,-0.094637,-0.049667,0.000229,0.000229,0.0,0.03
150,504,-4098,200,-10,-25,-1.405,-2.923,-0.087353,-0.049262,0.000216,0.000216,0.0,0.03
188,469,-4115,70,-2,20,-1.239,-2.86,-0.084454,-0.048179,0.000204,0.000204,0.0,0.03
169,512,-4082,103,-9,28,-1.158,-2.826,-0.083041,-0.047572,0.000194,0.000194,0.0,0.03
166,421,-4083,90,-8,45,-0.978,-2.76,-0.079901,-0.046433,0.000184,0.000184,0.0,0.03
198,403,-4104,88,1,14,-0.831,-2.759,-0.077339,-0.046403,0.000176,0.000176,0.0,0.03
164,346,-4110,71,3,-21,-0.67,-2.745,-0.074522,-0.046166,0.000169,0.000169,0.0,0.03
208,328,-4117,24,9,-48,-0.581,-2.765,-0.07297,-0.046506,0.000164,0.000164,0.0,0.03
181,324,-4106,-18,10,-108,-0.588,-2.811,-0.073096,-0.047321,0.000158,0.000158,0.0,0.03
174,296,-4114,-37,7,-104,-0.656,-2.845,-0.074279,-0.04791,0.000153,0.000154,0.0,0.03
175,263,-4104,-39,0,-37,-0.733,-2.859,-0.075617,-0.048161,0.000148,0.000149,0.0,0.03
157,284,-4108,-34,-4,30,-0.776,-2.824,-0.076377,-0.047547,0.000144,0.000145,0.0,0.03
192,336,-4115,-69,-5,12,-0.909,-2.791,-0.078696,-0.046959,0.00014,0.000141,0.0,0.03
193,335,-4105,-83,-3,-14,-1.11,-2.783,-0.082199,-0.046826,0.000137,0.000137,0.0,0.03
165,322,-4104,-61,-5,-6,-1.279,-2.773,-0.085153,-0.046658,0.000134,0.000134,0.0,0.03
181,346,-4083,-26,-3,20,-1.364,-2.734,-0.086644,-0.045977,0.000131,0.000131,0.0,0.03
185,348,-4089,19,3,0,-1.363,-2.72,-0.086623,-0.045725,0.000128,0.000129,0.0,0.03
182,390,-4121,11,-8,-8,-1.308,-2.707,-0.085666,-0.045506,0.000126,0.000126,0.0,0.03
193,449,-4081,-1,4,-85,-1.336,-2.717,-0.086141,-0.045678,0.000124,0.000124,0.0,0.03
162,474,-4077,15,7,-72,-1.362,-2.751,-0.086606,-0.046261,0.000122,0.000122,0.0,0.03
166,499,-4087,24,3,-64,-1.375,-2.763,-0.08683,-0.046471,0.00012,0.00012,0.0,0.03
177,514,-4074,37,9,-74,-1.382,-2.785,-0.086949,-0.046867,0.000118,0.000119,0.0,0.03
162,449,-4077,69,7,-19,-1.324,-2.797,-0.085946,-0.047075,0.000117,0.000117,0.0,0.03
148,463,-4062,149,-3,28,-1.106,-2.776,-0.08213,-0.046701,0.000115,0.000116,0.0,0.03
171,414,-4084,239,-4,76,-0.679,-2.735,-0.074681,-0.045991,0.000114,0.000114,0.0,0.03
179,397,-4066,323,-9,104,-0.084,-2.697,-0.064296,-0.045329,0.000112,0.000113,0.0,0.03
153,322,-4091,367,-9,144,0.734,-2.649,-0.050027,-0.044489,0.000111,0.000112,0.0,0.03
180,266,-4145,203,-4,158,1.366,-2.613,-0.038988,-0.043863,0.00011,0.000111,0.0,0.03
193,307,-4208,6,-10,90,1.554,-2.593,-0.035715,-0.043511,0.000109,0.00011,0.0,0.03
141,139,-4133,-71,2,122,1.387,-2.559,-0.038633,-0.04292,0.000108,0.000109,0.0,0.03
240,220,-4181,-124,0,38,1.092,-2.579,-0.043766,-0.043267,0.000107,0.000109,0.0,0.03
214,226,-4160,-111,-10,-15,0.71,-2.587,-0.05044,-0.043408,0.000106,0.000108,0.0,0.03
177,103,-4031,27,-6,21,0.64,-2.58,-0.05167,-0.043293,0.000106,0.000107,0.0,0.03
153,87,-4020,112,20,38,0.826,-2.578,-0.048422,-0.043245,0.000105,0.000106,0.0,0.03
189,109,-4126,126,-15,35,1.169,-2.596,-0.042431,-0.043563,0.000104,0.000105,0.0,0.03
196,170,-4165,36,8,-6,1.363,-2.6,-0.039044,-0.043632,0.000104,0.000105,0.0,0.03
176,130,-4095,-28,1,-16,1.348,-2.631,-0.039311,-0.04418,0.000103,0.000104,0.0,0.03
186,121,-4160,-38,3,-21,1.275,-2.625,-0.040578,-0.044073,0.000103,0.000103,0.0,0.03
183,82,-4076,-11,0,41,1.222,-2.634,-0.041499,-0.044229,0.000102,0.000103,0.0,0.03
198,117,-4104,44,-23,-43,1.343,-2.615,-0.0394,-0.043899,0.000102,0.000102,0.0,0.03
172,80,-4113,3,1,44,1.379,-2.595,-0.038762,-0.043551,0.000101,0.000102,0.0,0.03
192,186,-4193,-84,-27,42,1.191,-2.568,-0.04205,-0.04307,0.000101,0.000101,0.0,0.03
166,-27,-4085,-3,-8,109,1.162,-2.506,-0.042552,-0.041992,0.0001,0.000101,0.0,0.03
155,23,-4075,129,-4,93,1.444,-2.497,-0.037632,-0.041828,0.0001,0.000101,0.0,0.03
184,77,-4133,74,-6,105,1.769,-2.459,-0.031953,-0.04117,0.0001,0.000101,0.0,0.03
185,137,-4144,-54,-4,108,1.771,-2.447,-0.031924,-0.040958,9.9e-05,0.0001,0.0,0.03
167,63,-4153,-138,-22,172,1.525,-2.392,-0.036214,-0.040005,9.9e-05,0.0001,0.0,0.03
148,58,-4097,-100,-8,223,1.242,-2.343,-0.041161,-0.039155,9.9e-05,0.0001,0.0,0.03
174,93,-4119,-49,-24,203,1.111,-2.293,-0.04344,-0.038267,9.9e-05,0.0001,0.0,0.03
215,167,-4105,-41,-5,123,1.014,-2.256,-0.045134,-0.037628,9.8e-05,0.0001,0.0,0.03
220,196,-4120,-53,-3,2,0.887,-2.278,-0.047353,-0.038006,9.8e-05,0.0001,0.0,0.03
162,175,-4116,-80,1,-12,0.729,-2.289,-0.050107,-0.038198,9.8e-05,0.0001,0.0,0.03
176,186,-4112,-91,-3,12,0.532,-2.288,-0.053552,-0.03818,9.8e-05,9.9e-05,0.0,0.03
152,197,-4104,-70,2,25,0.363,-2.286,-0.056491,-0.038151,9.7e-05,9.9e-05,0.0,0.03
192,229,-4123,-95,-3,21,0.169,-2.286,-0.059879,-0.03815,9.7e-05,9.9e-05,0.0,0.03
186,256,-4119,-143,2,2,-0.123,-2.295,-0.064981,-0.038303,9.7e-05,9.9e-05,0.0,0.03
181,271,-4119,-163,-7,-35,-0.52,-2.308,-0.071913,-0.038537,9.7e-05,9.8e-05,0.0,0.03
168,213,-4092,-105,6,-13,-0.778,-2.316,-0.076416,-0.038682,9.7e-05,9.8e-05,0.0,0.03
166,246,-4113,-82,-6,50,-0.938,-2.309,-0.079204,-0.038551,9.7e-05,9.8e-05,0.0,0.03
187,338,-4105,-102,7,23,-1.153,-2.288,-0.082958,-0.038184,9.7e-05,9.8e-05,0.0,0.03
199,337,-4112,-109,-3,-32,-1.406,-2.309,-0.087379,-0.038556,9.6e-05,9.8e-05,0.0,0.03
213,356,-4096,-77,14,-100,-1.608,-2.355,-0.090895,-0.039353,9.6e-05,9.7e-05,0.0,0.03
195,361,-4097,-31,20,-224,-1.696,-2.468,-0.092438,-0.041332,9.6e-05,9.8e-05,0.0,0.03
181,320,-4065,109,45,-254,-1.558,-2.596,-0.090029,-0.043564,9.6e-05,9.8e-05,0.0,0.03
156,335,-4130,59,35,-138,-1.322,-2.747,-0.0859,-0.046193,9.6e-05,9.8e-05,0.0,0.03
122,303,-4109,-36,-12,28,-1.311,-2.717,-0.085721,-0.045677,9.6e-05,9.8e-05,0.0,0.03
206,324,-4068,-46,14,51,-1.43,-2.696,-0.087781,-0.045306,9.6e-05,9.8e-05,0.0,0.03
237,323,-4119,8,-16,0,-1.442,-2.706,-0.087991,-0.045487,9.6e-05,9.8e-05,0.0,0.03
181,343,-4060,28,19,-69,-1.374,-2.727,-0.086805,-0.045841,9.6e-05,9.8e-05,0.0,0.03
261,364,-4065,20,0,-183,-1.264,-2.784,-0.084898,-0.046844,9.6e-05,9.7e-05,0.0,0.03
192,312,-4181,-5,11,-196,-1.214,-2.851,-0.084016,-0.048012,9.6e-05,9.8e-05,0.0,0.03
155,305,-4063,-46,-3,-140,-1.24,-2.895,-0.084478,-0.048777,9.6e-05,9.8e-05,0.0,0.03
193,289,-4118,-55,12,-148,-1.3,-2.912,-0.085526,-0.049085,9.6e-05,9.8e-05,0.0,0.03
192,402,-4208,-139,5,-221,-1.586,-3.024,-0.090508,-0.051038,9.5e-05,9.8e-05,0.0,0.03
192,401,-4026,-40,4,-276,-1.79,-3.11,-0.094079,-0.052526,9.5e-05,9.8e-05,0.0,0.03
182,344,-4037,56,34,-242,-1.687,-3.224,-0.092283,-0.05453,9.5e-05,9.9e-05,0.0,0.03
158,564,-4174,80,12,-219,-1.51,-3.295,-0.08919,-0.055755,9.5e-05,9.9e-05,0.0,0.03
203,728,-4059,52,42,-234,-1.479,-3.388,-0.088653,-0.057381,9.5e-05,9.9e-05,0.0,0.03
163,629,-4039,58,15,-235,-1.414,-3.466,-0.087505,-0.058753,9.5e-05,0.0001,0.0,0.03
131,683,-4042,12,26,-137,-1.455,-3.508,-0.088225,-0.059473,9.5e-05,0.0001,0.0,0.03
143,631,-4087,31,-9,5,-1.547,-3.484,-0.089826,-0.059068,9.5e-05,9.9e-05,0.0,0.03
131,513,-4079,84,-6,68,-1.475,-3.399,-0.088583,-0.057579,9.5e-05,9.9e-05,0.0,0.03
192,457,-4082,127,0,35,-1.286,-3.366,-0.085283,-0.057008,9.5e-05,9.9e-05,0.0,0.03
200,345,-4107,122,-2,15,-0.964,-3.347,-0.079654,-0.056679,9.5e-05,9.9e-05,0.0,0.03
178,313,-4112,102,-1,-9,-0.702,-3.312,-0.075084,-0.05606,9.5e-05,9.8e-05,0.0,0.03
215,332,-4126,68,13,-114,-0.501,-3.335,-0.071569,-0.056462,9.5e-05,9.8e-05,0.0,0.03
202,272,-4103,44,7,-143,-0.37,-3.368,-0.069286,-0.057038,9.5e-05,9.8e-05,0.0,0.03
155,214,-4097,69,10,-74,-0.194,-3.389,-0.066219,-0.057411,9.5e-05,9.8e-05,0.0,0.03
146,199,-4108,104,-7,30,0.054,-3.357,-0.061889,-0.056848,9.5e-05,9.8e-05,0.0,0.03
175,212,-4106,134,-8,87,0.36,-3.296,-0.056546,-0.055775,9.5e-05,9.8e-05,0.0,0.03
179,249,-4126,85,-12,101,0.622,-3.241,-0.051983,-0.05482,9.5e-05,9.8e-05,0.0,0.03
190,266,-4127,28,-8,61,0.71,-3.191,-0.050439,-0.053942,9.5e-05,9.8e-05,0.0,0.03
178,222,-4121,-5,-6,53,0.696,-3.155,-0.05069,-0.053314,9.5e-05,9.7e-05,0.0,0.03
164,205,-4116,-18,-9,93,0.664,-3.105,-0.051237,-0.052454,9.5e-05,9.7e-05,0.0,0.03
187,223,-4114,-14,-8,86,0.608,-3.045,-0.052216,-0.051394,9.5e-05,9.7e-05,0.0,0.03
189,285,-4106,-3,0,-16,0.584,-3.028,-0.05264,-0.051105,9.5e-05,9.7e-05,0.0,0.03
229,257,-4108,-7,6,-90,0.549,-3.039,-0.053253,-0.051288,9.5e-05,9.7e-05,0.0,0.03
179,191,-4110,9,1,-56,0.55,-3.059,-0.053229,-0.051639,9.5e-05,9.7e-05,0.0,0.03
130,182,-4111,11,-3,6,0.604,-3.036,-0.052288,-0.051249,9.5e-05,9.7e-05,0.0,0.03
190,202,-4120,-20,-8,78,0.588,-2.991,-0.052573,-0.050455,9.5e-05,9.7e-05,0.0,0.03
175,187,-4112,-1,-13,102,0.56,-2.946,-0.053059,-0.049671,9.5e-05,9.7e-05,0.0,0.03
167,188,-4152,-45,-11,115,0.516,-2.884,-0.053824,-0.048588,9.5e-05,9.7e-05,0.0,0.03
320,216,-4084,-61,9,71,0.376,-2.859,-0.056267,-0.048155,9.5e-05,9.7e-05,0.0,0.03
207,270,-4118,-86,20,-202,0.215,-2.994,-0.059078,-0.050515,9.5e-05,9.7e-05,0.0,0.03
230,256,-4128,-136,37,-381,-0.029,-3.104,-0.063332,-0.052423,9.5e-05,9.7e-05,0.0,0.03
162,292,-4118,-155,32,-426,-0.334,-3.283,-0.068659,-0.055561,9.5e-05,9.9e-05,0.0,0.03
213,386,-4060,-100,53,-488,-0.595,-3.426,-0.073213,-0.058058,9.5e-05,0.0001,0.0,0.03
240,379,-4066,-27,57,-504,-0.704,-3.682,-0.075127,-0.062515,9.5e-05,0.000101,0.0,0.03
157,514,-4100,41,32,-594,-0.663,-3.871,-0.074407,-0.065811,9.5e-05,0.000102,0.0,0.03
110,494,-4081,20,78,-570,-0.586,-4.038,-0.073067,-0.068738,9.5e-05,0.000104,0.0,0.03
177,484,-4107,23,54,-518,-0.554,-4.359,-0.072509,-0.074338,9.5e-05,0.000105,0.0,0.03
84,396,-4089,49,5,-372,-0.434,-4.445,-0.070407,-0.075834,9.5e-05,0.000106,0.0,0.03
173,361,-4074,40,22,-220,-0.33,-4.459,-0.068584,-0.076077,9.5e-05,0.000106,0.0,0.03
89,255,-4137,49,-14,-26,-0.219,-4.401,-0.06666,-0.075069,9.5e-05,0.000105,0.0,0.03
227,241,-4078,80,-16,102,-0.075,-4.244,-0.064139,-0.07232,9.5e-05,0.000105,0.0,0.03
232,288,-4098,70,0,71,0.114,-4.229,-0.060843,-0.072073,9.5e-05,0.000104,0.0,0.03
125,267,-4137,72,-20,37,0.269,-4.101,-0.058143,-0.069835,9.5e-05,0.000104,0.0,0.03
238,246,-4102,23,12,15,0.397,-4.062,-0.055905,-0.069143,9.5e-05,0.000103,0.0,0.03
198,298,-4140,-10,-14,-27,0.364,-4.023,-0.056481,-0.068469,9.5e-05,0.000103,0.0,0.03
152,231,-4092,-1,9,-31,0.36,-3.955,-0.056553,-0.067288,9.5e-05,0.000102,0.0,0.03
212,242,-4119,-22,-2,-6,0.346,-3.936,-0.056796,-0.066952,9.5e-05,0.000102,0.0,0.03
144,234,-4117,-57,-4,34,0.247,-3.868,-0.058514,-0.06576,9.5e-05,0.000101,0.0,0.03
187,241,-4127,-78,-12,41,0.068,-3.799,-0.061652,-0.064552,9.5e-05,0.000101,0.0,0.03
196,269,-4106,-91,-1,18,-0.124,-3.758,-0.064994,-0.063844,9.5e-05,0.0001,0.0,0.03
172,283,-4124,-115,-6,0,-0.383,-3.717,-0.069517,-0.063123,9.5e-05,0.0001,0.0,0.03
199,289,-4095,-108,6,-25,-0.673,-3.679,-0.074577,-0.062467,9.5e-05,0.0001,0.0,0.03
184,321,-4117,-142,0,-32,-0.973,-3.673,-0.079808,-0.062358,9.5e-05,9.9e-05,0.0,0.03
168,324,-4107,-159,2,-15,-1.339,-3.635,-0.086205,-0.061692,9.5e-05,9.9e-05,0.0,0.03
195,320,-4088,-76,2,2,-1.628,-3.611,-0.091246,-0.061277,9.5e-05,9.9e-05,0.0,0.03
161,290,-4058,59,9,47,-1.555,-3.575,-0.089969,-0.060657,9.5e-05,9.9e-05,0.0,0.03
188,460,-4082,108,0,51,-1.362,-3.55,-0.086599,-0.060212,9.5e-05,9.8e-05,0.0,0.03
167,375,-4110,46,-7,167,-1.152,-3.482,-0.082938,-0.05902,9.5e-05,9.8e-05,0.0,0.03
157,426,-4152,1,-42,329,-1.184,-3.343,-0.083505,-0.056609,9.5e-05,9.9e-05,0.0,0.03
180,529,-4060,-36,-42,354,-1.313,-3.144,-0.085742,-0.053121,9.5e-05,9.9e-05,0.0,0.03
253,545,-4078,-22,-37,242,-1.521,-2.988,-0.089383,-0.050404,9.5e-05,0.0001,0.0,0.03
217,540,-4043,53,-18,98,-1.582,-2.895,-0.090449,-0.048788,9.5e-05,0.0001,0.0,0.03
178,539,-4063,123,3,29,-1.429,-2.881,-0.087772,-0.048539,9.5e-05,0.0001,0.0,0.03
216,513,-4101,141,-4,-15,-1.206,-2.871,-0.083889,-0.048366,9.5e-05,9.9e-05,0.0,0.03
179,454,-4066,181,10,-48,-0.85,-2.891,-0.077673,-0.048704,9.5e-05,9.9e-05,0.0,0.03
225,390,-4107,165,8,-97,-0.455,-2.924,-0.070777,-0.049282,9.5e-05,9.9e-05,0.0,0.03
185,244,-4124,127,-3,-91,-0.118,-2.957,-0.064887,-0.049869,9.5e-05,9.9e-05,0.0,0.03
159,217,-4111,124,3,-49,0.195,-2.944,-0.059428,-0.049644,9.5e-05,9.8e-05,0.0,0.03
199,190,-4110,165,0,-41,0.546,-2.955,-0.053299,-0.049825,9.5e-05,9.8e-05,0.0,0.03
159,140,-4111,157,-12,34,1.009,-2.924,-0.045227,-0.049286,9.5e-05,9.8e-05,0.0,0.03
138,140,-4126,99,-12,169,1.287,-2.87,-0.040377,-0.048338,9.5e-05,9.8e-05,0.0,0.03
149,154,-4160,0,-23,296,1.373,-2.773,-0.038861,-0.046654,9.5e-05,9.8e-05,0.0,0.03
169,167,-4133,-92,-24,358,1.235,-2.687,-0.04127,-0.045153,9.5e-05,9.9e-05,0.0,0.03
195,187,-4103,-114,-21,321,0.903,-2.577,-0.04708,-0.043233,9.5e-05,0.0001,0.0,0.03
203,159,-4066,-54,-25,272,0.711,-2.511,-0.050419,-0.042076,9.5e-05,0.0001,0.0,0.03
205,190,-4078,29,-8,196,0.721,-2.443,-0.050248,-0.040898,9.5e-05,0.0001,0.0,0.03
214,204,-4132,49,-15,99,0.808,-2.425,-0.048723,-0.040581,9.5e-05,0.0001,0.0,0.03
176,153,-4112,48,-5,77,0.933,-2.399,-0.046544,-0.040126,9.5e-05,0.0001,0.0,0.03
188,159,-4100,17,-2,53,1.019,-2.395,-0.045049,-0.040054,9.5e-05,0.0001,0.0,0.03
188,218,-4135,-53,-2,-9,0.923,-2.396,-0.046714,-0.040071,9.5e-05,9.9e-05,0.0,0.03
178,165,-4140,-107,-10,13,0.724,-2.387,-0.050204,-0.039909,9.5e-05,9.9e-05,0.0,0.03
192,167,-4105,-60,1,-9,0.527,-2.384,-0.053634,-0.039871,9.5e-05,9.9e-05,0.0,0.03
165,162,-4086,42,-2,-20,0.545,-2.39,-0.053313,-0.039972,9.5e-05,9.9e-05,0.0,0.03
185,112,-4082,111,8,-2,0.817,-2.398,-0.048577,-0.040104,9.5e-05,9.8e-05,0.0,0.03
178,196,-4140,33,-1,4,1.004,-2.416,-0.045313,-0.040428,9.5e-05,9.8e-05,0.0,0.03
176,199,-4147,-55,-7,19,0.946,-2.394,-0.046326,-0.040034,9.5e-05,9.8e-05,0.0,0.03
196,178,-4101,-37,-2,-11,0.834,-2.405,-0.048273,-0.040231,9.5e-05,9.8e-05,0.0,0.03
165,140,-4112,7,-5,31,0.845,-2.393,-0.048088,-0.040012,9.5e-05,9.8e-05,0.0,0.03
172,160,-4111,15,1,65,0.888,-2.383,-0.047338,-0.039848,9.5e-05,9.7e-05,0.0,0.03
174,154,-4115,15,-4,80,0.937,-2.377,-0.046476,-0.039733,9.5e-05,9.7e-05,0.0,0.03
182,166,-4117,4,-4,64,0.955,-2.367,-0.046165,-0.039561,9.5e-05,9.7e-05,0.0,0.03
203,175,-4105,26,1,-15,0.994,-2.382,-0.045491,-0.039825,9.5e-05,9.7e-05,0.0,0.03
210,192,-4117,25,6,-108,1.074,-2.422,-0.044088,-0.040526,9.5e-05,9.7e-05,0.0,0.03
201,198,-4138,-36,6,-163,1.063,-2.46,-0.044281,-0.041189,9.5e-05,9.7e-05,0.0,0.03
172,158,-4121,-62,6,-162,0.953,-2.502,-0.046195,-0.04193,9.5e-05,9.7e-05,0.0,0.03
158,145,-4120,-67,7,-106,0.819,-2.525,-0.048545,-0.042317,9.5e-05,9.7e-05,0.0,0.03
174,142,-4102,-33,1,-88,0.746,-2.547,-0.049812,-0.042714,9.5e-05,9.7e-05,0.0,0.03
176,160,-4117,-25,1,-52,0.722,-2.566,-0.050228,-0.043035,9.5e-05,9.7e-05,0.0,0.03
177,188,-4125,-50,-2,-10,0.63,-2.567,-0.051831,-0.043049,9.5e-05,9.7e-05,0.0,0.03
171,181,-4107,-27,-5,2,0.542,-2.56,-0.053367,-0.042931,9.5e-05,9.7e-05,0.0,0.03
174,194,-4112,-7,-5,16,0.541,-2.548,-0.053396,-0.042722,9.5e-05,9.7e-05,0.0,0.03
178,256,-4135,-57,-5,31,0.433,-2.535,-0.055277,-0.042492,9.5e-05,9.7e-05,0.0,0.03
185,247,-4121,-104,-1,15,0.219,-2.524,-0.059008,-0.042308,9.5e-05,9.6e-05,0.0,0.03
191,264,-4127,-144,0,-23,-0.087,-2.534,-0.06435,-0.042479,9.5e-05,9.6e-05,0.0,0.03
176,256,-4109,-148,0,-27,-0.451,-2.535,-0.070701,-0.042493,9.5e-05,9.6e-05,0.0,0.03
179,266,-4103,-131,0,-16,-0.759,-2.534,-0.07608,-0.042486,9.5e-05,9.6e-05,0.0,0.03
178,293,-4107,-124,-5,-7,-1.018,-2.529,-0.080593,-0.042399,9.5e-05,9.6e-05,0.0,0.03
176,298,-4092,-82,-2,-1,-1.287,-2.524,-0.085288,-0.042314,9.5e-05,9.6e-05,0.0,0.03
198,307,-4094,-14,-1,-13,-1.353,-2.529,-0.08645,-0.042397,9.5e-05,9.6e-05,0.0,0.03
178,277,-4074,97,5,-59,-1.146,-2.552,-0.082839,-0.042802,9.5e-05,9.6e-05,0.0,0.03
166,337,-4144,41,5,-41,-0.958,-2.573,-0.079548,-0.043162,9.5e-05,9.6e-05,0.0,0.03
181,316,-4152,-54,-8,34,-1.004,-2.568,-0.080352,-0.043076,9.5e-05,9.6e-05,0.0,0.03
159,324,-4108,-109,-6,56,-1.213,-2.534,-0.083996,-0.042487,9.5e-05,9.6e-05,0.0,0.03
208,330,-4053,-69,-7,-22,-1.461,-2.528,-0.088335,-0.042381,9.5e-05,9.6e-05,0.0,0.03
204,303,-4071,20,14,-54,-1.457,-2.554,-0.088261,-0.042822,9.5e-05,9.6e-05,0.0,0.03
186,374,-4096,20,16,-76,-1.384,-2.624,-0.086987,-0.044056,9.5e-05,9.6e-05,0.0,0.03
195,331,-4080,2,5,-47,-1.311,-2.646,-0.085721,-0.044445,9.5e-05,9.6e-05,0.0,0.03
162,286,-4104,-4,-2,28,-1.274,-2.659,-0.085074,-0.044662,9.5e-05,9.6e-05,0.0,0.03
194,411,-4075,-111,-1,-8,-1.424,-2.652,-0.087684,-0.044546,9.5e-05,9.6e-05,0.0,0.03
230,455,-4154,-104,1,-120,-1.789,-2.696,-0.094064,-0.045308,9.5e-05,9.6e-05,0.0,0.03
213,413,-4078,59,11,-139,-1.764,-2.787,-0.093612,-0.046892,9.5e-05,9.6e-05,0.0,0.03
112,470,-3962,119,-3,33,-1.537,-2.775,-0.089665,-0.046692,9.5e-05,9.6e-05,0.0,0.03
175,620,-4132,86,-12,73,-1.406,-2.726,-0.087377,-0.045828,9.5e-05,9.6e-05,0.0,0.03
235,713,-4113,48,3,-20,-1.407,-2.722,-0.087385,-0.045766,9.5e-05,9.6e-05,0.0,0.03
170,591,-4071,39,2,-52,-1.423,-2.757,-0.087669,-0.046374,9.5e-05,9.6e-05,0.0,0.03
173,496,-4065,66,-3,-25,-1.388,-2.751,-0.08706,-0.046275,9.5e-05,9.6e-05,0.0,0.03
174,397,-4063,107,10,-34,-1.189,-2.765,-0.08358,-0.046519,9.5e-05,9.6e-05,0.0,0.03
193,352,-4109,111,-4,-55,-0.901,-2.778,-0.078561,-0.046746,9.5e-05,9.6e-05,0.0,0.03
177,261,-4110,116,9,-9,-0.609,-2.789,-0.073466,-0.046926,9.5e-05,9.6e-05,0.0,0.03
169,222,-4140,77,-7,54,-0.404,-2.769,-0.069889,-0.046578,9.5e-05,9.5e-05,0.0,0.03
171,211,-4114,61,-14,121,-0.22,-2.7,-0.066663,-0.045371,9.5e-05,9.6e-05,0.0,0.03
192,258,-4115,47,-13,126,-0.105,-2.652,-0.064657,-0.044546,9.5e-05,9.6e-05,0.0,0.03
185,274,-4117,38,-10,77,-0.029,-2.613,-0.063344,-0.043856,9.5e-05,9.6e-05,0.0,0.03
192,249,-4113,27,-9,65,0.043,-2.591,-0.062078,-0.043477,9.5e-05,9.6e-05,0.0,0.03
169,231,-4117,18,-12,93,0.099,-2.554,-0.0611,-0.042823,9.5e-05,9.6e-05,0.0,0.03
181,234,-4113,24,-13,101,0.144,-2.501,-0.060327,-0.041907,9.5e-05,9.6e-05,0.0,0.03
187,248,-4104,42,-6,76,0.21,-2.476,-0.059167,-0.041464,9.5e-05,9.6e-05,0.0,0.03
189,241,-4107,60,-7,38,0.34,-2.467,-0.05689,-0.04131,9.5e-05,9.6e-05,0.0,0.03
181,229,-4105,63,2,17,0.501,-2.461,-0.054085,-0.041201,9.5e-05,9.6e-05,0.0,0.03
170,205,-4134,23,-10,54,0.592,-2.453,-0.052492,-0.04107,9.5e-05,9.6e-05,0.0,0.03
169,205,-4112,-5,-10,95,0.593,-2.414,-0.052486,-0.040395,9.5e-05,9.6e-05,0.0,0.03
180,207,-4108,7,-10,92,0.597,-2.394,-0.052418,-0.04003,9.5e-05,9.6e-05,0.0,0.03
177,208,-4113,0,-8,102,0.609,-2.358,-0.052195,-0.039404,9.5e-05,9.6e-05,0.0,0.03
212,223,-4105,15,-6,38,0.604,-2.353,-0.052283,-0.039324,9.5e-05,9.6e-05,0.0,0.03
203,233,-4108,46,0,-70,0.673,-2.369,-0.051089,-0.039595,9.5e-05,9.6e-05,0.0,0.03
202,219,-4119,45,6,-146,0.781,-2.412,-0.049201,-0.040344,9.5e-05,9.6e-05,0.0,0.03
165,167,-4101,59,3,-107,0.933,-2.457,-0.046556,-0.041133,9.5e-05,9.6e-05,0.0,0.03
160,169,-4119,58,1,-44,1.088,-2.47,-0.043834,-0.041372,9.5e-05,9.6e-05,0.0,0.03
163,165,-4130,9,2,23,1.184,-2.473,-0.042169,-0.041412,9.5e-05,9.6e-05,0.0,0.03
186,194,-4136,-53,-4,60,1.118,-2.462,-0.043325,-0.041229,9.5e-05,9.6e-05,0.0,0.03
199,248,-4133,-132,-7,18,0.894,-2.458,-0.04723,-0.041154,9.5e-05,9.6e-05,0.0,0.03
186,199,-4084,-124,1,-43,0.559,-2.461,-0.053074,-0.041207,9.5e-05,9.6e-05,0.0,0.03
206,215,-4121,-84,8,-78,0.304,-2.501,-0.057521,-0.041907,9.5e-05,9.6e-05,0.0,0.03
185,203,-4104,-58,-1,-117,0.173,-2.534,-0.059807,-0.042489,9.5e-05,9.6e-05,0.0,0.03
163,192,-4118,-45,6,-52,0.09,-2.563,-0.061258,-0.042991,9.5e-05,9.6e-05,0.0,0.03
166,178,-4097,2,-2,10,0.069,-2.558,-0.061623,-0.042904,9.5e-05,9.6e-05,0.0,0.03
161,177,-4103,35,-5,67,0.144,-2.544,-0.060326,-0.042654,9.5e-05,9.6e-05,0.0,0.03
193,205,-4096,71,-7,88,0.311,-2.5,-0.057401,-0.041893,9.5e-05,9.6e-05,0.0,0.03
201,251,-4126,77,-1,17,0.509,-2.498,-0.05395,-0.041857,9.5e-05,9.6e-05,0.0,0.03
205,245,-4123,46,-3,-35,0.629,-2.505,-0.051855,-0.041968,9.5e-05,9.6e-05,0.0,0.03
184,182,-4121,25,2,-31,0.72,-2.522,-0.05026,-0.042276,9.5e-05,9.6e-05,0.0,0.03
170,177,-4120,19,-4,-7,0.781,-2.52,-0.049201,-0.04224,9.5e-05,9.6e-05,0.0,0.03
168,169,-4112,22,0,24,0.841,-2.51,-0.048151,-0.042069,9.5e-05,9.5e-05,0.0,0.03
184,176,-4113,20,-2,29,0.896,-2.506,-0.047188,-0.041993,9.5e-05,9.5e-05,0.0,0.03
185,198,-4120,4,-3,12,0.926,-2.5,-0.046677,-0.041892,9.5e-05,9.5e-05,0.0,0.03
189,182,-4118,-2,-3,14,0.928,-2.495,-0.046628,-0.041802,9.5e-05,9.5e-05,0.0,0.03
173,181,-4119,-12,-3,19,0.915,-2.493,-0.046854,-0.041773,9.5e-05,9.5e-05,0.0,0.03
182,178,-4122,-18,-5,28,0.887,-2.481,-0.047356,-0.041561,9.5e-05,9.5e-05,0.0,0.03
177,185,-4116,-24,-3,37,0.831,-2.472,-0.048329,-0.041404,9.5e-05,9.5e-05,0.0,0.03
180,195,-4116,-28,-5,34,0.763,-2.462,-0.04951,-0.041226,9.5e-05,9.5e-05,0.0,0.03
193,195,-4111,-25,-2,17,0.701,-2.46,-0.050603,-0.041181,9.5e-05,9.5e-05,0.0,0.03
190,200,-4108,-18,-3,-1,0.653,-2.461,-0.051437,-0.041211,9.5e-05,9.5e-05,0.0,0.03
182,201,-4117,-14,-1,-13,0.625,-2.468,-0.051922,-0.041331,9.5e-05,9.5e-05,0.0,0.03
180,202,-4118,-28,-2,0,0.583,-2.469,-0.052661,-0.041352,9.5e-05,9.5e-05,0.0,0.03
180,212,-4115,-36,-1,0,0.499,-2.468,-0.054127,-0.041337,9.5e-05,9.5e-05,0.0,0.03
183,204,-4107,-13,1,-2,0.447,-2.472,-0.055026,-0.041398,9.5e-05,9.5e-05,0.0,0.03
181,224,-4108,-9,1,-5,0.433,-2.478,-0.055281,-0.041506,9.5e-05,9.5e-05,0.0,0.03
186,238,-4118,-27,-2,-25,0.395,-2.484,-0.05593,-0.041602,9.5e-05,9.5e-05,0.0,0.03
189,233,-4128,-49,-2,-32,0.303,-2.5,-0.057551,-0.041894,9.5e-05,9.5e-05,0.0,0.03
171,228,-4117,-75,0,-11,0.137,-2.507,-0.060433,-0.042004,9.5e-05,9.5e-05,0.0,0.03
176,236,-4113,-89,-3,10,-0.032,-2.502,-0.063383,-0.04192,9.5e-05,9.5e-05,0.0,0.03
185,260,-4115,-103,-5,8,-0.286,-2.499,-0.067829,-0.041868,9.5e-05,9.5e-05,0.0,0.03
185,277,-4105,-92,-3,-16,-0.543,-2.501,-0.072302,-0.04191,9.5e-05,9.5e-05,0.0,0.03
185,267,-4095,-50,1,0,-0.659,-2.508,-0.074331,-0.042026,9.5e-05,9.5e-05,0.0,0.03
190,296,-4099,-26,-4,-16,-0.741,-2.512,-0.075763,-0.042098,9.5e-05,9.5e-05,0.0,0.03
190,342,-4120,-65,11,-64,-0.845,-2.543,-0.077571,-0.042638,9.5e-05,9.5e-05,0.0,0.03
185,333,-4113,-103,0,-68,-1.04,-2.567,-0.080986,-0.043053,9.5e-05,9.5e-05,0.0,0.03
178,369,-4069,-43,4,-44,-1.245,-2.584,-0.084559,-0.04336,9.5e-05,9.5e-05,0.0,0.03
159,390,-4081,22,-3,2,-1.264,-2.592,-0.084891,-0.043486,9.5e-05,9.5e-05,0.0,0.03
181,418,-4084,52,-4,45,-1.189,-2.569,-0.083586,-0.043087,9.5e-05,9.5e-05,0.0,0.03
172,444,-4092,51,-9,55,-1.109,-2.548,-0.082188,-0.042721,9.5e-05,9.5e-05,0.0,0.03
201,446,-4080,72,-8,20,-1.016,-2.522,-0.080567,-0.042266,9.5e-05,9.5e-05,0.0,0.03
177,406,-4083,128,2,-3,-0.799,-2.533,-0.076778,-0.04246,9.5e-05,9.5e-05,0.0,0.03
178,341,-4111,137,-1,-15,-0.484,-2.526,-0.071282,-0.042346,9.5e-05,9.5e-05,0.0,0.03
196,236,-4124,111,3,-3,-0.199,-2.541,-0.066309,-0.042601,9.5e-05,9.5e-05,0.0,0.03
145,207,-4108,117,-4,38,0.085,-2.53,-0.061344,-0.042407,9.5e-05,9.5e-05,0.0,0.03
204,193,-4096,165,-11,21,0.437,-2.504,-0.055205,-0.041955,9.5e-05,9.5e-05,0.0,0.03
213,210,-4102,162,0,0,0.809,-2.514,-0.048718,-0.042139,9.5e-05,9.5e-05,0.0,0.03
165,176,-4125,108,-6,25,1.155,-2.512,-0.042674,-0.042089,9.5e-05,9.5e-05,0.0,0.03
161,166,-4149,17,-10,102,1.277,-2.477,-0.040547,-0.041495,9.5e-05,9.5e-05,0.0,0.03
166,128,-4124,-16,-9,162,1.246,-2.445,-0.041091,-0.040931,9.5e-05,9.5e-05,0.0,0.03
148,119,-4131,-33,-15,246,1.176,-2.38,-0.042315,-0.039802,9.5e-05,9.6e-05,0.0,0.03
192,139,-4094,2,-16,231,1.152,-2.328,-0.042731,-0.038885,9.5e-05,9.6e-05,0.0,0.03
197,154,-4109,7,-10,214,1.154,-2.291,-0.042686,-0.038239,9.5e-05,9.6e-05,0.0,0.03
178,162,-4131,-9,-15,191,1.143,-2.251,-0.04288,-0.037541,9.5e-05,9.7e-05,0.0,0.03
169,165,-4142,-56,-15,202,1.047,-2.201,-0.04456,-0.036677,9.5e-05,9.7e-05,0.0,0.03
193,173,-4110,-78,-10,170,0.859,-2.171,-0.047844,-0.036153,9.5e-05,9.7e-05,0.0,0.03
205,170,-4096,-26,-11,102,0.72,-2.151,-0.050273,-0.03579,9.5e-05,9.7e-05,0.0,0.03
192,158,-4099,39,-4,49,0.767,-2.137,-0.04945,-0.035557,9.5e-05,9.7e-05,0.0,0.03
210,176,-4100,79,-3,-42,0.923,-2.162,-0.046724,-0.035982,9.5e-05,9.7e-05,0.0,0.03
205,182,-4122,51,0,-114,1.102,-2.195,-0.043598,-0.036562,9.5e-05,9.7e-05,0.0,0.03
178,155,-4133,13,-1,-89,1.161,-2.225,-0.042569,-0.037085,9.5e-05,9.7e-05,0.0,0.03
159,142,-4121,-33,5,-56,1.163,-2.236,-0.042537,-0.037272,9.5e-05,9.7e-05,0.0,0.03
179,169,-4141,-97,-2,-35,1.006,-2.252,-0.04527,-0.037566,9.5e-05,9.7e-05,0.0,0.03
179,154,-4115,-105,1,-20,0.755,-2.264,-0.049662,-0.037763,9.5e-05,9.7e-05,0.0,0.03
177,163,-4105,-60,-2,-34,0.569,-2.28,-0.052893,-0.038046,9.5e-05,9.7e-05,0.0,0.03
198,142,-4070,39,4,-67,0.595,-2.305,-0.052439,-0.038483,9.5e-05,9.6e-05,0.0,0.03
172,160,-4120,34,0,-40,0.727,-2.339,-0.050139,-0.039071,9.5e-05,9.6e-05,0.0,0.03
158,152,-4128,-14,-3,21,0.77,-2.331,-0.049401,-0.038931,9.5e-05,9.6e-05,0.0,0.03
187,168,-4116,-25,-2,9,0.717,-2.329,-0.050313,-0.038902,9.5e-05,9.6e-05,0.0,0.03
185,174,-4115,-23,0,-20,0.685,-2.34,-0.050883,-0.039103,9.5e-05,9.6e-05,0.0,0.03
175,185,-4135,-61,-5,-7,0.601,-2.349,-0.052335,-0.039252,9.5e-05,9.6e-05,0.0,0.03
183,189,-4118,-72,-1,0,0.439,-2.352,-0.055172,-0.039306,9.5e-05,9.6e-05,0.0,0.03
177,203,-4118,-87,0,2,0.275,-2.355,-0.058039,-0.039363,9.5e-05,9.6e-05,0.0,0.03
180,231,-4133,-128,-2,0,0.055,-2.355,-0.061875,-0.039358,9.5e-05,9.6e-05,0.0,0.03
182,247,-4119,-180,0,-8,-0.356,-2.358,-0.069046,-0.03941,9.5e-05,9.6e-05,0.0,0.03
192,237,-4095,-148,-3,-20,-0.727,-2.367,-0.075516,-0.03956,9.5e-05,9.6e-05,0.0,0.03
173,269,-4102,-119,-4,-12,-1.021,-2.377,-0.080659,-0.039733,9.5e-05,9.6e-05,0.0,0.03
175,276,-4085,-78,-2,0,-1.208,-2.371,-0.08392,-0.039645,9.5e-05,9.6e-05,0.0,0.03
193,278,-4087,39,-6,24,-1.212,-2.365,-0.083982,-0.039526,9.5e-05,9.6e-05,0.0,0.03
192,351,-4105,36,21,-81,-1.086,-2.413,-0.081785,-0.040375,9.5e-05,9.5e-05,0.0,0.03
181,270,-4158,-17,-4,-11,-1.04,-2.443,-0.080987,-0.040901,9.5e-05,9.5e-05,0.0,0.03
177,299,-4088,-65,0,42,-1.119,-2.429,-0.082361,-0.04065,9.5e-05,9.5e-05,0.0,0.03
141,269,-4107,-50,-18,91,-1.29,-2.419,-0.085342,-0.040474,9.5e-05,9.5e-05,0.0,0.03
255,378,-4045,12,-9,15,-1.275,-2.36,-0.085087,-0.039451,9.5e-05,9.5e-05,0.0,0.03
215,393,-4158,-41,15,-142,-1.32,-2.446,-0.085865,-0.040944,9.5e-05,9.5e-05,0.0,0.03
188,357,-4082,-90,11,-249,-1.516,-2.519,-0.089288,-0.042225,9.5e-05,9.6e-05,0.0,0.03
183,334,-4058,-38,42,-297,-1.643,-2.677,-0.091501,-0.044969,9.5e-05,9.6e-05,0.0,0.03
167,373,-4091,43,6,-206,-1.572,-2.777,-0.090274,-0.046725,9.5e-05,9.7e-05,0.0,0.03
130,447,-4004,93,12,-127,-1.405,-2.815,-0.087361,-0.047382,9.5e-05,9.7e-05,0.0,0.03
208,590,-4108,127,3,-111,-1.132,-2.856,-0.082592,-0.048093,9.5e-05,9.7e-05,0.0,0.03
140,636,-4048,45,4,-6,-1.043,-2.853,-0.081043,-0.048046,9.5e-05,9.7e-05,0.0,0.03
147,688,-4116,6,-10,9,-1.145,-2.834,-0.082809,-0.047722,9.5e-05,9.7e-05,0.0,0.03
170,558,-4045,129,-13,27,-1.09,-2.775,-0.081851,-0.04668,9.5e-05,9.7e-05,0.0,0.03
173,460,-4041,248,3,68,-0.666,-2.755,-0.074457,-0.046337,9.5e-05,9.7e-05,0.0,0.03
191,396,-4085,320,0,25,-0.088,-2.757,-0.06437,-0.04637,9.5e-05,9.7e-05,0.0,0.03
181,206,-4113,260,4,50,0.719,-2.738,-0.050285,-0.046045,9.5e-05,9.6e-05,0.0,0.03
186,220,-4140,189,-8,130,1.27,-2.719,-0.040669,-0.045708,9.5e-05,9.6e-05,0.0,0.03
134,191,-4184,-47,-7,146,1.432,-2.7,-0.037846,-0.045383,9.5e-05,9.6e-05,0.0,0.03
196,246,-4128,-144,-2,88,1.111,-2.655,-0.043436,-0.0446,9.5e-05,9.7e-05,0.0,0.03
239,244,-4138,-115,-3,-27,0.762,-2.687,-0.049536,-0.045154,9.5e-05,9.6e-05,0.0,0.03
176,118,-4125,15,-13,2,0.697,-2.678,-0.050659,-0.044988,9.5e-05,9.6e-05,0.0,0.03
180,130,-4066,69,-1,49,0.823,-2.663,-0.048472,-0.044737,9.5e-05,9.6e-05,0.0,0.03
140,124,-4070,40,-23,141,0.993,-2.594,-0.045495,-0.043535,9.5e-05,9.6e-05,0.0,0.03
181,199,-4120,18,-5,102,1.055,-2.558,-0.044413,-0.042902,9.5e-05,9.6e-05,0.0,0.03
189,150,-4136,19,-1,65,1.114,-2.527,-0.043381,-0.042363,9.5e-05,9.6e-05,0.0,0.03
207,144,-4130,17,12,-13,1.197,-2.579,-0.041948,-0.043273,9.5e-05,9.6e-05,0.0,0.03
176,91,-4093,15,0,22,1.243,-2.558,-0.041131,-0.042896,9.5e-05,9.6e-05,0.0,0.03
198,174,-4112,13,15,-28,1.272,-2.621,-0.040626,-0.044005,9.5e-05,9.6e-05,0.0,0.03
216,145,-4178,-50,2,-101,1.237,-2.628,-0.041245,-0.044125,9.5e-05,9.6e-05,0.0,0.03
228,76,-4019,26,19,-309,1.203,-2.693,-0.041844,-0.045257,9.5e-05,9.6e-05,0.0,0.03
171,-10,-4114,25,2,-185,1.363,-2.743,-0.039035,-0.046123,9.5e-05,9.7e-05,0.0,0.03
165,15,-4183,-35,18,-152,1.497,-2.767,-0.036708,-0.046546,9.5e-05,9.7e-05,0.0,0.03
156,-21,-4157,-96,-23,-32,1.371,-2.749,-0.038899,-0.046226,9.5e-05,9.7e-05,0.0,0.03
162,3,-4102,-100,9,50,1.24,-2.723,-0.041192,-0.045772,9.5e-05,9.7e-05,0.0,0.03
179,37,-4133,-95,-12,74,1.078,-2.706,-0.044023,-0.045479,9.5e-05,9.7e-05,0.0,0.03
178,111,-4119,-126,2,66,0.837,-2.669,-0.048218,-0.044833,9.5e-05,9.7e-05,0.0,0.03
192,185,-4142,-188,-11,55,0.499,-2.661,-0.05412,-0.044692,9.5e-05,9.7e-05,0.0,0.03
166,243,-4129,-251,-2,49,-0.011,-2.641,-0.063018,-0.04434,9.5e-05,9.7e-05,0.0,0.03
212,295,-4116,-281,-12,35,-0.688,-2.622,-0.07484,-0.04402,9.5e-05,9.6e-05,0.0,0.03
187,288,-4066,-191,0,-22,-1.32,-2.613,-0.08587,-0.04386,9.5e-05,9.6e-05,0.0,0.03
166,251,-4105,-64,15,-8,-1.56,-2.631,-0.090053,-0.044168,9.5e-05,9.6e-05,0.0,0.03
222,330,-4085,16,1,-27,-1.542,-2.655,-0.089742,-0.044593,9.5e-05,9.6e-05,0.0,0.03
171,322,-4095,56,15,-80,-1.375,-2.713,-0.086838,-0.045611,9.5e-05,9.6e-05,0.0,0.03
200,306,-4116,69,-8,-37,-1.196,-2.726,-0.083708,-0.045826,9.5e-05,9.6e-05,0.0,0.03
235,393,-4115,10,13,-182,-1.093,-2.776,-0.081916,-0.046701,9.5e-05,9.6e-05,0.0,0.03
175,361,-4068,-93,14,-330,-1.245,-2.878,-0.084561,-0.048485,9.5e-05,9.7e-05,0.0,0.03
162,323,-4129,-108,27,-299,-1.492,-3.008,-0.088876,-0.050752,9.5e-05,9.8e-05,0.0,0.03
168,286,-4082,6,25,-260,-1.561,-3.118,-0.090069,-0.052681,9.5e-05,9.8e-05,0.0,0.03
156,332,-4134,11,27,-182,-1.481,-3.214,-0.088688,-0.054349,9.5e-05,9.8e-05,0.0,0.03
177,332,-4081,-31,15,-162,-1.476,-3.258,-0.088587,-0.055109,9.5e-05,9.8e-05,0.0,0.03
169,345,-4127,-64,34,-139,-1.56,-3.328,-0.090064,-0.056339,9.5e-05,9.8e-05,0.0,0.03
164,352,-4078,-79,14,-102,-1.697,-3.38,-0.092442,-0.057244,9.5e-05,9.8e-05,0.0,0.03
159,334,-4052,1,2,1,-1.795,-3.37,-0.094159,-0.057076,9.5e-05,9.8e-05,0.0,0.03
228,488,-4033,54,-6,6,-1.728,-3.361,-0.092999,-0.05691,9.5e-05,9.8e-05,0.0,0.03
121,487,-4082,78,-48,210,-1.659,-3.233,-0.091789,-0.054683,9.5e-05,9.8e-05,0.0,0.03
206,866,-4049,126,-18,124,-1.523,-3.088,-0.089415,-0.052142,9.5e-05,9.8e-05,0.0,0.03
234,966,-3952,132,20,-5,-1.481,-3.112,-0.088684,-0.052576,9.5e-05,9.8e-05,0.0,0.03
167,796,-4060,111,-14,-30,-1.402,-3.102,-0.087306,-0.052393,9.5e-05,9.8e-05,0.0,0.03
159,685,-4028,230,7,-10,-1.141,-3.073,-0.082741,-0.051882,9.5e-05,9.7e-05,0.0,0.03
207,612,-4078,379,0,-47,-0.502,-3.089,-0.071601,-0.052169,9.5e-05,9.7e-05,0.0,0.03
171,444,-4031,503,-2,10,0.414,-3.078,-0.0556,-0.051969,9.5e-05,9.7e-05,0.0,0.03
170,280,-4158,271,16,43,1.492,-3.07,-0.036785,-0.05184,9.5e-05,9.7e-05,0.0,0.03
165,454,-4104,26,-13,120,1.746,-3.065,-0.03235,-0.051751,9.5e-05,9.7e-05,0.0,0.03
246,241,-4131,-188,-16,36,1.348,-3.037,-0.039299,-0.051261,9.5e-05,9.7e-05,0.0,0.03
113,95,-4184,-96,-26,114,1.04,-2.966,-0.044678,-0.050018,9.5e-05,9.7e-05,0.0,0.03
196,81,-4131,-30,1,104,0.982,-2.862,-0.045688,-0.048207,9.5e-05,9.7e-05,0.0,0.03
162,147,-4073,32,-6,116,1.025,-2.846,-0.044934,-0.047928,9.5e-05,9.7e-05,0.0,0.03
158,122,-4089,78,-4,141,1.187,-2.774,-0.042112,-0.046667,9.5e-05,9.7e-05,0.0,0.03
192,161,-4137,44,35,54,1.389,-2.797,-0.038593,-0.047065,9.5e-05,9.7e-05,0.0,0.03
78,-9,-4173,24,-13,180,1.465,-2.776,-0.037267,-0.046713,9.5e-05,9.7e-05,0.0,0.03
186,-105,-4053,-45,-2,369,1.531,-2.687,-0.036115,-0.04516,9.5e-05,9.8e-05,0.0,0.03
171,32,-4093,-29,-84,259,1.455,-2.572,-0.037434,-0.043136,9.5e-05,9.9e-05,0.0,0.03
238,-51,-4109,43,-50,288,1.496,-2.43,-0.036719,-0.040669,9.5e-05,9.9e-05,0.0,0.03
183,-181,-4105,-19,-5,252,1.687,-2.421,-0.033394,-0.040505,9.5e-05,0.0001,0.0,0.03
176,-157,-4149,-101,-15,53,1.619,-2.363,-0.034575,-0.039489,9.5e-05,0.0001,0.0,0.03
243,-165,-4151,-108,2,36,1.427,-2.384,-0.037929,-0.039858,9.5e-05,9.9e-05,0.0,0.03
120,-118,-4132,-83,-1,94,1.358,-2.386,-0.039132,-0.0399,9.5e-05,9.9e-05,0.0,0.03
163,68,-4176,-246,-3,95,1.003,-2.362,-0.045335,-0.039481,9.5e-05,9.9e-05,0.0,0.03
191,89,-4113,-302,-12,95,0.357,-2.341,-0.056595,-0.039112,9.5e-05,9.9e-05,0.0,0.03
180,207,-4102,-329,-10,96,-0.369,-2.32,-0.069274,-0.03875,9.5e-05,9.9e-05,0.0,0.03
217,324,-4093,-297,-9,-7,-1.145,-2.303,-0.082814,-0.038448,9.5e-05,9.8e-05,0.0,0.03
183,243,-4074,-141,-9,-32,-1.565,-2.313,-0.090154,-0.038629,9.5e-05,9.8e-05,0.0,0.03
227,306,-4042,-29,13,-69,-1.688,-2.36,-0.092298,-0.039442,9.5e-05,9.8e-05,0.0,0.03
150,292,-4145,54,28,-133,-1.578,-2.437,-0.090377,-0.040784,9.5e-05,9.8e-05,0.0,0.03
173,293,-4138,23,13,37,-1.46,-2.491,-0.088318,-0.041725,9.5e-05,9.8e-05,0.0,0.03
214,420,-4057,-41,6,51,-1.522,-2.481,-0.089388,-0.04156,9.5e-05,9.8e-05,0.0,0.03
187,355,-4064,-49,-5,-131,-1.697,-2.536,-0.092451,-0.042522,9.5e-05,9.8e-05,0.0,0.03
234,285,-4053,53,1,-187,-1.639,-2.587,-0.091439,-0.043411,9.5e-05,9.8e-05,0.0,0.03
153,319,-4208,79,16,-227,-1.372,-2.671,-0.086784,-0.04487,9.5e-05,9.8e-05,0.0,0.03
164,364,-4219,-19,23,-206,-1.292,-2.754,-0.085385,-0.046318,9.5e-05,9.8e-05,0.0,0.03
176,347,-4092,-100,31,-171,-1.448,-2.854,-0.088105,-0.048075,9.5e-05,9.8e-05,0.0,0.03
190,317,-4157,-61,-3,-120,-1.678,-2.904,-0.092122,-0.048941,9.5e-05,9.8e-05,0.0,0.03
213,442,-4100,-54,19,-204,-1.779,-2.972,-0.093883,-0.050126,9.5e-05,9.8e-05,0.0,0.03
192,448,-4086,-36,14,-290,-1.901,-3.067,-0.096009,-0.051781,9.5e-05,9.9e-05,0.0,0.03
216,835,-3881,134,53,-399,-1.804,-3.256,-0.094317,-0.055088,9.5e-05,0.0001,0.0,0.03
99,644,-4126,105,55,-362,-1.662,-3.431,-0.091844,-0.058135,9.5e-05,0.0001,0.0,0.03
229,790,-4081,113,44,-366,-1.508,-3.641,-0.089153,-0.061806,9.5e-05,0.000101,0.0,0.03
136,739,-4015,93,31,-311,-1.399,-3.761,-0.08725,-0.063898,9.5e-05,0.000102,0.0,0.03
73,502,-4045,107,16,-114,-1.231,-3.808,-0.084315,-0.064709,9.5e-05,0.000102,0.0,0.03
184,468,-4101,75,0,28,-1.087,-3.772,-0.081797,-0.064086,9.5e-05,0.000101,0.0,0.03
162,388,-4122,76,-5,34,-0.952,-3.712,-0.079452,-0.063048,9.5e-05,0.000101,0.0,0.03
203,317,-4133,38,3,21,-0.808,-3.654,-0.076933,-0.062025,9.5e-05,0.0001,0.0,0.03
209,309,-4082,97,-3,-26,-0.63,-3.641,-0.073819,-0.061796,9.5e-05,0.0001,0.0,0.03
176,218,-4093,105,7,-15,-0.32,-3.616,-0.068409,-0.061365,9.5e-05,0.0001,0.0,0.03
179,219,-4119,92,-3,6,-0.075,-3.593,-0.064145,-0.060964,9.5e-05,9.9e-05,0.0,0.03
192,212,-4123,61,-2,19,0.136,-3.55,-0.060456,-0.060218,9.5e-05,9.9e-05,0.0,0.03
180,255,-4133,18,-7,5,0.229,-3.514,-0.058829,-0.059581,9.5e-05,9.9e-05,0.0,0.03
201,325,-4098,31,-7,11,0.238,-3.463,-0.058671,-0.058692,9.5e-05,9.9e-05,0.0,0.03
171,344,-4072,121,-3,51,0.407,-3.432,-0.055726,-0.058154,9.5e-05,9.8e-05,0.0,0.03
150,355,-4102,145,-13,92,0.701,-3.361,-0.050595,-0.056916,9.5e-05,9.8e-05,0.0,0.03
199,338,-4109,102,-6,109,0.923,-3.304,-0.046719,-0.055923,9.5e-05,9.8e-05,0.0,0.03
225,308,-4155,-20,-4,-11,0.947,-3.298,-0.046309,-0.055819,9.5e-05,9.8e-05,0.0,0.03
182,154,-4121,-58,-4,70,0.858,-3.254,-0.047856,-0.055051,9.5e-05,9.8e-05,0.0,0.03
174,232,-4145,-111,9,68,0.692,-3.235,-0.050748,-0.054721,9.5e-05,9.8e-05,0.0,0.03
188,223,-4102,-96,-17,10,0.385,-3.173,-0.056119,-0.053638,9.5e-05,9.8e-05,0.0,0.03
221,215,-4093,-39,13,-63,0.226,-3.2,-0.058891,-0.054102,9.5e-05,9.7e-05,0.0,0.03
170,145,-4098,3,-11,-23,0.212,-3.181,-0.059132,-0.053767,9.5e-05,9.7e-05,0.0,0.03
114,88,-4105,68,-3,87,0.354,-3.14,-0.056645,-0.053054,9.5e-05,9.7e-05,0.0,0.03
196,103,-4121,118,-27,230,0.631,-3.037,-0.051816,-0.051255,9.5e-05,9.7e-05,0.0,0.03
149,157,-4133,56,-9,302,0.89,-2.953,-0.047302,-0.049796,9.5e-05,9.8e-05,0.0,0.03
194,176,-4141,-24,-26,281,0.887,-2.855,-0.047345,-0.048077,9.5e-05,9.8e-05,0.0,0.03
209,136,-4102,-24,-12,217,0.799,-2.785,-0.048895,-0.046854,9.5e-05,9.9e-05,0.0,0.03
219,165,-4093,30,-2,122,0.804,-2.747,-0.048802,-0.046198,9.5e-05,9.9e-05,0.0,0.03
172,164,-4119,52,-2,43,0.927,-2.736,-0.046645,-0.046003,9.5e-05,9.9e-05,0.0,0.03
227,150,-4122,36,-1,0,1.037,-2.737,-0.044734,-0.046027,9.5e-05,9.8e-05,0.0,0.03
173,131,-4115,30,2,-12,1.127,-2.755,-0.043162,-0.046346,9.5e-05,9.8e-05,0.0,0.03
221,183,-4090,63,6,-56,1.246,-2.776,-0.04109,-0.046706,9.5e-05,9.8e-05,0.0,0.03
178,197,-4098,114,10,-119,1.451,-2.819,-0.037512,-0.047457,9.5e-05,9.8e-05,0.0,0.03
168,198,-4118,106,-2,-66,1.719,-2.83,-0.032828,-0.047644,9.5e-05,9.8e-05,0.0,0.03
187,189,-4106,108,10,10,1.962,-2.836,-0.028595,-0.047754,9.5e-05,9.8e-05,0.0,0.03
165,177,-4111,154,-4,38,2.254,-2.837,-0.023501,-0.047772,9.5e-05,9.7e-05,0.0,0.03
296,152,-4105,209,31,-53,2.668,-2.877,-0.016263,-0.048464,9.5e-05,9.7e-05,0.0,0.03
143,121,-4164,163,-4,-153,3.141,-2.932,-0.008017,-0.049422,9.5e-05,9.7e-05,0.0,0.03
266,20,-4180,39,10,-215,3.331,-2.938,-0.004703,-0.049535,9.5e-05,9.8e-05,0.0,0.03
185,-150,-4181,-91,7,-64,3.216,-2.947,-0.00671,-0.049692,9.5e-05,9.8e-05,0.0,0.03
241,-73,-4104,-28,5,-149,3.116,-2.994,-0.008442,-0.05051,9.5e-05,9.8e-05,0.0,0.03
152,-86,-4054,58,-7,-128,3.256,-2.944,-0.006007,-0.049646,9.5e-05,9.8e-05,0.0,0.03
234,-49,-4121,-23,11,-100,3.367,-2.976,-0.004074,-0.050197,9.5e-05,9.8e-05,0.0,0.03
216,9,-4164,-108,3,-166,3.2,-2.997,-0.006981,-0.050568,9.5e-05,9.8e-05,0.0,0.03
145,-64,-4108,-21,-14,-109,3.086,-2.953,-0.00897,-0.049791,9.5e-05,9.8e-05,0.0,0.03
237,33,-4102,-16,14,-94,3.109,-2.971,-0.008572,-0.050112,9.5e-05,9.8e-05,0.0,0.03
187,10,-4142,-53,-1,-69,3.005,-2.98,-0.010393,-0.050267,9.5e-05,9.7e-05,0.0,0.03
141,34,-4095,-9,-11,-30,2.94,-2.954,-0.011516,-0.049817,9.5e-05,9.7e-05,0.0,0.03
249,71,-4109,-1,8,-17,2.974,-2.954,-0.010918,-0.049803,9.5e-05,9.7e-05,0.0,0.03
171,28,-4138,-36,-4,-3,2.917,-2.96,-0.011914,-0.049919,9.5e-05,9.7e-05,0.0,0.03
192,27,-4119,-54,-5,-11,2.825,-2.94,-0.013532,-0.049568,9.5e-05,9.7e-05,0.0,0.03
224,68,-4124,-81,-5,-40,2.657,-2.938,-0.016451,-0.049531,9.5e-05,9.7e-05,0.0,0.03
179,41,-4142,-119,-9,-24,2.425,-2.915,-0.020507,-0.049125,9.5e-05,9.7e-05,0.0,0.03
178,71,-4128,-144,-14,4,2.109,-2.877,-0.026025,-0.048469,9.5e-05,9.6e-05,0.0,0.03
214,123,-4099,-142,-4,14,1.805,-2.849,-0.031326,-0.047983,9.5e-05,9.6e-05,0.0,0.03
211,164,-4121,-138,-7,-30,1.469,-2.852,-0.037195,-0.048027,9.5e-05,9.6e-05,0.0,0.03
193,174,-4105,-116,-7,-96,1.132,-2.827,-0.04307,-0.047592,9.5e-05,9.6e-05,0.0,0.03
179,185,-4093,-74,-11,4,0.92,-2.807,-0.046767,-0.047246,9.5e-05,9.6e-05,0.0,0.03
158,255,-4120,-113,-13,81,0.702,-2.768,-0.050576,-0.046571,9.5e-05,9.6e-05,0.0,0.03
194,316,-4130,-158,-21,15,0.318,-2.71,-0.057286,-0.045548,9.5e-05,9.6e-05,0.0,0.03
194,357,-4114,-192,-8,3,-0.084,-2.681,-0.064294,-0.045043,9.5e-05,9.6e-05,0.0,0.03
211,354,-4099,-208,-10,9,-0.698,-2.667,-0.075022,-0.044797,9.5e-05,9.6e-05,0.0,0.03
225,303,-4063,-129,8,-45,-1.098,-2.691,-0.08199,-0.045229,9.5e-05,9.6e-05,0.0,0.03
146,311,-4093,-53,-1,-38,-1.232,-2.697,-0.084331,-0.045331,9.5e-05,9.6e-05,0.0,0.03
212,384,-4076,12,2,-20,-1.283,-2.701,-0.085221,-0.045402,9.5e-05,9.6e-05,0.0,0.03
151,367,-4076,103,1,16,-1.109,-2.715,-0.082188,-0.04564,9.5e-05,9.6e-05,0.0,0.03
177,372,-4112,73,-11,55,-0.895,-2.682,-0.078451,-0.045067,9.5e-05,9.6e-05,0.0,0.03
209,364,-4129,-22,-5,41,-0.861,-2.664,-0.077867,-0.044755,9.5e-05,9.6e-05,0.0,0.03
192,330,-4117,-112,3,-77,-1.096,-2.672,-0.081954,-0.044886,9.5e-05,9.6e-05,0.0,0.03
200,301,-4090,-84,14,-128,-1.303,-2.719,-0.085578,-0.045708,9.5e-05,9.6e-05,0.0,0.03
177,337,-4087,-17,14,-127,-1.378,-2.783,-0.08689,-0.046829,9.5e-05,9.6e-05,0.0,0.03
164,348,-4089,16,12,-83,-1.356,-2.831,-0.086494,-0.047669,9.5e-05,9.6e-05,0.0,0.03
164,334,-4104,60,-2,36,-1.226,-2.829,-0.084235,-0.047637,9.5e-05,9.6e-05,0.0,0.03
144,374,-4105,31,-20,139,-1.121,-2.759,-0.082392,-0.046416,9.5e-05,9.6e-05,0.0,0.03
230,443,-4104,-18,-13,131,-1.158,-2.683,-0.083049,-0.045079,9.5e-05,9.6e-05,0.0,0.03
186,395,-4079,22,-14,82,-1.219,-2.649,-0.084101,-0.04449,9.5e-05,9.6e-05,0.0,0.03
191,341,-4095,110,-5,97,-1.025,-2.609,-0.080722,-0.043796,9.5e-05,9.6e-05,0.0,0.03
206,348,-4124,38,9,6,-0.821,-2.594,-0.077159,-0.043521,9.5e-05,9.6e-05,0.0,0.03
181,353,-4106,-19,16,-43,-0.842,-2.641,-0.077529,-0.044343,9.5e-05,9.6e-05,0.0,0.03
177,330,-4085,52,-6,15,-0.831,-2.654,-0.077332,-0.044584,9.5e-05,9.6e-05,0.0,0.03
187,329,-4060,162,3,39,-0.512,-2.651,-0.071775,-0.044524,9.5e-05,9.6e-05,0.0,0.03
176,329,-4091,208,-7,79,-0.102,-2.616,-0.064619,-0.043916,9.5e-05,9.6e-05,0.0,0.03
227,341,-4097,236,2,-20,0.484,-2.628,-0.054392,-0.04413,9.5e-05,9.6e-05,0.0,0.03
217,379,-4116,198,3,-78,0.955,-2.672,-0.046158,-0.044893,9.5e-05,9.6e-05,0.0,0.03
148,235,-4126,144,-5,31,1.33,-2.666,-0.039622,-0.044779,9.5e-05,9.6e-05,0.0,0.03
238,205,-4114,92,5,-28,1.592,-2.671,-0.035052,-0.044874,9.5e-05,9.6e-05,0.0,0.03
176,199,-4131,48,-4,-80,1.732,-2.683,-0.032605,-0.04509,9.5e-05,9.6e-05,0.0,0.03
164,5,-4127,-1,-3,38,1.867,-2.654,-0.030253,-0.04457,9.5e-05,9.6e-05,0.0,0.03
174,20,-4163,-94,-15,126,1.782,-2.628,-0.031726,-0.044124,9.5e-05,9.6e-05,0.0,0.03
162,0,-4141,-150,-11,175,1.527,-2.566,-0.036189,-0.043037,9.5e-05,9.6e-05,0.0,0.03
190,49,-4135,-181,-17,186,1.152,-2.53,-0.042733,-0.042414,9.5e-05,9.6e-05,0.0,0.03
221,180,-4108,-145,-13,87,0.696,-2.484,-0.050686,-0.041607,9.5e-05,9.6e-05,0.0,0.03
203,192,-4091,-67,-2,-59,0.485,-2.493,-0.054373,-0.041759,9.5e-05,9.6e-05,0.0,0.03
212,225,-4118,-89,6,-92,0.312,-2.526,-0.057393,-0.042349,9.5e-05,9.6e-05,0.0,0.03
163,241,-4135,-169,0,-35,-0.004,-2.547,-0.062894,-0.042712,9.5e-05,9.6e-05,0.0,0.03
180,288,-4127,-201,-10,0,-0.44,-2.527,-0.070517,-0.042355,9.5e-05,9.6e-05,0.0,0.03
187,265,-4050,-91,2,25,-0.798,-2.51,-0.076758,-0.042068,9.5e-05,9.6e-05,0.0,0.03
168,363,-4076,8,10,5,-0.911,-2.548,-0.07874,-0.042731,9.5e-05,9.6e-05,0.0,0.03
200,421,-4077,129,7,0,-0.76,-2.563,-0.076099,-0.042982,9.5e-05,9.6e-05,0.0,0.03
192,405,-4047,285,4,-33,-0.287,-2.584,-0.067843,-0.043355,9.5e-05,9.6e-05,0.0,0.03
182,348,-4079,364,0,0,0.491,-2.588,-0.054264,-0.043422,9.5e-05,9.6e-05,0.0,0.03
215,404,-4126,279,3,-21,1.201,-2.619,-0.041876,-0.043973,9.5e-05,9.6e-05,0.0,0.03
159,313,-4137,184,-7,11,1.634,-2.603,-0.034319,-0.043693,9.5e-05,9.6e-05,0.0,0.03
204,185,-4132,130,-2,22,1.947,-2.606,-0.028858,-0.043739,9.5e-05,9.6e-05,0.0,0.03
154,69,-4115,53,-18,151,2.121,-2.544,-0.025818,-0.042658,9.5e-05,9.6e-05,0.0,0.03
184,-10,-4140,-64,-6,178,2.137,-2.512,-0.025536,-0.042098,9.5e-05,9.6e-05,0.0,0.03
202,-6,-4180,-167,-20,89,1.924,-2.477,-0.029248,-0.041488,9.5e-05,9.6e-05,0.0,0.03
188,-60,-4134,-207,-11,72,1.483,-2.454,-0.036943,-0.041088,9.5e-05,9.6e-05,0.0,0.03
218,-10,-4111,-205,-4,-2,1.006,-2.458,-0.045278,-0.04116,9.5e-05,9.6e-05,0.0,0.03
190,35,-4099,-170,-2,-50,0.674,-2.468,-0.051063,-0.041328,9.5e-05,9.6e-05,0.0,0.03
179,70,-4106,-138,2,-69,0.404,-2.483,-0.055787,-0.041592,9.5e-05,9.6e-05,0.0,0.03
176,143,-4139,-172,1,-32,0.109,-2.507,-0.060929,-0.042004,9.5e-05,9.6e-05,0.0,0.03
177,237,-4119,-236,3,-33,-0.424,-2.521,-0.070226,-0.042257,9.5e-05,9.6e-05,0.0,0.03
179,223,-4056,-83,-1,10,-0.737,-2.53,-0.0757,-0.042417,9.5e-05,9.6e-05,0.0,0.03
180,406,-4054,70,2,13,-0.747,-2.545,-0.075867,-0.042674,9.5e-05,9.6e-05,0.0,0.03
168,320,-4104,241,-17,132,-0.321,-2.512,-0.068431,-0.042097,9.5e-05,9.6e-05,0.0,0.03
193,352,-4063,305,0,133,0.26,-2.464,-0.058291,-0.041264,9.5e-05,9.6e-05,0.0,0.03
200,335,-4207,130,-13,110,0.859,-2.452,-0.047834,-0.041042,9.5e-05,9.6e-05,0.0,0.03
197,374,-4149,-41,-7,56,0.862,-2.41,-0.047787,-0.040317,9.5e-05,9.6e-05,0.0,0.03
230,270,-4094,-84,-2,-50,0.592,-2.434,-0.052503,-0.040741,9.5e-05,9.6e-05,0.0,0.03
174,160,-4083,8,-3,-60,0.484,-2.455,-0.054389,-0.041106,9.5e-05,9.6e-05,0.0,0.03
153,103,-4097,13,-9,42,0.581,-2.445,-0.0527,-0.040931,9.5e-05,9.6e-05,0.0,0.03
154,234,-4151,-18,6,-12,0.562,-2.438,-0.05303,-0.040814,9.5e-05,9.6e-05,0.0,0.03
228,258,-4123,26,-3,-59,0.55,-2.468,-0.053238,-0.041321,9.5e-05,9.6e-05,0.0,0.03
173,207,-4091,65,-2,10,0.671,-2.485,-0.051122,-0.041625,9.5e-05,9.6e-05,0.0,0.03
146,201,-4140,26,-9,-12,0.802,-2.455,-0.048839,-0.041095,9.5e-05,9.6e-05,0.0,0.03
238,175,-4104,0,1,-30,0.834,-2.468,-0.048273,-0.041326,9.5e-05,9.6e-05,0.0,0.03
157,185,-4099,5,-8,-9,0.854,-2.478,-0.047927,-0.041506,9.5e-05,9.5e-05,0.0,0.03
181,140,-4115,-19,-7,37,0.857,-2.451,-0.04787,-0.04103,9.5e-05,9.5e-05,0.0,0.03
162,171,-4114,-37,-5,67,0.794,-2.442,-0.048977,-0.040883,9.5e-05,9.5e-05,0.0,0.03
181,193,-4111,-42,-10,74,0.708,-2.415,-0.050474,-0.040404,9.5e-05,9.5e-05,0.0,0.03
186,207,-4099,-51,-3,70,0.591,-2.399,-0.052518,-0.040119,9.5e-05,9.5e-05,0.0,0.03
198,212,-4114,-29,-12,55,0.478,-2.398,-0.054489,-0.040102,9.5e-05,9.5e-05,0.0,0.03
191,191,-4083,-17,0,-17,0.458,-2.385,-0.054831,-0.039873,9.5e-05,9.5e-05,0.0,0.03
238,251,-4136,-69,7,-41,0.34,-2.438,-0.056894,-0.040801,9.5e-05,9.5e-05,0.0,0.03
185,271,-4144,-4,5,-33,0.184,-2.455,-0.059624,-0.0411,9.5e-05,9.5e-05,0.0,0.03
187,249,-4045,43,1,-9,0.26,-2.468,-0.058286,-0.041323,9.5e-05,9.5e-05,0.0,0.03
188,256,-4090,36,-5,-38,0.368,-2.468,-0.056404,-0.04133,9.5e-05,9.5e-05,0.0,0.03
220,235,-4108,6,5,-12,0.4,-2.489,-0.055844,-0.041693,9.5e-05,9.5e-05,0.0,0.03
116,178,-4086,32,-4,-16,0.488,-2.491,-0.054312,-0.041724,9.5e-05,9.5e-05,0.0,0.03
224,191,-4154,-33,-1,15,0.492,-2.487,-0.054251,-0.041656,9.5e-05,9.5e-05,0.0,0.03
169,119,-4156,-72,-11,58,0.362,-2.478,-0.056508,-0.04151,9.5e-05,9.5e-05,0.0,0.03
163,203,-4153,-97,-10,45,0.219,-2.433,-0.059016,-0.040711,9.5e-05,9.5e-05,0.0,0.03
239,286,-4113,-113,0,-4,-0.091,-2.452,-0.064417,-0.041046,9.5e-05,9.5e-05,0.0,0.03
170,346,-4091,-53,-6,-54,-0.303,-2.46,-0.068113,-0.041188,9.5e-05,9.5e-05,0.0,0.03
216,359,-4076,10,7,-93,-0.355,-2.483,-0.069022,-0.04159,9.5e-05,9.5e-05,0.0,0.03
187,313,-4101,46,7,-85,-0.293,-2.537,-0.067945,-0.042533,9.5e-05,9.5e-05,0.0,0.03
157,302,-4111,73,1,-62,-0.155,-2.555,-0.065534,-0.042845,9.5e-05,9.5e-05,0.0,0.03
184,296,-4093,115,3,-35,0.058,-2.57,-0.06182,-0.043111,9.5e-05,9.5e-05,0.0,0.03
165,255,-4119,144,1,-26,0.368,-2.574,-0.056409,-0.043175,9.5e-05,9.5e-05,0.0,0.03
186,243,-4123,113,1,-27,0.645,-2.581,-0.051583,-0.043298,9.5e-05,9.5e-05,0.0,0.03
165,141,-4143,4,3,49,0.808,-2.592,-0.048734,-0.0435,9.5e-05,9.5e-05,0.0,0.03
131,133,-4157,-115,-10,101,0.678,-2.552,-0.050998,-0.042791,9.5e-05,9.5e-05,0.0,0.03
258,98,-4093,-111,-5,3,0.416,-2.508,-0.055568,-0.042028,9.5e-05,9.5e-05,0.0,0.03
202,116,-4105,-104,9,-49,0.221,-2.564,-0.058966,-0.042999,9.5e-05,9.5e-05,0.0,0.03
123,121,-4156,-165,-6,-51,-0.014,-2.56,-0.063081,-0.042931,9.5e-05,9.5e-05,0.0,0.03
257,249,-4091,-174,-3,9,-0.426,-2.559,-0.070267,-0.042912,9.5e-05,9.5e-05,0.0,0.03
91,323,-4099,-88,-10,75,-0.76,-2.556,-0.076093,-0.042869,9.5e-05,9.5e-05,0.0,0.03
184,415,-4050,46,-19,124,-0.811,-2.461,-0.076982,-0.041211,9.5e-05,9.5e-05,0.0,0.03
223,444,-4099,60,4,43,-0.719,-2.451,-0.075383,-0.041036,9.5e-05,9.5e-05,0.0,0.03
218,429,-4104,24,0,-68,-0.673,-2.474,-0.074574,-0.041434,9.5e-05,9.5e-05,0.0,0.03
165,309,-4095,28,8,-35,-0.642,-2.514,-0.074038,-0.042133,9.5e-05,9.5e-05,0.0,0.03
119,292,-4116,12,-3,-25,-0.586,-2.508,-0.073061,-0.042025,9.5e-05,9.5e-05,0.0,0.03
210,271,-4116,-13,-1,-40,-0.582,-2.503,-0.072998,-0.041946,9.5e-05,9.5e-05,0.0,0.03
199,236,-4092,-13,4,9,-0.598,-2.541,-0.073264,-0.042607,9.5e-05,9.5e-05,0.0,0.03
125,270,-4102,8,-11,18,-0.588,-2.498,-0.073094,-0.04186,9.5e-05,9.5e-05,0.0,0.03
233,312,-4093,12,2,0,-0.565,-2.509,-0.072692,-0.042045,9.5e-05,9.5e-05,0.0,0.03
158,311,-4116,-7,-6,15,-0.566,-2.515,-0.07271,-0.042146,9.5e-05,9.5e-05,0.0,0.03
176,330,-4094,14,0,5,-0.577,-2.492,-0.0729,-0.041746,9.5e-05,9.5e-05,0.0,0.03
195,314,-4099,32,-1,-16,-0.525,-2.507,-0.071994,-0.042002,9.5e-05,9.5e-05,0.0,0.03
168,285,-4119,-1,-2,5,-0.467,-2.508,-0.070975,-0.042023,9.5e-05,9.5e-05,0.0,0.03
183,284,-4122,-17,-5,-10,-0.512,-2.501,-0.071768,-0.041913,9.5e-05,9.5e-05,0.0,0.03
193,269,-4092,12,4,-21,-0.503,-2.511,-0.071611,-0.042075,9.5e-05,9.5e-05,0.0,0.03
180,275,-4097,-1,-2,-9,-0.459,-2.522,-0.070845,-0.04227,9.5e-05,9.5e-05,0.0,0.03
177,305,-4062,-22,-5,0,-0.516,-2.516,-0.071839,-0.042174,9.5e-05,9.5e-05,0.0,0.03
167,310,-4031,20,-1,26,-0.52,-2.504,-0.071912,-0.041952,9.5e-05,9.5e-05,0.0,0.03
182,320,-4076,20,2,1,-0.461,-2.504,-0.070883,-0.041961,9.5e-05,9.5e-05,0.0,0.03
182,293,-4105,-20,-3,1,-0.485,-2.504,-0.071294,-0.04196,9.5e-05,9.5e-05,0.0,0.03
180,258,-4107,8,0,-42,-0.499,-2.504,-0.071544,-0.041966,9.5e-05,9.5e-05,0.0,0.03
200,252,-4115,16,6,-26,-0.426,-2.534,-0.070274,-0.042478,9.5e-05,9.5e-05,0.0,0.03
150,290,-4131,-33,-3,0,-0.443,-2.539,-0.070568,-0.042568,9.5e-05,9.5e-05,0.0,0.03
197,283,-4083,0,-3,10,-0.487,-2.518,-0.071332,-0.042203,9.5e-05,9.5e-05,0.0,0.03
176,319,-4095,25,0,0,-0.446,-2.537,-0.070613,-0.042534,9.5e-05,9.5e-05,0.0,0.03
175,321,-4106,-25,-5,-2,-0.483,-2.524,-0.07126,-0.042312,9.5e-05,9.5e-05,0.0,0.03
197,272,-4085,20,1,-16,-0.486,-2.531,-0.071314,-0.042436,9.5e-05,9.5e-05,0.0,0.03
168,272,-4113,20,1,2,-0.386,-2.535,-0.069571,-0.042491,9.5e-05,9.5e-05,0.0,0.03
179,282,-4127,-30,-7,3,-0.412,-2.524,-0.070015,-0.042302,9.5e-05,9.5e-05,0.0,0.03
193,297,-4085,-2,-2,0,-0.472,-2.515,-0.07107,-0.042144,9.5e-05,9.5e-05,0.0,0.03
181,298,-4103,26,2,-17,-0.402,-2.527,-0.069848,-0.042363,9.5e-05,9.5e-05,0.0,0.03
178,290,-4119,-16,-8,-4,-0.394,-2.525,-0.069703,-0.042324,9.5e-05,9.5e-05,0.0,0.03
195,292,-4085,-7,-2,0,-0.441,-2.521,-0.070528,-0.042247,9.5e-05,9.5e-05,0.0,0.03
175,274,-4096,25,2,-13,-0.386,-2.527,-0.069575,-0.04236,9.5e-05,9.5e-05,0.0,0.03
174,272,-4125,-13,-2,0,-0.368,-2.527,-0.069251,-0.042353,9.5e-05,9.5e-05,0.0,0.03
186,282,-4099,-29,-3,4,-0.435,-2.513,-0.070421,-0.04211,9.5e-05,9.5e-05,0.0,0.03
186,284,-4093,25,-3,-10,-0.408,-2.517,-0.069951,-0.042191,9.5e-05,9.5e-05,0.0,0.03
181,312,-4125,-17,-1,-10,-0.41,-2.528,-0.069996,-0.042384,9.5e-05,9.5e-05,0.0,0.03
170,285,-4085,-9,-6,7,-0.484,-2.511,-0.071281,-0.042084,9.5e-05,9.5e-05,0.0,0.03
194,294,-4103,28,4,-9,-0.438,-2.516,-0.070479,-0.042175,9.5e-05,9.5e-05,0.0,0.03
169,301,-4125,-32,-2,0,-0.45,-2.525,-0.070683,-0.042317,9.5e-05,9.5e-05,0.0,0.03
183,263,-4093,-1,-5,8,-0.517,-2.51,-0.071851,-0.04206,9.5e-05,9.5e-05,0.0,0.03
192,290,-4104,29,5,1,-0.446,-2.52,-0.07061,-0.042237,9.5e-05,9.5e-05,0.0,0.03
168,317,-4140,-24,-4,4,-0.459,-2.522,-0.070848,-0.042277,9.5e-05,9.5e-05,0.0,0.03
190,267,-4075,14,3,6,-0.51,-2.504,-0.071731,-0.041964,9.5e-05,9.5e-05,0.0,0.03
175,279,-4092,29,1,4,-0.43,-2.518,-0.070339,-0.042195,9.5e-05,9.5e-05,0.0,0.03
176,313,-4129,-35,-6,4,-0.463,-2.505,-0.070908,-0.041983,9.5e-05,9.5e-05,0.0,0.03
181,268,-4089,1,-1,0,-0.489,-2.502,-0.071358,-0.041927,9.5e-05,9.5e-05,0.0,0.03
182,290,-4099,12,-1,-28,-0.426,-2.518,-0.070271,-0.042209,9.5e-05,9.5e-05,0.0,0.03
174,306,-4126,-33,-6,0,-0.476,-2.523,-0.071141,-0.042283,9.5e-05,9.5e-05,0.0,0.03
169,274,-4099,17,-1,3,-0.494,-2.511,-0.071448,-0.042083,9.5e-05,9.5e-05,0.0,0.03
204,299,-4113,2,1,-20,-0.446,-2.531,-0.070621,-0.042434,9.5e-05,9.5e-05,0.0,0.03
167,309,-4139,-20,-6,11,-0.513,-2.524,-0.071777,-0.042315,9.5e-05,9.5e-05,0.0,0.03
180,281,-4093,19,0,10,-0.508,-2.513,-0.071704,-0.042123,9.5e-05,9.5e-05,0.0,0.03
188,307,-4116,-6,-1,-19,-0.461,-2.53,-0.070881,-0.042404,9.5e-05,9.5e-05,0.0,0.03
172,312,-4124,-19,-8,0,-0.522,-2.519,-0.071947,-0.042216,9.5e-05,9.5e-05,0.0,0.03
185,281,-4083,25,1,0,-0.497,-2.516,-0.071511,-0.042169,9.5e-05,9.5e-05,0.0,0.03
177,290,-4112,-11,-2,-5,-0.448,-2.521,-0.07065,-0.042254,9.5e-05,9.5e-05,0.0,0.03
176,302,-4108,-26,-5,0,-0.522,-2.507,-0.071938,-0.04201,9.5e-05,9.5e-05,0.0,0.03
184,287,-4076,23,0,-12,-0.513,-2.514,-0.071777,-0.042134,9.5e-05,9.5e-05,0.0,0.03
182,308,-4121,-5,1,-16,-0.459,-2.525,-0.070843,-0.042326,9.5e-05,9.5e-05,0.0,0.03
160,299,-4111,-16,-6,8,-0.528,-2.509,-0.072041,-0.042039,9.5e-05,9.5e-05,0.0,0.03
194,293,-4088,27,1,0,-0.499,-2.507,-0.071543,-0.042013,9.5e-05,9.5e-05,0.0,0.03
179,294,-4137,-11,0,0,-0.453,-2.523,-0.070738,-0.042288,9.5e-05,9.5e-05,0.0,0.03
177,294,-4098,-11,-6,6,-0.54,-2.496,-0.072255,-0.041819,9.5e-05,9.5e-05,0.0,0.03
197,291,-4090,35,0,0,-0.492,-2.503,-0.071423,-0.041947,9.5e-05,9.5e-05,0.0,0.03
172,306,-4136,-11,-3,0,-0.446,-2.512,-0.070615,-0.042091,9.5e-05,9.5e-05,0.0,0.03
186,300,-4105,-17,-8,15,-0.542,-2.491,-0.072291,-0.041734,9.5e-05,9.5e-05,0.0,0.03
179,294,-4087,39,2,-10,-0.482,-2.493,-0.071244,-0.041766,9.5e-05,9.5e-05,0.0,0.03
193,297,-4144,-10,-1,-14,-0.432,-2.508,-0.07038,-0.042036,9.5e-05,9.5e-05,0.0,0.03
167,282,-4097,-21,-5,10,-0.516,-2.495,-0.071839,-0.041794,9.5e-05,9.5e-05,0.0,0.03
196,292,-4084,31,1,3,-0.491,-2.492,-0.071394,-0.041746,9.5e-05,9.5e-05,0.0,0.03
173,310,-4135,-13,-5,-6,-0.439,-2.5,-0.070498,-0.041886,9.5e-05,9.5e-05,0.0,0.03
182,291,-4102,-20,-8,11,-0.514,-2.485,-0.071797,-0.04162,9.5e-05,9.5e-05,0.0,0.03
184,289,-4092,34,6,-3,-0.476,-2.489,-0.071137,-0.041695,9.5e-05,9.5e-05,0.0,0.03
177,301,-4135,-8,-6,9,-0.424,-2.491,-0.070227,-0.041736,9.5e-05,9.5e-05,0.0,0.03
174,302,-4099,-23,-8,12,-0.493,-2.475,-0.07144,-0.041458,9.5e-05,9.5e-05,0.0,0.03
194,286,-4089,32,0,0,-0.47,-2.473,-0.071027,-0.041425,9.5e-05,9.5e-05,0.0,0.03
175,300,-4136,-10,1,-8,-0.417,-2.491,-0.070104,-0.041735,9.5e-05,9.5e-05,0.0,0.03
184,297,-4092,-12,-5,3,-0.49,-2.477,-0.071392,-0.041479,9.5e-05,9.5e-05,0.0,0.03
194,286,-4095,35,2,0,-0.455,-2.486,-0.070778,-0.041652,9.5e-05,9.5e-05,0.0,0.03
172,322,-4136,-15,-4,-4,-0.417,-2.496,-0.070109,-0.04182,9.5e-05,9.5e-05,0.0,0.03
185,290,-4084,-9,-1,7,-0.497,-2.482,-0.071501,-0.04157,9.5e-05,9.5e-05,0.0,0.03
183,287,-4094,33,5,-11,-0.452,-2.488,-0.070725,-0.041675,9.5e-05,9.5e-05,0.0,0.03
176,302,-4126,-15,-3,-3,-0.42,-2.502,-0.070155,-0.041919,9.5e-05,9.5e-05,0.0,0.03
170,281,-4090,-12,-6,16,-0.492,-2.482,-0.071425,-0.041574,9.5e-05,9.5e-05,0.0,0.03
196,281,-4083,39,1,0,-0.451,-2.485,-0.070706,-0.041619,9.5e-05,9.5e-05,0.0,0.03
190,309,-4116,-9,1,-14,-0.42,-2.511,-0.07016,-0.042083,9.5e-05,9.5e-05,0.0,0.03
168,288,-4123,-16,-10,11,-0.493,-2.484,-0.071432,-0.041614,9.5e-05,9.5e-05,0.0,0.03
198,275,-4076,31,6,0,-0.45,-2.493,-0.070678,-0.041768,9.5e-05,9.5e-05,0.0,0.03
182,317,-4126,-14,-7,-6,-0.419,-2.503,-0.070151,-0.041939,9.5e-05,9.5e-05,0.0,0.03
168,293,-4109,-14,-4,6,-0.486,-2.487,-0.071316,-0.041656,9.5e-05,9.5e-05,0.0,0.03
196,281,-4101,28,1,-19,-0.442,-2.494,-0.070543,-0.04179,9.5e-05,9.5e-05,0.0,0.03
188,306,-4124,-22,0,-5,-0.433,-2.515,-0.070381,-0.042146,9.5e-05,9.5e-05,0.0,0.03
163,297,-4117,-11,-9,13,-0.503,-2.489,-0.071605,-0.041692,9.5e-05,9.5e-05,0.0,0.03
203,290,-4071,34,6,0,-0.452,-2.498,-0.070729,-0.041851,9.5e-05,9.5e-05,0.0,0.03
181,314,-4140,-24,-8,8,-0.438,-2.507,-0.070469,-0.04201,9.5e-05,9.5e-05,0.0,0.03
172,300,-4102,-8,-3,12,-0.515,-2.485,-0.071821,-0.041631,9.5e-05,9.5e-05,0.0,0.03
198,285,-4086,40,6,-13,-0.452,-2.499,-0.070723,-0.041878,9.5e-05,9.5e-05,0.0,0.03
172,285,-4134,-14,-2,-8,-0.406,-2.512,-0.069918,-0.042094,9.5e-05,9.5e-05,0.0,0.03
183,298,-4115,-17,-6,4,-0.498,-2.493,-0.071518,-0.041773,9.5e-05,9.5e-05,0.0,0.03
193,281,-4084,37,6,-5,-0.454,-2.5,-0.070748,-0.041896,9.5e-05,9.5e-05,0.0,0.03
176,306,-4137,-17,-5,-6,-0.432,-2.509,-0.070363,-0.042052,9.5e-05,9.5e-05,0.0,0.03
175,293,-4103,-15,-4,3,-0.523,-2.491,-0.071967,-0.04173,9.5e-05,9.5e-05,0.0,0.03
197,295,-4084,37,6,-7,-0.474,-2.507,-0.071099,-0.042006,9.5e-05,9.5e-05,0.0,0.03
162,307,-4138,-8,-2,0,-0.429,-2.51,-0.070311,-0.042058,9.5e-05,9.5e-05,0.0,0.03
181,292,-4110,-22,-9,13,-0.521,-2.492,-0.071921,-0.041748,9.5e-05,9.5e-05,0.0,0.03
190,289,-4080,31,6,-13,-0.488,-2.498,-0.071347,-0.041845,9.5e-05,9.5e-05,0.0,0.03
186,290,-4159,-14,-3,-3,-0.443,-2.509,-0.070571,-0.042046,9.5e-05,9.5e-05,0.0,0.03
160,293,-4097,-21,-8,4,-0.534,-2.488,-0.072144,-0.041686,9.5e-05,9.5e-05,0.0,0.03
211,297,-4096,33,6,-12,-0.498,-2.499,-0.071523,-0.041864,9.5e-05,9.5e-05,0.0,0.03
171,290,-4115,-13,-2,-11,-0.445,-2.514,-0.070605,-0.042139,9.5e-05,9.5e-05,0.0,0.03
176,296,-4110,-20,-6,5,-0.527,-2.493,-0.072032,-0.041763,9.5e-05,9.5e-05,0.0,0.03
199,282,-4078,30,2,-7,-0.501,-2.501,-0.071573,-0.041899,9.5e-05,9.5e-05,0.0,0.03
177,297,-4142,-16,0,-6,-0.459,-2.512,-0.070836,-0.042102,9.5e-05,9.5e-05,0.0,0.03
177,292,-4099,-27,-6,12,-0.543,-2.497,-0.072301,-0.04183,9.5e-05,9.5e-05,0.0,0.03
193,300,-4093,34,6,2,-0.513,-2.496,-0.071789,-0.041813,9.5e-05,9.5e-05,0.0,0.03
176,305,-4133,-9,-1,-9,-0.466,-2.506,-0.070969,-0.041993,9.5e-05,9.5e-05,0.0,0.03
180,292,-4106,-25,-5,11,-0.542,-2.491,-0.072293,-0.041726,9.5e-05,9.5e-05,0.0,0.03
189,286,-4081,29,0,0,-0.517,-2.491,-0.071854,-0.041731,9.5e-05,9.5e-05,0.0,0.03
186,308,-4140,-8,0,-11,-0.461,-2.505,-0.070879,-0.04198,9.5e-05,9.5e-05,0.0,0.03
171,282,-4090,-30,-6,0,-0.544,-2.49,-0.072335,-0.041711,9.5e-05,9.5e-05,0.0,0.03
200,291,-4088,29,1,-14,-0.533,-2.491,-0.072126,-0.041724,9.5e-05,9.5e-05,0.0,0.03
172,297,-4133,-8,2,-18,-0.467,-2.514,-0.070974,-0.042129,9.5e-05,9.5e-05,0.0,0.03
173,290,-4098,-29,-7,17,-0.546,-2.498,-0.072358,-0.041846,9.5e-05,9.5e-05,0.0,0.03
194,296,-4084,27,4,-5,-0.535,-2.495,-0.072176,-0.0418,9.5e-05,9.5e-05,0.0,0.03
173,299,-4128,11,1,-12,-0.467,-2.511,-0.070976,-0.042077,9.5e-05,9.5e-05,0.0,0.03
165,315,-4142,-18,-6,10,-0.519,-2.497,-0.071887,-0.041828,9.5e-05,9.5e-05,0.0,0.03
190,270,-4088,26,-2,3,-0.506,-2.488,-0.071663,-0.041681,9.5e-05,9.5e-05,0.0,0.03
179,291,-4113,0,2,-7,-0.437,-2.508,-0.070462,-0.042033,9.5e-05,9.5e-05,0.0,0.03
167,298,-4120,-17,-12,4,-0.495,-2.489,-0.071473,-0.041701,9.5e-05,9.5e-05,0.0,0.03
194,267,-4093,33,4,1,-0.458,-2.49,-0.070818,-0.041719,9.5e-05,9.5e-05,0.0,0.03
171,288,-4121,-5,-4,-12,-0.406,-2.497,-0.069922,-0.041842,9.5e-05,9.5e-05,0.0,0.03
185,286,-4122,-24,-3,-6,-0.471,-2.493,-0.071046,-0.041774,9.5e-05,9.5e-05,0.0,0.03
189,247,-4084,32,4,22,-0.452,-2.51,-0.070715,-0.042056,9.5e-05,9.5e-05,0.0,0.03
163,308,-4112,15,-3,23,-0.394,-2.506,-0.0697,-0.041988,9.5e-05,9.5e-05,0.0,0.03
183,285,-4112,-39,-2,21,-0.459,-2.493,-0.070849,-0.04176,9.5e-05,9.5e-05,0.0,0.03
205,273,-4086,24,3,-17,-0.486,-2.516,-0.071311,-0.042166,9.5e-05,9.5e-05,0.0,0.03
181,295,-4098,46,-2,-15,-0.38,-2.526,-0.069471,-0.042337,9.5e-05,9.5e-05,0.0,0.03
191,282,-4116,-23,-4,7,-0.338,-2.521,-0.068725,-0.042254,9.5e-05,9.5e-05,0.0,0.03
174,259,-4111,-65,-1,14,-0.464,-2.519,-0.070937,-0.042213,9.5e-05,9.5e-05,0.0,0.03
206,239,-4121,-35,-6,-15,-0.563,-2.519,-0.072651,-0.042228,9.5e-05,9.5e-05,0.0,0.03
158,311,-4115,1,6,-20,-0.588,-2.516,-0.073091,-0.042166,9.5e-05,9.5e-05,0.0,0.03
193,325,-4123,7,2,-64,-0.59,-2.529,-0.073126,-0.042397,9.5e-05,9.5e-05,0.0,0.03
225,276,-4072,17,2,-42,-0.548,-2.567,-0.072398,-0.043056,9.5e-05,9.5e-05,0.0,0.03
117,258,-4106,-6,-1,19,-0.523,-2.571,-0.07196,-0.043126,9.5e-05,9.5e-05,0.0,0.03
184,312,-4107,-34,-10,19,-0.598,-2.517,-0.073264,-0.042177,9.5e-05,9.5e-05,0.0,0.03
246,282,-4130,-38,0,9,-0.674,-2.543,-0.074594,-0.042635,9.5e-05,9.5e-05,0.0,0.03
139,301,-4113,-40,-1,0,-0.774,-2.536,-0.07634,-0.042513,9.5e-05,9.5e-05,0.0,0.03
213,294,-4097,-33,0,-9,-0.849,-2.532,-0.077652,-0.042449,9.5e-05,9.5e-05,0.0,0.03
167,316,-4111,-40,-2,16,-0.923,-2.542,-0.078949,-0.042624,9.5e-05,9.5e-05,0.0,0.03
157,219,-4125,-76,-12,68,-1.04,-2.51,-0.080986,-0.042067,9.5e-05,9.5e-05,0.0,0.03
215,276,-4108,-101,-10,69,-1.217,-2.475,-0.08407,-0.041445,9.5e-05,9.5e-05,0.0,0.03
185,317,-4108,-118,-5,12,-1.483,-2.453,-0.088718,-0.041066,9.5e-05,9.5e-05,0.0,0.03
230,407,-4102,-91,-1,-91,-1.716,-2.474,-0.092778,-0.041437,9.5e-05,9.5e-05,0.0,0.03
161,456,-4067,-4,1,-124,-1.797,-2.516,-0.094193,-0.042166,9.5e-05,9.5e-05,0.0,0.03
150,445,-4086,7,28,-103,-1.769,-2.576,-0.093708,-0.043217,9.5e-05,9.5e-05,0.0,0.03
215,451,-4116,-48,-20,-44,-1.85,-2.612,-0.095114,-0.043845,9.5e-05,9.5e-05,0.0,0.03
132,469,-4074,-22,-37,6,-1.975,-2.548,-0.097309,-0.042723,9.5e-05,9.5e-05,0.0,0.03
150,479,-4050,48,-8,0,-1.955,-2.449,-0.096946,-0.040995,9.5e-05,9.5e-05,0.0,0.03
208,417,-4105,17,64,-43,-1.88,-2.564,-0.09564,-0.043,9.5e-05,9.5e-05,0.0,0.03
182,378,-4155,-47,-17,-40,-1.953,-2.641,-0.09692,-0.044341,9.5e-05,9.5e-05,0.0,0.03
185,341,-4087,-45,-8,-83,-2.053,-2.588,-0.098668,-0.043417,9.5e-05,9.5e-05,0.0,0.03
165,354,-4097,-32,41,-101,-2.109,-2.686,-0.099633,-0.045132,9.5e-05,9.5e-05,0.0,0.03
180,383,-4120,-34,14,-113,-2.15,-2.762,-0.100361,-0.046466,9.5e-05,9.5e-05,0.0,0.03
206,389,-4100,-44,31,-141,-2.209,-2.836,-0.101382,-0.047756,9.5e-05,9.5e-05,0.0,0.03
209,433,-4055,34,29,-210,-2.211,-2.974,-0.101418,-0.050168,9.5e-05,9.6e-05,0.0,0.03
165,432,-4121,25,33,-239,-2.082,-3.089,-0.099176,-0.052175,9.5e-05,9.6e-05,0.0,0.03
193,454,-4083,-9,25,-240,-2.065,-3.211,-0.098881,-0.054302,9.5e-05,9.7e-05,0.0,0.03
166,417,-4098,-4,22,-187,-2.05,-3.292,-0.098616,-0.055715,9.5e-05,9.7e-05,0.0,0.03
151,387,-4102,-45,20,-86,-2.091,-3.351,-0.09932,-0.056748,9.5e-05,9.7e-05,0.0,0.03
171,401,-4127,-121,-19,34,-2.295,-3.322,-0.102884,-0.056227,9.5e-05,9.7e-05,0.0,0.03
174,425,-4078,-63,-35,97,-2.579,-3.197,-0.107852,-0.05406,9.5e-05,9.7e-05,0.0,0.03
182,452,-4065,-10,-20,80,-2.655,-3.099,-0.109166,-0.052345,9.5e-05,9.7e-05,0.0,0.03
185,481,-4118,-64,-30,93,-2.761,-3.025,-0.111013,-0.051048,9.5e-05,9.7e-05,0.0,0.03
179,484,-4106,-76,-59,60,-2.996,-2.871,-0.115116,-0.048368,9.5e-05,9.7e-05,0.0,0.03
177,479,-4049,-24,-46,22,-3.107,-2.734,-0.117063,-0.045973,9.5e-05,9.7e-05,0.0,0.03
151,485,-4049,-10,63,-57,-3.131,-2.752,-0.117479,-0.046292,9.5e-05,9.6e-05,0.0,0.03
195,483,-4102,-22,91,-111,-3.169,-2.989,-0.118136,-0.050429,9.5e-05,9.6e-05,0.0,0.03
210,494,-4108,18,1,-133,-3.152,-3.117,-0.117846,-0.052658,9.5e-05,9.6e-05,0.0,0.03
169,469,-4058,28,22,-130,-3.058,-3.141,-0.11621,-0.053076,9.5e-05,9.7e-05,0.0,0.03
185,487,-4089,-8,32,-92,-3.029,-3.243,-0.115701,-0.054849,9.5e-05,9.7e-05,0.0,0.03
209,512,-4120,6,-29,-83,-3.057,-3.239,-0.116194,-0.054788,9.5e-05,9.7e-05,0.0,0.03
156,471,-4058,29,-11,-10,-2.976,-3.182,-0.114772,-0.053796,9.5e-05,9.6e-05,0.0,0.03
131,496,-4092,12,-25,67,-2.933,-3.106,-0.114026,-0.052457,9.5e-05,9.6e-05,0.0,0.03
235,586,-4110,-21,-70,66,-2.996,-2.959,-0.115118,-0.049901,9.5e-05,9.6e-05,0.0,0.03
170,524,-4036,142,-80,214,-2.959,-2.691,-0.11447,-0.045226,9.5e-05,9.6e-05,0.0,0.03
29,578,-4034,187,-24,176,-2.541,-2.459,-0.107182,-0.041169,9.5e-05,9.7e-05,0.0,0.03
184,555,-4108,73,-1,115,-2.271,-2.345,-0.102472,-0.039187,9.5e-05,9.7e-05,0.0,0.03
222,449,-4126,45,-27,121,-2.201,-2.375,-0.101252,-0.03971,9.5e-05,9.7e-05,0.0,0.03
122,364,-4120,14,-37,98,-2.16,-2.286,-0.100535,-0.038149,9.5e-05,9.7e-05,0.0,0.03
155,314,-4101,-9,-25,204,-2.141,-2.154,-0.100199,-0.035843,9.5e-05,9.7e-05,0.0,0.03
123,412,-4078,12,-22,142,-2.137,-2.043,-0.100128,-0.03392,9.5e-05,9.7e-05,0.0,0.03
241,423,-4100,21,0,66,-2.117,-2.01,-0.099775,-0.033328,9.5e-05,9.7e-05,0.0,0.03
127,434,-4097,84,-9,78,-1.995,-2.018,-0.097644,-0.033476,9.5e-05,9.7e-05,0.0,0.03
121,492,-4056,149,7,85,-1.726,-1.972,-0.092963,-0.03268,9.5e-05,9.7e-05,0.0,0.03
172,470,-4081,164,18,116,-1.415,-1.993,-0.087531,-0.033043,9.5e-05,9.7e-05,0.0,0.03
130,438,-4117,86,29,70,-1.118,-2.025,-0.082344,-0.033596,9.5e-05,9.7e-05,0.0,0.03
272,471,-4082,68,66,-76,-0.999,-2.143,-0.080267,-0.035664,9.5e-05,9.7e-05,0.0,0.03
229,452,-4122,65,19,-129,-0.859,-2.319,-0.077829,-0.038722,9.5e-05,9.7e-05,0.0,0.03
141,354,-4172,-21,-6,-172,-0.879,-2.339,-0.078168,-0.039081,9.5e-05,9.7e-05,0.0,0.03
202,152,-4131,-20,37,-99,-0.93,-2.402,-0.079056,-0.040177,9.5e-05,9.7e-05,0.0,0.03
230,203,-4066,-40,30,-170,-0.959,-2.551,-0.079573,-0.042784,9.5e-05,9.7e-05,0.0,0.03
212,197,-4076,-91,-8,-262,-1.032,-2.619,-0.080846,-0.04397,9.5e-05,9.7e-05,0.0,0.03
170,165,-4118,-43,23,-256,-1.086,-2.684,-0.081785,-0.045091,9.5e-05,9.8e-05,0.0,0.03
166,242,-4113,46,47,-276,-0.985,-2.838,-0.080025,-0.047781,9.5e-05,9.8e-05,0.0,0.03
168,231,-4094,70,31,-229,-0.78,-2.945,-0.076454,-0.049648,9.5e-05,9.9e-05,0.0,0.03
196,286,-4128,45,20,-214,-0.6,-3.037,-0.073298,-0.051254,9.5e-05,9.9e-05,0.0,0.03
188,279,-4105,-2,16,-187,-0.503,-3.106,-0.071614,-0.052462,9.5e-05,9.9e-05,0.0,0.03
198,273,-4117,-14,5,-47,-0.51,-3.137,-0.071727,-0.053,9.5e-05,9.9e-05,0.0,0.03
78,274,-4105,11,-17,91,-0.509,-3.054,-0.071717,-0.051554,9.5e-05,9.9e-05,0.0,0.03
212,290,-4106,-26,-21,113,-0.523,-2.966,-0.071963,-0.050029,9.5e-05,9.9e-05,0.0,0.03
199,269,-4179,-148,-10,46,-0.766,-2.925,-0.076195,-0.049312,9.5e-05,9.8e-05,0.0,0.03
192,237,-4141,-191,-8,-18,-1.158,-2.892,-0.083045,-0.048733,9.5e-05,9.8e-05,0.0,0.03
214,242,-4084,-130,-15,-18,-1.543,-2.882,-0.089767,-0.048561,9.5e-05,9.8e-05,0.0,0.03
128,267,-4074,-56,-8,65,-1.705,-2.823,-0.092596,-0.047532,9.5e-05,9.8e-05,0.0,0.03
184,350,-4095,0,-21,162,-1.76,-2.752,-0.093547,-0.046285,9.5e-05,9.8e-05,0.0,0.03
142,413,-4109,-11,-28,226,-1.803,-2.632,-0.094293,-0.044199,9.5e-05,9.8e-05,0.0,0.03
157,384,-4099,-57,-11,272,-1.879,-2.506,-0.095625,-0.041992,9.5e-05,9.8e-05,0.0,0.03
194,363,-4138,-36,-42,360,-2.038,-2.375,-0.098408,-0.0397,9.5e-05,9.9e-05,0.0,0.03
142,375,-4092,59,-60,452,-2.044,-2.136,-0.098506,-0.035542,9.5e-05,0.0001,0.0,0.03
205,524,-4008,6,-31,367,-2.004,-1.929,-0.097808,-0.03193,9.5e-05,0.000101,0.0,0.03
335,631,-4119,-30,-41,78,-2.221,-1.879,-0.101603,-0.031047,9.5e-05,0.000101,0.0,0.03
182,582,-4071,67,-6,-82,-2.252,-1.893,-0.102142,-0.031295,9.5e-05,0.000101,0.0,0.03
179,493,-4057,156,8,-92,-1.959,-1.929,-0.097021,-0.031927,9.5e-05,0.0001,0.0,0.03
146,527,-4080,44,27,-80,-1.763,-2.017,-0.093598,-0.033451,9.5e-05,0.0001,0.0,0.03
150,462,-4111,-26,0,14,-1.827,-2.066,-0.094712,-0.034314,9.5e-05,0.0001,0.0,0.03
191,428,-4071,96,-26,11,-1.775,-2.036,-0.093812,-0.033789,9.5e-05,9.9e-05,0.0,0.03
162,401,-4086,103,16,-12,-1.478,-2.028,-0.088629,-0.033642,9.5e-05,9.9e-05,0.0,0.03
179,423,-4122,0,15,-59,-1.41,-2.104,-0.087449,-0.034983,9.5e-05,9.9e-05,0.0,0.03
224,310,-4122,-28,-1,-75,-1.466,-2.158,-0.088411,-0.03592,9.5e-05,9.9e-05,0.0,0.03
189,339,-4094,-50,21,-179,-1.53,-2.232,-0.089531,-0.037215,9.5e-05,9.9e-05,0.0,0.03
171,302,-4115,-70,41,-224,-1.628,-2.358,-0.091247,-0.039415,9.5e-05,9.9e-05,0.0,0.03
214,330,-4124,-77,17,-225,-1.789,-2.513,-0.094064,-0.042123,9.5e-05,9.9e-05,0.0,0.03
127,289,-4092,-53,21,-154,-1.868,-2.576,-0.095436,-0.043209,9.5e-05,9.9e-05,0.0,0.03
169,281,-4144,-125,25,-74,-2.024,-2.639,-0.098161,-0.044308,9.5e-05,9.9e-05,0.0,0.03
213,326,-4116,-139,-14,-27,-2.309,-2.665,-0.103134,-0.044769,9.5e-05,9.9e-05,0.0,0.03
156,392,-4095,-119,-17,8,-2.554,-2.625,-0.107414,-0.044071,9.5e-05,9.9e-05,0.0,0.03
165,474,-4082,-102,-22,82,-2.856,-2.543,-0.11267,-0.042634,9.5e-05,9.8e-05,0.0,0.03
143,470,-4062,-38,-14,104,-3.027,-2.451,-0.115668,-0.041041,9.5e-05,9.8e-05,0.0,0.03
233,591,-4045,76,-15,89,-2.988,-2.397,-0.114989,-0.040099,9.5e-05,9.8e-05,0.0,0.03
155,585,-4073,107,-18,56,-2.812,-2.371,-0.111906,-0.03963,9.5e-05,9.8e-05,0.0,0.03
209,598,-4090,2,6,-39,-2.724,-2.346,-0.110376,-0.039196,9.5e-05,9.8e-05,0.0,0.03
147,433,-4055,27,9,-8,-2.784,-2.401,-0.111427,-0.040167,9.5e-05,9.8e-05,0.0,0.03
155,429,-4105,67,-2,-10,-2.628,-2.392,-0.108706,-0.040001,9.5e-05,9.7e-05,0.0,0.03
220,424,-4106,29,10,-10,-2.496,-2.429,-0.106399,-0.040655,9.5e-05,9.7e-05,0.0,0.03
141,407,-4104,26,-23,26,-2.435,-2.424,-0.105336,-0.04056,9.5e-05,9.7e-05,0.0,0.03
181,435,-4084,21,10,-10,-2.367,-2.386,-0.10414,-0.039903,9.5e-05,9.7e-05,0.0,0.03
208,432,-4087,8,6,0,-2.34,-2.434,-0.10368,-0.040741,9.5e-05,9.7e-05,0.0,0.03
140,417,-4088,12,-14,9,-2.316,-2.393,-0.103252,-0.040012,9.5e-05,9.7e-05,0.0,0.03
185,423,-4082,22,9,4,-2.278,-2.393,-0.102599,-0.040029,9.5e-05,9.7e-05,0.0,0.03
184,424,-4102,16,-11,5,-2.229,-2.406,-0.101732,-0.040244,9.5e-05,9.6e-05,0.0,0.03
161,405,-4099,-7,-5,16,-2.23,-2.37,-0.101747,-0.039623,9.5e-05,9.6e-05,0.0,0.03
184,395,-4098,-3,-4,10,-2.234,-2.369,-0.101827,-0.039594,9.5e-05,9.6e-05,0.0,0.03
168,427,-4103,-5,-3,-6,-2.237,-2.358,-0.101877,-0.039413,9.5e-05,9.6e-05,0.0,0.03
181,418,-4097,-13,-3,-15,-2.259,-2.365,-0.102251,-0.039533,9.5e-05,9.6e-05,0.0,0.03
165,401,-4102,0,-4,-1,-2.265,-2.355,-0.102372,-0.039364,9.5e-05,9.6e-05,0.0,0.03
176,412,-4102,0,-2,12,-2.271,-2.359,-0.102473,-0.039433,9.5e-05,9.6e-05,0.0,0.03
168,421,-4101,-5,-10,9,-2.279,-2.35,-0.102606,-0.039273,9.5e-05,9.6e-05,0.0,0.03
181,421,-4098,-9,-8,2,-2.292,-2.336,-0.102837,-0.03902,9.5e-05,9.6e-05,0.0,0.03
165,419,-4084,1,3,-14,-2.3,-2.339,-0.102974,-0.03907,9.5e-05,9.6e-05,0.0,0.03
188,419,-4097,-10,0,-12,-2.305,-2.364,-0.103057,-0.039507,9.5e-05,9.6e-05,0.0,0.03
162,427,-4095,-12,-9,-5,-2.339,-2.35,-0.103648,-0.039274,9.5e-05,9.6e-05,0.0,0.03
174,443,-4079,6,6,-10,-2.343,-2.353,-0.103733,-0.039319,9.5e-05,9.6e-05,0.0,0.03
179,429,-4093,14,-2,6,-2.313,-2.37,-0.103202,-0.039613,9.5e-05,9.5e-05,0.0,0.03
156,428,-4080,27,-8,20,-2.278,-2.347,-0.102592,-0.039219,9.5e-05,9.5e-05,0.0,0.03
179,438,-4053,30,-2,28,-2.209,-2.342,-0.101378,-0.039124,9.5e-05,9.5e-05,0.0,0.03
164,424,-4117,10,-24,46,-2.162,-2.315,-0.100573,-0.038653,9.5e-05,9.5e-05,0.0,0.03
156,407,-4093,-1,-35,37,-2.156,-2.184,-0.10046,-0.036371,9.5e-05,9.5e-05,0.0,0.03
190,402,-4084,7,12,11,-2.151,-2.177,-0.100374,-0.03625,9.5e-05,9.5e-05,0.0,0.03
155,382,-4109,-13,25,-20,-2.141,-2.255,-0.100201,-0.037612,9.5e-05,9.5e-05,0.0,0.03
170,395,-4123,-72,21,-48,-2.254,-2.321,-0.102174,-0.038759,9.5e-05,9.5e-05,0.0,0.03
209,349,-4124,-134,17,-74,-2.479,-2.4,-0.106103,-0.040144,9.5e-05,9.5e-05,0.0,0.03
167,385,-4080,-129,27,-106,-2.798,-2.482,-0.111661,-0.041574,9.5e-05,9.5e-05,0.0,0.03
206,423,-4142,-131,34,-195,-3.075,-2.608,-0.116493,-0.043781,9.5e-05,9.6e-05,0.0,0.03
193,500,-4035,-72,76,-265,-3.284,-2.814,-0.120155,-0.047377,9.5e-05,9.6e-05,0.0,0.03
242,460,-4083,-19,51,-351,-3.307,-3.089,-0.120549,-0.05216,9.5e-05,9.7e-05,0.0,0.03
144,493,-4076,-80,60,-290,-3.38,-3.289,-0.12182,-0.055664,9.5e-05,9.8e-05,0.0,0.03
181,565,-4098,-97,59,-195,-3.561,-3.52,-0.124988,-0.059686,9.5e-05,9.8e-05,0.0,0.03
143,546,-4065,8,-8,14,-3.689,-3.556,-0.127221,-0.060321,9.5e-05,9.8e-05,0.0,0.03
182,588,-4152,-29,-21,42,-3.704,-3.444,-0.127483,-0.058357,9.5e-05,9.8e-05,0.0,0.03
234,190,-4120,-19,0,8,1.301,-2.924,-0.040133,-0.04928,0.130436,0.130485,3e-06,0.3
241,187,-4107,-12,-5,6,1.205,-3.084,-0.041796,-0.052075,0.090911,0.090939,3e-06,0.3
224,181,-4131,-48,17,4,1.22,-3.337,-0.041547,-0.056496,0.007483,0.007486,3e-06,0.3
205,159,-4141,-113,-17,19,0.879,-3.303,-0.047498,-0.055903,0.006013,0.006015,3e-06,0.3
237,215,-4094,-74,-5,-17,0.703,-3.256,-0.050561,-0.055084,0.005117,0.005119,3e-06,0.3
265,183,-4084,7,2,-66,0.676,-3.382,-0.051027,-0.057274,0.004336,0.004346,3e-06,0.3
175,118,-4111,32,-14,9,0.895,-3.285,-0.047206,-0.055582,0.003814,0.003825,3e-06,0.3
217,137,-4115,9,-1,81,1.019,-3.238,-0.045053,-0.054762,0.003447,0.00346,3e-06,0.3
225,155,-4124,-8,-13,85,1.049,-3.217,-0.044523,-0.054397,0.003089,0.003108,3e-06,0.3
211,166,-4115,-18,-5,102,1.041,-3.179,-0.044668,-0.053747,0.002852,0.002875,3e-06,0.3
245,180,-4113,5,-9,77,1.008,-3.175,-0.045234,-0.053664,0.002611,0.002639,3e-06,0.3
239,180,-4093,58,0,8,1.088,-3.185,-0.043836,-0.053837,0.00243,0.002454,3e-06,0.3
246,183,-4109,65,-1,-26,1.244,-3.211,-0.041114,-0.0543,0.002275,0.002296,3e-06,0.3
214,157,-4126,30,-2,-10,1.356,-3.215,-0.039173,-0.054362,0.002143,0.002161,3e-06,0.3
216,138,-4125,8,-4,13,1.399,-3.197,-0.038417,-0.054049,0.002038,0.002055,3e-06,0.3
214,130,-4116,1,-4,40,1.423,-3.181,-0.038002,-0.053769,0.001927,0.001942,3e-06,0.3
207,123,-4121,-10,-5,88,1.428,-3.152,-0.037908,-0.053262,0.001839,0.001854,3e-06,0.3
219,127,-4114,-19,-5,119,1.399,-3.122,-0.038408,-0.052739,0.001761,0.001778,3e-06,0.3
215,128,-4117,-28,-10,166,1.349,-3.089,-0.039279,-0.052171,0.001691,0.001714,3e-06,0.3
232,132,-4106,-21,-3,175,1.28,-3.067,-0.04049,-0.051782,0.001629,0.00166,3e-06,0.3
198,141,-4145,-64,-14,196,1.18,-3.015,-0.042232,-0.050873,0.001574,0.00161,3e-06,0.3
251,150,-4109,-54,-10,183,1.009,-2.983,-0.045218,-0.050322,0.001524,0.001567,3e-06,0.3
236,168,-4101,-18,-10,135,0.954,-2.972,-0.046175,-0.050118,0.001483,0.001529,3e-06,0.3
243,194,-4114,5,-5,74,0.926,-2.954,-0.046677,-0.049816,0.001437,0.001482,3e-06,0.3
245,158,-4104,36,-2,33,0.978,-2.976,-0.045759,-0.050201,0.0014,0.001441,3e-06,0.3
230,160,-4111,42,-1,10,1.096,-2.976,-0.043696,-0.050203,0.001366,0.001404,3e-06,0.3
242,152,-4116,32,-3,6,1.196,-2.993,-0.041965,-0.050491,0.001335,0.001369,3e-06,0.3
206,123,-4125,14,-3,39,1.267,-2.989,-0.04072,-0.050422,0.001307,0.001338,3e-06,0.3
227,135,-4119,-3,-4,68,1.292,-2.978,-0.040288,-0.050228,0.001281,0.00131,3e-06,0.3
215,134,-4124,-16,-8,91,1.269,-2.965,-0.04069,-0.05001,0.001257,0.001286,3e-06,0.3
233,145,-4116,-14,-5,84,1.236,-2.952,-0.041251,-0.049776,0.001238,0.001265,3e-06,0.3
249,152,-4109,7,-3,36,1.236,-2.953,-0.041262,-0.049788,0.001217,0.001243,3e-06,0.3
228,143,-4114,19,-2,13,1.281,-2.965,-0.040475,-0.050002,0.001198,0.001223,3e-06,0.3
230,132,-4114,15,-1,12,1.345,-2.969,-0.039355,-0.050071,0.00118,0.001202,3e-06,0.3
215,130,-4121,-3,-2,35,1.37,-2.972,-0.038929,-0.050131,0.001164,0.001184,3e-06,0.3
225,128,-4121,-16,-4,62,1.359,-2.961,-0.039107,-0.049936,0.00115,0.00117,3e-06,0.3
222,134,-4117,-25,-4,86,1.307,-2.952,-0.040016,-0.049783,0.001135,0.001155,3e-06,0.3
247,150,-4105,-9,-8,61,1.271,-2.94,-0.040647,-0.049563,0.001123,0.001141,3e-06,0.3
250,147,-4108,10,-1,15,1.286,-2.955,-0.040396,-0.049828,0.001111,0.001128,3e-06,0.3
218,133,-4115,19,-3,-7,1.337,-2.969,-0.039493,-0.050067,0.0011,0.001116,3e-06,0.3
228,129,-4115,13,0,3,1.393,-2.978,-0.038523,-0.05023,0.00109,0.001105,3e-06,0.3
219,124,-4122,2,-3,17,1.421,-2.982,-0.038034,-0.050297,0.001081,0.001095,3e-06,0.3
214,119,-4125,-27,-6,49,1.416,-2.974,-0.038119,-0.050162,0.001073,0.001086,3e-06,0.3
215,121,-4137,-70,-5,102,1.282,-2.959,-0.040464,-0.049891,0.001065,0.001078,3e-06,0.3
227,130,-4103,-61,-5,115,1.097,-2.935,-0.043685,-0.049485,0.001056,0.001071,3e-06,0.3
256,170,-4094,2,-4,29,1.045,-2.932,-0.044599,-0.04942,0.00105,0.001064,3e-06,0.3
268,186,-4099,13,6,-51,1.12,-2.972,-0.04329,-0.05013,0.001043,0.001057,3e-06,0.3
198,149,-4156,-46,-5,21,1.067,-2.974,-0.044203,-0.05016,0.001037,0.001049,3e-06,0.3
238,149,-4089,6,-2,-13,1.043,-2.97,-0.04463,-0.050083,0.001031,0.001043,3e-06,0.3
224,154,-4131,-15,-5,8,1.067,-2.979,-0.044216,-0.050241,0.001026,0.001037,3e-06,0.3
229,181,-4129,-44,1,-7,0.968,-2.981,-0.045939,-0.050282,0.001021,0.001031,3e-06,0.3
237,144,-4098,-20,0,-8,0.915,-2.996,-0.04687,-0.050543,0.001016,0.001026,3e-06,0.3
213,170,-4119,-32,-6,-10,0.879,-3.004,-0.047498,-0.050686,0.001012,0.00102,3e-06,0.3
235,182,-4120,-58,1,-11,0.77,-3.006,-0.049386,-0.050715,0.001007,0.001016,3e-06,0.3
237,176,-4115,-49,-6,-24,0.652,-3.018,-0.051452,-0.050935,0.001004,0.001012,3e-06,0.3
228,195,-4100,-23,4,-69,0.591,-3.034,-0.052514,-0.051201,0.001,0.001008,3e-06,0.3
235,191,-4115,-16,-2,-61,0.578,-3.064,-0.052737,-0.051726,0.000997,0.001005,3e-06,0.3
220,198,-4119,-28,-1,-50,0.543,-3.075,-0.053352,-0.05192,0.000994,0.001001,3e-06,0.3
225,213,-4121,-38,0,-29,0.456,-3.087,-0.054878,-0.052142,0.000991,0.000998,3e-06,0.3
214,209,-4110,-52,-2,16,0.358,-3.078,-0.05659,-0.051969,0.000988,0.000995,3e-06,0.3
220,236,-4121,-75,-4,29,0.219,-3.073,-0.059007,-0.051894,0.000986,0.000992,3e-06,0.3
239,259,-4120,-113,-3,8,-0.038,-3.069,-0.063501,-0.051817,0.000983,0.000989,3e-06,0.3
230,277,-4112,-143,2,-25,-0.362,-3.08,-0.069154,-0.052016,0.000981,0.000987,3e-06,0.3
226,227,-4096,-84,-4,-11,-0.622,-3.081,-0.073679,-0.052024,0.000979,0.000984,3e-06,0.3
231,272,-4088,-53,1,-18,-0.727,-3.082,-0.075512,-0.05204,0.000977,0.000982,3e-06,0.3
246,312,-4116,-66,3,-85,-0.868,-3.119,-0.077989,-0.052693,0.000975,0.00098,3e-06,0.3
250,325,-4103,-83,13,-141,-1.045,-3.178,-0.081067,-0.053713,0.000973,0.00098,3e-06,0.3
217,315,-4115,-83,14,-162,-1.205,-3.24,-0.083869,-0.054798,0.000972,0.00098,3e-06,0.3
223,299,-4085,-65,14,-149,-1.351,-3.308,-0.086409,-0.055989,0.00097,0.000981,3e-06,0.3
225,294,-4098,-38,12,-137,-1.404,-3.357,-0.087334,-0.056845,0.000969,0.000981,3e-06,0.3
219,326,-4094,-36,15,-127,-1.465,-3.404,-0.088407,-0.057658,0.000967,0.00098,3e-06,0.3
265,350,-4123,-32,11,-173,-1.525,-3.469,-0.089457,-0.058797,0.000966,0.000981,3e-06,0.3
247,378,-4086,-8,33,-280,-1.526,-3.589,-0.089467,-0.060888,0.000965,0.000984,3e-06,0.3
193,325,-4114,-42,18,-202,-1.542,-3.67,-0.089738,-0.062306,0.000964,0.000987,3e-06,0.3
222,392,-4095,-68,23,-191,-1.67,-3.754,-0.091985,-0.06377,0.000963,0.000989,3e-06,0.3
223,352,-4123,-14,22,-243,-1.709,-3.851,-0.092652,-0.065473,0.000962,0.000992,3e-06,0.3
238,364,-4101,16,22,-252,-1.652,-3.926,-0.091662,-0.06678,0.000961,0.000994,3e-06,0.3
204,321,-4112,34,20,-228,-1.49,-3.999,-0.088836,-0.068047,0.00096,0.000997,3e-06,0.3
163,360,-4163,-81,22,-146,-1.478,-4.041,-0.088622,-0.068786,0.000959,0.000997,3e-06,0.3
290,389,-4086,-132,22,-115,-1.739,-4.066,-0.093181,-0.069227,0.000959,0.000995,3e-06,0.3
219,279,-3995,-12,41,-116,-1.887,-4.184,-0.095774,-0.07128,0.000958,0.000994,3e-06,0.3
141,199,-4170,24,30,33,-1.688,-4.182,-0.092296,-0.071249,0.000957,0.000992,3e-06,0.3
316,462,-4149,-5,-13,-50,-1.599,-4.16,-0.090733,-0.070867,0.000957,0.000989,3e-06,0.3
337,336,-4073,-37,-1,-103,-1.658,-4.203,-0.091765,-0.071614,0.000956,0.000987,3e-06,0.3
161,375,-4068,-104,11,-85,-1.872,-4.193,-0.095505,-0.071432,0.000955,0.000985,3e-06,0.3
295,336,-4099,-51,34,-150,-2.032,-4.221,-0.098289,-0.071927,0.000955,0.000985,3e-06,0.3
192,351,-4113,-7,32,-88,-2.023,-4.29,-0.098135,-0.073135,0.000954,0.000983,3e-06,0.3
201,413,-4084,-12,32,-166,-2.039,-4.341,-0.098419,-0.074011,0.000954,0.000983,3e-06,0.3
273,344,-4095,-38,27,-163,-2.074,-4.43,-0.099026,-0.075565,0.000954,0.000983,3e-06,0.3
308,470,-4151,-66,-18,-328,-2.189,-4.479,-0.101034,-0.076427,0.000953,0.000988,3e-06,0.3
241,405,-4159,-16,0,-438,-2.224,-4.525,-0.101643,-0.077236,0.000953,0.000997,3e-06,0.3
93,380,-4017,-23,63,-450,-2.206,-4.762,-0.101336,-0.08137,0.000952,0.001009,3e-06,0.3
171,366,-3993,-77,98,-421,-2.216,-5.018,-0.101512,-0.085842,0.000952,0.001019,3e-06,0.3
228,455,-4035,-107,65,-466,-2.365,-5.249,-0.104103,-0.089868,0.000952,0.001029,3e-06,0.3
177,404,-4172,-90,94,-402,-2.491,-5.448,-0.106302,-0.093333,0.000952,0.001037,3e-06,0.3
236,445,-4101,-13,44,-466,-2.529,-5.704,-0.106979,-0.097812,0.000951,0.001045,3e-06,0.3
145,377,-4201,-51,38,-496,-2.467,-5.835,-0.105888,-0.100095,0.000951,0.001054,3e-06,0.3
196,434,-4043,-71,113,-468,-2.518,-6.07,-0.106777,-0.104197,0.000951,0.001063,3e-06,0.3
45,424,-4138,-121,119,-388,-2.712,-6.371,-0.110163,-0.109453,0.000951,0.001071,3e-06,0.3
266,493,-4167,-135,1,-451,-2.917,-6.586,-0.11375,-0.113198,0.00095,0.001076,3e-06,0.3
190,430,-4059,-112,123,-439,-3.091,-6.849,-0.116772,-0.117793,0.00095,0.001084,3e-06,0.3
72,467,-3863,-91,82,-465,-3.146,-7.027,-0.117744,-0.120906,0.00095,0.001091,3e-06,0.3
184,603,-3850,-61,92,-462,-3.354,-7.202,-0.121367,-0.123958,0.00095,0.001101,3e-06,0.3
6,392,-4205,-64,95,-421,-3.379,-7.311,-0.121803,-0.125864,0.00095,0.001107,3e-06,0.3
219,523,-4067,-84,127,-422,-3.419,-7.658,-0.122504,-0.131905,0.00095,0.001113,3e-06,0.3
-16,566,-4242,-147,105,-375,-3.628,-7.909,-0.126158,-0.136298,0.000949,0.001116,3e-06,0.3
371,737,-4230,-94,143,-519,-4.051,-8.192,-0.133529,-0.141241,0.000949,0.001122,3e-06,0.3
228,495,-4633,-420,17,-419,-4.399,-8.425,-0.139611,-0.145298,0.000949,0.001127,3e-06,0.3
-85,1052,-3252,-80,25,-250,-5.291,-8.413,-0.155185,-0.145087,0.000949,0.001128,3e-06,0.3
55,968,-3494,253,40,-89,-5.386,-7.99,-0.156835,-0.137705,0.000949,0.001119,3e-06,0.3
248,1412,-4188,656,231,-67,-4.176,-8.183,-0.135718,-0.141077,0.000949,0.001108,3e-06,0.3
840,4553,-1393,380,518,-3700,-5.024,-9.969,-0.150514,-0.172247,0.000949,0.001137,3e-06,0.3
-1528,-1011,-6793,-16,1169,-2648,-1.717,-13.314,-0.092798,-0.230632,0.000949,0.001165,3e-06,0.3
-358,1532,-3026,642,617,-1742,0.13,-15.285,-0.060557,-0.265036,0.000949,0.001192,3e-06,0.3
103,791,-4189,-123,77,-1144,1.03,-16.0,-0.044854,-0.27751,0.000948,0.001214,3e-06,0.3
454,1195,-3920,-320,166,-665,0.685,-16.268,-0.050877,-0.282179,0.000948,0.00123,3e-06,0.3
-464,1153,-4060,-231,-128,165,-0.454,-15.709,-0.070752,-0.272422,0.000948,0.001219,3e-06,0.3
649,1817,-3502,119,57,-31,-1.244,-15.183,-0.084544,-0.263247,0.000948,0.001202,3e-06,0.3
124,1207,-3825,416,28,81,-1.024,-14.859,-0.080709,-0.257602,0.000948,0.001185,3e-06,0.3
286,1339,-4088,512,-74,123,-0.289,-14.337,-0.067879,-0.248484,0.000948,0.00117,3e-06,0.3
183,969,-3914,530,14,145,0.416,-13.823,-0.055574,-0.239503,0.000948,0.001158,3e-06,0.3
254,1004,-4017,429,4,162,1.157,-13.459,-0.042632,-0.233167,0.000948,0.001147,3e-06,0.3
213,993,-3926,306,26,12,1.623,-13.108,-0.034501,-0.227034,0.000948,0.001135,3e-06,0.3
234,753,-4186,187,-40,80,1.764,-12.741,-0.032038,-0.22062,0.000948,0.001122,3e-06,0.3
294,615,-4030,160,13,127,1.896,-12.458,-0.029747,-0.215696,0.000948,0.001113,3e-06,0.3
171,495,-3987,47,-11,138,1.947,-12.127,-0.02885,-0.209912,0.000948,0.001105,3e-06,0.3
297,510,-3985,60,-35,158,1.755,-11.69,-0.032207,-0.202287,0.000948,0.001097,3e-06,0.3
190,413,-4039,93,-32,230,1.691,-11.386,-0.033313,-0.196973,0.000948,0.001092,3e-06,0.3
125,523,-4104,188,-37,278,1.697,-11.039,-0.03322,-0.190923,0.000948,0.00109,3e-06,0.3
155,403,-4030,180,-73,371,1.897,-10.756,-0.02972,-0.18599,0.000948,0.001092,3e-06,0.3
280,481,-4236,195,-39,403,2.155,-10.435,-0.025219,-0.180385,0.000948,0.001096,3e-06,0.3
167,509,-4014,179,7,341,2.276,-10.177,-0.023108,-0.175875,0.000948,0.001098,3e-06,0.3
247,351,-4168,207,-31,234,2.518,-9.883,-0.018884,-0.170754,0.000948,0.001096,3e-06,0.3
305,291,-4028,232,-85,91,2.875,-9.674,-0.012662,-0.167093,0.000948,0.001089,3e-06,0.3
200,243,-4184,119,37,-81,3.22,-9.434,-0.006636,-0.162915,0.000948,0.00108,3e-06,0.3
457,162,-4320,-31,-48,-170,3.371,-9.241,-0.003999,-0.159532,0.000948,0.001075,3e-06,0.3
203,99,-4070,-120,50,-277,3.254,-8.989,-0.006045,-0.155144,0.000947,0.001074,3e-06,0.3
194,-32,-4216,-52,38,-199,3.141,-8.918,-0.008013,-0.153901,0.000947,0.001073,3e-06,0.3
323,-155,-4152,-235,-65,15,2.872,-8.767,-0.012712,-0.151276,0.000947,0.001066,3e-06,0.3
214,-93,-4134,-151,34,176,2.364,-8.586,-0.021565,-0.148106,0.000947,0.00106,3e-06,0.3
100,-10,-4053,235,-27,265,2.568,-8.441,-0.018012,-0.145582,0.000947,0.00106,3e-06,0.3
131,166,-4052,212,-35,246,3.017,-8.105,-0.010181,-0.139721,0.000947,0.00106,3e-06,0.3
428,439,-4125,187,14,110,3.197,-8.074,-0.007032,-0.139164,0.000947,0.001057,3e-06,0.3
192,148,-4223,-51,-53,34,3.15,-7.894,-0.007857,-0.136028,0.000947,0.001052,3e-06,0.3
364,125,-4194,-107,-52,-2,2.745,-7.578,-0.014921,-0.130514,0.000947,0.001044,3e-06,0.3
190,-51,-3985,-69,30,-97,2.589,-7.474,-0.017644,-0.128709,0.000947,0.001039,3e-06,0.3
246,-251,-4177,-74,-45,-119,2.571,-7.279,-0.01796,-0.125296,0.000947,0.001035,3e-06,0.3
168,-239,-4222,-4,10,172,2.579,-7.124,-0.01782,-0.122586,0.000947,0.00103,3e-06,0.3
187,54,-4231,25,-14,208,2.703,-6.956,-0.015656,-0.119652,0.000947,0.00103,3e-06,0.3
325,368,-4056,-51,-16,7,2.582,-6.779,-0.01776,-0.116569,0.000947,0.001028,3e-06,0.3
375,-29,-4028,-197,73,-171,2.2,-6.916,-0.024438,-0.118962,0.000947,0.001025,3e-06,0.3
148,171,-4069,124,-25,-43,2.169,-6.833,-0.024984,-0.117509,0.000947,0.001022,3e-06,0.3
99,193,-4135,23,-60,-51,2.349,-6.522,-0.021839,-0.112077,0.000947,0.001017,3e-06,0.3
36,568,-4067,537,-200,11,2.454,-6.333,-0.020002,-0.108791,0.000947,0.001013,3e-06,0.3
528,175,-3852,-74,190,154,2.711,-6.349,-0.015517,-0.109072,0.000947,0.001013,3e-06,0.3
11,-50,-4201,-199,-41,47,2.356,-6.187,-0.021713,-0.10623,0.000947,0.00101,3e-06,0.3
260,317,-4328,-77,-64,22,1.835,-5.992,-0.030805,-0.102838,0.000947,0.001006,3e-06,0.3
200,30,-4165,-110,0,119,1.588,-5.836,-0.035118,-0.100107,0.000947,0.001003,3e-06,0.3
124,306,-4027,49,83,202,1.456,-5.75,-0.037424,-0.098619,0.000947,0.001003,3e-06,0.3
202,149,-4119,92,9,203,1.506,-5.746,-0.036552,-0.098547,0.000947,0.001005,3e-06,0.3
333,82,-4262,-6,-9,14,1.788,-5.712,-0.031618,-0.097945,0.000947,0.001004,3e-06,0.3
323,177,-4216,-105,-32,-66,1.695,-5.596,-0.033241,-0.095922,0.000947,0.001,3e-06,0.3
261,241,-3921,-169,27,-180,1.354,-5.629,-0.039208,-0.096493,0.000947,0.000999,3e-06,0.3
130,135,-4121,-130,27,-91,1.033,-5.637,-0.044796,-0.096642,0.000947,0.000998,3e-06,0.3
410,129,-4260,-112,6,-42,0.826,-5.541,-0.048421,-0.094965,0.000947,0.000995,3e-06,0.3
221,244,-4047,-90,18,18,0.563,-5.476,-0.053011,-0.093825,0.000947,0.000992,3e-06,0.3
178,403,-3986,130,-73,-48,0.609,-5.368,-0.052203,-0.091947,0.000947,0.000989,3e-06,0.3
298,373,-4171,121,-84,-73,0.871,-5.366,-0.047628,-0.091916,0.000947,0.000987,3e-06,0.3
143,308,-4314,95,38,-35,1.083,-5.396,-0.043927,-0.092436,0.000947,0.000985,3e-06,0.3
224,329,-4069,-1,-2,15,1.124,-5.327,-0.043216,-0.091234,0.000947,0.000983,3e-06,0.3
355,303,-4196,-59,-39,132,0.989,-5.185,-0.045575,-0.088758,0.000947,0.000981,3e-06,0.3
137,193,-4215,-21,-30,236,0.847,-4.968,-0.04804,-0.084961,0.000947,0.000984,3e-06,0.3
255,219,-4208,90,-19,174,0.866,-4.86,-0.047713,-0.083073,0.000947,0.000986,3e-06,0.3
246,150,-4021,152,-14,140,1.201,-4.775,-0.041874,-0.081596,0.000947,0.000986,3e-06,0.3
213,191,-4118,41,-23,145,1.393,-4.67,-0.038525,-0.079769,0.000947,0.000986,3e-06,0.3
262,211,-4115,-93,-29,255,1.231,-4.519,-0.041348,-0.077128,0.000947,0.000987,3e-06,0.3
111,98,-4243,-168,-23,386,0.91,-4.4,-0.046952,-0.075052,0.000947,0.000993,3e-06,0.3
292,126,-4234,-191,-73,426,0.373,-4.171,-0.056319,-0.071051,0.000947,0.001004,3e-06,0.3
226,214,-4020,-184,-16,300,-0.118,-4.021,-0.064885,-0.06843,0.000947,0.001011,3e-06,0.3
296,335,-4076,-162,-24,112,-0.613,-3.943,-0.073533,-0.067071,0.000947,0.001011,3e-06,0.3
276,395,-4001,-22,19,-85,-0.869,-3.952,-0.077995,-0.067227,0.000947,0.001008,3e-06,0.3
235,384,-4062,31,11,-116,-0.83,-3.957,-0.07731,-0.067318,0.000947,0.001005,3e-06,0.3
174,360,-3964,22,-6,-39,-0.702,-3.944,-0.075078,-0.067089,0.000947,0.001002,3e-06,0.3
151,377,-4069,33,-39,34,-0.726,-3.914,-0.075497,-0.066575,0.000947,0.000999,3e-06,0.3
277,325,-4125,22,-24,-2,-0.674,-3.905,-0.074588,-0.066409,0.000947,0.000995,3e-06,0.3
128,346,-3966,-38,8,74,-0.652,-3.835,-0.074219,-0.06519,0.000947,0.000993,3e-06,0.3
254,411,-3851,41,1,32,-0.649,-3.757,-0.074165,-0.063821,0.000947,0.00099,3e-06,0.3
193,353,-3975,51,-5,58,-0.571,-3.742,-0.07279,-0.063564,0.000947,0.000988,3e-06,0.3
172,332,-4057,32,14,44,-0.473,-3.676,-0.07108,-0.06241,0.000947,0.000986,3e-06,0.3
221,294,-4001,39,-12,33,-0.408,-3.641,-0.069958,-0.061806,0.000947,0.000984,3e-06,0.3
187,286,-4086,51,2,26,-0.288,-3.607,-0.067854,-0.061213,0.000947,0.000981,3e-06,0.3
243,323,-4134,57,-7,-4,-0.159,-3.582,-0.065607,-0.06078,0.000947,0.000979,3e-06,0.3
197,291,-4127,60,2,-11,-0.043,-3.578,-0.063582,-0.060702,0.000947,0.000977,3e-06,0.3
225,268,-4138,51,-10,-3,0.098,-3.549,-0.061124,-0.060204,0.000947,0.000975,3e-06,0.3
213,260,-4128,29,3,3,0.184,-3.539,-0.059624,-0.060016,0.000947,0.000974,3e-06,0.3
220,257,-4123,17,-6,6,0.228,-3.512,-0.058851,-0.059545,0.000947,0.000972,3e-06,0.3
213,257,-4107,3,7,-3,0.248,-3.495,-0.058503,-0.059262,0.000947,0.00097,3e-06,0.3
236,242,-4142,6,-1,-2,0.267,-3.494,-0.058168,-0.059243,0.000947,0.000969,3e-06,0.3
227,242,-4129,-18,0,-18,0.25,-3.478,-0.058468,-0.058965,0.000947,0.000968,3e-06,0.3
205,235,-4155,-74,1,-7,0.142,-3.477,-0.060356,-0.058935,0.000947,0.000966,3e-06,0.3
222,244,-4123,-119,-2,-6,-0.097,-3.453,-0.064525,-0.058517,0.000947,0.000965,3e-06,0.3
219,256,-4121,-156,0,5,-0.441,-3.448,-0.07053,-0.058438,0.000947,0.000964,3e-06,0.3
230,300,-4093,-127,4,-70,-0.763,-3.442,-0.076156,-0.058331,0.000947,0.000963,3e-06,0.3
238,288,-4094,-92,22,-124,-0.983,-3.486,-0.079983,-0.059089,0.000947,0.000963,3e-06,0.3
184,292,-4105,-99,20,-89,-1.151,-3.551,-0.082926,-0.06023,0.000947,0.000964,3e-06,0.3
253,319,-4262,-138,-33,-32,-1.477,-3.499,-0.088608,-0.059331,0.000947,0.000963,3e-06,0.3
193,331,-4103,-91,13,-37,-1.727,-3.495,-0.092979,-0.059254,0.000947,0.000962,3e-06,0.3
262,324,-4167,93,24,30,-1.684,-3.526,-0.092231,-0.0598,0.000947,0.000961,3e-06,0.3
244,350,-4138,119,16,-104,-1.43,-3.568,-0.087792,-0.060534,0.000947,0.000961,3e-06,0.3
244,342,-4165,-1,40,15,-1.253,-3.702,-0.084696,-0.062866,0.000947,0.000961,3e-06,0.3
338,447,-4353,-96,-66,61,-1.455,-3.668,-0.088219,-0.062268,0.000947,0.00096,3e-06,0.3
144,311,-3991,-39,-47,43,-1.632,-3.56,-0.091319,-0.060392,0.000947,0.00096,3e-06,0.3
234,307,-3775,86,26,43,-1.537,-3.556,-0.089666,-0.060318,0.000947,0.000959,3e-06,0.3
259,354,-4101,139,25,67,-1.201,-3.58,-0.08379,-0.060742,0.000947,0.000959,3e-06,0.3
239,545,-4234,75,36,217,-0.985,-3.499,-0.080025,-0.059329,0.000947,0.00096,3e-06,0.3
181,686,-4082,55,51,43,-0.911,-3.462,-0.078735,-0.058685,0.000947,0.00096,3e-06,0.3
336,434,-4011,105,-18,50,-0.747,-3.421,-0.075868,-0.057971,0.000947,0.00096,3e-06,0.3
243,460,-4096,124,2,-48,-0.511,-3.415,-0.071754,-0.057862,0.000947,0.000959,3e-06,0.3
245,410,-4126,138,7,-78,-0.228,-3.44,-0.066808,-0.058293,0.000947,0.000959,3e-06,0.3
198,349,-4118,114,9,-59,0.011,-3.455,-0.062647,-0.058557,0.000947,0.000959,3e-06,0.3
268,297,-4109,105,16,-50,0.23,-3.47,-0.058822,-0.05882,0.000947,0.000958,3e-06,0.3
227,249,-4135,69,2,-39,0.47,-3.497,-0.054637,-0.059283,0.000947,0.000958,3e-06,0.3
309,204,-4152,87,-51,36,0.662,-3.429,-0.051278,-0.058095,0.000947,0.000957,3e-06,0.3
155,201,-4032,60,1,59,0.863,-3.327,-0.047768,-0.056315,0.000947,0.000957,3e-06,0.3
196,217,-4171,74,29,62,1.069,-3.326,-0.04417,-0.056312,0.000947,0.000957,3e-06,0.3
336,216,-4123,60,-9,53,1.194,-3.31,-0.041992,-0.056028,0.000947,0.000956,3e-06,0.3
164,202,-4216,87,-3,11,1.352,-3.292,-0.039241,-0.055714,0.000947,0.000956,3e-06,0.3
319,180,-4108,29,-21,-8,1.459,-3.307,-0.037367,-0.05597,0.000947,0.000955,3e-06,0.3
145,172,-3999,-26,-42,123,1.349,-3.283,-0.039285,-0.055556,0.000947,0.000955,3e-06,0.3
169,192,-4005,-45,1,155,1.116,-3.231,-0.043357,-0.054643,0.000947,0.000958,3e-06,0.3
299,209,-4027,-22,-15,98,0.991,-3.262,-0.045532,-0.055182,0.000947,0.000959,3e-06,0.3
266,221,-4139,-11,-42,3,0.843,-3.25,-0.04812,-0.054975,0.000947,0.000958,3e-06,0.3
159,196,-3959,-3,40,-80,0.801,-3.266,-0.048856,-0.055257,0.000947,0.000958,3e-06,0.3
304,173,-4074,11,26,-165,0.898,-3.306,-0.047158,-0.055949,0.000947,0.000959,3e-06,0.3
165,148,-4157,-17,14,-113,0.913,-3.327,-0.046903,-0.056313,0.000947,0.00096,3e-06,0.3
249,129,-4137,-3,-12,-36,0.925,-3.308,-0.046689,-0.055993,0.000947,0.00096,3e-06,0.3
182,150,-4112,4,9,20,0.953,-3.313,-0.04619,-0.056082,0.000947,0.000959,3e-06,0.3
228,180,-4128,-8,-18,37,0.956,-3.275,-0.046153,-0.055422,0.000947,0.000959,3e-06,0.3
253,192,-4109,-35,8,15,0.89,-3.282,-0.047298,-0.055536,0.000947,0.000958,3e-06,0.3
213,186,-4120,-32,-11,1,0.806,-3.271,-0.048765,-0.055338,0.000947,0.000957,3e-06,0.3
226,190,-4110,-31,10,-17,0.737,-3.275,-0.049961,-0.055414,0.000947,0.000957,3e-06,0.3
235,199,-4127,-43,-9,-18,0.666,-3.28,-0.051211,-0.055493,0.000947,0.000956,3e-06,0.3
221,206,-4109,-58,6,-15,0.53,-3.28,-0.05358,-0.055497,0.000947,0.000956,3e-06,0.3
235,205,-4119,-45,-4,-17,0.416,-3.274,-0.055568,-0.055401,0.000947,0.000955,3e-06,0.3
239,232,-4107,-52,5,-33,0.32,-3.291,-0.057245,-0.055698,0.000947,0.000955,3e-06,0.3
218,241,-4115,-93,-2,-30,0.147,-3.297,-0.060261,-0.055803,0.000947,0.000954,3e-06,0.3
220,253,-4128,-166,-1,-15,-0.168,-3.295,-0.06577,-0.055764,0.000947,0.000954,3e-06,0.3
241,254,-4091,-163,0,-13,-0.58,-3.295,-0.072962,-0.055772,0.000947,0.000954,3e-06,0.3
248,277,-4101,-105,-2,-80,-0.843,-3.305,-0.077538,-0.055935,0.000947,0.000954,3e-06,0.3
244,291,-4078,-36,16,-164,-0.99,-3.359,-0.08011,-0.056884,0.000947,0.000955,3e-06,0.3
280,304,-4141,-76,13,-212,-1.051,-3.444,-0.081173,-0.058371,0.000947,0.000958,3e-06,0.3
236,288,-4055,-98,39,-231,-1.183,-3.51,-0.083487,-0.059511,0.000947,0.000961,3e-06,0.3
166,276,-3878,-94,36,-176,-1.307,-3.616,-0.085651,-0.061373,0.000947,0.000965,3e-06,0.3
302,368,-4038,-64,36,-148,-1.444,-3.687,-0.088033,-0.062598,0.000947,0.000966,3e-06,0.3
137,264,-4157,32,28,2,-1.382,-3.742,-0.086956,-0.063561,0.000947,0.000966,3e-06,0.3
237,357,-4110,-30,-13,101,-1.383,-3.705,-0.086969,-0.062913,0.000947,0.000965,3e-06,0.3
330,372,-4002,-9,20,44,-1.442,-3.662,-0.087997,-0.062163,0.000947,0.000965,3e-06,0.3
209,442,-4221,-13,-61,-105,-1.538,-3.652,-0.089669,-0.061997,0.000947,0.000964,3e-06,0.3
332,411,-3858,30,23,-266,-1.469,-3.699,-0.088475,-0.062807,0.000947,0.000966,3e-06,0.3
189,454,-4150,19,-2,-358,-1.339,-3.903,-0.08621,-0.066366,0.000947,0.000976,3e-06,0.3
209,361,-4065,46,27,-280,-1.164,-4.038,-0.083149,-0.068733,0.000947,0.000982,3e-06,0.3
320,497,-4020,22,19,-328,-1.078,-4.146,-0.081652,-0.070619,0.000947,0.000987,3e-06,0.3
133,546,-4281,-119,20,-377,-1.304,-4.305,-0.085586,-0.073387,0.000947,0.000994,3e-06,0.3
292,483,-4063,-144,37,-409,-1.679,-4.439,-0.092141,-0.075735,0.000947,0.001002,3e-06,0.3
260,436,-4134,-52,72,-508,-1.798,-4.698,-0.094204,-0.080254,0.000947,0.001013,3e-06,0.3
186,474,-4060,25,70,-575,-1.708,-4.975,-0.092651,-0.085091,0.000947,0.001027,3e-06,0.3
312,480,-4023,23,81,-651,-1.531,-5.292,-0.089559,-0.090612,0.000947,0.001043,3e-06,0.3
189,480,-4106,-14,81,-641,-1.448,-5.574,-0.088097,-0.095539,0.000947,0.001057,3e-06,0.3
227,473,-4138,-1,78,-674,-1.371,-5.878,-0.086769,-0.100849,0.000947,0.001072,3e-06,0.3
234,450,-4074,-33,99,-638,-1.226,-6.251,-0.084235,-0.107363,0.000947,0.001089,3e-06,0.3
167,472,-4128,-118,76,-531,-1.323,-6.516,-0.085926,-0.111973,0.000947,0.001101,3e-06,0.3
193,469,-4057,-110,75,-499,-1.523,-6.736,-0.089419,-0.115826,0.000947,0.001111,3e-06,0.3
291,500,-4034,-42,66,-536,-1.611,-6.97,-0.090946,-0.119904,0.000947,0.00112,3e-06,0.3
243,549,-4113,-42,90,-598,-1.608,-7.203,-0.090894,-0.123973,0.000947,0.001129,3e-06,0.3
164,524,-4160,-109,110,-556,-1.697,-7.541,-0.092448,-0.129879,0.000947,0.001141,3e-06,0.3
292,518,-4100,-87,82,-553,-1.848,-7.771,-0.095088,-0.133885,0.000947,0.001149,3e-06,0.3
191,449,-4041,-16,104,-528,-1.794,-8.085,-0.094148,-0.139359,0.000947,0.001159,3e-06,0.3
151,435,-4072,23,57,-404,-1.697,-8.277,-0.09245,-0.142717,0.000947,0.001164,3e-06,0.3
184,399,-4124,22,35,-187,-1.548,-8.267,-0.08985,-0.142543,0.000947,0.001159,3e-06,0.3
130,424,-4139,-24,26,-23,-1.501,-8.17,-0.089036,-0.140849,0.000947,0.001147,3e-06,0.3
376,570,-4125,-178,1,-71,-1.837,-8.023,-0.094898,-0.138283,0.000947,0.001133,3e-06,0.3
202,540,-4234,-101,43,-125,-2.177,-7.972,-0.100836,-0.137399,0.000947,0.001123,3e-06,0.3
272,545,-4175,-29,75,-119,-2.264,-7.888,-0.10234,-0.135928,0.000947,0.001112,3e-06,0.3
309,487,-3938,1,65,-161,-2.187,-7.909,-0.101004,-0.136285,0.000947,0.001107,3e-06,0.3
196,544,-3915,-13,75,-167,-2.141,-7.952,-0.100201,-0.137052,0.000947,0.001099,3e-06,0.3
210,566,-4302,-37,-32,-169,-2.157,-7.949,-0.100479,-0.136983,0.000947,0.001093,3e-06,0.3
198,644,-4037,-48,45,-194,-2.177,-7.913,-0.10082,-0.13636,0.000947,0.001086,3e-06,0.3
252,501,-3856,-29,26,-95,-2.223,-7.879,-0.101638,-0.135768,0.000947,0.001078,3e-06,0.3
267,603,-4242,-9,-1,9,-2.216,-7.843,-0.101505,-0.135139,0.000947,0.001071,3e-06,0.3
188,551,-3884,-33,29,9,-2.196,-7.745,-0.101167,-0.133433,0.000947,0.001064,3e-06,0.3
296,704,-4065,50,-13,-139,-2.146,-7.619,-0.100294,-0.131232,0.000947,0.001058,3e-06,0.3
341,632,-4011,20,30,-172,-2.106,-7.654,-0.099588,-0.13184,0.000947,0.001054,3e-06,0.3
185,582,-4044,-4,10,-209,-1.904,-7.684,-0.09607,-0.132371,0.000947,0.00105,3e-06,0.3
377,894,-4211,23,6,-275,-1.854,-7.674,-0.095191,-0.132195,0.000947,0.00105,3e-06,0.3
55,589,-3807,-79,74,-161,-1.968,-7.667,-0.09718,-0.132064,0.000947,0.001047,3e-06,0.3
148,567,-3919,49,90,-16,-1.934,-7.621,-0.096592,-0.131274,0.000947,0.001042,3e-06,0.3
481,746,-4391,56,28,10,-1.854,-7.582,-0.095185,-0.130588,0.000947,0.001036,3e-06,0.3
206,662,-3922,74,10,21,-1.768,-7.484,-0.093682,-0.128871,0.000947,0.001031,3e-06,0.3
211,584,-4075,97,21,44,-1.619,-7.35,-0.091083,-0.126539,0.000947,0.001026,3e-06,0.3
364,652,-4097,102,4,74,-1.527,-7.255,-0.089483,-0.124873,0.000947,0.001021,3e-06,0.3
264,697,-4054,66,-9,8,-1.464,-7.102,-0.088379,-0.122209,0.000947,0.001016,3e-06,0.3
316,628,-3968,65,-1,-80,-1.366,-6.982,-0.086667,-0.120105,0.000947,0.001012,3e-06,0.3
254,651,-3993,81,30,-99,-1.299,-6.91,-0.085512,-0.118865,0.000947,0.001009,3e-06,0.3
221,553,-4184,100,31,-26,-1.107,-6.84,-0.08216,-0.117639,0.000947,0.001006,3e-06,0.3
394,628,-4108,132,-10,-122,-0.946,-6.783,-0.079348,-0.116647,0.000947,0.001004,3e-06,0.3
242,568,-4144,156,-2,-177,-0.619,-6.69,-0.07364,-0.115013,0.000947,0.001002,3e-06,0.3
179,612,-4109,95,31,-165,-0.417,-6.689,-0.070112,-0.115001,0.000947,0.001002,3e-06,0.3
325,528,-4159,27,-3,-52,-0.391,-6.592,-0.069659,-0.113298,0.000947,0.000999,3e-06,0.3
296,593,-4053,6,6,-113,-0.474,-6.516,-0.071101,-0.111989,0.000947,0.000997,3e-06,0.3
99,535,-3952,-51,49,36,-0.646,-6.406,-0.074108,-0.110058,0.000947,0.000994,3e-06,0.3
354,576,-4385,-72,-6,65,-0.893,-6.353,-0.07841,-0.109138,0.000947,0.000992,3e-06,0.3
257,606,-4340,-20,-14,39,-1.199,-6.277,-0.083757,-0.107812,0.000947,0.000989,3e-06,0.3
312,444,-3915,7,-3,38,-1.271,-6.13,-0.085011,-0.105235,0.000947,0.000987,3e-06,0.3
117,426,-3819,23,-5,128,-1.271,-5.957,-0.085021,-0.102229,0.000947,0.000985,3e-06,0.3
213,498,-3871,21,32,166,-1.363,-5.887,-0.086629,-0.101008,0.000947,0.000986,3e-06,0.3
393,518,-4182,-8,20,192,-1.424,-5.805,-0.087685,-0.099577,0.000947,0.000987,3e-06,0.3
249,460,-4184,116,3,157,-1.399,-5.688,-0.087244,-0.09753,0.000947,0.000987,3e-06,0.3
346,493,-4251,179,-3,37,-1.172,-5.638,-0.083293,-0.096662,0.000947,0.000985,3e-06,0.3
429,486,-3964,153,-16,-58,-0.824,-5.585,-0.077208,-0.095732,0.000947,0.000983,3e-06,0.3
222,517,-3951,48,29,-209,-0.713,-5.561,-0.075274,-0.095319,0.000947,0.000983,3e-06,0.3
337,499,-4228,-9,-1,-293,-0.737,-5.631,-0.075693,-0.096533,0.000947,0.000988,3e-06,0.3
289,434,-4247,-61,34,-305,-0.788,-5.725,-0.076588,-0.098181,0.000947,0.000993,3e-06,0.3
173,421,-4039,-66,57,-294,-0.933,-5.791,-0.079109,-0.099334,0.000947,0.000998,3e-06,0.3
312,408,-3919,-51,-8,-172,-1.154,-5.753,-0.082971,-0.098659,0.000947,0.001001,3e-06,0.3
197,366,-4092,51,37,-148,-1.088,-5.738,-0.081826,-0.098403,0.000947,0.001001,3e-06,0.3
274,408,-3931,68,-5,-129,-0.961,-5.726,-0.079613,-0.098195,0.000947,0.001,3e-06,0.3
324,463,-4133,42,31,-159,-0.891,-5.76,-0.078388,-0.098779,0.000947,0.001,3e-06,0.3
263,461,-4157,-17,-3,-155,-0.883,-5.789,-0.078242,-0.099287,0.000947,0.000999,3e-06,0.3
255,450,-4132,-124,7,-142,-1.072,-5.751,-0.081544,-0.098628,0.000947,0.000999,3e-06,0.3
273,450,-4117,-122,41,-139,-1.442,-5.738,-0.087997,-0.098397,0.000947,0.000997,3e-06,0.3
246,423,-4007,-38,-2,-152,-1.71,-5.774,-0.092683,-0.099028,0.000947,0.000996,3e-06,0.3
337,426,-3973,91,30,-196,-1.638,-5.823,-0.09142,-0.09988,0.000947,0.000997,3e-06,0.3
187,429,-4104,64,34,-156,-1.397,-5.91,-0.087209,-0.101399,0.000947,0.000998,3e-06,0.3
199,448,-4082,-23,-4,-28,-1.403,-5.888,-0.087316,-0.101025,0.000947,0.000996,3e-06,0.3
264,359,-4090,8,-11,85,-1.471,-5.736,-0.088508,-0.098369,0.000947,0.000993,3e-06,0.3
290,504,-4092,-25,0,0,-1.544,-5.695,-0.089776,-0.097645,0.000947,0.000991,3e-06,0.3
287,492,-4114,-8,16,-144,-1.641,-5.695,-0.091464,-0.097655,0.000947,0.000989,3e-06,0.3
368,469,-4068,54,0,-256,-1.6,-5.733,-0.090751,-0.098312,0.000947,0.000991,3e-06,0.3
230,515,-4095,18,47,-300,-1.511,-5.825,-0.089211,-0.099913,0.000947,0.000995,3e-06,0.3
256,467,-4099,1,23,-348,-1.461,-5.937,-0.088324,-0.101879,0.000947,0.001001,3e-06,0.3
302,460,-4073,28,57,-364,-1.375,-6.088,-0.08683,-0.104517,0.000947,0.00101,3e-06,0.3
158,455,-4086,-60,30,-243,-1.365,-6.189,-0.086656,-0.106281,0.000947,0.001014,3e-06,0.3
330,486,-4107,-86,16,-223,-1.519,-6.171,-0.089341,-0.105962,0.000947,0.001015,3e-06,0.3
223,433,-4021,-39,63,-222,-1.641,-6.267,-0.091475,-0.10763,0.000947,0.001016,3e-06,0.3
252,474,-4109,21,24,-286,-1.616,-6.339,-0.091028,-0.108887,0.000947,0.001019,3e-06,0.3
246,420,-4051,12,50,-171,-1.545,-6.411,-0.089804,-0.110148,0.000947,0.001019,3e-06,0.3
193,350,-4182,48,-37,-12,-1.452,-6.363,-0.088174,-0.109311,0.000947,0.001015,3e-06,0.3
324,464,-4010,-10,23,-42,-1.429,-6.314,-0.087768,-0.108459,0.000947,0.00101,3e-06,0.3
242,405,-4000,-70,10,-33,-1.559,-6.289,-0.090039,-0.108017,0.000947,0.001007,3e-06,0.3
232,444,-4038,-55,-8,-60,-1.699,-6.221,-0.092487,-0.106829,0.000947,0.001003,3e-06,0.3
319,498,-4263,0,35,-147,-1.742,-6.181,-0.093234,-0.106129,0.000947,0.001002,3e-06,0.3
254,414,-4158,18,2,-54,-1.693,-6.226,-0.092388,-0.106922,0.000947,0.000999,3e-06,0.3
287,414,-4060,28,-10,-43,-1.602,-6.153,-0.090795,-0.105637,0.000947,0.000996,3e-06,0.3
247,535,-3799,3,49,-110,-1.633,-6.145,-0.091332,-0.105498,0.000947,0.000994,3e-06,0.3
362,432,-4199,30,17,-138,-1.482,-6.186,-0.088689,-0.106216,0.000947,0.000993,3e-06,0.3
373,552,-4232,11,-31,-241,-1.369,-6.2,-0.086729,-0.106469,0.000947,0.000994,3e-06,0.3
290,628,-4009,-58,-13,-376,-1.558,-6.219,-0.090028,-0.106799,0.000947,0.000997,3e-06,0.3
206,430,-4050,-30,31,-299,-1.559,-6.299,-0.090044,-0.108186,0.000947,0.001003,3e-06,0.3
274,577,-4026,3,47,-351,-1.535,-6.381,-0.089615,-0.109624,0.000947,0.001008,3e-06,0.3
262,461,-4192,26,-3,-354,-1.483,-6.53,-0.08871,-0.112223,0.000947,0.001015,3e-06,0.3
217,535,-4095,21,32,-171,-1.456,-6.594,-0.088241,-0.113342,0.000947,0.001016,3e-06,0.3
218,591,-4209,39,59,-202,-1.373,-6.681,-0.086801,-0.114857,0.000947,0.001016,3e-06,0.3
331,825,-3846,166,12,-170,-1.295,-6.702,-0.085428,-0.115231,0.000947,0.001015,3e-06,0.3
271,711,-3940,359,1,-153,-0.804,-6.71,-0.076863,-0.115359,0.000947,0.001013,3e-06,0.3
253,752,-4158,432,19,-87,0.148,-6.655,-0.060244,-0.11441,0.000947,0.00101,3e-06,0.3
252,766,-4123,203,-9,-17,0.485,-6.556,-0.054359,-0.112673,0.000947,0.001007,3e-06,0.3
272,698,-4044,278,-11,36,0.942,-6.38,-0.046392,-0.109615,0.000947,0.001003,3e-06,0.3
205,611,-3984,227,24,59,1.277,-6.28,-0.040536,-0.107853,0.000947,0.001,3e-06,0.3
352,523,-4318,122,22,89,1.461,-6.144,-0.037339,-0.105482,0.000947,0.000998,3e-06,0.3
248,201,-4117,225,-41,192,1.711,-5.989,-0.032976,-0.102785,0.000947,0.000997,3e-06,0.3
123,418,-4356,62,-5,270,1.656,-5.891,-0.03393,-0.101078,0.000947,0.001,3e-06,0.3
478,297,-3684,36,-54,317,1.34,-5.702,-0.039453,-0.097768,0.000947,0.001006,3e-06,0.3
257,94,-4317,24,-78,483,1.084,-5.52,-0.043916,-0.094595,0.000947,0.001014,3e-06,0.3
142,217,-4468,-34,10,490,0.909,-5.252,-0.046959,-0.089916,0.000947,0.001026,3e-06,0.3
172,263,-4004,-13,34,344,0.755,-5.112,-0.049662,-0.087478,0.000947,0.001033,3e-06,0.3
482,259,-4608,-8,-87,278,0.383,-5.012,-0.05614,-0.085725,0.000947,0.001035,3e-06,0.3
233,-6,-3947,-32,-12,238,0.283,-4.882,-0.057888,-0.083461,0.000947,0.001037,3e-06,0.3
181,251,-4109,-59,12,122,0.15,-4.777,-0.060208,-0.081622,0.000947,0.001036,3e-06,0.3
407,204,-4178,-66,11,-51,-0.089,-4.858,-0.064381,-0.083035,0.000947,0.00103,3e-06,0.3
296,68,-4089,-37,17,-132,-0.14,-4.884,-0.065272,-0.083496,0.000947,0.001026,3e-06,0.3
194,40,-3930,6,25,-124,-0.074,-4.869,-0.064122,-0.083234,0.000947,0.001023,3e-06,0.3
319,64,-4084,24,10,-83,0.092,-4.909,-0.061221,-0.083932,0.000947,0.00102,3e-06,0.3
252,50,-4200,69,-1,-52,0.321,-4.898,-0.057223,-0.083738,0.000947,0.001015,3e-06,0.3
314,119,-4221,-47,3,-84,0.432,-4.893,-0.055285,-0.083657,0.000947,0.001011,3e-06,0.3
311,152,-4009,-165,9,-144,0.314,-4.894,-0.05735,-0.083664,0.000947,0.001009,3e-06,0.3
224,139,-3940,-242,12,-160,-0.056,-4.914,-0.063812,-0.084015,0.000947,0.001008,3e-06,0.3
251,174,-4118,-278,44,-98,-0.686,-4.932,-0.07481,-0.084339,0.000947,0.001005,3e-06,0.3
300,197,-3950,-153,-42,-104,-1.057,-4.979,-0.081277,-0.085152,0.000947,0.001003,3e-06,0.3
367,257,-4312,-149,11,-225,-1.304,-5.049,-0.085588,-0.086378,0.000947,0.001003,3e-06,0.3
290,244,-4191,-67,-24,-168,-1.439,-5.023,-0.087946,-0.085921,0.000947,0.001005,3e-06,0.3
252,211,-4073,-48,-45,-187,-1.369,-5.04,-0.086726,-0.086211,0.000947,0.001003,3e-06,0.3
192,286,-3916,-91,16,-119,-1.415,-5.034,-0.087533,-0.086115,0.000947,0.001002,3e-06,0.3
209,392,-4067,-139,56,-197,-1.599,-5.12,-0.090744,-0.087613,0.000947,0.001001,3e-06,0.3
387,425,-3992,-77,43,-342,-1.753,-5.283,-0.093427,-0.090469,0.000947,0.001004,3e-06,0.3
281,438,-4149,-86,19,-436,-1.851,-5.481,-0.09513,-0.093922,0.000947,0.001011,3e-06,0.3
244,313,-3661,45,28,-405,-1.671,-5.603,-0.091994,-0.096053,0.000947,0.001021,3e-06,0.3
293,439,-3937,70,29,-335,-1.423,-5.715,-0.087662,-0.097999,0.000947,0.001027,3e-06,0.3
295,561,-4642,-67,14,-327,-1.382,-5.897,-0.086952,-0.101184,0.000947,0.001032,3e-06,0.3
284,353,-3925,-46,41,-285,-1.395,-5.947,-0.087187,-0.102043,0.000947,0.001036,3e-06,0.3
221,476,-3973,-52,-4,-129,-1.493,-5.966,-0.088886,-0.102383,0.000947,0.001034,3e-06,0.3
253,430,-4215,-9,51,-94,-1.554,-5.967,-0.089952,-0.102404,0.000947,0.00103,3e-06,0.3
374,469,-4265,-7,50,-174,-1.494,-5.981,-0.088905,-0.102638,0.000947,0.001026,3e-06,0.3
224,394,-3822,41,31,-270,-1.34,-6.054,-0.086216,-0.103912,0.000947,0.001028,3e-06,0.3
234,383,-3724,55,29,-253,-1.205,-6.08,-0.08386,-0.104373,0.000947,0.00103,3e-06,0.3
295,574,-3886,-19,46,-266,-1.242,-6.206,-0.084509,-0.106563,0.000947,0.001031,3e-06,0.3
340,514,-4298,-66,-40,-270,-1.382,-6.251,-0.086945,-0.107348,0.000947,0.001033,3e-06,0.3
139,458,-4120,-26,31,-220,-1.482,-6.238,-0.088691,-0.107134,0.000947,0.001034,3e-06,0.3
300,518,-4272,-37,36,-188,-1.493,-6.304,-0.088886,-0.108278,0.000947,0.001033,3e-06,0.3
377,452,-3954,17,24,-191,-1.458,-6.329,-0.088278,-0.108715,0.000947,0.00103,3e-06,0.3
146,437,-4070,-30,16,-74,-1.496,-6.319,-0.088942,-0.10854,0.000947,0.001028,3e-06,0.3
274,543,-4143,0,37,-26,-1.517,-6.275,-0.089312,-0.107769,0.000947,0.001022,3e-06,0.3
340,491,-3977,7,-3,-66,-1.616,-6.222,-0.091028,-0.106851,0.000947,0.001018,3e-06,0.3
190,512,-4150,22,14,-48,-1.617,-6.192,-0.091057,-0.106331,0.000947,0.001014,3e-06,0.3
261,522,-4169,44,22,-78,-1.556,-6.133,-0.089995,-0.105304,0.000947,0.001011,3e-06,0.3
291,435,-3983,14,34,-19,-1.509,-6.158,-0.089164,-0.10574,0.000947,0.001007,3e-06,0.3
278,510,-4134,24,-3,53,-1.533,-6.076,-0.089591,-0.104301,0.000947,0.001004,3e-06,0.3
300,612,-4136,9,7,-76,-1.553,-6.024,-0.089934,-0.103393,0.000947,0.001001,3e-06,0.3
366,525,-4092,20,2,-139,-1.585,-6.028,-0.090503,-0.103467,0.000947,0.001,3e-06,0.3
243,489,-3993,61,19,-139,-1.573,-6.026,-0.090283,-0.103432,0.000947,0.000998,3e-06,0.3
299,546,-4115,43,22,-183,-1.454,-6.021,-0.088203,-0.103338,0.000947,0.000999,3e-06,0.3
292,516,-4092,22,45,-203,-1.424,-6.051,-0.087683,-0.103869,0.000947,0.001,3e-06,0.3
207,475,-4147,58,13,-139,-1.322,-6.048,-0.085908,-0.103811,0.000947,0.001,3e-06,0.3
324,571,-4130,-2,25,-183,-1.236,-6.073,-0.084404,-0.104255,0.000947,0.001,3e-06,0.3
263,523,-4097,-33,7,-212,-1.357,-6.121,-0.086515,-0.105089,0.000947,0.001001,3e-06,0.3
333,565,-4026,-23,1,-301,-1.441,-6.156,-0.087979,-0.105689,0.000947,0.001004,3e-06,0.3
259,569,-4039,29,48,-381,-1.474,-6.236,-0.088557,-0.107093,0.000947,0.00101,3e-06,0.3
263,471,-4056,82,12,-404,-1.25,-6.343,-0.084645,-0.108969,0.000947,0.00102,3e-06,0.3
237,528,-4068,55,74,-446,-1.06,-6.492,-0.081328,-0.111557,0.000947,0.00103,3e-06,0.3
259,561,-4262,-59,57,-421,-1.073,-6.68,-0.081554,-0.114841,0.000947,0.001039,3e-06,0.3
249,486,-4032,-76,66,-384,-1.179,-6.813,-0.083405,-0.117166,0.000947,0.001046,3e-06,0.3
193,459,-4130,-38,31,-204,-1.304,-6.915,-0.085591,-0.11895,0.000947,0.001049,3e-06,0.3
225,413,-4158,0,30,-81,-1.342,-6.88,-0.086248,-0.118332,0.000947,0.001044,3e-06,0.3
297,492,-4074,13,-2,-37,-1.388,-6.819,-0.08705,-0.117261,0.000947,0.001039,3e-06,0.3
290,528,-4030,-30,8,-3,-1.549,-6.689,-0.08987,-0.115002,0.000947,0.001033,3e-06,0.3
217,530,-4051,-46,-3,30,-1.736,-6.588,-0.093136,-0.11324,0.000947,0.001027,3e-06,0.3
330,561,-4102,17,-11,-64,-1.856,-6.481,-0.095226,-0.111376,0.000947,0.001023,3e-06,0.3
236,472,-4117,62,49,-71,-1.715,-6.497,-0.092767,-0.111651,0.000947,0.001018,3e-06,0.3
248,478,-4061,48,-17,58,-1.648,-6.413,-0.091596,-0.110175,0.000947,0.001014,3e-06,0.3
289,581,-4001,19,11,-53,-1.658,-6.323,-0.091769,-0.108608,0.000947,0.00101,3e-06,0.3
308,466,-4078,87,-1,-112,-1.574,-6.313,-0.090312,-0.108442,0.000947,0.001007,3e-06,0.3
284,503,-4173,103,0,-171,-1.345,-6.28,-0.086301,-0.10787,0.000947,0.001006,3e-06,0.3
265,571,-4208,33,29,-250,-1.188,-6.318,-0.083567,-0.108531,0.000947,0.001007,3e-06,0.3
335,577,-4071,-76,18,-300,-1.262,-6.365,-0.084857,-0.109349,0.000947,0.00101,3e-06,0.3
222,491,-4046,-61,44,-378,-1.511,-6.52,-0.089197,-0.112048,0.000947,0.001017,3e-06,0.3
265,498,-4162,27,28,-292,-1.468,-6.611,-0.08846,-0.113636,0.000947,0.001022,3e-06,0.3
263,518,-3969,-5,57,-147,-1.452,-6.678,-0.088177,-0.114804,0.000947,0.001023,3e-06,0.3
126,520,-4112,42,12,-44,-1.462,-6.648,-0.088357,-0.114291,0.000947,0.00102,3e-06,0.3
206,587,-4087,44,-6,124,-1.453,-6.485,-0.088194,-0.111444,0.000947,0.001016,3e-06,0.3
395,666,-4204,26,-10,148,-1.561,-6.343,-0.090077,-0.108965,0.000947,0.001015,3e-06,0.3
334,814,-3969,142,-7,74,-1.589,-6.265,-0.090573,-0.107606,0.000947,0.001012,3e-06,0.3
269,676,-4025,245,-71,214,-1.284,-6.147,-0.085239,-0.105541,0.000947,0.001011,3e-06,0.3
101,594,-3991,262,-49,376,-0.773,-5.836,-0.076329,-0.100105,0.000947,0.001015,3e-06,0.3
246,667,-4129,125,-47,269,-0.563,-5.627,-0.072659,-0.096461,0.000947,0.001021,3e-06,0.3
392,738,-4169,146,6,-52,-0.422,-5.599,-0.070199,-0.095978,0.000947,0.001018,3e-06,0.3
249,487,-3944,178,65,-90,-0.143,-5.605,-0.065321,-0.096072,0.000947,0.001015,3e-06,0.3
251,438,-4086,258,36,61,0.289,-5.593,-0.05778,-0.095863,0.000947,0.001012,3e-06,0.3
146,455,-4465,126,-6,326,0.504,-5.492,-0.054043,-0.094103,0.000947,0.001013,3e-06,0.3
175,115,-4103,-14,-7,2,2.364,-1.978,-0.021568,-0.032769,0.230769,0.230772,3e-06,0.3
175,115,-4103,-14,-4,-3,2.202,-2.222,-0.024407,-0.037038,0.130436,0.130439,3e-06,0.3
180,99,-4110,-9,-2,-5,2.206,-2.338,-0.024335,-0.039068,0.090911,0.090915,3e-06,0.3
189,80,-4123,-100,15,7,2.327,-2.658,-0.022221,-0.044643,0.007671,0.007672,3e-06,0.3
236,137,-4154,-280,10,-78,1.453,-2.732,-0.037468,-0.045935,0.006013,0.006029,3e-06,0.3
224,274,-4072,-201,-2,-126,0.849,-2.833,-0.04801,-0.047692,0.005034,0.005072,3e-06,0.3
200,196,-4050,-65,3,-77,0.545,-2.865,-0.053318,-0.048262,0.004336,0.004393,3e-06,0.3
150,123,-4081,60,0,23,0.773,-2.775,-0.049336,-0.046685,0.003814,0.003859,3e-06,0.3
203,198,-4126,32,0,5,0.929,-2.75,-0.046618,-0.046246,0.003447,0.003483,3e-06,0.3
200,191,-4136,-27,-8,21,0.918,-2.777,-0.046811,-0.046725,0.003089,0.003118,3e-06,0.3
193,191,-4116,-66,-10,37,0.8,-2.736,-0.048862,-0.04601,0.002828,0.002853,3e-06,0.3
216,151,-4141,-67,-33,59,0.664,-2.717,-0.05125,-0.045676,0.002611,0.002634,3e-06,0.3
134,263,-4074,144,147,54,0.696,-2.663,-0.050681,-0.044729,0.00243,0.002452,3e-06,0.3
603,-29,-4419,-20,15,-65,0.926,-2.538,-0.046667,-0.042546,0.002275,0.002296,3e-06,0.3
22,353,-4366,49,-11,-50,0.987,-2.529,-0.045604,-0.042394,0.002143,0.002164,3e-06,0.3
177,197,-4134,13,15,-48,1.038,-2.458,-0.044723,-0.041149,0.002028,0.002047,3e-06,0.3
199,215,-4094,7,21,-71,1.021,-2.572,-0.045011,-0.043137,0.001927,0.001947,3e-06,0.3
161,196,-4156,-18,-13,-43,0.998,-2.553,-0.045415,-0.04282,0.001847,0.001866,3e-06,0.3
184,172,-4094,-9,13,3,0.964,-2.576,-0.046007,-0.043214,0.001768,0.001785,3e-06,0.3
161,172,-4117,-21,3,42,0.952,-2.579,-0.046208,-0.043263,0.001691,0.001706,3e-06,0.3
171,200,-4115,-32,28,34,0.88,-2.603,-0.047466,-0.043689,0.001629,0.001643,3e-06,0.3
132,220,-4058,-2,138,-7,0.816,-2.745,-0.048581,-0.046161,0.001579,0.001592,3e-06,0.3
259,248,-4148,33,101,-41,0.853,-3.093,-0.047944,-0.052232,0.001528,0.00154,3e-06,0.3
247,166,-4162,-6,-21,-18,0.877,-3.225,-0.047518,-0.05455,0.001478,0.00149,3e-06,0.3
218,171,-4063,13,14,57,0.899,-3.199,-0.047136,-0.054085,0.001441,0.001452,3e-06,0.3
259,215,-4127,10,16,50,0.972,-3.356,-0.04586,-0.056832,0.0014,0.00141,3e-06,0.3
285,73,-4147,-62,-33,25,0.868,-3.373,-0.047685,-0.057124,0.001366,0.001376,3e-06,0.3
218,224,-4090,-35,10,-26,0.735,-3.385,-0.050004,-0.057334,0.001335,0.001344,3e-06,0.3
315,157,-4097,-4,-14,-34,0.725,-3.418,-0.050177,-0.057902,0.001307,0.001315,3e-06,0.3
257,171,-4105,2,-12,-5,0.753,-3.416,-0.049698,-0.057882,0.001281,0.001289,3e-06,0.3
139,262,-4130,14,-32,43,0.753,-3.319,-0.049686,-0.056181,0.001257,0.001265,3e-06,0.3
324,297,-4081,15,-9,31,0.753,-3.25,-0.049693,-0.054975,0.001235,0.001242,3e-06,0.3
165,259,-4103,22,-8,23,0.734,-3.274,-0.050017,-0.055401,0.001215,0.001222,3e-06,0.3
212,255,-4111,57,-4,28,0.813,-3.207,-0.048643,-0.054235,0.001197,0.001203,3e-06,0.3
241,177,-4114,62,14,74,0.952,-3.227,-0.04621,-0.054581,0.00118,0.001186,3e-06,0.3
192,89,-4167,-61,-16,100,0.978,-3.197,-0.045771,-0.054053,0.001164,0.001171,3e-06,0.3
269,169,-4100,-113,-20,73,0.769,-3.151,-0.049418,-0.053254,0.001149,0.001157,3e-06,0.3
203,270,-4082,-31,-20,74,0.578,-3.104,-0.052749,-0.052434,0.001137,0.001145,3e-06,0.3
262,179,-4079,28,11,22,0.612,-3.098,-0.052152,-0.052333,0.001123,0.001131,3e-06,0.3
284,218,-4089,87,14,-69,0.78,-3.169,-0.049217,-0.05356,0.001111,0.001119,3e-06,0.3
138,150,-4115,79,-4,-9,1.019,-3.171,-0.045048,-0.053593,0.0011,0.001108,3e-06,0.3
300,177,-4128,23,-3,6,1.133,-3.157,-0.043053,-0.05335,0.00109,0.001097,3e-06,0.3
208,165,-4139,11,-3,6,1.157,-3.186,-0.042632,-0.053859,0.001082,0.001088,3e-06,0.3
262,195,-4142,-44,3,-73,1.1,-3.191,-0.04363,-0.053941,0.001072,0.001078,3e-06,0.3
269,183,-4120,-63,-5,-100,0.979,-3.207,-0.045742,-0.05423,0.001065,0.001072,3e-06,0.3
173,104,-4089,-11,1,-13,0.895,-3.218,-0.047203,-0.054422,0.001056,0.001063,3e-06,0.3
197,109,-4112,37,-10,66,0.964,-3.181,-0.046008,-0.053769,0.00105,0.001057,3e-06,0.3
238,195,-4110,25,0,58,1.048,-3.177,-0.044538,-0.053702,0.001043,0.00105,3e-06,0.3
226,213,-4143,-14,-7,27,1.025,-3.163,-0.044947,-0.053458,0.001037,0.001043,3e-06,0.3
243,177,-4105,5,1,18,0.998,-3.168,-0.045405,-0.053555,0.001031,0.001037,3e-06,0.3
227,181,-4102,33,-6,12,1.056,-3.164,-0.044394,-0.053484,0.001026,0.001031,3e-06,0.3
229,199,-4110,20,-1,4,1.121,-3.162,-0.043275,-0.053446,0.001021,0.001026,3e-06,0.3
240,177,-4119,9,-3,23,1.15,-3.165,-0.042769,-0.053488,0.001016,0.001021,3e-06,0.3
208,176,-4115,6,-8,46,1.159,-3.15,-0.0426,-0.053238,0.001012,0.001017,3e-06,0.3
219,178,-4118,-15,-10,88,1.136,-3.12,-0.043,-0.052715,0.001007,0.001013,3e-06,0.3
214,177,-4120,-34,-12,145,1.055,-3.086,-0.044423,-0.052111,0.001004,0.00101,3e-06,0.3
228,180,-4112,-21,-13,156,0.982,-3.044,-0.045697,-0.051388,0.001,0.001009,3e-06,0.3
221,182,-4125,-27,-10,183,0.903,-3.004,-0.047063,-0.050676,0.000997,0.001008,3e-06,0.3
230,205,-4100,0,-16,155,0.838,-2.954,-0.048212,-0.049816,0.000994,0.001008,3e-06,0.3
226,202,-4101,15,-8,150,0.858,-2.924,-0.047852,-0.049287,0.000991,0.001006,3e-06,0.3
243,202,-4111,34,-14,137,0.895,-2.894,-0.047213,-0.048756,0.000988,0.001005,3e-06,0.3
232,188,-4098,83,-4,97,1.041,-2.88,-0.04466,-0.048524,0.000985,0.001003,3e-06,0.3
238,183,-4118,83,-6,85,1.244,-2.872,-0.041122,-0.048374,0.000983,0.001,3e-06,0.3
236,185,-4121,44,-3,58,1.374,-2.868,-0.038854,-0.048319,0.000981,0.000998,3e-06,0.3
237,183,-4130,-6,6,21,1.4,-2.883,-0.038403,-0.048573,0.000979,0.000995,3e-06,0.3
248,149,-4130,-18,-3,0,1.356,-2.898,-0.039168,-0.048834,0.000977,0.000992,3e-06,0.3
232,183,-4129,-68,7,-57,1.281,-2.932,-0.040478,-0.049426,0.000975,0.000989,3e-06,0.3
229,152,-4130,-112,1,-48,1.01,-2.955,-0.045201,-0.049837,0.000973,0.000987,3e-06,0.3
275,196,-4102,-93,6,-114,0.768,-3.012,-0.049425,-0.050824,0.000972,0.000985,3e-06,0.3
212,123,-4079,-19,0,-143,0.692,-3.043,-0.050761,-0.051362,0.00097,0.000985,3e-06,0.3
222,125,-4114,27,8,-75,0.761,-3.082,-0.049555,-0.052041,0.000969,0.000984,3e-06,0.3
197,88,-4103,53,-16,54,0.898,-3.057,-0.047165,-0.051605,0.000967,0.000982,3e-06,0.3
161,99,-4120,57,-5,207,1.09,-3.003,-0.043812,-0.05066,0.000966,0.000982,3e-06,0.3
249,162,-4128,10,-20,245,1.17,-2.943,-0.042404,-0.049626,0.000965,0.000985,3e-06,0.3
205,154,-4125,-30,-11,291,1.085,-2.887,-0.043898,-0.048644,0.000964,0.00099,3e-06,0.3
241,158,-4093,24,-15,248,1.064,-2.839,-0.04426,-0.047802,0.000963,0.000993,3e-06,0.3
277,177,-4101,84,-7,138,1.217,-2.818,-0.041585,-0.047435,0.000962,0.000994,3e-06,0.3
223,147,-4136,56,-9,124,1.386,-2.81,-0.038649,-0.047307,0.000961,0.000993,3e-06,0.3
222,133,-4139,19,-11,148,1.456,-2.784,-0.037423,-0.046842,0.00096,0.000992,3e-06,0.3
208,98,-4120,-5,-9,218,1.451,-2.754,-0.037514,-0.046318,0.000959,0.000993,3e-06,0.3
186,85,-4121,-33,-13,336,1.408,-2.702,-0.038253,-0.045418,0.000959,0.000998,3e-06,0.3
209,108,-4119,-29,-20,410,1.322,-2.626,-0.039755,-0.044092,0.000958,0.001006,3e-06,0.3
239,142,-4105,5,-12,370,1.275,-2.569,-0.040587,-0.043092,0.000957,0.001014,3e-06,0.3
257,151,-4124,26,-16,311,1.293,-2.517,-0.040259,-0.042178,0.000957,0.001019,3e-06,0.3
258,127,-4094,34,-9,279,1.354,-2.5,-0.039195,-0.04188,0.000956,0.001022,3e-06,0.3
208,102,-4123,38,-21,319,1.43,-2.439,-0.037882,-0.040831,0.000956,0.001026,3e-06,0.3
224,85,-4113,25,-13,396,1.509,-2.382,-0.03649,-0.039827,0.000955,0.001033,3e-06,0.3
174,86,-4135,-29,-19,508,1.486,-2.299,-0.036889,-0.038386,0.000954,0.001043,3e-06,0.3
199,62,-4098,-21,-30,570,1.396,-2.219,-0.038475,-0.036991,0.000954,0.001054,3e-06,0.3
247,105,-4080,55,-9,486,1.425,-2.138,-0.037959,-0.035563,0.000954,0.001066,3e-06,0.3
258,123,-4117,69,-13,416,1.6,-2.115,-0.034907,-0.035173,0.000953,0.001074,3e-06,0.3
221,70,-4150,11,-12,511,1.679,-2.057,-0.033522,-0.034161,0.000953,0.001083,3e-06,0.3
168,47,-4108,-2,-18,609,1.668,-2.014,-0.033716,-0.033405,0.000953,0.001094,3e-06,0.3
194,34,-4137,20,-28,687,1.684,-1.899,-0.033444,-0.031405,0.000952,0.001108,3e-06,0.3
225,43,-4095,36,-26,718,1.764,-1.813,-0.032047,-0.0299,0.000952,0.001124,3e-06,0.3
172,52,-4174,-10,-9,795,1.776,-1.709,-0.031832,-0.028081,0.000952,0.001141,3e-06,0.3
251,70,-4096,3,-22,744,1.739,-1.634,-0.032484,-0.026765,0.000951,0.001157,3e-06,0.3
211,74,-4112,-3,-12,689,1.71,-1.565,-0.032991,-0.025569,0.000951,0.001172,3e-06,0.3
220,88,-4140,10,-6,585,1.712,-1.518,-0.032944,-0.024749,0.000951,0.001183,3e-06,0.3
244,61,-4124,19,-15,513,1.727,-1.492,-0.032686,-0.024289,0.000951,0.00119,3e-06,0.3
199,114,-4102,13,-7,431,1.731,-1.47,-0.032621,-0.023912,0.00095,0.001193,3e-06,0.3
238,48,-4133,78,21,304,1.881,-1.538,-0.030006,-0.025103,0.00095,0.00119,3e-06,0.3
224,72,-4201,48,-11,303,2.024,-1.581,-0.027511,-0.02585,0.00095,0.001185,3e-06,0.3
206,41,-4034,32,8,296,2.135,-1.623,-0.025562,-0.026578,0.00095,0.00118,3e-06,0.3
194,84,-4204,-65,-42,334,2.078,-1.578,-0.026566,-0.025798,0.00095,0.001176,3e-06,0.3
242,-19,-4048,-5,-2,408,1.961,-1.518,-0.028608,-0.024743,0.00095,0.001178,3e-06,0.3
146,64,-4133,10,-29,420,2.002,-1.528,-0.027883,-0.024917,0.000949,0.001179,3e-06,0.3
204,7,-4116,58,-4,399,2.11,-1.471,-0.026,-0.023921,0.000949,0.001181,3e-06,0.3
149,21,-4166,67,29,411,2.262,-1.531,-0.023349,-0.024972,0.000949,0.001182,3e-06,0.3
175,72,-4101,18,-8,331,2.305,-1.556,-0.022607,-0.025405,0.000949,0.001181,3e-06,0.3
241,-31,-4019,54,43,320,2.431,-1.666,-0.0204,-0.027331,0.000949,0.001179,3e-06,0.3
171,5,-4234,32,-22,328,2.521,-1.79,-0.018831,-0.029503,0.000949,0.001175,3e-06,0.3
245,-45,-4155,-7,19,420,2.576,-1.769,-0.017872,-0.029126,0.000949,0.001176,3e-06,0.3
161,49,-4042,-31,56,299,2.495,-1.912,-0.019287,-0.031619,0.000949,0.001173,3e-06,0.3
258,36,-4109,-15,-4,283,2.418,-1.963,-0.020633,-0.032509,0.000949,0.001168,3e-06,0.3
284,-53,-4054,58,-25,338,2.483,-1.957,-0.019494,-0.032409,0.000948,0.001165,3e-06,0.3
63,-37,-4201,76,-17,345,2.616,-1.952,-0.017171,-0.032318,0.000948,0.001162,3e-06,0.3
191,71,-4084,61,29,290,2.766,-1.938,-0.014563,-0.032087,0.000948,0.00116,3e-06,0.3
316,-101,-4313,29,-49,408,2.854,-1.887,-0.01302,-0.031183,0.000948,0.001158,3e-06,0.3
-74,32,-4066,20,16,355,2.934,-1.822,-0.011619,-0.030055,0.000948,0.00116,3e-06,0.3
196,9,-4194,26,146,242,2.982,-2.028,-0.01079,-0.033643,0.000948,0.001156,3e-06,0.3
358,-76,-3916,8,-10,261,3.04,-2.234,-0.00978,-0.037248,0.000948,0.001149,3e-06,0.3
140,-44,-4283,9,1,332,3.043,-2.18,-0.009717,-0.036297,0.000948,0.001148,3e-06,0.3
226,-145,-4158,48,-2,407,3.092,-2.147,-0.008865,-0.035729,0.000948,0.001148,3e-06,0.3
-37,-70,-4145,96,77,410,3.245,-2.185,-0.006202,-0.036385,0.000948,0.001151,3e-06,0.3
111,-72,-4227,52,27,385,3.477,-2.297,-0.002146,-0.038342,0.000948,0.001152,3e-06,0.3
151,-70,-4124,-17,-5,416,3.492,-2.326,-0.001887,-0.038846,0.000948,0.001155,3e-06,0.3
20,-93,-4053,14,25,452,3.478,-2.372,-0.002135,-0.039658,0.000948,0.00116,3e-06,0.3
178,32,-4231,46,11,449,3.494,-2.391,-0.001855,-0.039979,0.000948,0.001167,3e-06,0.3
281,-112,-4240,46,-12,507,3.566,-2.386,-0.000598,-0.039891,0.000948,0.001171,3e-06,0.3
89,-104,-4270,43,20,479,3.732,-2.314,0.002298,-0.038649,0.000948,0.001178,3e-06,0.3
188,-139,-4592,101,87,436,3.953,-2.444,0.006169,-0.040915,0.000948,0.001181,3e-06,0.3
-89,40,-3786,16,27,475,3.859,-2.506,0.004519,-0.041999,0.000948,0.001184,3e-06,0.3
217,-130,-3450,53,100,457,3.906,-2.546,0.005342,-0.042688,0.000948,0.001189,3e-06,0.3
129,-221,-4663,25,31,467,4.185,-2.636,0.010215,-0.044256,0.000948,0.001191,3e-06,0.3
373,-1501,-5556,-1894,-199,420,2.582,-2.308,-0.017774,-0.038538,0.000948,0.001194,3e-06,0.3
90,-432,-3184,-1319,-461,408,-2.493,-2.009,-0.106335,-0.033326,0.000948,0.001192,3e-06,0.3
65,-1729,-3861,-339,95,337,-4.099,-2.091,-0.134379,-0.034749,0.000947,0.00119,3e-06,0.3
215,-1834,-3931,252,102,229,-2.63,-2.195,-0.10874,-0.036558,0.000947,0.001183,3e-06,0.3
170,-363,-4302,367,1,79,-1.33,-2.266,-0.086048,-0.0378,0.000947,0.001171,3e-06,0.3
478,39,-4367,-74,31,-101,-1.161,-2.452,-0.083092,-0.041053,0.000947,0.001158,3e-06,0.3
121,232,-4031,163,-20,-58,-0.967,-2.533,-0.079717,-0.042472,0.000947,0.001143,3e-06,0.3
208,100,-4146,-27,-5,-32,-0.724,-2.47,-0.075473,-0.041356,0.000947,0.00113,3e-06,0.3
328,372,-4134,23,-23,-56,-0.772,-2.525,-0.076305,-0.042318,0.000947,0.00112,3e-06,0.3
102,216,-4126,20,11,-24,-0.694,-2.561,-0.074939,-0.042948,0.000947,0.001109,3e-06,0.3
233,255,-4044,24,19,20,-0.621,-2.607,-0.073663,-0.043753,0.000947,0.001098,3e-06,0.3
247,288,-4133,-69,8,57,-0.637,-2.673,-0.073942,-0.044899,0.000947,0.001087,3e-06,0.3
176,233,-4158,-161,-9,97,-0.887,-2.635,-0.078315,-0.044247,0.000947,0.001079,3e-06,0.3
225,228,-4134,-160,-4,146,-1.246,-2.605,-0.084572,-0.043715,0.000947,0.001073,3e-06,0.3
257,260,-4066,16,5,94,-1.354,-2.591,-0.086466,-0.043482,0.000947,0.001066,3e-06,0.3
278,320,-4152,55,-6,35,-1.233,-2.574,-0.084349,-0.043176,0.000947,0.00106,3e-06,0.3
243,299,-4095,56,8,-23,-1.078,-2.631,-0.08165,-0.044179,0.000947,0.001053,3e-06,0.3
215,337,-4070,27,1,-98,-0.957,-2.684,-0.079543,-0.045105,0.000947,0.001047,3e-06,0.3
235,280,-4114,-31,7,-69,-0.965,-2.728,-0.079673,-0.045864,0.000947,0.001041,3e-06,0.3
168,203,-4107,-28,6,41,-1.005,-2.735,-0.08037,-0.045981,0.000947,0.001035,3e-06,0.3
258,311,-4079,11,5,-7,-0.955,-2.742,-0.079494,-0.046109,0.000947,0.001029,3e-06,0.3
276,356,-4218,-58,6,-99,-1.034,-2.816,-0.080872,-0.0474,0.000947,0.001025,3e-06,0.3
190,274,-4086,-68,11,-70,-1.203,-2.86,-0.083831,-0.048176,0.000947,0.001021,3e-06,0.3
246,277,-4008,-9,9,-100,-1.258,-2.908,-0.084781,-0.049005,0.000947,0.001018,3e-06,0.3
239,284,-4123,28,12,-101,-1.196,-2.965,-0.083698,-0.05,0.000947,0.001014,3e-06,0.3
213,320,-4142,46,-1,-121,-1.066,-3.011,-0.081442,-0.050813,0.000947,0.001012,3e-06,0.3
195,286,-4171,-36,23,-73,-1.018,-3.066,-0.080601,-0.051759,0.000947,0.001009,3e-06,0.3
232,207,-4092,-58,10,13,-1.103,-3.078,-0.082082,-0.05197,0.000947,0.001005,3e-06,0.3
205,208,-3968,35,-4,47,-1.071,-3.101,-0.08153,-0.05238,0.000947,0.001001,3e-06,0.3
262,392,-4102,-42,4,-53,-1.092,-3.11,-0.081895,-0.052532,0.000947,0.000998,3e-06,0.3
318,354,-4175,-90,-12,-236,-1.29,-3.133,-0.085343,-0.052931,0.000947,0.000997,3e-06,0.3
225,286,-3968,-51,15,-298,-1.372,-3.212,-0.086779,-0.054319,0.000947,0.001001,3e-06,0.3
196,265,-4134,14,9,-294,-1.228,-3.31,-0.084267,-0.056018,0.000947,0.001006,3e-06,0.3
206,342,-4199,-26,10,-288,-1.187,-3.381,-0.083557,-0.057264,0.000947,0.001009,3e-06,0.3
212,351,-4085,-88,36,-340,-1.313,-3.541,-0.085744,-0.060058,0.000947,0.001015,3e-06,0.3
173,313,-4106,-122,25,-303,-1.545,-3.655,-0.089804,-0.062054,0.000947,0.00102,3e-06,0.3
182,278,-3968,18,47,-222,-1.586,-3.776,-0.090517,-0.06415,0.000947,0.001023,3e-06,0.3
253,341,-4108,-16,61,-241,-1.514,-3.881,-0.089255,-0.065991,0.000947,0.001023,3e-06,0.3
243,449,-4265,-79,-9,-253,-1.716,-3.928,-0.092784,-0.066815,0.000947,0.001025,3e-06,0.3
229,389,-4111,-80,37,-305,-1.836,-4.074,-0.094884,-0.069358,0.000947,0.00103,3e-06,0.3
132,368,-4072,-33,11,-243,-1.938,-4.192,-0.096651,-0.071416,0.000947,0.001031,3e-06,0.3
249,358,-3948,22,20,-293,-1.867,-4.288,-0.095409,-0.073101,0.000947,0.001032,3e-06,0.3
188,275,-4075,84,30,-225,-1.616,-4.419,-0.091029,-0.075377,0.000947,0.001036,3e-06,0.3
165,350,-4264,-54,40,-217,-1.479,-4.492,-0.08865,-0.076663,0.000947,0.001035,3e-06,0.3
320,411,-4064,-107,-7,-225,-1.652,-4.574,-0.091673,-0.07809,0.000947,0.001034,3e-06,0.3
108,364,-4130,-131,6,-198,-1.915,-4.578,-0.09625,-0.078157,0.000947,0.001034,3e-06,0.3
137,336,-4137,-55,64,-115,-2.112,-4.618,-0.099695,-0.078852,0.000947,0.00103,3e-06,0.3
275,331,-4136,-77,49,-111,-2.189,-4.773,-0.101045,-0.081556,0.000947,0.001026,3e-06,0.3
199,317,-4050,3,18,-92,-2.183,-4.807,-0.100924,-0.082145,0.000947,0.001022,3e-06,0.3
333,542,-4116,-32,8,-235,-2.253,-4.861,-0.102156,-0.083088,0.000947,0.001021,3e-06,0.3
151,331,-4172,-55,53,-236,-2.275,-4.96,-0.102538,-0.084816,0.000947,0.001022,3e-06,0.3
207,396,-4198,-35,54,-283,-2.289,-5.064,-0.102786,-0.086637,0.000947,0.001024,3e-06,0.3
292,442,-4009,-30,63,-312,-2.302,-5.156,-0.103017,-0.088247,0.000947,0.001026,3e-06,0.3
186,366,-4046,-54,70,-316,-2.337,-5.28,-0.103624,-0.09041,0.000947,0.00103,3e-06,0.3
159,401,-4081,-59,58,-314,-2.431,-5.406,-0.105268,-0.092603,0.000947,0.001034,3e-06,0.3
281,418,-4104,-14,20,-358,-2.44,-5.534,-0.105413,-0.094835,0.000947,0.001039,3e-06,0.3
86,449,-4057,-60,28,-349,-2.512,-5.638,-0.106681,-0.09666,0.000947,0.001044,3e-06,0.3
139,420,-4075,-77,118,-312,-2.625,-5.818,-0.108642,-0.099794,0.000947,0.001047,3e-06,0.3
344,526,-4246,-104,117,-340,-2.783,-6.095,-0.111396,-0.10464,0.000947,0.00105,3e-06,0.3
287,409,-3850,-67,-19,-412,-2.902,-6.245,-0.113485,-0.107248,0.000947,0.001055,3e-06,0.3
210,559,-4359,-108,-12,-489,-2.969,-6.308,-0.114657,-0.108353,0.000947,0.001063,3e-06,0.3
-56,398,-4082,-135,96,-442,-3.094,-6.469,-0.116834,-0.111158,0.000947,0.001072,3e-06,0.3
161,463,-4265,-80,134,-298,-3.155,-6.577,-0.117905,-0.113041,0.000947,0.001074,3e-06,0.3
283,413,-4041,-101,183,-281,-3.271,-6.893,-0.119926,-0.118568,0.000947,0.001075,3e-06,0.3
128,493,-4000,-111,-7,-388,-3.41,-7.052,-0.122355,-0.121342,0.000947,0.001077,3e-06,0.3
180,507,-3781,-99,47,-449,-3.584,-7.12,-0.125387,-0.122527,0.000947,0.001084,3e-06,0.3
277,1018,-4037,-115,133,-538,-3.842,-7.291,-0.129893,-0.1255,0.000947,0.001093,3e-06,0.3
-132,1401,-3892,34,-33,-263,-4.113,-7.253,-0.134616,-0.124851,0.000947,0.001096,3e-06,0.3
309,1449,-3856,-14,25,58,-4.261,-6.839,-0.137195,-0.117616,0.000947,0.00109,3e-06,0.3
-188,1230,-3632,361,-5,38,-4.253,-6.491,-0.137067,-0.111536,0.000947,0.001086,3e-06,0.3
766,1210,-4053,422,169,-418,-3.414,-6.648,-0.122417,-0.114292,0.000947,0.001081,3e-06,0.3
158,1076,-3958,253,160,-605,-2.79,-7.245,-0.111534,-0.124704,0.000947,0.001092,3e-06,0.3
-61,1141,-4163,521,86,-591,-1.885,-7.636,-0.095729,-0.131527,0.000947,0.001108,3e-06,0.3
135,869,-3954,179,82,-671,-1.151,-7.784,-0.082919,-0.134116,0.000947,0.00112,3e-06,0.3
4,1042,-3878,89,84,-662,-1.149,-8.127,-0.082894,-0.140099,0.000947,0.001136,3e-06,0.3
-134,798,-4269,-24,68,-536,-1.12,-8.229,-0.082372,-0.141882,0.000947,0.001146,3e-06,0.3
339,805,-4114,-20,85,-486,-1.243,-8.455,-0.084534,-0.145828,0.000947,0.001153,3e-06,0.3
155,831,-3989,13,64,-431,-1.235,-8.681,-0.08438,-0.149761,0.000947,0.001158,3e-06,0.3
112,765,-4045,37,24,-174,-1.265,-8.603,-0.084916,-0.148406,0.000947,0.001154,3e-06,0.3
232,627,-3986,88,-5,110,-1.23,-8.431,-0.084296,-0.145403,0.000947,0.001141,3e-06,0.3
157,637,-4090,97,-32,129,-1.191,-8.119,-0.08362,-0.139951,0.000947,0.001131,3e-06,0.3
322,546,-4058,20,5,-120,-1.14,-7.934,-0.082728,-0.136724,0.000947,0.00112,3e-06,0.3
211,562,-4002,130,15,-276,-0.947,-7.947,-0.07936,-0.136956,0.000947,0.001116,3e-06,0.3
367,291,-4174,-53,-3,-263,-0.762,-7.875,-0.07613,-0.135704,0.000947,0.001113,3e-06,0.3
87,530,-4096,-51,-9,-217,-0.908,-7.835,-0.078671,-0.134994,0.000947,0.001109,3e-06,0.3
178,405,-4161,-118,11,-215,-1.114,-7.604,-0.082273,-0.130976,0.000947,0.001102,3e-06,0.3
335,431,-4003,-18,79,-206,-1.222,-7.718,-0.084159,-0.132955,0.000947,0.001098,3e-06,0.3
162,346,-4200,-22,-36,-51,-1.186,-7.602,-0.08353,-0.130937,0.000947,0.00109,3e-06,0.3
196,524,-4074,-38,-29,-6,-1.335,-7.329,-0.086123,-0.126162,0.000947,0.001081,3e-06,0.3
335,532,-4070,4,-34,-62,-1.482,-7.192,-0.0887,-0.123778,0.000947,0.001072,3e-06,0.3
9,743,-4022,359,133,-110,-1.237,-6.952,-0.084421,-0.11959,0.000947,0.001065,3e-06,0.3
95,227,-4129,-14,-6,30,-0.895,-6.634,-0.078457,-0.11404,0.000947,0.001057,3e-06,0.3
44,583,-4112,36,70,79,-1.01,-6.465,-0.080468,-0.111091,0.000947,0.001051,3e-06,0.3
238,519,-4072,-1,38,23,-1.08,-6.454,-0.081681,-0.110893,0.000947,0.001044,3e-06,0.3
237,586,-4065,55,43,-66,-1.135,-6.479,-0.082641,-0.111339,0.000947,0.001039,3e-06,0.3
165,427,-4032,163,18,-13,-0.887,-6.397,-0.078321,-0.109895,0.000947,0.001033,3e-06,0.3
245,465,-4047,180,39,11,-0.503,-6.295,-0.071605,-0.108125,0.000947,0.001028,3e-06,0.3
239,473,-4111,269,19,-11,0.033,-6.241,-0.062251,-0.107173,0.000947,0.001022,3e-06,0.3
296,229,-4119,76,-2,-49,0.401,-6.184,-0.055836,-0.106185,0.000947,0.001018,3e-06,0.3
133,298,-4353,-113,-53,-37,0.357,-6.098,-0.056593,-0.10468,0.000947,0.001014,3e-06,0.3
216,151,-4092,-311,4,21,-0.226,-5.877,-0.06678,-0.100834,0.000947,0.001009,3e-06,0.3
263,438,-3992,-144,108,-26,-0.833,-6.23,-0.07737,-0.106992,0.000947,0.001005,3e-06,0.3
265,467,-4006,3,72,-69,-0.938,-6.298,-0.079207,-0.108167,0.000947,0.001002,3e-06,0.3
243,482,-4079,-5,30,-62,-1.003,-6.24,-0.080341,-0.107171,0.000947,0.000999,3e-06,0.3
259,516,-4141,89,-5,-15,-0.971,-6.173,-0.079774,-0.105987,0.000947,0.000996,3e-06,0.3
245,462,-4098,75,23,-24,-0.847,-6.153,-0.077607,-0.105639,0.000947,0.000993,3e-06,0.3
294,433,-4099,39,0,-82,-0.747,-6.128,-0.075869,-0.105208,0.000947,0.000991,3e-06,0.3
99,495,-4075,-4,-16,-52,-0.919,-6.102,-0.078879,-0.10475,0.000947,0.000989,3e-06,0.3
345,339,-4127,-36,1,-12,-0.979,-5.954,-0.079926,-0.102178,0.000947,0.000986,3e-06,0.3
325,375,-4127,-12,-14,-45,-1.034,-5.938,-0.080881,-0.101897,0.000947,0.000984,3e-06,0.3
159,416,-4093,-3,-43,44,-1.083,-5.783,-0.081738,-0.099188,0.000947,0.000982,3e-06,0.3
246,508,-4066,41,-39,38,-1.095,-5.556,-0.081949,-0.095221,0.000947,0.00098,3e-06,0.3
212,494,-4073,94,4,22,-0.996,-5.456,-0.080223,-0.093476,0.000947,0.000978,3e-06,0.3
262,503,-4073,139,-5,-23,-0.778,-5.383,-0.076415,-0.092206,0.000947,0.000976,3e-06,0.3
252,446,-4082,140,-2,-24,-0.522,-5.336,-0.071937,-0.091385,0.000947,0.000975,3e-06,0.3
218,336,-4091,180,-18,37,-0.147,-5.239,-0.065389,-0.089699,0.000947,0.000973,3e-06,0.3
188,249,-4103,172,13,56,0.28,-5.136,-0.057938,-0.087901,0.000947,0.000972,3e-06,0.3
218,220,-4185,50,-2,57,0.45,-5.067,-0.054975,-0.086689,0.000947,0.00097,3e-06,0.3
260,193,-4142,-29,-9,79,0.458,-5.0,-0.054837,-0.085517,0.000947,0.00097,3e-06,0.3
233,220,-4120,-41,-14,62,0.355,-4.893,-0.056644,-0.083661,0.000947,0.000969,3e-06,0.3
217,272,-4114,-58,-17,0,0.248,-4.818,-0.058508,-0.082349,0.000947,0.000968,3e-06,0.3
256,325,-4122,-83,8,-45,0.019,-4.772,-0.062509,-0.08154,0.000947,0.000966,3e-06,0.3
211,302,-4103,-106,12,-49,-0.221,-4.753,-0.066688,-0.081212,0.000947,0.000965,3e-06,0.3
241,284,-4116,-138,-5,-18,-0.52,-4.713,-0.071907,-0.080518,0.000947,0.000964,3e-06,0.3
230,322,-4108,-142,-3,-34,-0.825,-4.668,-0.077233,-0.079723,0.000947,0.000964,3e-06,0.3
243,357,-4102,-115,6,-75,-1.141,-4.651,-0.082752,-0.079431,0.000947,0.000963,3e-06,0.3
230,347,-4100,-89,11,-68,-1.375,-4.65,-0.086838,-0.079415,0.000947,0.000963,3e-06,0.3
209,354,-4092,-77,-2,0,-1.544,-4.618,-0.089775,-0.078853,0.000947,0.000962,3e-06,0.3
252,377,-4112,-54,-3,-11,-1.687,-4.562,-0.092276,-0.077876,0.000947,0.000961,3e-06,0.3
224,408,-4097,-53,-1,-22,-1.844,-4.527,-0.095015,-0.077265,0.000947,0.00096,3e-06,0.3
290,460,-4055,73,-24,-26,-1.807,-4.48,-0.094364,-0.076444,0.000947,0.00096,3e-06,0.3
180,457,-4073,71,-24,-9,-1.682,-4.398,-0.092192,-0.075019,0.000947,0.000959,3e-06,0.3
205,486,-4082,67,4,-4,-1.583,-4.31,-0.090455,-0.073485,0.000947,0.000958,3e-06,0.3
234,478,-4090,75,11,-32,-1.451,-4.309,-0.088162,-0.07346,0.000947,0.000958,3e-06,0.3
233,404,-4064,115,-5,-20,-1.23,-4.268,-0.084303,-0.072741,0.000947,0.000957,3e-06,0.3
169,402,-4110,52,3,53,-1.042,-4.214,-0.081012,-0.071806,0.000947,0.000956,3e-06,0.3
223,433,-4121,-27,0,60,-1.087,-4.172,-0.081811,-0.071062,0.000947,0.000956,3e-06,0.3
258,397,-4091,-29,-12,31,-1.236,-4.131,-0.084405,-0.070356,0.000947,0.000956,3e-06,0.3
227,375,-4076,3,4,0,-1.269,-4.089,-0.08498,-0.069617,0.000947,0.000955,3e-06,0.3
211,403,-4102,-27,-1,9,-1.333,-4.058,-0.086103,-0.069079,0.000947,0.000955,3e-06,0.3
253,410,-4086,-10,-3,-22,-1.409,-4.028,-0.087415,-0.068561,0.000947,0.000954,3e-06,0.3
199,372,-4082,31,12,-8,-1.388,-4.02,-0.087063,-0.068418,0.000947,0.000954,3e-06,0.3
239,395,-4079,112,6,-8,-1.241,-3.995,-0.084485,-0.067978,0.000947,0.000954,3e-06,0.3
169,312,-4081,160,-11,114,-0.932,-3.966,-0.07909,-0.067477,0.000947,0.000953,3e-06,0.3
164,323,-4120,130,0,191,-0.568,-3.874,-0.072738,-0.06586,0.000947,0.000956,3e-06,0.3
300,435,-4088,51,-1,108,-0.463,-3.836,-0.070912,-0.065204,0.000947,0.000958,3e-06,0.3
264,422,-4103,17,-10,38,-0.472,-3.803,-0.071061,-0.064631,0.000947,0.000958,3e-06,0.3
213,382,-4103,-25,6,-18,-0.554,-3.797,-0.072494,-0.064528,0.000947,0.000957,3e-06,0.3
243,336,-4118,-57,-6,-9,-0.677,-3.783,-0.074639,-0.064284,0.000947,0.000956,3e-06,0.3
230,332,-4102,-82,0,-6,-0.873,-3.764,-0.078065,-0.063955,0.000947,0.000956,3e-06,0.3
233,324,-4094,-55,-7,0,-1.025,-3.752,-0.080716,-0.063732,0.000947,0.000955,3e-06,0.3
213,332,-4095,-21,0,3,-1.116,-3.72,-0.082302,-0.063186,0.000947,0.000955,3e-06,0.3
263,348,-4101,-14,1,-15,-1.145,-3.715,-0.082823,-0.063101,0.000947,0.000954,3e-06,0.3
241,367,-4103,-15,3,-74,-1.182,-3.728,-0.083455,-0.063326,0.000947,0.000954,3e-06,0.3
237,352,-4107,-38,14,-101,-1.226,-3.758,-0.084238,-0.063843,0.000947,0.000955,3e-06,0.3
218,314,-4107,-67,7,-93,-1.367,-3.784,-0.086695,-0.064297,0.000947,0.000955,3e-06,0.3
247,330,-4070,20,7,-119,-1.385,-3.808,-0.087003,-0.064718,0.000947,0.000956,3e-06,0.3
212,254,-4082,99,7,-42,-1.158,-3.823,-0.083045,-0.064977,0.000947,0.000956,3e-06,0.3
224,342,-4126,25,3,-27,-0.985,-3.807,-0.080022,-0.064701,0.000947,0.000956,3e-06,0.3
222,345,-4115,-42,-2,-29,-1.045,-3.803,-0.081065,-0.064622,0.000947,0.000955,3e-06,0.3
259,316,-4098,-42,0,-56,-1.137,-3.786,-0.082673,-0.064335,0.000947,0.000955,3e-06,0.3
221,342,-4088,-25,10,-80,-1.216,-3.802,-0.084056,-0.064604,0.000947,0.000955,3e-06,0.3
230,360,-4125,-55,2,-79,-1.279,-3.813,-0.085152,-0.064807,0.000947,0.000955,3e-06,0.3
227,329,-4099,-78,6,-55,-1.446,-3.803,-0.088067,-0.064632,0.000947,0.000955,3e-06,0.3
215,300,-4098,-22,12,-42,-1.523,-3.81,-0.089408,-0.06476,0.000947,0.000955,3e-06,0.3
262,347,-4052,42,2,-68,-1.454,-3.818,-0.088203,-0.064885,0.000947,0.000955,3e-06,0.3
215,309,-4109,55,19,-9,-1.286,-3.812,-0.08528,-0.064793,0.000947,0.000954,3e-06,0.3
240,358,-4153,-19,-2,-44,-1.246,-3.797,-0.084575,-0.064521,0.000947,0.000954,3e-06,0.3
271,363,-4111,-71,15,-161,-1.383,-3.85,-0.086966,-0.065452,0.000947,0.000956,3e-06,0.3
191,327,-4040,2,23,-155,-1.477,-3.891,-0.088605,-0.066157,0.000947,0.000958,3e-06,0.3
226,350,-4145,-12,18,-119,-1.465,-3.944,-0.088399,-0.067095,0.000947,0.00096,3e-06,0.3
238,398,-4192,-64,27,-136,-1.562,-3.998,-0.090086,-0.068027,0.000947,0.00096,3e-06,0.3
305,442,-4104,-77,23,-294,-1.748,-4.085,-0.093334,-0.069545,0.000947,0.000964,3e-06,0.3
192,430,-4138,-43,30,-349,-1.947,-4.21,-0.096814,-0.071732,0.000947,0.000972,3e-06,0.3
189,282,-4138,24,31,-311,-1.865,-4.356,-0.095375,-0.074274,0.000947,0.00098,3e-06,0.3
180,422,-4077,-58,82,-299,-1.811,-4.564,-0.094442,-0.077903,0.000947,0.000986,3e-06,0.3
258,395,-4108,-24,22,-249,-1.869,-4.677,-0.095459,-0.079882,0.000947,0.00099,3e-06,0.3
209,346,-4025,-66,65,-168,-1.937,-4.841,-0.096647,-0.082743,0.000947,0.000993,3e-06,0.3
-225,387,-4381,-380,11,568,-2.454,-4.893,-0.105663,-0.083653,0.000947,0.000995,3e-06,0.3
450,511,-4162,-289,-279,1462,-3.767,-4.126,-0.128581,-0.070267,0.000947,0.001021,3e-06,0.3
435,160,-4121,-110,-435,2043,-4.22,-2.687,-0.136491,-0.045148,0.000947,0.001048,3e-06,0.3
367,365,-3815,322,-472,2370,-3.911,-0.988,-0.131096,-0.015506,0.000947,0.001074,3e-06,0.3
405,409,-4102,405,-342,2362,-2.728,0.848,-0.11044,0.016554,0.000947,0.001105,3e-06,0.3
453,427,-4209,319,-259,2262,-1.717,2.045,-0.092798,0.037439,0.000947,0.001133,3e-06,0.3
508,438,-4097,285,-186,2029,-0.737,2.864,-0.075689,0.051726,0.000947,0.00116,3e-06,0.3
471,468,-4164,138,-152,1737,-0.159,3.442,-0.065611,0.061828,0.000947,0.001184,3e-06,0.3
414,422,-4173,-40,-163,1305,0.178,4.087,-0.05973,0.073085,0.000947,0.001211,3e-06,0.3
368,385,-4009,-182,-70,939,-0.006,4.42,-0.06294,0.078894,0.000947,0.001232,3e-06,0.3
289,393,-4084,-267,-55,681,-0.442,4.556,-0.070551,0.081258,0.000947,0.001245,3e-06,0.3
272,358,-4052,-240,-12,464,-1.041,4.569,-0.080997,0.081496,0.000947,0.001249,3e-06,0.3
108,173,-4126,-213,-51,731,-1.307,4.638,-0.085636,0.082697,0.000947,0.001259,3e-06,0.3
389,444,-4086,-144,-118,802,-1.59,4.9,-0.090584,0.08726,0.000947,0.001272,3e-06,0.3
275,322,-4091,-10,-83,742,-1.566,5.146,-0.090161,0.091566,0.000947,0.001285,3e-06,0.3
128,344,-4096,17,-47,722,-1.261,5.389,-0.084833,0.095793,0.000947,0.001297,3e-06,0.3
336,383,-4128,-9,-71,799,-1.105,5.566,-0.082125,0.098885,0.000947,0.001309,3e-06,0.3
283,321,-4030,-34,-75,734,-0.957,5.768,-0.079541,0.102419,0.000947,0.001321,3e-06,0.3
263,379,-4105,-66,-43,500,-0.954,5.832,-0.079475,0.103533,0.000947,0.001325,3e-06,0.3
310,337,-4088,-62,-36,500,-0.94,5.796,-0.079238,0.102906,0.000947,0.001325,3e-06,0.3
210,371,-4158,-104,-43,505,-0.982,5.79,-0.079976,0.102803,0.000947,0.001325,3e-06,0.3
255,426,-4108,-133,-62,397,-1.165,5.792,-0.083168,0.102839,0.000947,0.001322,3e-06,0.3
310,433,-4036,-117,-15,220,-1.442,5.605,-0.087992,0.099577,0.000947,0.001308,3e-06,0.3
249,441,-4106,-59,-32,78,-1.669,5.274,-0.091957,0.093792,0.000947,0.001285,3e-06,0.3
290,339,-4002,89,-9,-77,-1.603,5.009,-0.090807,0.089173,0.000947,0.001262,3e-06,0.3
242,297,-4031,141,23,-164,-1.266,4.689,-0.084926,0.083584,0.000947,0.001242,3e-06,0.3
197,391,-4288,15,10,-254,-1.141,4.318,-0.082746,0.077114,0.000947,0.001228,3e-06,0.3
238,370,-4164,-68,33,-323,-1.31,3.932,-0.085696,0.070376,0.000947,0.00122,3e-06,0.3
189,292,-4095,-94,36,-288,-1.549,3.614,-0.089865,0.064815,0.000947,0.001214,3e-06,0.3
176,326,-4037,36,10,-254,-1.688,3.283,-0.0923,0.059047,0.000947,0.001205,3e-06,0.3
226,175,-4113,57,23,-195,-1.486,3.023,-0.088765,0.054514,0.000947,0.001194,3e-06,0.3
166,388,-4070,96,20,-157,-1.309,2.689,-0.085675,0.048672,0.000947,0.001181,3e-06,0.3
206,346,-4132,-12,12,-117,-1.253,2.449,-0.084697,0.044494,0.000947,0.001167,3e-06,0.3
237,330,-4179,-81,14,-131,-1.411,2.201,-0.087463,0.040152,0.000947,0.001154,3e-06,0.3
228,346,-4044,-61,21,-221,-1.577,1.929,-0.090358,0.035409,0.000947,0.001145,3e-06,0.3
163,312,-4026,-44,25,-121,-1.691,1.691,-0.092339,0.031252,0.000947,0.001136,3e-06,0.3
217,319,-4135,43,17,-67,-1.651,1.475,-0.091645,0.027489,0.000947,0.001124,3e-06,0.3
232,405,-4128,35,20,-124,-1.539,1.281,-0.089691,0.024107,0.000947,0.001114,3e-06,0.3
232,350,-4054,-12,-1,-156,-1.51,1.034,-0.089179,0.019792,0.000947,0.001106,3e-06,0.3
188,337,-4026,-39,18,-146,-1.575,0.859,-0.090326,0.016742,0.000947,0.0011,3e-06,0.3
238,361,-4146,10,17,-214,-1.601,0.629,-0.090781,0.012728,0.000947,0.001092,3e-06,0.3
174,300,-4203,-31,46,-118,-1.557,0.44,-0.090001,0.009426,0.000947,0.001086,3e-06,0.3
238,342,-4192,-54,29,-130,-1.649,0.24,-0.091611,0.005935,0.000947,0.001078,3e-06,0.3
237,304,-4090,-14,20,-132,-1.637,0.084,-0.091403,0.003209,0.000947,0.001072,3e-06,0.3
211,407,-4037,-51,20,-195,-1.738,-0.089,-0.093174,0.000196,0.000947,0.001069,3e-06,0.3
239,344,-4156,3,19,-183,-1.799,-0.276,-0.094235,-0.003069,0.000947,0.001064,3e-06,0.3
210,370,-4119,0,38,-193,-1.759,-0.468,-0.093536,-0.006422,0.000947,0.001061,3e-06,0.3
222,366,-4109,4,20,-196,-1.756,-0.665,-0.093487,-0.009857,0.000947,0.001058,3e-06,0.3
198,295,-4049,-2,26,-137,-1.723,-0.831,-0.092908,-0.012761,0.000947,0.001055,3e-06,0.3
286,478,-4146,-61,24,-258,-1.808,-0.994,-0.094395,-0.015608,0.000947,0.001053,3e-06,0.3
219,367,-4113,-5,-1,-322,-1.923,-1.117,-0.096401,-0.017749,0.000947,0.001055,3e-06,0.3
176,380,-4068,19,35,-392,-1.889,-1.255,-0.095808,-0.020154,0.000947,0.00106,3e-06,0.3
210,380,-4113,-42,26,-370,-1.911,-1.457,-0.096188,-0.023692,0.000947,0.001066,3e-06,0.3
139,344,-4176,-82,39,-358,-1.958,-1.684,-0.097003,-0.027654,0.000947,0.001071,3e-06,0.3
184,662,-4290,-96,11,-375,-2.186,-1.848,-0.100986,-0.030501,0.000947,0.001073,3e-06,0.3
58,672,-4055,56,30,-394,-2.286,-2.018,-0.102722,-0.033479,0.000947,0.001078,3e-06,0.3
304,868,-3923,164,125,-483,-2.026,-2.298,-0.098185,-0.038361,0.000947,0.001085,3e-06,0.3
216,891,-4033,247,112,-653,-1.733,-2.77,-0.093072,-0.046607,0.000947,0.001096,3e-06,0.3
173,521,-4149,254,33,-616,-1.076,-3.038,-0.081608,-0.05128,0.000947,0.001111,3e-06,0.3
138,553,-4047,36,44,-502,-0.757,-3.209,-0.076045,-0.054261,0.000947,0.001123,3e-06,0.3
42,359,-4121,-105,19,-225,-0.82,-3.279,-0.077142,-0.055477,0.000947,0.001123,3e-06,0.3
77,380,-4134,-223,29,-77,-1.219,-3.271,-0.084106,-0.055346,0.000947,0.001114,3e-06,0.3
240,482,-4046,-131,7,-15,-1.78,-3.306,-0.093903,-0.055952,0.000947,0.001104,3e-06,0.3
193,602,-4012,52,-2,-126,-1.814,-3.354,-0.094485,-0.056793,0.000947,0.001093,3e-06,0.3
266,720,-3988,134,31,-265,-1.676,-3.462,-0.092083,-0.058669,0.000947,0.001089,3e-06,0.3
252,541,-4050,141,37,-257,-1.404,-3.647,-0.087344,-0.061913,0.000947,0.001089,3e-06,0.3
80,375,-4154,37,-7,-43,-1.2,-3.633,-0.083775,-0.061665,0.000947,0.001083,3e-06,0.3
198,498,-4029,149,-10,59,-0.99,-3.556,-0.080109,-0.060315,0.000947,0.001074,3e-06,0.3
202,398,-4102,129,-16,108,-0.701,-3.519,-0.075073,-0.059675,0.000947,0.001067,3e-06,0.3
202,440,-4101,116,-17,80,-0.482,-3.42,-0.071237,-0.057952,0.000947,0.00106,3e-06,0.3
219,359,-4108,98,-12,123,-0.276,-3.376,-0.067644,-0.057182,0.000947,0.001054,3e-06,0.3
158,302,-4104,142,-21,143,-0.058,-3.284,-0.063842,-0.055575,0.000947,0.00105,3e-06,0.3
213,269,-4087,218,-9,150,0.418,-3.2,-0.055538,-0.054104,0.000947,0.001046,3e-06,0.3
205,299,-4131,172,-16,123,0.791,-3.156,-0.049019,-0.053345,0.000947,0.001042,3e-06,0.3
238,296,-4135,104,-6,98,1.077,-3.103,-0.044037,-0.052416,0.000947,0.001037,3e-06,0.3
194,246,-4155,52,-4,89,1.189,-3.09,-0.042087,-0.052181,0.000947,0.001033,3e-06,0.3
172,180,-4111,26,-4,65,1.249,-3.046,-0.04104,-0.051418,0.000947,0.001028,3e-06,0.3
219,89,-4141,-82,-9,79,1.249,-3.035,-0.041033,-0.051225,0.000947,0.001024,3e-06,0.3
186,209,-4135,-119,9,32,0.975,-3.014,-0.045818,-0.050856,0.000947,0.001019,3e-06,0.3
219,228,-4081,-88,-10,-39,0.696,-3.036,-0.050678,-0.05124,0.000947,0.001014,3e-06,0.3
241,256,-4053,55,-4,-92,0.681,-3.057,-0.050942,-0.051615,0.000947,0.001012,3e-06,0.3
233,206,-4099,112,17,-147,0.89,-3.14,-0.047306,-0.053066,0.000947,0.00101,3e-06,0.3
166,124,-4121,102,10,-64,1.177,-3.174,-0.042296,-0.05365,0.000947,0.001007,3e-06,0.3
179,195,-4129,14,2,20,1.306,-3.162,-0.040042,-0.05345,0.000947,0.001003,3e-06,0.3
255,323,-4123,-88,0,-108,1.116,-3.189,-0.043349,-0.053916,0.000947,0.001001,3e-06,0.3
208,196,-4118,-98,0,-70,0.866,-3.196,-0.047718,-0.054037,0.000947,0.000998,3e-06,0.3
207,261,-4147,-115,-3,-23,0.53,-3.205,-0.053576,-0.054196,0.000947,0.000995,3e-06,0.3
179,198,-4102,-95,-5,50,0.273,-3.167,-0.058059,-0.053525,0.000947,0.000992,3e-06,0.3
255,265,-4058,-35,-13,20,0.088,-3.133,-0.0613,-0.052943,0.000947,0.000989,3e-06,0.3
209,209,-4082,58,-6,-14,0.141,-3.13,-0.060371,-0.052877,0.000947,0.000987,3e-06,0.3
214,324,-4117,115,8,-72,0.32,-3.146,-0.057241,-0.05316,0.000947,0.000985,3e-06,0.3
218,321,-4117,186,0,-79,0.664,-3.174,-0.051235,-0.053651,0.000947,0.000983,3e-06,0.3
212,295,-4100,173,7,-61,1.131,-3.199,-0.043096,-0.054081,0.000947,0.000982,3e-06,0.3
208,322,-4126,12,14,-89,1.322,-3.221,-0.039752,-0.054467,0.000947,0.00098,3e-06,0.3
231,318,-4124,-148,-2,-59,0.94,-3.216,-0.046426,-0.05438,0.000947,0.000978,3e-06,0.3
227,320,-4162,-219,-8,-77,0.361,-3.229,-0.05653,-0.054614,0.000947,0.000977,3e-06,0.3
210,180,-4157,-117,-29,-15,0.02,-3.198,-0.062486,-0.054077,0.000947,0.000975,3e-06,0.3
175,222,-4004,-52,16,41,-0.127,-3.187,-0.065042,-0.053872,0.000947,0.000974,3e-06,0.3
217,234,-4016,-35,1,-3,-0.22,-3.191,-0.066673,-0.053953,0.000947,0.000972,3e-06,0.3
221,266,-4211,-54,-6,-14,-0.321,-3.195,-0.068439,-0.05402,0.000947,0.000971,3e-06,0.3
238,202,-4166,-13,-1,-25,-0.405,-3.188,-0.069903,-0.053894,0.000947,0.000969,3e-06,0.3
229,216,-4006,80,5,-45,-0.247,-3.184,-0.067147,-0.053825,0.000947,0.000968,3e-06,0.3
212,112,-4066,142,6,-53,0.065,-3.207,-0.061699,-0.054228,0.000947,0.000967,3e-06,0.3
199,104,-4143,133,4,-16,0.487,-3.203,-0.054333,-0.054153,0.000947,0.000966,3e-06,0.3
193,132,-4164,19,-2,11,0.621,-3.179,-0.051988,-0.053744,0.000947,0.000965,3e-06,0.3
271,204,-4148,-53,5,-118,0.534,-3.205,-0.053507,-0.054185,0.000947,0.000964,3e-06,0.3
224,265,-4100,-60,17,-259,0.384,-3.262,-0.056123,-0.055194,0.000947,0.000967,3e-06,0.3
259,279,-4119,-58,17,-313,0.261,-3.356,-0.058274,-0.056824,0.000947,0.000974,3e-06,0.3
185,225,-4122,-79,27,-267,0.13,-3.463,-0.060566,-0.058695,0.000947,0.00098,3e-06,0.3
183,189,-4136,-78,2,-184,-0.0,-3.501,-0.062836,-0.059358,0.000947,0.000983,3e-06,0.3
224,308,-4080,-60,14,-162,-0.139,-3.533,-0.065263,-0.059919,0.000947,0.000983,3e-06,0.3
187,331,-4092,-31,9,-169,-0.254,-3.58,-0.067256,-0.060735,0.000947,0.000984,3e-06,0.3
229,345,-4087,10,13,-167,-0.283,-3.616,-0.067768,-0.061359,0.000947,0.000985,3e-06,0.3
209,369,-4085,62,15,-149,-0.195,-3.672,-0.066241,-0.062349,0.000947,0.000985,3e-06,0.3
200,363,-4109,67,7,-168,-0.073,-3.697,-0.064103,-0.062774,0.000947,0.000985,3e-06,0.3
234,310,-4088,74,7,-130,0.08,-3.73,-0.061433,-0.063357,0.000947,0.000986,3e-06,0.3
158,340,-4083,139,2,-116,0.324,-3.737,-0.057184,-0.063474,0.000947,0.000985,3e-06,0.3
222,348,-4106,138,14,-152,0.699,-3.746,-0.050632,-0.063636,0.000947,0.000985,3e-06,0.3
290,443,-4142,25,20,-275,0.86,-3.816,-0.047815,-0.064863,0.000947,0.000986,3e-06,0.3
184,291,-4100,-52,16,-254,0.769,-3.872,-0.049409,-0.065828,0.000947,0.000991,3e-06,0.3
202,293,-4142,-28,24,-243,0.689,-3.914,-0.050814,-0.066565,0.000947,0.000994,3e-06,0.3
248,349,-4074,19,17,-289,0.672,-3.982,-0.051111,-0.067752,0.000947,0.000998,3e-06,0.3
229,313,-4040,26,31,-317,0.727,-4.051,-0.050139,-0.068956,0.000947,0.001003,3e-06,0.3
212,276,-4118,28,32,-305,0.816,-4.145,-0.048583,-0.0706,0.000947,0.001008,3e-06,0.3
204,244,-4186,73,25,-255,0.964,-4.216,-0.046013,-0.071832,0.000947,0.001012,3e-06,0.3
225,307,-4112,83,21,-238,1.125,-4.24,-0.043197,-0.072259,0.000947,0.001013,3e-06,0.3
212,204,-4026,36,37,-242,1.299,-4.333,-0.040162,-0.073877,0.000947,0.001015,3e-06,0.3
181,182,-4061,-21,10,-228,1.277,-4.364,-0.040546,-0.074413,0.000947,0.001018,3e-06,0.3
190,184,-4198,-32,6,-100,1.223,-4.374,-0.041485,-0.074603,0.000947,0.001016,3e-06,0.3
231,257,-4182,-92,-4,-48,1.038,-4.367,-0.044719,-0.074467,0.000947,0.001012,3e-06,0.3
225,235,-4054,-110,4,-34,0.758,-4.322,-0.049596,-0.073682,0.000947,0.001008,3e-06,0.3
235,236,-4069,-60,-12,-51,0.522,-4.311,-0.053721,-0.073503,0.000947,0.001005,3e-06,0.3
192,183,-4094,40,-20,54,0.47,-4.262,-0.054626,-0.072647,0.000947,0.001001,3e-06,0.3
181,153,-4085,121,-20,174,0.685,-4.172,-0.050873,-0.07107,0.000947,0.001,3e-06,0.3
177,187,-4147,82,-21,293,0.915,-4.065,-0.046868,-0.069208,0.000947,0.001002,3e-06,0.3
239,244,-4117,37,-25,282,1.001,-3.937,-0.045358,-0.066962,0.000947,0.001007,3e-06,0.3
221,219,-4116,31,-27,252,1.021,-3.838,-0.045017,-0.06524,0.000947,0.00101,3e-06,0.3
222,214,-4102,34,-9,225,1.055,-3.752,-0.044411,-0.063738,0.000947,0.001012,3e-06,0.3
210,379,-4108,27,-33,199,1.044,-3.681,-0.044608,-0.062504,0.000947,0.001013,3e-06,0.3
285,434,-4092,110,-4,12,1.163,-3.593,-0.042542,-0.060966,0.000947,0.00101,3e-06,0.3
409,684,-4014,201,26,-485,1.461,-3.665,-0.037338,-0.062226,0.000947,0.001013,3e-06,0.3
429,484,-4166,88,64,-828,1.776,-3.856,-0.031827,-0.065555,0.000947,0.00103,3e-06,0.3
218,425,-4095,20,63,-875,1.817,-4.057,-0.031127,-0.069059,0.000947,0.001049,3e-06,0.3
315,413,-4041,-52,36,-933,1.7,-4.302,-0.033159,-0.073345,0.000947,0.001071,3e-06,0.3
365,351,-4148,11,68,-960,1.721,-4.509,-0.032794,-0.076947,0.000947,0.001092,3e-06,0.3
403,216,-4124,22,52,-958,1.876,-4.753,-0.030096,-0.081212,0.000947,0.001114,3e-06,0.3
244,13,-4131,-170,77,-879,1.875,-5.006,-0.030105,-0.085633,0.000947,0.001133,3e-06,0.3
191,209,-4080,-235,68,-669,1.624,-5.179,-0.034489,-0.088637,0.000947,0.001147,3e-06,0.3
307,146,-4171,-150,31,-446,1.247,-5.279,-0.041059,-0.090399,0.000947,0.001157,3e-06,0.3
162,192,-4092,-174,24,-343,0.934,-5.309,-0.046533,-0.090911,0.000947,0.001159,3e-06,0.3
167,240,-4059,-184,62,-215,0.524,-5.382,-0.053686,-0.092189,0.000947,0.001154,3e-06,0.3
261,318,-4110,-110,30,-236,0.198,-5.462,-0.059371,-0.093585,0.000947,0.001147,3e-06,0.3
304,316,-4120,-68,39,-288,-0.013,-5.591,-0.063052,-0.095833,0.000947,0.001143,3e-06,0.3
199,192,-4166,3,27,-176,-0.012,-5.649,-0.063037,-0.096848,0.000947,0.001136,3e-06,0.3
252,344,-4088,27,19,-101,0.035,-5.648,-0.062216,-0.096829,0.000947,0.001127,3e-06,0.3
217,355,-4010,24,8,-62,0.066,-5.571,-0.061681,-0.095483,0.000947,0.001116,3e-06,0.3
239,313,-4116,61,-3,-22,0.162,-5.507,-0.059996,-0.094372,0.000947,0.001105,3e-06,0.3
244,297,-4124,103,-7,28,0.405,-5.43,-0.055772,-0.093024,0.000947,0.001094,3e-06,0.3
197,313,-4129,51,-19,104,0.526,-5.29,-0.053654,-0.090576,0.000947,0.001085,3e-06,0.3
207,346,-4090,-8,-17,187,0.493,-5.165,-0.054233,-0.088398,0.000947,0.001079,3e-06,0.3
254,457,-4094,-36,-26,165,0.305,-5.019,-0.057502,-0.085861,0.000947,0.001076,3e-06,0.3
219,454,-4052,82,-16,88,0.221,-4.885,-0.058967,-0.083507,0.000947,0.001069,3e-06,0.3
331,508,-4046,215,25,-156,0.514,-4.87,-0.053864,-0.083258,0.000947,0.001062,3e-06,0.3
390,360,-4175,107,7,-168,0.86,-4.94,-0.047821,-0.084466,0.000947,0.00106,3e-06,0.3
28,344,-4107,-8,-28,-17,0.874,-4.785,-0.047572,-0.08176,0.000947,0.001054,3e-06,0.3
176,176,-4104,-83,19,53,0.734,-4.627,-0.050017,-0.079014,0.000947,0.001047,3e-06,0.3
457,313,-4167,-68,9,-124,0.55,-4.724,-0.053231,-0.080709,0.000947,0.001042,3e-06,0.3
253,320,-4117,-118,20,-248,0.302,-4.756,-0.057556,-0.081266,0.000947,0.00104,3e-06,0.3
217,304,-4095,-66,63,-248,0.067,-4.827,-0.061663,-0.082499,0.000947,0.001041,3e-06,0.3
159,423,-4019,101,20,-154,0.106,-4.856,-0.060982,-0.083001,0.000947,0.00104,3e-06,0.3
219,70,-4125,91,-2,11,2.77,-2.742,-0.014488,-0.046105,0.130436,0.130478,3e-06,0.3
218,42,-4115,90,-4,13,2.859,-2.859,-0.012925,-0.048159,0.090911,0.090949,3e-06,0.3
165,0,-4322,-298,35,26,3.417,-3.084,-0.003191,-0.052077,0.007483,0.007493,3e-06,0.3
284,215,-4215,-599,-25,79,1.627,-3.052,-0.034442,-0.051524,0.006013,0.006049,3e-06,0.3
267,222,-3995,-372,-2,-53,0.571,-3.11,-0.05287,-0.052532,0.005117,0.005149,3e-06,0.3
233,126,-4078,-217,-8,-156,-0.019,-3.195,-0.063167,-0.054021,0.004397,0.004461,3e-06,0.3
228,215,-4053,46,24,-176,0.032,-3.294,-0.062274,-0.055743,0.003814,0.003926,3e-06,0.3
184,208,-4118,116,-9,-11,0.347,-3.297,-0.056775,-0.055798,0.003411,0.003514,3e-06,0.3
184,249,-4145,51,-3,76,0.496,-3.21,-0.05417,-0.054276,0.003118,0.003206,3e-06,0.3
224,293,-4123,0,0,35,0.455,-3.169,-0.054894,-0.053558,0.002852,0.002928,3e-06,0.3
226,226,-4113,0,-2,14,0.445,-3.173,-0.055057,-0.053628,0.002611,0.002674,3e-06,0.3
206,220,-4099,37,-1,6,0.501,-3.151,-0.054088,-0.053242,0.002447,0.0025,3e-06,0.3
237,272,-4111,14,4,-13,0.514,-3.175,-0.053867,-0.053666,0.002275,0.00232,3e-06,0.3
218,249,-4127,-8,-4,-2,0.475,-3.177,-0.054548,-0.053709,0.002143,0.002182,3e-06,0.3
222,244,-4102,-2,-3,0,0.444,-3.175,-0.055083,-0.053675,0.002038,0.002073,3e-06,0.3
221,242,-4110,4,-3,5,0.442,-3.171,-0.055109,-0.053595,0.001927,0.001957,3e-06,0.3
236,251,-4122,-18,-1,-8,0.425,-3.176,-0.055415,-0.053681,0.001847,0.001874,3e-06,0.3
216,183,-4123,-48,-3,-22,0.361,-3.172,-0.056525,-0.053615,0.001761,0.001784,3e-06,0.3
225,219,-4126,-95,-1,-10,0.215,-3.175,-0.059082,-0.053672,0.001691,0.001712,3e-06,0.3
211,239,-4117,-144,-3,7,-0.041,-3.163,-0.06355,-0.053462,0.001635,0.001654,3e-06,0.3
251,274,-4108,-158,-1,-17,-0.475,-3.176,-0.071126,-0.05368,0.001574,0.001591,3e-06,0.3
216,263,-4100,-123,2,-62,-0.746,-3.203,-0.07586,-0.05416,0.001528,0.001545,3e-06,0.3
240,305,-4095,-72,-9,-55,-1.0,-3.219,-0.080288,-0.054435,0.001478,0.001494,3e-06,0.3
223,352,-4073,37,-4,-31,-1.005,-3.23,-0.080376,-0.054623,0.001441,0.001456,3e-06,0.3
154,387,-4080,82,-2,76,-0.853,-3.173,-0.077719,-0.053637,0.0014,0.001414,3e-06,0.3
218,375,-4091,88,-5,89,-0.696,-3.14,-0.074983,-0.05306,0.001366,0.001381,3e-06,0.3
232,347,-4125,35,-2,95,-0.571,-3.12,-0.072806,-0.052716,0.001335,0.00135,3e-06,0.3
211,365,-4115,-15,-11,86,-0.587,-3.069,-0.073085,-0.051827,0.001307,0.001323,3e-06,0.3
267,388,-4107,5,-6,23,-0.672,-3.071,-0.074562,-0.051856,0.001281,0.001296,3e-06,0.3
216,356,-4068,75,4,-7,-0.607,-3.068,-0.073418,-0.051801,0.001257,0.001271,3e-06,0.3
226,371,-4103,77,8,-36,-0.448,-3.096,-0.070655,-0.052297,0.001235,0.001248,3e-06,0.3
220,315,-4109,51,-4,-10,-0.326,-3.098,-0.068529,-0.052331,0.001215,0.001227,3e-06,0.3
223,303,-4104,48,-1,-4,-0.234,-3.104,-0.06692,-0.052426,0.001197,0.001208,3e-06,0.3
230,286,-4101,80,-4,1,-0.087,-3.095,-0.064351,-0.052281,0.00118,0.00119,3e-06,0.3
233,268,-4107,106,-2,4,0.115,-3.103,-0.060823,-0.052408,0.001165,0.001175,3e-06,0.3
218,251,-4120,83,0,-5,0.383,-3.105,-0.056142,-0.052452,0.001149,0.001158,3e-06,0.3
231,230,-4121,62,-6,5,0.549,-3.107,-0.053255,-0.05248,0.001135,0.001143,3e-06,0.3
218,209,-4121,55,-2,5,0.691,-3.101,-0.050779,-0.052382,0.001123,0.00113,3e-06,0.3
230,198,-4130,48,-3,4,0.818,-3.097,-0.04856,-0.052301,0.001111,0.001118,3e-06,0.3
220,192,-4119,36,0,9,0.919,-3.094,-0.046785,-0.052248,0.0011,0.001107,3e-06,0.3
213,190,-4130,18,-7,19,0.975,-3.085,-0.045813,-0.052105,0.001091,0.001097,3e-06,0.3
220,182,-4119,-5,-3,36,0.978,-3.067,-0.045768,-0.05179,0.001082,0.001087,3e-06,0.3
224,178,-4112,-1,-4,33,0.961,-3.06,-0.046065,-0.051668,0.001072,0.001077,3e-06,0.3
227,172,-4107,25,-1,14,0.995,-3.056,-0.04546,-0.051585,0.001064,0.001069,3e-06,0.3
224,172,-4111,42,-4,1,1.095,-3.062,-0.043718,-0.051689,0.001056,0.001061,3e-06,0.3
226,166,-4117,25,-2,8,1.176,-3.059,-0.042311,-0.051643,0.00105,0.001054,3e-06,0.3
226,163,-4122,4,-4,12,1.209,-3.058,-0.041734,-0.051618,0.001043,0.001047,3e-06,0.3
226,160,-4111,-1,-3,7,1.208,-3.055,-0.041741,-0.051566,0.001037,0.001041,3e-06,0.3
225,155,-4116,4,-4,3,1.223,-3.057,-0.041491,-0.051607,0.001031,0.001035,3e-06,0.3
201,148,-4138,-36,-5,45,1.207,-3.051,-0.041758,-0.051513,0.001026,0.001029,3e-06,0.3
211,165,-4125,-62,-7,76,1.082,-3.028,-0.043953,-0.051095,0.001021,0.001024,3e-06,0.3
220,161,-4114,-60,-5,78,0.929,-3.012,-0.04662,-0.050831,0.001016,0.00102,3e-06,0.3
240,186,-4100,-34,-4,14,0.828,-3.006,-0.048387,-0.050712,0.001012,0.001016,3e-06,0.3
253,200,-4107,-20,0,-45,0.769,-3.031,-0.049405,-0.051158,0.001007,0.001012,3e-06,0.3
212,180,-4120,-42,-2,-24,0.707,-3.04,-0.050494,-0.051312,0.001004,0.001008,3e-06,0.3
215,194,-4113,-44,-3,-30,0.597,-3.04,-0.052407,-0.051309,0.001,0.001004,3e-06,0.3
242,207,-4105,-23,2,-65,0.537,-3.061,-0.053459,-0.051683,0.000997,0.001001,3e-06,0.3
228,221,-4113,-27,2,-69,0.494,-3.088,-0.054207,-0.052146,0.000994,0.000998,3e-06,0.3
204,217,-4118,-32,-2,-31,0.434,-3.096,-0.05526,-0.052293,0.000991,0.000995,3e-06,0.3
208,220,-4117,-68,0,36,0.317,-3.084,-0.057302,-0.052077,0.000988,0.000992,3e-06,0.3
217,264,-4126,-107,-6,33,0.093,-3.068,-0.061205,-0.051801,0.000985,0.00099,3e-06,0.3
248,287,-4113,-149,-1,-11,-0.204,-3.069,-0.066399,-0.05182,0.000983,0.000987,3e-06,0.3
234,280,-4100,-112,2,-23,-0.592,-3.091,-0.073159,-0.052209,0.000981,0.000985,3e-06,0.3
209,254,-4088,-55,-5,-10,-0.759,-3.085,-0.076078,-0.052096,0.000979,0.000982,3e-06,0.3
219,267,-4086,-26,-3,3,-0.82,-3.079,-0.07714,-0.052,0.000977,0.00098,3e-06,0.3
239,329,-4102,-32,10,-57,-0.877,-3.108,-0.078139,-0.052498,0.000975,0.000978,3e-06,0.3
210,338,-4128,-90,3,-64,-1.031,-3.14,-0.080833,-0.053057,0.000973,0.000977,3e-06,0.3
231,317,-4105,-99,16,-57,-1.262,-3.173,-0.084849,-0.053625,0.000972,0.000975,3e-06,0.3
229,329,-4106,-87,0,-65,-1.449,-3.206,-0.088122,-0.054205,0.00097,0.000974,3e-06,0.3
254,363,-4080,-55,15,-136,-1.622,-3.261,-0.091135,-0.055168,0.000969,0.000974,3e-06,0.3
197,310,-4083,44,14,-93,-1.619,-3.318,-0.09109,-0.056157,0.000967,0.000973,3e-06,0.3
213,331,-4083,97,13,-75,-1.403,-3.365,-0.08732,-0.056982,0.000966,0.000973,3e-06,0.3
207,302,-4112,102,3,-37,-1.097,-3.389,-0.081971,-0.057412,0.000965,0.000971,3e-06,0.3
227,342,-4162,9,8,46,-0.992,-3.403,-0.080144,-0.057654,0.000964,0.00097,3e-06,0.3
216,308,-4103,-93,-10,98,-1.112,-3.355,-0.082237,-0.056802,0.000963,0.000969,3e-06,0.3
231,330,-4081,-75,-3,61,-1.371,-3.346,-0.08676,-0.056645,0.000962,0.000969,3e-06,0.3
274,368,-4073,-29,16,-27,-1.482,-3.364,-0.088689,-0.056975,0.000961,0.000967,3e-06,0.3
252,294,-4127,13,7,-12,-1.482,-3.399,-0.088698,-0.057586,0.00096,0.000966,3e-06,0.3
224,294,-4075,98,7,-12,-1.332,-3.426,-0.086073,-0.058056,0.000959,0.000965,3e-06,0.3
256,419,-4044,-13,4,-63,-1.253,-3.442,-0.084697,-0.058329,0.000959,0.000964,3e-06,0.3
275,391,-4133,-113,-2,-166,-1.452,-3.498,-0.088174,-0.059313,0.000958,0.000965,3e-06,0.3
268,353,-4182,-15,15,-239,-1.582,-3.589,-0.090451,-0.060901,0.000957,0.000968,3e-06,0.3
160,312,-4057,2,38,-154,-1.55,-3.678,-0.08988,-0.062455,0.000957,0.000971,3e-06,0.3
247,335,-4012,-16,12,-130,-1.536,-3.721,-0.089638,-0.063198,0.000956,0.000971,3e-06,0.3
276,365,-4089,-23,25,-216,-1.548,-3.788,-0.089856,-0.064374,0.000956,0.000972,3e-06,0.3
210,359,-4247,-43,7,-240,-1.582,-3.909,-0.090448,-0.066478,0.000955,0.000976,3e-06,0.3
227,287,-4188,-21,16,-143,-1.643,-3.948,-0.091513,-0.067169,0.000954,0.000978,3e-06,0.3
211,404,-4117,-65,44,-194,-1.664,-4.049,-0.091869,-0.068928,0.000954,0.00098,3e-06,0.3
274,462,-4200,-96,-3,-259,-1.833,-4.114,-0.094822,-0.070057,0.000954,0.000983,3e-06,0.3
267,441,-4102,-61,51,-323,-2.057,-4.245,-0.098741,-0.072337,0.000953,0.000989,3e-06,0.3
163,378,-4108,11,40,-246,-2.02,-4.346,-0.098088,-0.074107,0.000953,0.000994,3e-06,0.3
295,398,-4049,12,26,-326,-1.924,-4.487,-0.096415,-0.076566,0.000952,0.000999,3e-06,0.3
132,306,-4066,34,18,-171,-1.81,-4.61,-0.094426,-0.078707,0.000952,0.001002,3e-06,0.3
214,579,-4208,34,-5,112,-1.739,-4.558,-0.093188,-0.077803,0.000952,0.001,3e-06,0.3
165,733,-3980,98,-31,262,-1.687,-4.469,-0.092281,-0.076253,0.000952,0.000999,3e-06,0.3
24,663,-4034,130,-20,159,-1.571,-4.255,-0.090254,-0.072514,0.000951,0.001002,3e-06,0.3
440,512,-4155,4,48,87,-1.502,-4.261,-0.08905,-0.072621,0.000951,0.001,3e-06,0.3
400,658,-4147,-44,55,-278,-1.709,-4.443,-0.092658,-0.075803,0.000951,0.000999,3e-06,0.3
301,549,-4114,-108,63,-225,-1.97,-4.616,-0.097217,-0.078816,0.000951,0.001004,3e-06,0.3
145,561,-4054,-18,-137,-128,-2.276,-4.522,-0.102554,-0.077179,0.00095,0.001003,3e-06,0.3
235,585,-4057,54,-2,4,-2.709,-2.624,-0.110108,-0.044051,0.230771,0.230781,3e-05,0.3
235,585,-4057,54,-2,14,-3.526,-2.953,-0.124372,-0.049788,0.130445,0.13049,3e-05,0.3
241,575,-4064,62,-2,23,-3.797,-3.106,-0.129096,-0.052456,0.090929,0.091005,3e-05,0.3
206,701,-3827,557,-45,34,-4.042,-3.29,-0.133383,-0.055677,0.007828,0.007848,3e-05,0.3
239,347,-3933,816,16,-10,-2.217,-3.219,-0.101529,-0.054438,0.006555,0.006569,3e-05,0.3
201,538,-4029,621,33,21,0.07,-3.341,-0.061607,-0.056559,0.005549,0.005558,3e-05,0.3
161,782,-3864,500,7,48,0.682,-3.286,-0.050922,-0.055601,0.004986,0.005,3e-05,0.3
283,544,-4235,-18,-22,22,0.712,-3.311,-0.050405,-0.056036,0.00453,0.004543,3e-05,0.3
220,160,-4019,-31,-12,1,0.546,-3.331,-0.053299,-0.056384,0.004165,0.004175,3e-05,0.3
222,47,-4079,120,-20,60,0.992,-3.283,-0.04552,-0.055562,0.003918,0.003927,3e-05,0.3
239,-13,-4101,178,10,74,1.722,-3.263,-0.032775,-0.055205,0.003728,0.003745,3e-05,0.3
225,70,-4185,55,10,129,2.049,-3.301,-0.027064,-0.055872,0.00358,0.003605,3e-05,0.3
213,178,-4169,-108,-9,154,1.932,-3.22,-0.029105,-0.054449,0.003463,0.003514,3e-05,0.3
237,137,-4146,-148,-9,164,1.51,-3.204,-0.03647,-0.054181,0.003379,0.00345,3e-05,0.3
256,112,-4047,-86,-4,75,1.279,-3.204,-0.040501,-0.054175,0.003297,0.003374,3e-05,0.3
268,188,-4124,-58,5,-49,1.179,-3.269,-0.042252,-0.055307,0.003238,0.003301,3e-05,0.3
223,84,-4143,-77,0,-37,1.085,-3.309,-0.043889,-0.056001,0.003191,0.003246,3e-05,0.3
246,39,-4126,-61,6,-47,1.122,-3.325,-0.043252,-0.056291,0.003156,0.003203,3e-05,0.3
222,34,-4095,-8,-1,-9,1.229,-3.311,-0.041375,-0.056036,0.003121,0.003159,3e-05,0.3
258,141,-4099,-2,10,-50,1.315,-3.337,-0.039887,-0.056503,0.003099,0.00313,3e-05,0.3
237,250,-4116,-48,-1,-103,1.095,-3.426,-0.043716,-0.058053,0.003078,0.003116,3e-05,0.3
245,180,-4126,-43,-2,-86,1.022,-3.44,-0.045,-0.058291,0.003061,0.003102,3e-05,0.3
233,177,-4093,-9,-6,-45,0.989,-3.433,-0.045571,-0.058177,0.003047,0.003086,3e-05,0.3
205,166,-4092,21,-3,28,1.062,-3.394,-0.044294,-0.057492,0.003036,0.003068,3e-05,0.3
216,174,-4113,7,-16,104,1.131,-3.333,-0.043099,-0.056428,0.003025,0.003056,3e-05,0.3
171,110,-4101,16,-10,257,1.191,-3.233,-0.042042,-0.054681,0.003019,0.003076,3e-05,0.3
210,189,-4122,36,-19,303,1.258,-3.124,-0.040867,-0.052778,0.003012,0.003141,3e-05,0.3
272,235,-4073,81,-14,199,1.284,-3.111,-0.040414,-0.052556,0.003007,0.00317,3e-05,0.3
231,191,-4128,88,4,168,1.453,-3.119,-0.03748,-0.052685,0.003003,0.00317,3e-05,0.3
225,159,-4148,32,-14,184,1.562,-3.113,-0.035574,-0.052583,0.003,0.003165,3e-05,0.3
265,280,-4153,-79,-7,127,1.328,-3.106,-0.039657,-0.052457,0.002997,0.003158,3e-05,0.3
255,229,-4070,-41,-15,52,1.034,-3.128,-0.044792,-0.052852,0.002995,0.003131,3e-05,0.3
224,59,-4034,47,-17,73,1.152,-3.124,-0.042728,-0.052771,0.002993,0.003107,3e-05,0.3
180,104,-4096,141,0,140,1.523,-3.079,-0.036246,-0.051987,0.002992,0.003098,3e-05,0.3
216,144,-4232,26,-5,178,1.777,-3.044,-0.031819,-0.051382,0.002991,0.003103,3e-05,0.3
208,314,-4029,-32,-13,179,1.466,-3.015,-0.037247,-0.050874,0.002989,0.00311,3e-05,0.3
256,129,-4099,-27,-13,93,1.323,-3.014,-0.039739,-0.050858,0.002989,0.003104,3e-05,0.3
220,148,-4111,37,-7,96,1.363,-3.021,-0.039049,-0.050975,0.002988,0.00309,3e-05,0.3
249,127,-4119,90,-14,114,1.545,-3.022,-0.035875,-0.050992,0.002988,0.003085,3e-05,0.3
206,30,-4118,80,-19,208,1.887,-2.992,-0.029904,-0.050482,0.002987,0.003094,3e-05,0.3
187,78,-4131,36,-13,229,2.1,-2.941,-0.026182,-0.049578,0.002987,0.003123,3e-05,0.3
435,-66,-3888,185,4,-558,2.567,-3.189,-0.018033,-0.053919,0.002986,0.003188,3e-05,0.3
410,229,-4208,-17,-22,-676,2.743,-3.28,-0.01496,-0.05551,0.002986,0.003316,3e-05,0.3
171,-92,-4363,-254,62,-677,2.488,-3.426,-0.019408,-0.058045,0.002986,0.003491,3e-05,0.3
372,-220,-4017,-225,27,-683,2.338,-3.559,-0.022033,-0.060373,0.002986,0.003621,3e-05,0.3
198,-146,-4119,-235,38,-479,2.218,-3.69,-0.02412,-0.062657,0.002986,0.003716,3e-05,0.3
147,-196,-4090,-198,15,-272,2.179,-3.672,-0.024793,-0.062348,0.002986,0.003708,3e-05,0.3
273,-12,-4147,-232,9,-116,2.064,-3.585,-0.02681,-0.060817,0.002985,0.003586,3e-05,0.3
235,32,-4153,-299,-2,-53,1.617,-3.587,-0.034617,-0.060864,0.002985,0.003487,3e-05,0.3
199,79,-4124,-300,-16,-24,0.991,-3.489,-0.045533,-0.059156,0.002985,0.00339,3e-05,0.3
271,219,-4117,-360,-5,-63,0.157,-3.479,-0.0601,-0.058969,0.002985,0.00331,3e-05,0.3
235,329,-4121,-397,-17,0,-0.756,-3.473,-0.076025,-0.058863,0.002985,0.003256,3e-05,0.3
192,376,-4039,-147,-30,131,-1.501,-3.334,-0.089025,-0.056437,0.002985,0.00321,3e-05,0.3
308,362,-4106,-101,8,-54,-1.763,-3.312,-0.093597,-0.056068,0.002985,0.003176,3e-05,0.3
243,481,-4126,-61,13,-178,-2.057,-3.392,-0.09873,-0.057457,0.002985,0.003155,3e-05,0.3
283,522,-4030,18,30,-296,-2.202,-3.539,-0.101272,-0.06002,0.002985,0.003177,3e-05,0.3
213,495,-4041,58,38,-362,-2.125,-3.707,-0.099928,-0.062959,0.002985,0.003236,3e-05,0.3
106,405,-4073,58,43,-294,-1.92,-3.734,-0.096341,-0.063427,0.002985,0.003282,3e-05,0.3
255,478,-4105,31,56,-319,-1.856,-3.838,-0.095225,-0.065235,0.002985,0.003305,3e-05,0.3
167,413,-4117,-38,69,-214,-1.953,-3.976,-0.096922,-0.067649,0.002985,0.00331,3e-05,0.3
81,252,-4097,20,28,-33,-1.777,-3.809,-0.093846,-0.064739,0.002985,0.003258,3e-05,0.3
380,491,-4087,8,27,-50,-1.802,-3.895,-0.094275,-0.066244,0.002985,0.003206,3e-05,0.3
212,454,-4060,-50,-7,-65,-1.929,-3.933,-0.096495,-0.066907,0.002985,0.003172,3e-05,0.3
118,418,-4044,-56,17,-41,-2.081,-3.757,-0.099151,-0.063832,0.002985,0.003145,3e-05,0.3
274,409,-4044,-4,27,-32,-2.151,-3.791,-0.10038,-0.064418,0.002985,0.003114,3e-05,0.3
295,729,-4106,153,-3,-45,-2.409,-3.854,-0.104874,-0.065523,0.002985,0.003099,3e-05,0.3
170,727,-3994,264,-52,68,-2.285,-3.635,-0.102715,-0.061698,0.002985,0.003084,3e-05,0.3
195,796,-3971,292,11,88,-2.166,-3.531,-0.100641,-0.059887,0.002985,0.003074,3e-05,0.3
238,573,-4165,262,-29,129,-1.823,-3.498,-0.094648,-0.059314,0.002985,0.003068,3e-05,0.3
257,595,-4048,191,30,18,-1.574,-3.478,-0.090306,-0.058951,0.002985,0.003058,3e-05,0.3
233,492,-4009,236,-3,38,-1.273,-3.481,-0.085045,-0.059012,0.002985,0.003045,3e-05,0.3
214,428,-4050,223,-15,85,-0.911,-3.423,-0.078729,-0.058002,0.002985,0.003038,3e-05,0.3
248,443,-4213,161,12,64,-0.578,-3.388,-0.072911,-0.057381,0.002985,0.003037,3e-05,0.3
255,361,-4156,71,12,-33,-0.429,-3.405,-0.070318,-0.057687,0.002985,0.003029,3e-05,0.3
278,350,-4105,-12,-2,-141,-0.458,-3.465,-0.070828,-0.058734,0.002985,0.003031,3e-05,0.3
229,311,-4103,-58,6,-167,-0.591,-3.53,-0.073143,-0.059858,0.002985,0.003048,3e-05,0.3
217,265,-4091,-15,7,-157,-0.642,-3.544,-0.074044,-0.0601,0.002985,0.003062,3e-05,0.3
225,257,-4108,21,8,-132,-0.546,-3.547,-0.072364,-0.060162,0.002985,0.003068,3e-05,0.3
233,277,-4124,18,0,-101,-0.432,-3.555,-0.070377,-0.060308,0.002985,0.003065,3e-05,0.3
214,277,-4126,-11,0,-97,-0.411,-3.556,-0.070009,-0.060325,0.002985,0.003063,3e-05,0.3
220,262,-4097,-24,4,-60,-0.448,-3.528,-0.070643,-0.059826,0.002985,0.003054,3e-05,0.3
198,247,-4097,0,-2,5,-0.407,-3.482,-0.069943,-0.059029,0.002985,0.003043,3e-05,0.3
238,303,-4118,-9,-1,17,-0.363,-3.429,-0.069164,-0.05811,0.002985,0.003032,3e-05,0.3
239,287,-4107,-20,-3,-13,-0.422,-3.422,-0.070203,-0.057983,0.002985,0.003024,3e-05,0.3
240,275,-4094,12,0,-61,-0.427,-3.434,-0.070287,-0.058189,0.002985,0.003019,3e-05,0.3
213,254,-4113,18,-2,-28,-0.352,-3.429,-0.068969,-0.058099,0.002985,0.003015,3e-05,0.3
217,253,-4103,30,-3,10,-0.259,-3.393,-0.06736,-0.057478,0.002985,0.00301,3e-05,0.3
237,267,-4106,52,-3,9,-0.112,-3.37,-0.064782,-0.057069,0.002985,0.003005,3e-05,0.3
238,264,-4108,63,-3,0,0.016,-3.368,-0.062552,-0.057046,0.002985,0.003002,3e-05,0.3
226,244,-4106,80,-1,-1,0.205,-3.362,-0.059261,-0.056939,0.002985,0.002998,3e-05,0.3
224,231,-4104,86,-1,1,0.411,-3.347,-0.055666,-0.056676,0.002985,0.002996,3e-05,0.3
220,243,-4116,70,-5,17,0.575,-3.328,-0.052794,-0.056341,0.002985,0.002994,3e-05,0.3
233,210,-4099,79,-2,29,0.737,-3.316,-0.049966,-0.056127,0.002985,0.002993,3e-05,0.3
223,196,-4113,80,-1,45,0.946,-3.299,-0.046317,-0.055829,0.002985,0.002993,3e-05,0.3
206,178,-4127,32,-4,108,1.066,-3.265,-0.04422,-0.055245,0.002985,0.002997,3e-05,0.3
209,175,-4126,19,-4,148,1.099,-3.201,-0.043656,-0.054119,0.002985,0.003015,3e-05,0.3
238,187,-4092,53,-3,101,1.158,-3.194,-0.042621,-0.053996,0.002985,0.003025,3e-05,0.3
261,196,-4107,64,-7,27,1.261,-3.217,-0.040828,-0.05441,0.002985,0.003021,3e-05,0.3
230,159,-4120,60,-7,43,1.378,-3.227,-0.038783,-0.05457,0.002985,0.003015,3e-05,0.3
205,104,-4118,44,3,96,1.576,-3.191,-0.03532,-0.053955,0.002985,0.003016,3e-05,0.3
215,162,-4132,-8,-9,162,1.579,-3.164,-0.035269,-0.053482,0.002985,0.003027,3e-05,0.3
167,95,-4124,-31,-3,297,1.573,-3.08,-0.035386,-0.052009,0.002985,0.003079,3e-05,0.3
248,175,-4097,-33,-27,274,1.451,-3.045,-0.037508,-0.051395,0.002985,0.003127,3e-05,0.3
260,176,-4086,24,2,179,1.396,-3.052,-0.03846,-0.051524,0.002985,0.00315,3e-05,0.3
224,184,-4167,-15,-3,159,1.381,-3.06,-0.038734,-0.051663,0.002985,0.003152,3e-05,0.3
262,184,-4109,-54,-15,42,1.277,-3.088,-0.040546,-0.052149,0.002985,0.003133,3e-05,0.3
228,157,-4058,-19,6,65,1.123,-3.129,-0.043235,-0.052865,0.002985,0.003107,3e-05,0.3
214,160,-4091,85,-2,102,1.263,-3.114,-0.040787,-0.052596,0.002985,0.003095,3e-05,0.3
220,96,-4108,167,8,124,1.743,-3.096,-0.032418,-0.052294,0.002985,0.003088,3e-05,0.3
272,235,-4132,-15,6,116,1.766,-3.167,-0.032006,-0.053533,0.002985,0.003078,3e-05,0.3
215,81,-4186,-57,-8,173,1.604,-3.122,-0.034842,-0.05275,0.002985,0.003081,3e-05,0.3
244,97,-4127,18,-16,211,1.622,-3.086,-0.034523,-0.052116,0.002985,0.003098,3e-05,0.3
199,69,-4119,49,-17,306,1.821,-3.016,-0.031055,-0.050895,0.002985,0.003143,3e-05,0.3
178,79,-4115,29,-16,424,1.896,-2.923,-0.029737,-0.049264,0.002985,0.003218,3e-05,0.3
260,188,-4138,-2,2,272,1.832,-2.91,-0.030862,-0.049048,0.002985,0.00327,3e-05,0.3
190,43,-4121,8,-31,368,1.76,-2.882,-0.032115,-0.048547,0.002985,0.003305,3e-05,0.3
219,62,-4126,58,-10,388,1.973,-2.822,-0.028399,-0.047502,0.002985,0.003373,3e-05,0.3
168,96,-4119,13,-10,418,2.053,-2.775,-0.026996,-0.046687,0.002985,0.003425,3e-05,0.3
323,3,-3989,75,-13,349,2.094,-2.733,-0.026287,-0.045956,0.002985,0.003463,3e-05,0.3
273,-96,-4171,71,-14,146,2.541,-2.882,-0.018477,-0.04855,0.002985,0.003433,3e-05,0.3
322,-95,-4231,6,-40,14,2.914,-2.916,-0.011971,-0.049153,0.002985,0.003363,3e-05,0.3
221,-83,-4155,-103,2,-200,2.91,-3.023,-0.012041,-0.051009,0.002985,0.003312,3e-05,0.3
349,-8,-3996,-137,47,-640,2.858,-3.216,-0.01295,-0.05438,0.002985,0.00343,3e-05,0.3
203,-45,-4161,-186,22,-857,2.757,-3.349,-0.014707,-0.0567,0.002985,0.003596,3e-05,0.3
361,-61,-4135,-244,39,-824,2.571,-3.449,-0.017966,-0.05846,0.002985,0.003768,3e-05,0.3
226,-265,-4118,-238,37,-778,2.356,-3.688,-0.021708,-0.062615,0.002985,0.003945,3e-05,0.3
192,-109,-4152,-326,35,-670,2.196,-3.763,-0.024498,-0.06394,0.002985,0.004061,3e-05,0.3
260,-66,-4142,-354,49,-633,1.793,-3.883,-0.031544,-0.066033,0.002985,0.004133,3e-05,0.3
184,-13,-4121,-322,26,-458,1.338,-3.992,-0.039484,-0.067924,0.002985,0.00416,3e-05,0.3
189,-48,-4087,-354,6,-200,0.897,-3.937,-0.047182,-0.06696,0.002985,0.004055,3e-05,0.3
106,170,-4104,-331,33,-37,0.181,-3.761,-0.059671,-0.063889,0.002985,0.003848,3e-05,0.3
296,472,-4022,-103,-1,-95,-0.503,-3.684,-0.071613,-0.062547,0.002985,0.003664,3e-05,0.3
295,438,-4057,57,13,-81,-0.755,-3.869,-0.076013,-0.065773,0.002985,0.003542,3e-05,0.3
151,478,-4058,104,9,-76,-0.734,-3.754,-0.075634,-0.063781,0.002985,0.003444,3e-05,0.3
239,409,-4081,193,19,-76,-0.527,-3.743,-0.072035,-0.063584,0.002985,0.003373,3e-05,0.3
211,209,-4117,340,-3,-22,0.109,-3.679,-0.060922,-0.06247,0.002985,0.003302,3e-05,0.3
226,139,-4134,258,8,135,1.137,-3.551,-0.042983,-0.060224,0.002985,0.003245,3e-05,0.3
223,392,-4089,66,-49,204,1.198,-3.449,-0.041928,-0.058459,0.002985,0.003229,3e-05,0.3
247,327,-4164,-41,-55,142,0.943,-3.288,-0.046379,-0.055647,0.002985,0.003217,3e-05,0.3
189,255,-4152,-79,-49,131,0.566,-3.124,-0.052956,-0.052785,0.002985,0.003184,3e-05,0.3
194,356,-4022,2,-15,92,0.296,-3.016,-0.057663,-0.0509,0.002985,0.003155,3e-05,0.3
225,342,-3989,180,10,160,0.319,-3.052,-0.057256,-0.051521,0.002985,0.003136,3e-05,0.3
69,211,-4022,287,-3,284,0.827,-2.89,-0.048397,-0.04869,0.002985,0.003162,3e-05,0.3
311,358,-4170,193,-26,327,1.173,-2.8,-0.042356,-0.04712,0.002985,0.003217,3e-05,0.3
247,386,-4136,40,-23,307,1.087,-2.824,-0.043853,-0.047546,0.002985,0.003265,3e-05,0.3
204,389,-4143,-19,-23,200,0.746,-2.689,-0.049813,-0.04518,0.002985,0.003275,3e-05,0.3
364,315,-4123,17,26,43,0.538,-2.851,-0.053443,-0.04802,0.002985,0.003243,3e-05,0.3
166,101,-4128,21,-8,101,0.62,-2.868,-0.052005,-0.048309,0.002985,0.003204,3e-05,0.3
180,285,-4024,31,17,74,0.687,-2.786,-0.050833,-0.046877,0.002985,0.003173,3e-05,0.3
343,362,-4158,2,-16,3,0.583,-2.942,-0.052648,-0.049605,0.002985,0.003141,3e-05,0.3
165,240,-4109,-10,2,-47,0.473,-2.978,-0.05457,-0.050229,0.002985,0.003113,3e-05,0.3
200,184,-4130,33,-19,41,0.477,-2.905,-0.054502,-0.048956,0.002985,0.00309,3e-05,0.3
234,215,-4056,85,-5,48,0.618,-2.926,-0.052044,-0.049329,0.002985,0.003075,3e-05,0.3
159,283,-4129,77,-20,89,0.77,-2.847,-0.04939,-0.04794,0.002985,0.003064,3e-05,0.3
1139,-108,-5290,-92,-171,-25,0.579,-2.431,-0.052731,-0.040686,0.002985,0.00306,3e-05,0.3
-571,204,-3441,-76,-159,-148,0.291,-2.107,-0.057754,-0.035031,0.002985,0.003053,3e-05,0.3
203,115,-3902,-230,124,-32,0.075,-1.559,-0.061521,-0.02547,0.002985,0.003057,3e-05,0.3
131,342,-4209,-178,107,61,-0.438,-1.992,-0.070482,-0.033015,0.002985,0.003045,3e-05,0.3
245,348,-4209,-43,106,-17,-0.757,-2.238,-0.076049,-0.03732,0.002985,0.003037,3e-05,0.3
270,524,-4085,130,-38,-76,-0.799,-2.396,-0.076781,-0.040067,0.002985,0.00303,3e-05,0.3
195,381,-4080,162,24,-86,-0.594,-2.534,-0.07319,-0.042485,0.002985,0.003029,3e-05,0.3
82,303,-4034,272,-55,-50,-0.17,-2.452,-0.065807,-0.04105,0.002985,0.003025,3e-05,0.3
204,207,-4081,274,48,10,0.489,-2.427,-0.054304,-0.040611,0.002985,0.003017,3e-05,0.3
231,163,-4147,145,22,58,0.964,-2.558,-0.046009,-0.0429,0.002985,0.003013,3e-05,0.3
153,28,-4253,-23,-36,163,1.202,-2.491,-0.041854,-0.041723,0.002985,0.003021,3e-05,0.3
215,131,-4164,-81,8,129,1.14,-2.402,-0.042939,-0.040181,0.002985,0.003042,3e-05,0.3
262,118,-4093,-32,-13,63,1.06,-2.509,-0.044325,-0.042052,0.002985,0.00304,3e-05,0.3
190,63,-4156,-21,0,-37,1.175,-2.55,-0.04232,-0.042752,0.002985,0.003031,3e-05,0.3
217,38,-4368,-23,18,-79,1.355,-2.584,-0.039178,-0.043362,0.002985,0.003029,3e-05,0.3
185,47,-4030,-92,-16,13,1.35,-2.604,-0.039272,-0.043697,0.002985,0.003023,3e-05,0.3
114,88,-3948,-90,-14,86,1.289,-2.56,-0.040342,-0.042931,0.002985,0.003019,3e-05,0.3
199,193,-4098,-90,-7,75,1.105,-2.5,-0.043547,-0.041888,0.002985,0.00302,3e-05,0.3
226,188,-4085,-77,-3,3,0.884,-2.54,-0.047401,-0.042582,0.002985,0.003016,3e-05,0.3
198,213,-4049,-39,0,-53,0.736,-2.603,-0.049992,-0.043679,0.002985,0.003013,3e-05,0.3
163,189,-4077,-42,-2,-5,0.67,-2.587,-0.051133,-0.043399,0.002985,0.003008,3e-05,0.3
201,223,-4150,-63,-6,19,0.538,-2.58,-0.053434,-0.043282,0.002985,0.003005,3e-05,0.3
172,195,-4113,-21,6,23,0.469,-2.566,-0.054651,-0.043039,0.002985,0.003002,3e-05,0.3
178,207,-4163,23,2,16,0.499,-2.57,-0.054122,-0.043114,0.002985,0.002999,3e-05,0.3
208,216,-4132,-2,-9,26,0.514,-2.592,-0.053859,-0.04349,0.002985,0.002997,3e-05,0.3
182,256,-4093,-33,-5,-15,0.421,-2.584,-0.055489,-0.043351,0.002985,0.002995,3e-05,0.3
221,273,-4109,-24,6,-81,0.302,-2.651,-0.057566,-0.04452,0.002985,0.002997,3e-05,0.3
175,221,-4124,-9,3,-81,0.277,-2.692,-0.058006,-0.045233,0.002985,0.003003,3e-05,0.3
168,219,-4119,-41,-4,-32,0.27,-2.676,-0.058111,-0.044952,0.002985,0.003003,3e-05,0.3
145,242,-4104,-107,8,14,0.104,-2.661,-0.061014,-0.044706,0.002985,0.003,3e-05,0.3
244,274,-4228,-129,-25,24,-0.164,-2.679,-0.065702,-0.045018,0.002985,0.002998,3e-05,0.3
149,266,-4108,-108,9,17,-0.433,-2.642,-0.070388,-0.044358,0.002985,0.002996,3e-05,0.3
224,275,-4065,-51,-3,-51,-0.539,-2.657,-0.072238,-0.044623,0.002985,0.002995,3e-05,0.3
189,283,-4086,-54,6,-52,-0.641,-2.707,-0.074022,-0.045497,0.002985,0.002996,3e-05,0.3
170,304,-4107,-68,-1,-55,-0.76,-2.702,-0.076099,-0.045412,0.002985,0.002997,3e-05,0.3
187,307,-4111,-98,-2,-31,-0.937,-2.701,-0.079188,-0.045398,0.002985,0.002997,3e-05,0.3
173,318,-4114,-98,-4,-30,-1.179,-2.698,-0.083403,-0.045346,0.002985,0.002995,3e-05,0.3
196,338,-4089,-51,4,-81,-1.326,-2.699,-0.085973,-0.04536,0.002985,0.002996,3e-05,0.3
217,345,-4079,-30,12,-129,-1.382,-2.778,-0.086955,-0.046746,0.002985,0.003007,3e-05,0.3
180,364,-4146,22,16,-122,-1.407,-2.809,-0.087387,-0.047282,0.002985,0.003019,3e-05,0.3
247,396,-4171,45,7,-189,-1.354,-2.918,-0.086456,-0.049186,0.002985,0.003032,3e-05,0.3
212,403,-4056,19,53,-312,-1.366,-3.093,-0.086674,-0.052237,0.002985,0.003084,3e-05,0.3
203,361,-4105,-45,46,-339,-1.392,-3.244,-0.087121,-0.054867,0.002985,0.00316,3e-05,0.3
253,370,-4221,-102,31,-388,-1.524,-3.405,-0.089436,-0.05768,0.002985,0.003232,3e-05,0.3
169,318,-4116,-20,32,-457,-1.517,-3.554,-0.089303,-0.060291,0.002985,0.003321,3e-05,0.3
146,375,-4006,-6,60,-421,-1.439,-3.69,-0.087941,-0.062655,0.002985,0.003393,3e-05,0.3
247,400,-3997,32,70,-508,-1.346,-3.894,-0.086325,-0.066212,0.002985,0.003477,3e-05,0.3
193,421,-4210,-55,51,-510,-1.37,-4.089,-0.086741,-0.069614,0.002985,0.003559,3e-05,0.3
164,392,-4152,-77,60,-523,-1.567,-4.222,-0.09018,-0.071943,0.002985,0.003647,3e-05,0.3
199,356,-3952,3,86,-549,-1.542,-4.413,-0.08975,-0.075277,0.002985,0.00373,3e-05,0.3
199,336,-4069,53,43,-510,-1.375,-4.565,-0.086828,-0.077926,0.002985,0.003798,3e-05,0.3
140,431,-4158,76,37,-504,-1.11,-4.623,-0.082209,-0.078938,0.002985,0.003845,3e-05,0.3
145,416,-4182,115,38,-424,-0.883,-4.601,-0.07824,-0.078562,0.002985,0.003861,3e-05,0.3
102,467,-4167,97,9,-239,-0.758,-4.569,-0.076059,-0.077996,0.002985,0.003825,3e-05,0.3
51,559,-4075,32,25,60,-0.812,-4.217,-0.07701,-0.071853,0.002985,0.003678,3e-05,0.3
120,585,-4154,8,-4,116,-1.147,-3.856,-0.082853,-0.065548,0.002985,0.003554,3e-05,0.3
223,530,-4264,67,-10,73,-1.362,-3.718,-0.086612,-0.063143,0.002985,0.003456,3e-05,0.3
212,498,-4171,184,-6,-1,-1.227,-3.641,-0.084244,-0.061809,0.002985,0.00336,3e-05,0.3
199,440,-4160,216,9,-73,-0.906,-3.568,-0.078653,-0.060522,0.002985,0.003291,3e-05,0.3
192,399,-4068,210,-3,-68,-0.495,-3.509,-0.071464,-0.059501,0.002985,0.00324,3e-05,0.3
179,304,-3989,253,-38,-85,-0.037,-3.437,-0.063477,-0.05825,0.002985,0.003201,3e-05,0.3
129,216,-3911,226,26,-97,0.614,-3.329,-0.052113,-0.05635,0.002985,0.003163,3e-05,0.3
196,298,-4262,117,-20,-104,0.928,-3.241,-0.046633,-0.054827,0.002985,0.003142,3e-05,0.3
169,247,-4193,-12,21,-20,0.88,-3.236,-0.047471,-0.054727,0.002985,0.003121,3e-05,0.3
113,176,-4158,4,18,7,0.937,-3.12,-0.046479,-0.052716,0.002985,0.003096,3e-05,0.3
247,162,-4019,86,-16,46,1.124,-3.131,-0.043211,-0.052898,0.002985,0.003076,3e-05,0.3
173,137,-4035,88,17,-26,1.368,-3.114,-0.03896,-0.052602,0.002985,0.00306,3e-05,0.3
338,91,-4381,-21,39,-292,1.437,-3.195,-0.037743,-0.054014,0.002985,0.003085,3e-05,0.3
221,20,-4287,-38,6,-266,1.471,-3.258,-0.03715,-0.055121,0.002985,0.003129,3e-05,0.3
86,109,-4117,4,-18,-55,1.548,-3.127,-0.035818,-0.052838,0.002985,0.003124,3e-05,0.3
114,144,-4171,-41,6,18,1.57,-2.961,-0.035426,-0.049931,0.002985,0.003101,3e-05,0.3
193,192,-4068,-69,19,36,1.27,-2.984,-0.040662,-0.05033,0.002985,0.003079,3e-05,0.3
234,149,-4003,13,11,-6,1.231,-3.064,-0.041355,-0.051726,0.002985,0.003062,3e-05,0.3
128,-6,-4157,5,-2,15,1.453,-3.01,-0.037468,-0.050781,0.002985,0.003048,3e-05,0.3
167,117,-4138,-26,-9,21,1.471,-2.912,-0.037152,-0.049086,0.002985,0.003036,3e-05,0.3
206,570,-4057,118,0,-6,-3.335,-2.603,-0.121033,-0.043687,0.130445,0.130454,3e-05,0.3
214,543,-4072,135,9,-5,-3.512,-2.75,-0.124127,-0.046249,0.090929,0.090936,3e-05,0.3
346,698,-3685,507,-215,0,-2.96,-2.36,-0.114486,-0.039448,0.008008,0.008027,3e-05,0.3
218,53,-4043,415,32,-9,-1.593,-3.103,-0.090627,-0.052415,0.006444,0.006462,3e-05,0.3
95,572,-4190,338,-27,-7,-0.821,-2.988,-0.077157,-0.050405,0.005624,0.005639,3e-05,0.3
225,468,-3957,219,15,-78,-0.671,-2.983,-0.074536,-0.050318,0.004986,0.004999,3e-05,0.3
246,344,-4048,189,30,-99,-0.141,-3.232,-0.065296,-0.054666,0.004492,0.004517,3e-05,0.3
211,269,-4069,181,2,-81,0.235,-3.284,-0.058738,-0.05558,0.004193,0.004228,3e-05,0.3
294,222,-4058,99,-6,-51,0.662,-3.378,-0.05128,-0.057207,0.003918,0.003949,3e-05,0.3
172,125,-4094,17,6,-5,0.829,-3.349,-0.048365,-0.056703,0.003728,0.003754,3e-05,0.3
233,151,-4120,-14,-8,46,0.92,-3.288,-0.046781,-0.055633,0.00358,0.003602,3e-05,0.3
243,161,-4085,-3,-6,76,0.945,-3.318,-0.046339,-0.056167,0.003474,0.003497,3e-05,0.3
242,174,-4073,4,-10,79,0.979,-3.292,-0.045739,-0.055718,0.003371,0.003398,3e-05,0.3
254,169,-4113,1,-10,70,0.999,-3.276,-0.0454,-0.055428,0.003297,0.003326,3e-05,0.3
240,214,-4244,-12,15,23,0.933,-3.307,-0.046549,-0.055979,0.003238,0.003264,3e-05,0.3
286,208,-4117,-6,-5,-30,0.91,-3.354,-0.046957,-0.056799,0.003191,0.003212,3e-05,0.3
264,208,-4119,-43,10,-52,0.837,-3.395,-0.048225,-0.057516,0.003153,0.003173,3e-05,0.3
201,211,-4041,-88,9,-31,0.65,-3.37,-0.051493,-0.057076,0.003121,0.003139,3e-05,0.3
312,205,-4176,-14,-3,-55,0.59,-3.409,-0.052542,-0.057758,0.003096,0.003113,3e-05,0.3
184,171,-4149,27,-3,0,0.702,-3.396,-0.050584,-0.057521,0.003078,0.003094,3e-05,0.3
220,208,-4160,-30,-9,59,0.702,-3.283,-0.050576,-0.055551,0.003059,0.003075,3e-05,0.3
272,248,-4120,-26,3,-8,0.553,-3.34,-0.053186,-0.056552,0.003046,0.003059,3e-05,0.3
233,217,-4093,19,-6,-60,0.54,-3.37,-0.053413,-0.057065,0.003036,0.003049,3e-05,0.3
233,212,-4107,-22,0,-14,0.583,-3.363,-0.052648,-0.056953,0.003025,0.003039,3e-05,0.3
226,238,-4122,-64,-5,19,0.461,-3.327,-0.054781,-0.056314,0.003019,0.00303,3e-05,0.3
249,224,-4094,-40,-6,8,0.346,-3.328,-0.056788,-0.056341,0.003013,0.003022,3e-05,0.3
243,251,-4082,-42,-8,-10,0.242,-3.346,-0.0586,-0.056656,0.003007,0.003015,3e-05,0.3
198,254,-4092,-62,2,-11,0.125,-3.311,-0.060649,-0.056045,0.003004,0.00301,3e-05,0.3
252,263,-4133,-98,-3,-5,-0.09,-3.314,-0.064405,-0.05609,0.003,0.003005,3e-05,0.3
229,268,-4121,-119,-1,-2,-0.362,-3.316,-0.069152,-0.056128,0.002997,0.003002,3e-05,0.3
224,248,-4145,-92,-6,5,-0.565,-3.302,-0.072687,-0.055882,0.002995,0.002999,3e-05,0.3
259,285,-4114,-56,-6,13,-0.687,-3.299,-0.07483,-0.055839,0.002993,0.002997,3e-05,0.3
232,309,-4107,-45,-3,-27,-0.787,-3.319,-0.076571,-0.056188,0.002992,0.002995,3e-05,0.3
242,306,-4100,-55,-7,-44,-0.893,-3.307,-0.078409,-0.055974,0.00299,0.002994,3e-05,0.3
251,345,-4115,-26,8,-136,-1.025,-3.359,-0.080717,-0.056887,0.002989,0.003001,3e-05,0.3
268,347,-4061,-38,-6,-221,-1.089,-3.436,-0.081838,-0.058221,0.002989,0.003029,3e-05,0.3
203,343,-4063,-87,42,-271,-1.208,-3.516,-0.083924,-0.059627,0.002988,0.003077,3e-05,0.3
181,357,-4086,-57,63,-343,-1.355,-3.667,-0.086481,-0.062262,0.002988,0.003141,3e-05,0.3
297,376,-4028,-43,39,-414,-1.437,-3.856,-0.087909,-0.065547,0.002987,0.003225,3e-05,0.3
242,374,-4162,-55,-13,-397,-1.482,-3.999,-0.088703,-0.068051,0.002987,0.003299,3e-05,0.3
229,348,-4251,-14,-38,-325,-1.49,-4.061,-0.088835,-0.069133,0.002986,0.003339,3e-05,0.3
238,306,-4177,52,59,-281,-1.317,-4.173,-0.085811,-0.071086,0.002986,0.003358,3e-05,0.3
186,360,-4125,9,44,-146,-1.128,-4.192,-0.082513,-0.071419,0.002986,0.003329,3e-05,0.3
187,344,-3740,-12,-58,-59,-1.284,-4.039,-0.085239,-0.068751,0.002986,0.00328,3e-05,0.3
257,429,-4185,-75,-25,-70,-1.39,-4.037,-0.087088,-0.068706,0.002986,0.003223,3e-05,0.3
195,411,-3910,-30,67,-71,-1.534,-3.992,-0.089612,-0.067923,0.002986,0.003186,3e-05,0.3
232,420,-3833,-15,16,-114,-1.712,-4.01,-0.09271,-0.068244,0.002985,0.003159,3e-05,0.3
81,345,-3755,56,54,29,-1.738,-4.026,-0.093167,-0.068518,0.002985,0.003128,3e-05,0.3
327,404,-3888,84,-17,-37,-1.528,-3.904,-0.089497,-0.066396,0.002985,0.003102,3e-05,0.3
379,532,-4309,49,-4,-79,-1.464,-4.019,-0.088386,-0.068399,0.002985,0.003093,3e-05,0.3
125,358,-3928,-29,33,51,-1.496,-3.939,-0.088947,-0.066999,0.002985,0.003074,3e-05,0.3
216,374,-3886,21,7,28,-1.471,-3.825,-0.088504,-0.065012,0.002985,0.00306,3e-05,0.3
342,461,-4197,97,16,-57,-1.384,-3.96,-0.086987,-0.067367,0.002985,0.003049,3e-05,0.3
208,374,-3991,112,5,-75,-1.13,-3.928,-0.082549,-0.066813,0.002985,0.003043,3e-05,0.3
252,362,-4113,137,-1,-82,-0.832,-3.882,-0.07735,-0.066001,0.002985,0.003041,3e-05,0.3
311,491,-4408,47,-65,-171,-0.696,-3.945,-0.074977,-0.067111,0.002985,0.003044,3e-05,0.3
188,409,-3939,-51,63,-102,-0.841,-3.94,-0.077505,-0.067013,0.002985,0.003056,3e-05,0.3
228,453,-3723,49,15,-98,-0.995,-3.9,-0.080203,-0.06632,0.002985,0.003055,3e-05,0.3
275,458,-4153,286,1,-7,-0.709,-3.887,-0.075201,-0.06609,0.002985,0.003044,3e-05,0.3
194,512,-4196,393,2,27,-0.142,-3.785,-0.065314,-0.064317,0.002985,0.003033,3e-05,0.3
248,452,-4086,321,9,72,0.457,-3.787,-0.054854,-0.064349,0.002985,0.003028,3e-05,0.3
240,501,-4139,75,-14,69,0.504,-3.781,-0.05403,-0.06424,0.002985,0.003026,3e-05,0.3
260,340,-4038,78,-30,19,0.408,-3.708,-0.055717,-0.062968,0.002985,0.00302,3e-05,0.3
274,200,-3929,203,-18,9,0.696,-3.679,-0.050689,-0.062471,0.002985,0.003015,3e-05,0.3
197,198,-4388,217,15,28,1.303,-3.522,-0.040089,-0.059718,0.002985,0.00301,3e-05,0.3
216,170,-4080,221,14,73,1.774,-3.433,-0.03187,-0.058176,0.002985,0.003012,3e-05,0.3
301,143,-4140,17,-28,176,1.963,-3.502,-0.028579,-0.05938,0.002985,0.003027,3e-05,0.3
17,137,-3899,-47,27,247,1.775,-3.324,-0.031845,-0.056269,0.002985,0.003064,3e-05,0.3
293,108,-4306,-8,-22,205,1.671,-3.197,-0.033659,-0.054048,0.002985,0.003103,3e-05,0.3
400,154,-4063,-29,-8,107,1.529,-3.512,-0.036151,-0.059547,0.002985,0.003106,3e-05,0.3
10,-13,-4044,93,18,187,1.704,-3.323,-0.033096,-0.056243,0.002985,0.003103,3e-05,0.3
182,78,-3873,-43,88,160,1.942,-3.212,-0.028945,-0.054316,0.002985,0.00312,3e-05,0.3
362,75,-4174,-76,-68,189,1.764,-3.426,-0.032039,-0.058054,0.002985,0.003119,3e-05,0.3
175,88,-4112,-160,-48,312,1.502,-3.317,-0.036625,-0.056154,0.002985,0.00315,3e-05,0.3
226,-1,-4285,-161,12,304,1.206,-3.083,-0.041792,-0.052057,0.002985,0.003215,3e-05,0.3
283,133,-4041,-159,11,260,0.902,-3.064,-0.047082,-0.051723,0.002985,0.003246,3e-05,0.3
215,64,-4155,-119,-62,276,0.622,-2.976,-0.051978,-0.050199,0.002985,0.003265,3e-05,0.3
216,46,-4107,-71,-1,277,0.685,-2.917,-0.050878,-0.049159,0.002985,0.003275,3e-05,0.3
233,54,-4057,-32,-36,270,0.74,-2.904,-0.049908,-0.048932,0.002985,0.003286,3e-05,0.3
184,92,-4106,-50,-21,237,0.798,-2.83,-0.048908,-0.047647,0.002985,0.003291,3e-05,0.3
257,170,-4103,-106,-10,110,0.69,-2.812,-0.050784,-0.047336,0.002985,0.003265,3e-05,0.3
257,105,-4128,-114,0,22,0.488,-2.917,-0.054317,-0.049159,0.002985,0.00321,3e-05,0.3
201,62,-4159,-102,-24,29,0.362,-2.999,-0.056506,-0.050595,0.002985,0.003172,3e-05,0.3
181,77,-4123,-96,22,111,0.396,-2.951,-0.055913,-0.049755,0.002985,0.003141,3e-05,0.3
346,106,-4100,10,-27,131,0.527,-2.961,-0.05364,-0.049934,0.002985,0.003127,3e-05,0.3
271,148,-4243,19,-3,93,0.629,-3.006,-0.051854,-0.050712,0.002985,0.003113,3e-05,0.3
219,178,-4114,-82,-1,5,0.721,-2.99,-0.05025,-0.050447,0.002985,0.003092,3e-05,0.3
206,180,-4301,-153,26,-52,0.432,-3.075,-0.055284,-0.051927,0.002985,0.003072,3e-05,0.3
202,192,-4059,-195,47,-52,0.148,-3.12,-0.060253,-0.052704,0.002985,0.00306,3e-05,0.3
256,224,-4113,-241,6,-20,-0.342,-3.223,-0.068806,-0.05451,0.002985,0.003049,3e-05,0.3
294,247,-4233,-210,-1,-25,-0.86,-3.178,-0.077846,-0.053729,0.002985,0.003039,3e-05,0.3
318,285,-4007,-143,-55,-124,-1.143,-3.216,-0.08278,-0.054386,0.002985,0.003035,3e-05,0.3
96,311,-3825,-94,69,-178,-1.282,-3.215,-0.085204,-0.054361,0.002985,0.003049,3e-05,0.3
399,363,-4158,-132,43,-145,-1.486,-3.388,-0.088774,-0.057393,0.002985,0.003067,3e-05,0.3
222,304,-3845,-92,7,-180,-1.513,-3.467,-0.089237,-0.058766,0.002985,0.00307,3e-05,0.3
128,364,-3897,-35,50,-209,-1.566,-3.487,-0.090168,-0.059111,0.002985,0.003098,3e-05,0.3
204,371,-4320,-64,64,-155,-1.641,-3.587,-0.091465,-0.060852,0.002985,0.00311,3e-05,0.3
352,588,-3995,414,-17,-46,-1.407,-3.677,-0.087384,-0.06243,0.002985,0.003097,3e-05,0.3
201,795,-4085,763,50,-16,-0.525,-3.639,-0.071988,-0.061775,0.002985,0.003081,3e-05,0.3
164,581,-3946,552,94,110,0.571,-3.629,-0.052858,-0.061595,0.002985,0.003066,3e-05,0.3
332,436,-4113,-17,-102,241,0.582,-3.535,-0.052682,-0.059957,0.002985,0.003087,3e-05,0.3
163,313,-3948,-49,26,213,0.154,-3.382,-0.060144,-0.057287,0.002985,0.003109,3e-05,0.3
257,160,-4282,85,-2,91,0.266,-3.3,-0.058196,-0.055851,0.002985,0.003111,3e-05,0.3
305,217,-4180,211,-97,5,0.789,-3.377,-0.049067,-0.057193,0.002985,0.003089,3e-05,0.3
314,193,-4198,238,-32,29,1.548,-3.457,-0.03581,-0.058596,0.002985,0.003069,3e-05,0.3
18,319,-3786,111,1,78,1.754,-3.268,-0.032219,-0.055291,0.002985,0.003055,3e-05,0.3
199,66,-4092,-56,-3,279,1.811,-3.149,-0.03122,-0.053208,0.002985,0.003077,3e-05,0.3
341,82,-4174,-57,-47,248,1.73,-3.101,-0.032642,-0.05238,0.002985,0.00313,3e-05,0.3
133,165,-4255,-45,-5,198,1.505,-3.04,-0.03657,-0.051317,0.002985,0.003148,3e-05,0.3
151,43,-3849,-20,85,228,1.445,-2.991,-0.037607,-0.050459,0.002985,0.003158,3e-05,0.3
344,45,-3806,65,-66,224,1.65,-3.049,-0.034039,-0.051469,0.002985,0.003177,3e-05,0.3
288,94,-4487,-94,-28,168,1.75,-3.144,-0.032295,-0.053128,0.002985,0.003178,3e-05,0.3
189,140,-4326,-175,-2,56,1.406,-3.082,-0.038301,-0.052048,0.002985,0.003154,3e-05,0.3
253,8,-3934,-152,19,76,1.225,-3.11,-0.041449,-0.052528,0.002985,0.003132,3e-05,0.3
249,218,-3905,-139,24,-28,0.912,-3.267,-0.046915,-0.055275,0.002985,0.003107,3e-05,0.3
200,106,-3998,-111,-12,-70,0.647,-3.32,-0.051535,-0.0562,0.002985,0.003094,3e-05,0.3
282,3,-4069,-84,-2,-17,0.623,-3.329,-0.051959,-0.056357,0.002985,0.003077,3e-05,0.3
227,-12,-4050,-46,-114,30,0.763,-3.322,-0.049514,-0.05624,0.002985,0.003061,3e-05,0.3
236,258,-3955,101,33,29,0.89,-3.3,-0.047299,-0.055847,0.002985,0.003047,3e-05,0.3
240,138,-4222,62,14,35,1.134,-3.372,-0.043045,-0.057108,0.002985,0.003036,3e-05,0.3
235,158,-4174,2,-13,58,1.199,-3.341,-0.0419,-0.056564,0.002985,0.003029,3e-05,0.3
232,109,-4195,-95,-37,200,1.143,-3.225,-0.042891,-0.054548,0.002985,0.003041,3e-05,0.3
269,93,-3965,-125,-33,176,0.982,-3.134,-0.045692,-0.052948,0.002985,0.003063,3e-05,0.3
200,61,-4173,-135,6,142,0.849,-3.143,-0.048017,-0.053109,0.002985,0.003076,3e-05,0.3
224,92,-4045,-105,13,5,0.754,-3.14,-0.049668,-0.053057,0.002985,0.003065,3e-05,0.3
310,221,-4130,82,98,-97,0.819,-3.375,-0.04853,-0.057159,0.002985,0.003056,3e-05,0.3
306,264,-4179,107,-37,-97,1.016,-3.5,-0.045102,-0.059347,0.002985,0.003054,3e-05,0.3
250,341,-4168,80,68,-8,1.122,-3.555,-0.043246,-0.060295,0.002985,0.003046,3e-05,0.3
379,233,-4255,67,-63,62,1.202,-3.465,-0.041856,-0.058736,0.002985,0.003037,3e-05,0.3
178,205,-3895,30,36,101,1.191,-3.507,-0.042042,-0.059459,0.002985,0.003034,3e-05,0.3
287,239,-4357,93,-15,130,1.268,-3.503,-0.040698,-0.0594,0.002985,0.003038,3e-05,0.3
383,207,-4326,-122,-34,100,1.211,-3.454,-0.041698,-0.058543,0.002985,0.003042,3e-05,0.3
140,100,-4130,-252,-15,177,0.766,-3.342,-0.04946,-0.056576,0.002985,0.003049,3e-05,0.3
243,182,-3894,-10,-43,193,0.553,-3.159,-0.053175,-0.053392,0.002985,0.003078,3e-05,0.3
300,89,-4209,0,-15,81,0.686,-3.228,-0.05085,-0.054588,0.002985,0.00308,3e-05,0.3
213,106,-4120,-5,-13,-37,0.845,-3.235,-0.048079,-0.05472,0.002985,0.003063,3e-05,0.3
318,191,-4087,98,-9,-97,0.999,-3.326,-0.045404,-0.056299,0.002985,0.003055,3e-05,0.3
208,148,-4132,48,-4,-89,1.178,-3.356,-0.04227,-0.056836,0.002985,0.003052,3e-05,0.3
198,264,-4112,35,10,-50,1.223,-3.294,-0.041489,-0.05574,0.002985,0.003044,3e-05,0.3
268,160,-4138,-11,34,8,1.2,-3.383,-0.041895,-0.057293,0.002985,0.003032,3e-05,0.3
238,125,-4075,-36,12,35,1.148,-3.357,-0.042788,-0.056843,0.002985,0.003025,3e-05,0.3
238,100,-4022,-34,-25,62,1.157,-3.319,-0.042632,-0.05618,0.002985,0.003021,3e-05,0.3
255,163,-4140,-28,-3,46,1.185,-3.31,-0.042158,-0.05602,0.002985,0.003018,3e-05,0.3
200,217,-4045,-38,-4,-4,1.076,-3.297,-0.044044,-0.055793,0.002985,0.003011,3e-05,0.3
249,279,-4080,-2,53,-29,0.947,-3.401,-0.046295,-0.057606,0.002985,0.003008,3e-05,0.3
340,418,-4175,151,-68,-25,0.845,-3.364,-0.048075,-0.056968,0.002985,0.003004,3e-05,0.3
213,-90,-4101,-120,-8,37,1.001,-3.419,-0.04536,-0.057927,0.002985,0.003001,3e-05,0.3
100,292,-4068,100,-20,128,1.071,-3.251,-0.044142,-0.054987,0.002985,0.003007,3e-05,0.3
364,20,-4059,-60,9,34,1.253,-3.343,-0.040957,-0.056595,0.002985,0.003009,3e-05,0.3
176,354,-4031,-16,20,-87,0.998,-3.494,-0.045409,-0.05924,0.002985,0.003006,3e-05,0.3
315,241,-4134,65,2,-166,1.084,-3.446,-0.043907,-0.058393,0.002985,0.003021,3e-05,0.3
245,235,-4166,94,-23,-184,1.245,-3.583,-0.041097,-0.060782,0.002985,0.003043,3e-05,0.3
159,219,-4133,100,-13,-105,1.41,-3.508,-0.038227,-0.059487,0.002985,0.003052,3e-05,0.3
334,243,-4221,104,37,-74,1.593,-3.558,-0.035037,-0.060354,0.002985,0.003049,3e-05,0.3
174,143,-4274,-40,-12,-18,1.571,-3.489,-0.035416,-0.059147,0.002985,0.00304,3e-05,0.3
209,113,-4114,-82,-11,41,1.455,-3.344,-0.037436,-0.056615,0.002985,0.003031,3e-05,0.3
261,118,-4088,-111,8,-19,1.288,-3.347,-0.040354,-0.056671,0.002985,0.003024,3e-05,0.3
213,172,-4052,-20,7,-87,1.146,-3.381,-0.042833,-0.057267,0.002985,0.003021,3e-05,0.3
214,170,-4076,27,19,-24,1.187,-3.376,-0.042108,-0.057183,0.002985,0.003019,3e-05,0.3
237,240,-4116,-7,-14,39,1.17,-3.365,-0.042419,-0.056983,0.002985,0.003014,3e-05,0.3
238,228,-4110,-5,-20,3,1.062,-3.316,-0.044301,-0.056137,0.002985,0.003009,3e-05,0.3
234,195,-4111,3,-17,0,1.037,-3.293,-0.044736,-0.055723,0.002985,0.003005,3e-05,0.3
200,168,-4096,19,-12,5,1.074,-3.228,-0.044086,-0.054589,0.002985,0.003001,3e-05,0.3
224,169,-4108,1,18,2,1.124,-3.205,-0.043211,-0.054195,0.002985,0.002998,3e-05,0.3
226,177,-4135,-17,33,-36,1.098,-3.271,-0.043667,-0.055337,0.002985,0.002996,3e-05,0.3
241,203,-4152,16,12,-29,1.085,-3.337,-0.043896,-0.056488,0.002985,0.002996,3e-05,0.3
264,201,-4127,-7,-51,15,1.08,-3.309,-0.043981,-0.056013,0.002985,0.002994,3e-05,0.3
192,252,-4107,11,-16,-5,1.015,-3.231,-0.045114,-0.05464,0.002985,0.002992,3e-05,0.3
282,196,-4109,14,-37,-1,0.994,-3.168,-0.045486,-0.053541,0.002985,0.002991,3e-05,0.3
140,173,-4098,14,6,32,1.036,-3.153,-0.044754,-0.053283,0.002985,0.00299,3e-05,0.3
240,217,-4109,13,7,39,1.049,-3.087,-0.044516,-0.052134,0.002985,0.002991,3e-05,0.3
259,190,-4100,17,27,12,1.062,-3.174,-0.044301,-0.053647,0.002985,0.00299,3e-05,0.3
215,180,-4115,9,11,-2,1.082,-3.229,-0.043939,-0.054604,0.002985,0.00299,3e-05,0.3
250,182,-4133,35,2,15,1.117,-3.225,-0.043332,-0.054545,0.002985,0.002989,3e-05,0.3
205,174,-4086,-18,2,47,1.136,-3.208,-0.043012,-0.054241,0.002985,0.002989,3e-05,0.3
216,195,-4089,7,-7,73,1.115,-3.204,-0.043378,-0.054167,0.002985,0.002993,3e-05,0.3
242,193,-4088,36,14,54,1.156,-3.229,-0.042664,-0.054618,0.002985,0.002996,3e-05,0.3
219,156,-4137,-23,-11,64,1.185,-3.235,-0.042153,-0.054711,0.002985,0.002997,3e-05,0.3
235,132,-4133,-73,-7,92,1.099,-3.2,-0.043642,-0.054112,0.002985,0.003001,3e-05,0.3
213,128,-4124,-101,-3,122,0.965,-3.182,-0.045994,-0.053795,0.002985,0.00301,3e-05,0.3
232,157,-4097,-73,-6,91,0.784,-3.147,-0.04915,-0.05318,0.002985,0.003016,3e-05,0.3
261,189,-4100,-43,-2,21,0.711,-3.18,-0.050416,-0.053754,0.002985,0.003014,3e-05,0.3
265,226,-4119,-56,-3,-46,0.586,-3.243,-0.0526,-0.05486,0.002985,0.00301,3e-05,0.3
223,187,-4106,-59,-4,-41,0.46,-3.26,-0.054797,-0.055144,0.002985,0.003007,3e-05,0.3
235,213,-4115,-67,3,-46,0.379,-3.277,-0.056212,-0.055446,0.002985,0.003005,3e-05,0.3
230,230,-4135,-121,-2,-41,0.194,-3.286,-0.059438,-0.055599,0.002985,0.003004,3e-05,0.3
235,251,-4124,-196,6,-19,-0.219,-3.308,-0.066658,-0.055985,0.002985,0.003002,3e-05,0.3
246,243,-4110,-196,-8,-13,-0.665,-3.309,-0.074443,-0.056008,0.002985,0.002999,3e-05,0.3
223,288,-4104,-152,0,-48,-1.033,-3.329,-0.080864,-0.056351,0.002985,0.002997,3e-05,0.3
264,324,-4096,-64,-5,-119,-1.251,-3.373,-0.084669,-0.057126,0.002985,0.003003,3e-05,0.3
244,357,-4062,72,-18,-124,-1.214,-3.418,-0.084017,-0.057909,0.002985,0.003015,3e-05,0.3
211,328,-4139,155,-3,-100,-0.806,-3.334,-0.076893,-0.056451,0.002985,0.003018,3e-05,0.3
223,402,-4096,34,54,-87,-0.665,-3.478,-0.074444,-0.058958,0.002985,0.003018,3e-05,0.3
192,430,-4142,39,-15,65,-0.697,-3.393,-0.075002,-0.057473,0.002985,0.003014,3e-05,0.3
271,396,-3982,20,-21,101,-0.779,-3.372,-0.076436,-0.057113,0.002985,0.003018,3e-05,0.3
195,373,-3930,56,-27,119,-0.809,-3.337,-0.07696,-0.056504,0.002985,0.003028,3e-05,0.3
269,385,-4211,45,-12,10,-0.804,-3.281,-0.076861,-0.055522,0.002985,0.003024,3e-05,0.3
264,329,-4189,51,31,-58,-0.746,-3.381,-0.075861,-0.057261,0.002985,0.003019,3e-05,0.3
235,284,-4163,69,-17,-34,-0.596,-3.4,-0.073234,-0.057602,0.002985,0.003015,3e-05,0.3
224,286,-4141,89,-34,2,-0.332,-3.302,-0.068628,-0.055894,0.002985,0.00301,3e-05,0.3
233,273,-4193,65,-49,-14,-0.161,-3.247,-0.065648,-0.054931,0.002985,0.003005,3e-05,0.3
234,230,-4099,67,-46,-16,0.017,-3.134,-0.062531,-0.052947,0.002985,0.003002,3e-05,0.3
167,195,-4077,76,6,-23,0.202,-3.087,-0.059305,-0.05213,0.002985,0.002999,3e-05,0.3
229,212,-4167,21,-3,-25,0.363,-3.058,-0.056491,-0.051625,0.002985,0.002997,3e-05,0.3
210,188,-4075,19,4,2,0.441,-3.064,-0.055128,-0.051727,0.002985,0.002995,3e-05,0.3
251,241,-4017,34,15,-8,0.531,-3.077,-0.053559,-0.051956,0.002985,0.002993,3e-05,0.3
168,308,-4118,10,61,-41,0.504,-3.129,-0.054043,-0.052872,0.002985,0.002992,3e-05,0.3
320,294,-4255,-54,3,-12,0.371,-3.259,-0.056351,-0.055142,0.002985,0.002991,3e-05,0.3
202,256,-4185,-27,4,-10,0.19,-3.374,-0.05952,-0.057142,0.002985,0.00299,3e-05,0.3
278,133,-4043,38,-43,-26,0.271,-3.264,-0.058096,-0.055216,0.002985,0.00299,3e-05,0.3
303,161,-4195,116,-32,-9,0.533,-3.271,-0.053532,-0.055344,0.002985,0.002989,3e-05,0.3
203,115,-4190,35,-53,14,0.782,-3.078,-0.049177,-0.051975,0.002985,0.00299,3e-05,0.3
207,183,-4133,9,17,-2,0.768,-3.055,-0.049431,-0.051575,0.002985,0.002989,3e-05,0.3
168,184,-4051,7,37,18,0.797,-3.097,-0.048917,-0.052312,0.002985,0.002988,3e-05,0.3
213,145,-4059,12,1,56,0.887,-3.097,-0.047356,-0.052312,0.002985,0.002991,3e-05,0.3
226,183,-4046,0,37,54,0.923,-3.178,-0.046729,-0.053729,0.002985,0.002994,3e-05,0.3
216,198,-4114,-6,4,29,0.906,-3.2,-0.047022,-0.05411,0.002985,0.002994,3e-05,0.3
244,185,-4107,7,3,7,0.911,-3.222,-0.046932,-0.054485,0.002985,0.002992,3e-05,0.3
212,199,-4115,39,-1,-6,0.974,-3.209,-0.045837,-0.054264,0.002985,0.002991,3e-05,0.3
225,194,-4118,35,0,3,1.052,-3.203,-0.044469,-0.054166,0.002985,0.00299,3e-05,0.3
226,197,-4125,20,-2,0,1.087,-3.208,-0.043867,-0.054239,0.002985,0.002989,3e-05,0.3
226,196,-4115,18,-1,-18,1.104,-3.206,-0.043559,-0.054215,0.002985,0.002988,3e-05,0.3
244,198,-4111,17,3,-58,1.126,-3.238,-0.04318,-0.054773,0.002985,0.00299,3e-05,0.3
229,198,-4118,6,7,-87,1.129,-3.262,-0.043122,-0.055189,0.002985,0.002994,3e-05,0.3
233,186,-4127,-2,-3,-104,1.125,-3.284,-0.043205,-0.055577,0.002985,0.003002,3e-05,0.3
210,161,-4112,4,2,-82,1.149,-3.293,-0.042777,-0.055725,0.002985,0.003009,3e-05,0.3
199,127,-4110,27,-4,-9,1.25,-3.249,-0.041022,-0.054967,0.002985,0.003007,3e-05,0.3
192,122,-4115,23,-4,97,1.361,-3.202,-0.039078,-0.054145,0.002985,0.003006,3e-05,0.3
192,149,-4140,-23,-2,160,1.376,-3.13,-0.038824,-0.052885,0.002985,0.003021,3e-05,0.3
253,171,-4098,-28,-3,137,1.284,-3.132,-0.040428,-0.05291,0.002985,0.003035,3e-05,0.3
268,165,-4136,-21,-27,105,1.202,-3.128,-0.041848,-0.052845,0.002985,0.003039,3e-05,0.3
217,168,-4197,-2,-1,85,1.15,-3.096,-0.042754,-0.052294,0.002985,0.003036,3e-05,0.3
241,174,-4178,-58,-10,82,1.082,-3.078,-0.043956,-0.051981,0.002985,0.003033,3e-05,0.3
261,175,-4082,-73,-17,71,0.925,-3.088,-0.046686,-0.052145,0.002985,0.003032,3e-05,0.3
181,170,-4030,-29,22,18,0.835,-3.104,-0.04826,-0.052432,0.002985,0.003024,3e-05,0.3
284,163,-4088,-19,-20,0,0.827,-3.143,-0.048397,-0.053111,0.002985,0.003018,3e-05,0.3
182,163,-4095,-14,19,0,0.829,-3.18,-0.048366,-0.053751,0.002985,0.003012,3e-05,0.3
243,185,-4137,-28,-18,-2,0.821,-3.133,-0.04851,-0.052939,0.002985,0.003006,3e-05,0.3
224,192,-4109,-52,12,-9,0.736,-3.173,-0.049982,-0.053626,0.002985,0.003003,3e-05,0.3
222,199,-4134,-65,-17,-12,0.628,-3.16,-0.051879,-0.053402,0.002985,0.003,3e-05,0.3
237,201,-4101,-56,11,-17,0.499,-3.164,-0.054124,-0.053478,0.002985,0.002997,3e-05,0.3
229,234,-4120,-70,-2,-45,0.366,-3.193,-0.056448,-0.053977,0.002985,0.002996,3e-05,0.3
240,247,-4122,-82,6,-74,0.191,-3.223,-0.059505,-0.054504,0.002985,0.002998,3e-05,0.3
228,237,-4130,-121,-3,-59,-0.042,-3.259,-0.063567,-0.055137,0.002985,0.003,3e-05,0.3
209,253,-4125,-168,3,-18,-0.362,-3.251,-0.069152,-0.054987,0.002985,0.002999,3e-05,0.3
242,291,-4101,-158,-1,-23,-0.681,-3.247,-0.074721,-0.054928,0.002985,0.002997,3e-05,0.3
245,296,-4101,-137,3,-57,-1.041,-3.292,-0.081003,-0.055708,0.002985,0.002997,3e-05,0.3
228,293,-4071,-64,3,-78,-1.202,-3.34,-0.083806,-0.05655,0.002985,0.002999,3e-05,0.3
199,287,-4117,15,13,-38,-1.131,-3.317,-0.082564,-0.056148,0.002985,0.003001,3e-05,0.3
304,380,-4146,43,5,-75,-0.954,-3.347,-0.079482,-0.056673,0.002985,0.003,3e-05,0.3
199,335,-4041,-20,-10,-61,-0.971,-3.378,-0.079775,-0.057205,0.002985,0.003005,3e-05,0.3
204,333,-4258,-93,18,38,-1.166,-3.336,-0.083175,-0.056474,0.002985,0.003002,3e-05,0.3
231,340,-4120,-142,-13,53,-1.512,-3.336,-0.089218,-0.056471,0.002985,0.003001,3e-05,0.3
257,351,-4055,-24,20,51,-1.701,-3.351,-0.092518,-0.056733,0.002985,0.003001,3e-05,0.3
247,352,-4137,79,31,43,-1.488,-3.376,-0.088808,-0.057168,0.002985,0.003,3e-05,0.3
336,429,-4221,96,-20,30,-1.25,-3.398,-0.084642,-0.05756,0.002985,0.002998,3e-05,0.3
198,322,-4107,123,13,33,-0.965,-3.39,-0.079671,-0.057419,0.002985,0.002997,3e-05,0.3
257,390,-4097,-19,-79,1,-0.883,-3.349,-0.078244,-0.056709,0.002985,0.002996,3e-05,0.3
185,374,-3954,-86,41,-14,-1.123,-3.36,-0.082434,-0.0569,0.002985,0.002994,3e-05,0.3
268,304,-4164,20,-22,44,-1.197,-3.356,-0.083731,-0.056819,0.002985,0.002996,3e-05,0.3
235,368,-4196,91,26,34,-1.115,-3.436,-0.082295,-0.058221,0.002985,0.002994,3e-05,0.3
228,409,-4085,60,-11,10,-0.972,-3.453,-0.079789,-0.058515,0.002985,0.002993,3e-05,0.3
336,402,-4010,-18,-25,-30,-1.059,-3.489,-0.08131,-0.059158,0.002985,0.002992,3e-05,0.3
243,449,-4048,-27,34,-198,-1.297,-3.589,-0.085474,-0.0609,0.002985,0.003008,3e-05,0.3
246,464,-4133,-37,13,-290,-1.456,-3.652,-0.088237,-0.061986,0.002985,0.003058,3e-05,0.3
312,380,-4076,64,33,-320,-1.41,-3.813,-0.087447,-0.064812,0.002985,0.003128,3e-05,0.3
179,346,-4146,163,28,-276,-1.002,-3.903,-0.080319,-0.066377,0.002985,0.003178,3e-05,0.3
215,343,-4129,119,14,-200,-0.686,-3.836,-0.074806,-0.065208,0.002985,0.00318,3e-05,0.3
242,355,-4086,55,19,-154,-0.566,-3.93,-0.072705,-0.066838,0.002985,0.003178,3e-05,0.3
203,342,-4111,17,-19,-121,-0.524,-3.845,-0.071978,-0.065359,0.002985,0.00316,3e-05,0.3
237,376,-4115,-44,15,-124,-0.675,-3.811,-0.074607,-0.064778,0.002985,0.003142,3e-05,0.3
233,350,-4093,-57,12,-124,-0.827,-3.858,-0.077273,-0.065587,0.002985,0.003131,3e-05,0.3
268,363,-4164,-27,-16,-101,-0.948,-3.839,-0.079371,-0.065253,0.002985,0.00312,3e-05,0.3
167,319,-4016,38,16,-96,-0.936,-3.815,-0.079172,-0.064835,0.002985,0.003106,3e-05,0.3
293,312,-4067,12,-18,-95,-0.839,-3.765,-0.07748,-0.063968,0.002985,0.003095,3e-05,0.3
207,330,-3974,-18,21,-85,-0.833,-3.748,-0.07737,-0.063667,0.002985,0.003082,3e-05,0.3
156,260,-3931,-26,45,-36,-0.846,-3.737,-0.0776,-0.063479,0.002985,0.003068,3e-05,0.3
319,324,-4095,-6,-1,-46,-0.846,-3.72,-0.077596,-0.063181,0.002985,0.003057,3e-05,0.3
265,348,-4267,-3,-12,-49,-0.88,-3.769,-0.078189,-0.064028,0.002985,0.003049,3e-05,0.3
181,366,-4328,-47,21,-80,-0.984,-3.7,-0.080011,-0.062838,0.002985,0.003042,3e-05,0.3
308,315,-4113,-41,-10,-47,-1.088,-3.672,-0.081827,-0.062338,0.002985,0.003036,3e-05,0.3
235,354,-4100,12,33,-103,-1.101,-3.711,-0.082048,-0.063032,0.002985,0.003031,3e-05,0.3
317,342,-3982,40,-6,-222,-0.985,-3.812,-0.080018,-0.064788,0.002985,0.003055,3e-05,0.3
220,339,-4086,11,20,-277,-0.925,-3.875,-0.07897,-0.065882,0.002985,0.003094,3e-05,0.3
174,317,-4158,-21,38,-263,-0.902,-3.945,-0.078569,-0.067109,0.002985,0.003143,3e-05,0.3
277,311,-4105,-21,2,-225,-0.889,-3.941,-0.078355,-0.067035,0.002985,0.003167,3e-05,0.3
206,350,-4092,-23,36,-258,-0.897,-4.028,-0.078488,-0.068557,0.002985,0.003185,3e-05,0.3
225,355,-4140,-63,8,-270,-1.013,-4.017,-0.080505,-0.068373,0.002985,0.003209,3e-05,0.3
253,331,-4108,-61,37,-269,-1.126,-4.097,-0.082492,-0.069766,0.002985,0.00324,3e-05,0.3
188,360,-4114,-82,13,-252,-1.245,-4.126,-0.084556,-0.070269,0.002985,0.003256,3e-05,0.3
193,356,-4111,-80,33,-263,-1.395,-4.123,-0.087179,-0.070217,0.002985,0.003268,3e-05,0.3
274,369,-4143,-39,31,-309,-1.502,-4.226,-0.089047,-0.072007,0.002985,0.003292,3e-05,0.3
255,380,-4057,15,51,-370,-1.488,-4.35,-0.088797,-0.074173,0.002985,0.003332,3e-05,0.3
191,375,-4130,-6,24,-372,-1.43,-4.45,-0.087785,-0.075926,0.002985,0.003381,3e-05,0.3
147,315,-4080,-65,57,-244,-1.432,-4.444,-0.087829,-0.075823,0.002985,0.003385,3e-05,0.3
223,368,-4070,-10,57,-233,-1.547,-4.495,-0.089834,-0.076705,0.002985,0.003366,3e-05,0.3
220,262,-4006,74,-17,-134,-1.377,-4.458,-0.08687,-0.076065,0.002985,0.003327,3e-05,0.3
248,450,-4238,44,26,-62,-1.279,-4.39,-0.085163,-0.074867,0.002985,0.003278,3e-05,0.3
227,395,-4226,-50,-34,-61,-1.221,-4.284,-0.084137,-0.073026,0.002985,0.003224,3e-05,0.3
233,374,-3965,-155,-57,-8,-1.548,-4.237,-0.089844,-0.07221,0.002985,0.00318,3e-05,0.3
244,427,-3757,-80,28,-83,-1.926,-4.212,-0.096443,-0.071767,0.002985,0.003148,3e-05,0.3
295,401,-4275,64,-14,-136,-1.82,-4.279,-0.094595,-0.072941,0.002985,0.003141,3e-05,0.3
227,326,-3936,97,14,33,-1.496,-4.295,-0.08894,-0.073214,0.002985,0.003115,3e-05,0.3
235,518,-4137,12,-35,-86,-1.515,-4.239,-0.089265,-0.072231,0.002985,0.003093,3e-05,0.3
322,440,-4119,25,-46,-162,-1.569,-4.251,-0.090218,-0.072451,0.002985,0.003086,3e-05,0.3
218,402,-4108,98,7,-180,-1.358,-4.218,-0.086535,-0.07187,0.002985,0.003095,3e-05,0.3
270,413,-4133,101,-23,-200,-1.126,-4.185,-0.082485,-0.071289,0.002985,0.003111,3e-05,0.3
251,433,-4254,65,38,-187,-0.976,-4.23,-0.079866,-0.072087,0.002985,0.003128,3e-05,0.3
255,371,-4000,7,7,-78,-0.966,-4.23,-0.079688,-0.072076,0.002985,0.003118,3e-05,0.3
166,314,-3731,23,0,-27,-0.952,-4.098,-0.079446,-0.069786,0.002985,0.003097,3e-05,0.3
243,480,-4137,-19,26,-58,-1.146,-4.126,-0.082832,-0.070273,0.002985,0.003078,3e-05,0.3
299,414,-4165,-29,-14,-50,-1.317,-4.132,-0.085826,-0.070378,0.002985,0.003066,3e-05,0.3
233,417,-4097,26,12,-24,-1.407,-4.075,-0.087387,-0.069369,0.002985,0.003052,3e-05,0.3
212,397,-4103,106,19,-28,-1.27,-3.997,-0.084989,-0.068009,0.002985,0.003039,3e-05,0.3
246,391,-4027,49,6,69,-1.14,-3.957,-0.082731,-0.067317,0.002985,0.003031,3e-05,0.3
179,325,-4052,26,-10,234,-1.128,-3.873,-0.082524,-0.065858,0.002985,0.003047,3e-05,0.3
237,365,-4102,82,-18,268,-1.113,-3.72,-0.082266,-0.06318,0.002985,0.003091,3e-05,0.3
331,476,-4230,53,-13,198,-1.107,-3.704,-0.082154,-0.062894,0.002985,0.003124,3e-05,0.3
342,442,-4109,70,-31,95,-1.126,-3.729,-0.082491,-0.063344,0.002985,0.003117,3e-05,0.3
239,401,-3996,122,3,64,-1.027,-3.721,-0.080749,-0.063205,0.002985,0.003097,3e-05,0.3
282,354,-4229,130,-45,126,-0.787,-3.668,-0.076569,-0.06227,0.002985,0.003087,3e-05,0.3
201,341,-4081,94,-13,185,-0.592,-3.568,-0.073166,-0.060523,0.002985,0.003094,3e-05,0.3
336,395,-4135,-23,-49,114,-0.611,-3.511,-0.073493,-0.05953,0.002985,0.003097,3e-05,0.3
173,379,-3941,-33,-5,0,-0.81,-3.493,-0.076965,-0.059225,0.002985,0.003083,3e-05,0.3
301,329,-4154,42,0,-21,-0.891,-3.511,-0.078384,-0.059532,0.002985,0.003066,3e-05,0.3
244,292,-4175,95,28,11,-0.66,-3.563,-0.07435,-0.060441,0.002985,0.003051,3e-05,0.3
274,311,-4017,102,-13,-10,-0.436,-3.595,-0.070447,-0.061005,0.002985,0.00304,3e-05,0.3
212,244,-3731,103,-3,16,-0.209,-3.579,-0.066476,-0.060726,0.002985,0.003031,3e-05,0.3
257,219,-3933,185,-9,30,0.212,-3.54,-0.059138,-0.060044,0.002985,0.003022,3e-05,0.3
233,184,-3979,226,-13,69,0.665,-3.519,-0.051227,-0.059677,0.002985,0.003017,3e-05,0.3
230,189,-4279,188,5,152,1.186,-3.484,-0.042127,-0.059056,0.002985,0.003023,3e-05,0.3
236,188,-4312,92,-1,158,1.409,-3.458,-0.038247,-0.0586,0.002985,0.003043,3e-05,0.3
270,201,-4056,16,-19,115,1.452,-3.443,-0.037489,-0.058353,0.002985,0.003058,3e-05,0.3
272,202,-4135,-2,-56,198,1.325,-3.417,-0.039711,-0.057899,0.002985,0.00307,3e-05,0.3
163,122,-3937,15,-11,224,1.399,-3.311,-0.038422,-0.056049,0.002985,0.003097,3e-05,0.3
246,181,-4121,-21,-55,289,1.286,-3.221,-0.040393,-0.05448,0.002985,0.003137,3e-05,0.3
321,233,-4121,-64,0,187,1.083,-3.278,-0.043925,-0.055467,0.002985,0.003146,3e-05,0.3
308,87,-4326,45,-53,193,1.199,-3.222,-0.04191,-0.054484,0.002985,0.003145,3e-05,0.3
158,62,-3941,110,59,235,1.469,-3.19,-0.037196,-0.053925,0.002985,0.00317,3e-05,0.3
274,112,-4098,29,-17,270,1.602,-3.202,-0.03487,-0.054146,0.002985,0.003191,3e-05,0.3
293,144,-4417,-85,-5,212,1.53,-3.206,-0.036132,-0.054213,0.002985,0.003203,3e-05,0.3
258,44,-4194,-87,-38,223,1.317,-3.156,-0.039844,-0.05333,0.002985,0.00321,3e-05,0.3
264,25,-3957,-74,-19,168,1.173,-3.124,-0.042366,-0.052779,0.002985,0.003205,3e-05,0.3
191,6,-4009,-49,36,57,1.174,-3.199,-0.042335,-0.054082,0.002985,0.003182,3e-05,0.3
300,59,-4228,-103,-27,-80,1.145,-3.286,-0.042852,-0.055614,0.002985,0.003144,3e-05,0.3
297,102,-4002,-75,12,-123,1.082,-3.442,-0.04395,-0.058329,0.002985,0.00313,3e-05,0.3
217,-6,-4146,-48,-34,-36,1.202,-3.38,-0.041848,-0.057242,0.002985,0.003106,3e-05,0.3
206,45,-3986,-88,12,4,1.216,-3.371,-0.041604,-0.057094,0.002985,0.003086,3e-05,0.3
180,54,-4135,-172,-29,106,1.034,-3.298,-0.044784,-0.055814,0.002985,0.003072,3e-05,0.3
256,96,-4133,-229,-22,201,0.626,-3.184,-0.051901,-0.053827,0.002985,0.003081,3e-05,0.3
214,129,-4116,-164,-22,163,0.243,-3.151,-0.058595,-0.053253,0.002985,0.003101,3e-05,0.3
247,224,-4075,-161,-2,65,-0.054,-3.13,-0.063766,-0.052892,0.002985,0.003091,3e-05,0.3
271,147,-4060,-165,14,99,-0.3,-3.19,-0.068063,-0.053935,0.002985,0.003076,3e-05,0.3
224,139,-4007,-65,3,68,-0.348,-3.222,-0.068899,-0.054496,0.002985,0.003065,3e-05,0.3
234,206,-4041,-87,-1,24,-0.42,-3.255,-0.070154,-0.055062,0.002985,0.003053,3e-05,0.3
233,275,-4355,-163,70,11,-0.613,-3.332,-0.073537,-0.056406,0.002985,0.003041,3e-05,0.3
377,285,-4114,-208,-17,-72,-0.904,-3.419,-0.078604,-0.05792,0.002985,0.003033,3e-05,0.3
212,316,-3995,-208,-2,-168,-1.409,-3.475,-0.087422,-0.058912,0.002985,0.003038,3e-05,0.3
266,237,-4110,-65,10,-190,-1.555,-3.595,-0.089973,-0.061007,0.002985,0.003064,3e-05,0.3
197,215,-4073,13,35,-34,-1.292,-3.658,-0.085374,-0.062101,0.002985,0.003062,3e-05,0.3
219,377,-3963,-103,-1,61,-1.383,-3.578,-0.086969,-0.060699,0.002985,0.003051,3e-05,0.3
213,394,-4067,-55,25,-8,-1.617,-3.508,-0.091052,-0.059474,0.002985,0.00304,3e-05,0.3
331,324,-4103,3,16,-25,-1.586,-3.589,-0.090508,-0.060901,0.002985,0.003031,3e-05,0.3
326,415,-3852,8,20,-160,-1.532,-3.765,-0.089572,-0.063972,0.002985,0.003035,3e-05,0.3
277,392,-4045,34,-26,-250,-1.456,-3.824,-0.088252,-0.064991,0.002985,0.003077,3e-05,0.3
132,426,-4607,-10,40,-224,-1.4,-3.858,-0.087272,-0.065597,0.002985,0.003114,3e-05,0.3
193,354,-4104,-56,105,-183,-1.377,-3.94,-0.086866,-0.067019,0.002985,0.003131,3e-05,0.3
307,333,-3771,31,35,-124,-1.444,-4.016,-0.088042,-0.068345,0.002985,0.003136,3e-05,0.3
132,443,-4221,20,1,-85,-1.404,-3.983,-0.087333,-0.067771,0.002985,0.003114,3e-05,0.3
332,527,-4222,18,9,-54,-1.361,-3.872,-0.086584,-0.065826,0.002985,0.003092,3e-05,0.3
303,470,-3989,-18,-35,-148,-1.623,-3.957,-0.091162,-0.067312,0.002985,0.003082,3e-05,0.3
153,415,-4069,27,19,-53,-1.67,-3.992,-0.091978,-0.067934,0.002985,0.003074,3e-05,0.3
315,458,-4070,59,15,-18,-1.648,-3.943,-0.091587,-0.067079,0.002985,0.003058,3e-05,0.3
275,489,-4190,71,-3,-78,-1.605,-4.012,-0.090838,-0.06827,0.002985,0.003047,3e-05,0.3
234,418,-4168,121,38,-39,-1.455,-4.003,-0.088229,-0.068121,0.002985,0.00304,3e-05,0.3
332,469,-4010,110,-41,2,-1.231,-3.911,-0.084309,-0.066522,0.002985,0.00303,3e-05,0.3
198,462,-3920,79,16,-108,-1.201,-3.957,-0.083785,-0.067314,0.002985,0.003028,3e-05,0.3
187,414,-4209,85,9,-86,-1.121,-3.919,-0.082405,-0.066657,0.002985,0.00303,3e-05,0.3
309,460,-4103,17,-18,-34,-1.175,-3.913,-0.083332,-0.066543,0.002985,0.003026,3e-05,0.3
208,460,-3996,37,16,-34,-1.308,-3.894,-0.085664,-0.066224,0.002985,0.003019,3e-05,0.3
218,416,-4067,102,-37,-31,-1.214,-3.796,-0.084022,-0.064506,0.002985,0.003014,3e-05,0.3
314,468,-4060,151,16,-63,-1.03,-3.835,-0.080802,-0.065183,0.002985,0.003012,3e-05,0.3
200,401,-4175,164,-2,-117,-0.734,-3.878,-0.075642,-0.065936,0.002985,0.003019,3e-05,0.3
363,410,-4199,86,-35,-66,-0.517,-3.829,-0.071848,-0.065077,0.002985,0.003024,3e-05,0.3
103,316,-3764,95,45,-24,-0.38,-3.722,-0.06947,-0.063212,0.002985,0.003019,3e-05,0.3
301,346,-4062,42,7,44,-0.334,-3.72,-0.068653,-0.063189,0.002985,0.003013,3e-05,0.3
277,326,-4164,67,7,41,-0.224,-3.719,-0.06674,-0.063166,0.002985,0.003011,3e-05,0.3
173,291,-4051,172,12,-5,0.063,-3.615,-0.061731,-0.061341,0.002985,0.003006,3e-05,0.3
298,251,-4084,277,3,-29,0.649,-3.659,-0.051502,-0.06212,0.002985,0.003003,3e-05,0.3
219,275,-4036,204,15,15,1.162,-3.621,-0.042558,-0.061458,0.002985,0.003001,3e-05,0.3
236,265,-4071,67,21,64,1.392,-3.6,-0.038528,-0.061093,0.002985,0.003001,3e-05,0.3
333,228,-4054,-21,-21,40,1.368,-3.66,-0.038957,-0.062139,0.002985,0.003,3e-05,0.3
172,216,-4197,-5,-9,56,1.291,-3.56,-0.040297,-0.060396,0.002985,0.003002,3e-05,0.3
314,206,-4287,-3,-30,108,1.199,-3.554,-0.041899,-0.060289,0.002985,0.003001,3e-05,0.3
211,174,-4196,-38,61,140,1.204,-3.484,-0.041815,-0.059064,0.002985,0.003014,3e-05,0.3
327,142,-4015,-15,-62,31,1.205,-3.455,-0.041792,-0.058563,0.002985,0.003025,3e-05,0.3
220,132,-4111,9,-1,62,1.143,-3.401,-0.042886,-0.057618,0.002985,0.003019,3e-05,0.3
84,68,-4093,-37,101,157,1.246,-3.272,-0.041079,-0.055363,0.002985,0.003034,3e-05,0.3
466,130,-4132,-53,-18,117,1.198,-3.605,-0.041927,-0.061179,0.002985,0.003044,3e-05,0.3
215,114,-4082,-87,-58,130,1.099,-3.496,-0.043648,-0.059263,0.002985,0.003053,3e-05,0.3
208,119,-4192,-111,-17,173,0.822,-3.332,-0.048492,-0.056403,0.002985,0.003058,3e-05,0.3
327,144,-4142,-60,-25,251,0.681,-3.236,-0.050946,-0.054728,0.002985,0.003097,3e-05,0.3
215,201,-4180,-25,7,166,0.673,-3.202,-0.05109,-0.054143,0.002985,0.003125,3e-05,0.3
319,138,-4117,-48,-16,134,0.641,-3.187,-0.05164,-0.053873,0.002985,0.003123,3e-05,0.3
288,169,-4123,-72,19,56,0.528,-3.266,-0.053608,-0.055251,0.002985,0.003109,3e-05,0.3
222,121,-4078,-48,-24,18,0.492,-3.306,-0.054253,-0.055962,0.002985,0.003086,3e-05,0.3
249,54,-4074,35,4,55,0.662,-3.285,-0.051276,-0.055581,0.002985,0.003069,3e-05,0.3
220,129,-4133,10,-12,75,0.868,-3.307,-0.047676,-0.055973,0.002985,0.003059,3e-05,0.3
222,126,-4108,-65,-3,92,0.865,-3.238,-0.047731,-0.054762,0.002985,0.003053,3e-05,0.3
285,119,-4172,-117,-2,99,0.696,-3.26,-0.05068,-0.055147,0.002985,0.003051,3e-05,0.3
225,111,-4081,-112,-23,88,0.554,-3.26,-0.053166,-0.055151,0.002985,0.003051,3e-05,0.3
296,191,-3990,-87,-12,-11,0.449,-3.291,-0.054994,-0.055696,0.002985,0.003041,3e-05,0.3
196,190,-4111,-122,20,-125,0.251,-3.375,-0.058454,-0.057158,0.002985,0.003039,3e-05,0.3
302,194,-4213,-170,7,-66,0.001,-3.461,-0.062806,-0.058656,0.002985,0.003038,3e-05,0.3
262,196,-4341,-251,-45,-37,-0.408,-3.488,-0.06995,-0.059129,0.002985,0.00303,3e-05,0.3
124,208,-3864,-234,54,-27,-0.771,-3.413,-0.07629,-0.057816,0.002985,0.003023,3e-05,0.3
382,287,-4109,-241,-60,-51,-1.287,-3.446,-0.085297,-0.058394,0.002985,0.003018,3e-05,0.3
179,256,-4037,-103,-1,-28,-1.527,-3.449,-0.089478,-0.058448,0.002985,0.003013,3e-05,0.3
116,326,-3973,-43,33,-86,-1.577,-3.416,-0.090364,-0.057869,0.002985,0.003011,3e-05,0.3
411,327,-4209,17,-16,-50,-1.51,-3.509,-0.089186,-0.05949,0.002985,0.003012,3e-05,0.3
224,413,-3887,-65,-37,-161,-1.539,-3.588,-0.089694,-0.060884,0.002985,0.003018,3e-05,0.3
222,444,-4012,-135,-34,-247,-1.865,-3.668,-0.095388,-0.062267,0.002985,0.003049,3e-05,0.3
238,374,-4048,42,44,-160,-1.953,-3.777,-0.096912,-0.064169,0.002985,0.003064,3e-05,0.3
213,396,-4238,85,-5,-149,-1.695,-3.84,-0.092422,-0.065282,0.002985,0.003076,3e-05,0.3
250,487,-4149,24,-3,-122,-1.649,-3.878,-0.091618,-0.065941,0.002985,0.00307,3e-05,0.3
225,438,-3966,13,36,-100,-1.713,-3.958,-0.092728,-0.067333,0.002985,0.003063,3e-05,0.3
242,356,-3760,91,26,-33,-1.584,-3.966,-0.090482,-0.067475,0.002985,0.003057,3e-05,0.3
336,617,-4137,12,14,-99,-1.601,-3.984,-0.090772,-0.06779,0.002985,0.003051,3e-05,0.3
301,447,-4233,25,2,-181,-1.563,-4.042,-0.090113,-0.068796,0.002985,0.003062,3e-05,0.3
161,465,-4003,-44,82,-130,-1.651,-4.053,-0.091656,-0.06899,0.002985,0.003073,3e-05,0.3
233,461,-3990,52,16,-94,-1.736,-3.995,-0.093133,-0.06798,0.002985,0.00307,3e-05,0.3
343,504,-4187,83,-30,-151,-1.639,-4.065,-0.091443,-0.069199,0.002985,0.003071,3e-05,0.3
193,469,-4170,113,33,-167,-1.422,-4.068,-0.087652,-0.069257,0.002985,0.003086,3e-05,0.3
189,313,-4034,128,8,12,-1.115,-3.938,-0.082285,-0.066984,0.002985,0.003075,3e-05,0.3
196,328,-4036,142,11,114,-0.88,-3.908,-0.078196,-0.066469,0.002985,0.003065,3e-05,0.3
254,407,-4082,107,-15,151,-0.673,-3.816,-0.074572,-0.064863,0.002985,0.003069,3e-05,0.3
319,433,-4098,18,-20,141,-0.76,-3.829,-0.076104,-0.06509,0.002985,0.003069,3e-05,0.3
205,410,-4127,-15,-12,150,-0.893,-3.73,-0.078413,-0.063349,0.002985,0.003076,3e-05,0.3
326,422,-4062,22,-22,16,-1.008,-3.707,-0.080428,-0.062959,0.002985,0.003067,3e-05,0.3
269,370,-4051,72,9,-42,-1.004,-3.778,-0.08036,-0.064195,0.002985,0.003052,3e-05,0.3
268,354,-3991,161,6,-95,-0.732,-3.771,-0.075606,-0.064067,0.002985,0.003044,3e-05,0.3
287,345,-4136,159,-16,-34,-0.436,-3.758,-0.070449,-0.063843,0.002985,0.00304,3e-05,0.3
227,336,-4083,158,-30,37,-0.092,-3.711,-0.064441,-0.063031,0.002985,0.00303,3e-05,0.3
146,270,-4099,180,-3,159,0.236,-3.579,-0.058715,-0.060726,0.002985,0.003031,3e-05,0.3
317,317,-4275,79,-2,176,0.426,-3.527,-0.055405,-0.059805,0.002985,0.003052,3e-05,0.3
300,319,-4137,35,-40,106,0.39,-3.559,-0.05603,-0.060368,0.002985,0.003064,3e-05,0.3
211,297,-3931,61,25,-47,0.361,-3.569,-0.056526,-0.060554,0.002985,0.003052,3e-05,0.3
369,187,-4005,149,-25,-60,0.636,-3.651,-0.051728,-0.06198,0.002985,0.003045,3e-05,0.3
209,153,-4169,226,-34,7,1.166,-3.674,-0.04248,-0.06237,0.002985,0.003034,3e-05,0.3
151,145,-4132,136,26,93,1.593,-3.531,-0.035035,-0.059875,0.002985,0.00303,3e-05,0.3
351,168,-4120,60,6,179,1.76,-3.464,-0.032106,-0.058711,0.002985,0.00304,3e-05,0.3
185,161,-3940,26,5,154,1.761,-3.553,-0.032097,-0.060265,0.002985,0.003054,3e-05,0.3
287,163,-4265,-53,-10,156,1.658,-3.504,-0.033903,-0.059408,0.002985,0.00306,3e-05,0.3
212,101,-4003,-62,-21,87,1.405,-3.484,-0.03831,-0.059054,0.002985,0.003054,3e-05,0.3
279,93,-4251,-50,-17,78,1.324,-3.455,-0.039726,-0.058563,0.002985,0.00305,3e-05,0.3
265,100,-4205,13,-9,66,1.283,-3.395,-0.040441,-0.057503,0.002985,0.003049,3e-05,0.3
224,105,-4404,8,30,69,1.428,-3.476,-0.037912,-0.058929,0.002985,0.003042,3e-05,0.3
324,106,-4011,-103,-2,136,1.314,-3.472,-0.039895,-0.058847,0.002985,0.003043,3e-05,0.3
230,29,-3899,-81,21,123,1.244,-3.52,-0.041118,-0.05969,0.002985,0.003047,3e-05,0.3
269,8,-4132,-32,-22,194,1.353,-3.502,-0.039212,-0.059378,0.002985,0.00306,3e-05,0.3
218,4,-4092,-10,-36,277,1.516,-3.388,-0.036371,-0.057393,0.002985,0.003102,3e-05,0.3
221,8,-4224,-88,-55,377,1.519,-3.236,-0.036317,-0.054738,0.002985,0.003165,3e-05,0.3
201,114,-4110,-150,-1,351,1.128,-3.121,-0.043152,-0.052718,0.002985,0.003249,3e-05,0.3
299,201,-4127,-177,-32,196,0.714,-3.101,-0.050379,-0.052379,0.002985,0.003267,3e-05,0.3
266,145,-4049,-149,17,89,0.447,-3.149,-0.055029,-0.05322,0.002985,0.003238,3e-05,0.3
266,194,-4060,-108,-29,26,0.166,-3.185,-0.059941,-0.053847,0.002985,0.00319,3e-05,0.3
225,125,-4029,-4,31,-18,0.237,-3.218,-0.058702,-0.054413,0.002985,0.003152,3e-05,0.3
287,211,-4205,47,-12,-85,0.36,-3.319,-0.056555,-0.056181,0.002985,0.003126,3e-05,0.3
237,202,-4093,46,30,-135,0.555,-3.372,-0.05314,-0.057104,0.002985,0.003116,3e-05,0.3
288,197,-4177,-46,-2,-112,0.611,-3.457,-0.052164,-0.058592,0.002985,0.003108,3e-05,0.3
212,191,-4146,-116,19,-116,0.433,-3.466,-0.055283,-0.058754,0.002985,0.003097,3e-05,0.3
267,173,-4231,-136,-18,-54,0.24,-3.482,-0.058644,-0.059019,0.002985,0.003084,3e-05,0.3
243,204,-4267,-213,-14,32,-0.114,-3.513,-0.064821,-0.059573,0.002985,0.003065,3e-05,0.3
221,145,-4127,-166,-41,135,-0.483,-3.414,-0.071257,-0.057839,0.002985,0.003057,3e-05,0.3
234,111,-3850,-54,-7,234,-0.503,-3.309,-0.071605,-0.056014,0.002985,0.003085,3e-05,0.3
295,244,-4176,-43,-27,174,-0.489,-3.271,-0.071375,-0.055336,0.002985,0.003114,3e-05,0.3
259,325,-4100,-121,-2,-41,-0.761,-3.308,-0.076122,-0.055988,0.002985,0.003098,3e-05,0.3
317,287,-4037,-154,8,-146,-1.058,-3.427,-0.081291,-0.05806,0.002985,0.003088,3e-05,0.3
271,259,-4098,-101,5,-95,-1.277,-3.551,-0.085115,-0.060235,0.002985,0.003086,3e-05,0.3
185,296,-4094,-76,2,-70,-1.352,-3.509,-0.086424,-0.05949,0.002985,0.003078,3e-05,0.3
234,330,-4252,-105,47,-13,-1.536,-3.517,-0.089636,-0.059646,0.002985,0.003062,3e-05,0.3
252,309,-4044,-61,21,4,-1.646,-3.541,-0.091555,-0.060054,0.002985,0.003048,3e-05,0.3
256,399,-4103,-67,25,-75,-1.781,-3.6,-0.093915,-0.061089,0.002985,0.003038,3e-05,0.3
372,422,-4151,-2,-17,-248,-1.853,-3.723,-0.095165,-0.063239,0.002985,0.003062,3e-05,0.3
163,370,-4177,55,82,-206,-1.744,-3.841,-0.093268,-0.065285,0.002985,0.003094,3e-05,0.3
357,452,-4114,51,30,-283,-1.602,-4.016,-0.0908,-0.06834,0.002985,0.003122,3e-05,0.3
275,387,-4147,-34,-11,-230,-1.594,-4.122,-0.090646,-0.070202,0.002985,0.003151,3e-05,0.3
120,374,-4184,33,43,-164,-1.573,-4.058,-0.090294,-0.069084,0.002985,0.003166,3e-05,0.3
390,453,-4167,79,24,-203,-1.425,-4.101,-0.08771,-0.069839,0.002985,0.003165,3e-05,0.3
118,492,-3979,40,80,-138,-1.341,-4.178,-0.086244,-0.071178,0.002985,0.003163,3e-05,0.3
340,605,-4262,28,17,-74,-1.464,-4.114,-0.08839,-0.070056,0.002985,0.003137,3e-05,0.3
172,542,-3843,152,38,-51,-1.508,-4.112,-0.089152,-0.070018,0.002985,0.003112,3e-05,0.3
274,457,-3964,250,-1,-99,-1.214,-4.087,-0.084026,-0.069579,0.002985,0.003095,3e-05,0.3
256,473,-4063,234,34,-135,-0.777,-4.117,-0.076392,-0.070108,0.002985,0.003088,3e-05,0.3
271,375,-4103,229,0,-123,-0.403,-4.128,-0.069861,-0.070307,0.002985,0.003088,3e-05,0.3
209,233,-4113,193,7,-67,0.053,-4.169,-0.061913,-0.071012,0.002985,0.00308,3e-05,0.3
193,409,-4059,195,-14,99,0.477,-4.019,-0.054503,-0.068395,0.002985,0.003078,3e-05,0.3
283,335,-4104,83,-3,6,-0.444,-3.518,-0.070576,-0.059661,0.13044,0.130451,1.7e-05,0.3
289,342,-4105,103,7,1,-0.644,-3.7,-0.074072,-0.062828,0.09092,0.090925,1.7e-05,0.3
954,-48,-4643,-159,-289,24,1.472,-4.215,-0.037139,-0.071826,0.007656,0.00807,1.7e-05,0.3
-564,618,-5150,-175,-119,10,-0.291,-3.708,-0.067917,-0.06297,0.00623,0.006511,1.7e-05,0.3
521,-79,-3810,-279,129,-9,-0.606,-2.44,-0.073412,-0.040841,0.005294,0.005485,1.7e-05,0.3
149,159,-3874,-83,61,10,-0.565,-3.463,-0.072687,-0.0587,0.004639,0.004777,1.7e-05,0.3
244,402,-4007,-135,38,-69,-0.688,-3.415,-0.074846,-0.057863,0.004159,0.004267,1.7e-05,0.3
406,493,-4211,-99,-6,-113,-1.147,-3.493,-0.082856,-0.059221,0.003796,0.003895,1.7e-05,0.3
290,362,-4102,-228,-22,-93,-1.624,-3.597,-0.091171,-0.06103,0.003515,0.003609,1.7e-05,0.3
110,455,-4043,-156,28,-15,-2.109,-3.464,-0.099635,-0.058709,0.003313,0.003395,1.7e-05,0.3
261,464,-3969,22,23,182,-2.227,-3.448,-0.101705,-0.058425,0.003131,0.003212,1.7e-05,0.3
217,528,-3966,139,-54,222,-2.188,-3.345,-0.101024,-0.056638,0.002983,0.003093,1.7e-05,0.3
223,532,-4056,176,-35,156,-2.026,-3.202,-0.098197,-0.054139,0.002862,0.002992,1.7e-05,0.3
209,486,-4104,127,-26,131,-1.864,-3.252,-0.095373,-0.055012,0.002753,0.002881,1.7e-05,0.3
316,487,-3908,113,79,122,-1.723,-3.337,-0.092903,-0.05649,0.002679,0.002802,1.7e-05,0.3
203,407,-3960,132,-9,178,-1.495,-3.247,-0.088923,-0.054923,0.002603,0.00272,1.7e-05,0.3
286,423,-4064,121,-22,69,-1.292,-3.161,-0.085384,-0.05342,0.002546,0.002661,1.7e-05,0.3
307,435,-4299,80,10,-37,-1.185,-3.235,-0.083509,-0.054717,0.002502,0.002602,1.7e-05,0.3
248,409,-3929,95,14,-126,-1.07,-3.345,-0.081507,-0.056631,0.002461,0.002552,1.7e-05,0.3
310,410,-3969,115,20,-195,-0.86,-3.485,-0.077846,-0.059074,0.002422,0.002519,1.7e-05,0.3
214,324,-4130,58,13,-112,-0.654,-3.57,-0.07425,-0.06056,0.002393,0.002494,1.7e-05,0.3
168,329,-4168,-20,-7,34,-0.636,-3.475,-0.073924,-0.05891,0.00237,0.002458,1.7e-05,0.3
305,334,-4085,3,-13,62,-0.71,-3.461,-0.07523,-0.058665,0.002346,0.002422,1.7e-05,0.3
237,308,-4042,46,-5,59,-0.609,-3.442,-0.073454,-0.058323,0.002328,0.002395,1.7e-05,0.3
229,345,-4060,51,-16,65,-0.548,-3.414,-0.072397,-0.057842,0.002314,0.002374,1.7e-05,0.3
243,352,-3932,-28,-7,23,-0.624,-3.434,-0.07372,-0.05819,0.002299,0.002351,1.7e-05,0.3
248,277,-3878,-17,-9,-15,-0.638,-3.427,-0.073969,-0.058058,0.002288,0.002334,1.7e-05,0.3
218,270,-3992,-34,4,-46,-0.647,-3.418,-0.074125,-0.057919,0.002277,0.002316,1.7e-05,0.3
252,299,-4098,10,25,-26,-0.644,-3.456,-0.074068,-0.058565,0.002269,0.002303,1.7e-05,0.3
225,283,-3940,-15,-14,-11,-0.667,-3.429,-0.074472,-0.058099,0.002262,0.002291,1.7e-05,0.3
216,327,-4168,-23,10,10,-0.703,-3.423,-0.075107,-0.057993,0.002256,0.002282,1.7e-05,0.3
301,295,-4101,-18,-30,29,-0.751,-3.429,-0.075935,-0.058107,0.00225,0.002272,1.7e-05,0.3
239,288,-4193,-24,-24,53,-0.727,-3.383,-0.075512,-0.057297,0.002246,0.002267,1.7e-05,0.3
208,307,-4041,-19,14,69,-0.731,-3.373,-0.075593,-0.057119,0.002241,0.002263,1.7e-05,0.3
319,344,-4097,-46,-18,18,-0.832,-3.385,-0.077346,-0.057333,0.002238,0.002258,1.7e-05,0.3
216,342,-4075,-43,13,-66,-0.966,-3.43,-0.079695,-0.058117,0.002235,0.002253,1.7e-05,0.3
268,321,-4124,-22,4,-128,-1.033,-3.491,-0.080857,-0.059187,0.002232,0.002256,1.7e-05,0.3
245,320,-4090,-1,9,-131,-1.028,-3.535,-0.080776,-0.059954,0.00223,0.002259,1.7e-05,0.3
210,323,-4117,-8,10,-107,-0.987,-3.583,-0.080057,-0.060787,0.002229,0.002262,1.7e-05,0.3
279,327,-4072,27,0,-146,-0.977,-3.594,-0.079882,-0.060987,0.002227,0.002264,1.7e-05,0.3
225,326,-4108,55,24,-123,-0.8,-3.674,-0.076794,-0.062372,0.002225,0.002268,1.7e-05,0.3
230,375,-4146,-35,-3,-111,-0.808,-3.683,-0.076931,-0.062539,0.002224,0.002269,1.7e-05,0.3
248,361,-4092,-102,21,-127,-1.032,-3.687,-0.080843,-0.062606,0.002223,0.002269,1.7e-05,0.3
245,345,-4110,-140,-7,-110,-1.349,-3.728,-0.08638,-0.063327,0.002222,0.002271,1.7e-05,0.3
218,334,-4089,-89,8,-78,-1.58,-3.72,-0.090406,-0.063187,0.002222,0.002268,1.7e-05,0.3
234,335,-4072,1,9,-70,-1.596,-3.717,-0.090687,-0.063135,0.002221,0.002263,1.7e-05,0.3
261,395,-4087,79,21,-176,-1.455,-3.777,-0.088221,-0.064168,0.00222,0.002266,1.7e-05,0.3
241,405,-4079,35,31,-249,-1.298,-3.872,-0.085487,-0.065838,0.00222,0.002282,1.7e-05,0.3
261,435,-4105,-20,27,-289,-1.323,-3.986,-0.085925,-0.067826,0.002219,0.002315,1.7e-05,0.3
204,365,-4140,0,49,-250,-1.312,-4.094,-0.085726,-0.069706,0.002219,0.002336,1.7e-05,0.3
228,378,-4152,19,-21,-212,-1.2,-4.15,-0.083774,-0.070689,0.002219,0.002344,1.7e-05,0.3
194,337,-4034,-3,-13,-7,-1.151,-4.135,-0.082923,-0.070432,0.002218,0.002333,1.7e-05,0.3
209,336,-4212,-2,-21,71,-1.174,-3.994,-0.083319,-0.067965,0.002218,0.002318,1.7e-05,0.3
239,369,-3908,-23,6,-27,-1.285,-3.936,-0.085264,-0.066954,0.002218,0.002305,1.7e-05,0.3
260,444,-4096,-37,26,-157,-1.438,-3.993,-0.087924,-0.067938,0.002218,0.002299,1.7e-05,0.3
311,410,-4112,28,36,-314,-1.482,-4.13,-0.088691,-0.070343,0.002218,0.002324,1.7e-05,0.3
212,335,-4089,14,55,-231,-1.345,-4.276,-0.086302,-0.072885,0.002217,0.002347,1.7e-05,0.3
200,379,-4109,-27,-6,-89,-1.393,-4.254,-0.087148,-0.072497,0.002217,0.002343,1.7e-05,0.3
256,304,-4070,34,20,-23,-1.289,-4.187,-0.08533,-0.071323,0.002217,0.002326,1.7e-05,0.3
241,390,-4060,45,-1,-46,-1.198,-4.17,-0.083735,-0.071038,0.002217,0.002312,1.7e-05,0.3
223,337,-4217,85,21,-44,-0.985,-4.094,-0.080017,-0.069704,0.002217,0.002299,1.7e-05,0.3
315,410,-3927,49,17,-154,-0.871,-4.176,-0.07804,-0.071132,0.002217,0.002297,1.7e-05,0.3
309,437,-4108,-38,-8,-282,-0.958,-4.193,-0.079547,-0.071436,0.002217,0.002315,1.7e-05,0.3
381,455,-4417,-67,-15,-350,-1.164,-4.267,-0.083141,-0.072729,0.002217,0.002352,1.7e-05,0.3
260,384,-4394,-49,39,-399,-1.251,-4.383,-0.084663,-0.074749,0.002217,0.002388,1.7e-05,0.3
174,332,-3993,-25,35,-328,-1.326,-4.491,-0.085983,-0.076639,0.002217,0.002431,1.7e-05,0.3
174,344,-3988,7,46,-251,-1.327,-4.527,-0.085986,-0.077266,0.002217,0.00244,1.7e-05,0.3
300,361,-4135,56,35,-135,-1.105,-4.554,-0.082113,-0.077742,0.002217,0.002426,1.7e-05,0.3
211,415,-4064,-4,29,-147,-1.006,-4.518,-0.080388,-0.077111,0.002217,0.002406,1.7e-05,0.3
204,431,-4218,-71,25,-128,-1.169,-4.48,-0.083227,-0.076453,0.002217,0.002394,1.7e-05,0.3
330,421,-4026,-62,-44,-136,-1.431,-4.491,-0.087808,-0.076637,0.002217,0.00238,1.7e-05,0.3
160,381,-4023,26,9,-94,-1.517,-4.411,-0.089316,-0.075244,0.002217,0.002361,1.7e-05,0.3
156,347,-4057,84,27,-14,-1.333,-4.292,-0.08609,-0.073172,0.002217,0.002342,1.7e-05,0.3
263,396,-4074,18,5,92,-1.286,-4.265,-0.085284,-0.072696,0.002217,0.002326,1.7e-05,0.3
235,464,-4144,8,-25,35,-1.339,-4.178,-0.086193,-0.07118,0.002217,0.002313,1.7e-05,0.3
275,444,-4134,16,13,2,-1.421,-4.102,-0.087634,-0.069848,0.002217,0.0023,1.7e-05,0.3
237,347,-4028,78,21,45,-1.308,-4.09,-0.085664,-0.069641,0.002217,0.002289,1.7e-05,0.3
256,442,-4127,-8,7,-38,-1.255,-4.08,-0.084737,-0.069466,0.002217,0.002279,1.7e-05,0.3
240,372,-3985,12,-5,-14,-1.315,-4.039,-0.085778,-0.068744,0.002217,0.002271,1.7e-05,0.3
261,431,-4145,65,18,-60,-1.294,-4.04,-0.085419,-0.068758,0.002217,0.002265,1.7e-05,0.3
203,383,-4131,93,3,-21,-1.105,-4.033,-0.082121,-0.06865,0.002217,0.00226,1.7e-05,0.3
254,401,-3993,-13,0,51,-1.067,-3.967,-0.081452,-0.067498,0.002217,0.002255,1.7e-05,0.3
244,421,-4097,-30,7,45,-1.264,-3.939,-0.084899,-0.067006,0.002217,0.002251,1.7e-05,0.3
273,375,-4155,31,-6,90,-1.297,-3.882,-0.085465,-0.066006,0.002217,0.002249,1.7e-05,0.3
244,323,-4031,145,0,106,-1.133,-3.844,-0.08261,-0.065351,0.002217,0.00225,1.7e-05,0.3
267,430,-4097,131,8,18,-0.861,-3.839,-0.077863,-0.065257,0.002217,0.002248,1.7e-05,0.3
294,436,-4145,8,-1,-54,-0.865,-3.854,-0.077935,-0.065527,0.002217,0.002244,1.7e-05,0.3
239,413,-4083,-41,-1,-97,-1.004,-3.862,-0.080362,-0.065663,0.002217,0.002243,1.7e-05,0.3
246,370,-4060,1,0,-89,-1.143,-3.866,-0.082789,-0.06573,0.002217,0.002246,1.7e-05,0.3
282,362,-4101,114,-6,-111,-1.009,-3.875,-0.080445,-0.065892,0.002217,0.002248,1.7e-05,0.3
251,364,-4086,141,9,-72,-0.69,-3.897,-0.07487,-0.066266,0.002217,0.002248,1.7e-05,0.3
212,340,-4002,58,-9,-20,-0.487,-3.849,-0.07133,-0.065427,0.002217,0.002244,1.7e-05,0.3
256,418,-4170,-56,12,-47,-0.571,-3.865,-0.072793,-0.065718,0.002217,0.002242,1.7e-05,0.3
291,420,-4344,-124,-55,-38,-0.944,-3.86,-0.079306,-0.065619,0.002217,0.00224,1.7e-05,0.3
261,296,-4055,-46,-33,6,-1.159,-3.804,-0.083064,-0.064648,0.002217,0.002236,1.7e-05,0.3
181,323,-3946,62,12,-13,-1.139,-3.748,-0.082706,-0.063665,0.002217,0.002234,1.7e-05,0.3
284,359,-4028,131,1,-27,-0.939,-3.754,-0.079216,-0.063775,0.002217,0.002232,1.7e-05,0.3
208,374,-3938,-20,67,-101,-0.737,-3.834,-0.075702,-0.065175,0.002217,0.002233,1.7e-05,0.3
272,382,-4006,20,-73,-71,-0.771,-3.788,-0.076292,-0.064361,0.002217,0.002234,1.7e-05,0.3
240,216,-4254,31,-39,-44,-0.687,-3.777,-0.074825,-0.064167,0.002217,0.002234,1.7e-05,0.3
157,298,-4279,62,-14,12,-0.544,-3.708,-0.072325,-0.062968,0.002217,0.002231,1.7e-05,0.3
314,268,-4176,-3,-1,36,-0.526,-3.753,-0.072014,-0.063757,0.002217,0.00223,1.7e-05,0.3
266,245,-4114,12,-12,37,-0.557,-3.793,-0.072547,-0.064449,0.002217,0.002229,1.7e-05,0.3
224,247,-4108,23,7,61,-0.457,-3.705,-0.070812,-0.062925,0.002217,0.002228,1.7e-05,0.3
260,326,-3972,-14,0,19,-0.445,-3.684,-0.070592,-0.062551,0.002217,0.002227,1.7e-05,0.3
237,274,-4095,-4,-34,57,-0.483,-3.649,-0.071268,-0.061948,0.002217,0.002226,1.7e-05,0.3
234,247,-4012,47,19,60,-0.425,-3.611,-0.070244,-0.061278,0.002217,0.002226,1.7e-05,0.3
253,306,-4143,96,16,8,-0.261,-3.591,-0.067388,-0.060935,0.002217,0.002225,1.7e-05,0.3
252,246,-3958,68,11,-17,-0.077,-3.579,-0.064174,-0.060727,0.002217,0.002224,1.7e-05,0.3
223,237,-4063,67,6,0,0.111,-3.57,-0.060897,-0.060562,0.002217,0.002223,1.7e-05,0.3
251,239,-4113,79,-6,5,0.31,-3.543,-0.057417,-0.060096,0.002217,0.002222,1.7e-05,0.3
250,237,-4152,83,5,11,0.501,-3.55,-0.054084,-0.060217,0.002217,0.002222,1.7e-05,0.3
249,230,-4142,74,-10,12,0.655,-3.53,-0.051392,-0.05987,0.002217,0.002221,1.7e-05,0.3
228,214,-4112,71,6,26,0.813,-3.518,-0.048636,-0.059655,0.002217,0.002221,1.7e-05,0.3
223,183,-4130,30,-13,89,0.927,-3.489,-0.046645,-0.059148,0.002217,0.002221,1.7e-05,0.3
218,190,-4110,-7,-8,159,0.924,-3.41,-0.046707,-0.057776,0.002217,0.002232,1.7e-05,0.3
259,212,-4062,45,-6,114,0.926,-3.378,-0.046665,-0.057212,0.002217,0.00224,1.7e-05,0.3
325,255,-4287,31,9,-35,0.981,-3.433,-0.045709,-0.05817,0.002217,0.002239,1.7e-05,0.3
262,124,-4210,50,-15,-22,1.05,-3.478,-0.044499,-0.058956,0.002217,0.002237,1.7e-05,0.3
235,169,-3931,52,5,9,1.185,-3.475,-0.042157,-0.058906,0.002217,0.002235,1.7e-05,0.3
250,199,-4224,-31,-7,41,1.219,-3.466,-0.041563,-0.05874,0.002217,0.002232,1.7e-05,0.3
252,182,-4306,-134,9,15,0.982,-3.509,-0.045694,-0.059497,0.002217,0.00223,1.7e-05,0.3
236,195,-3880,-152,3,-9,0.635,-3.507,-0.051752,-0.059464,0.002217,0.002229,1.7e-05,0.3
214,151,-4028,-89,21,-22,0.422,-3.49,-0.055468,-0.059166,0.002217,0.002228,1.7e-05,0.3
348,120,-4223,44,-48,-47,0.485,-3.519,-0.054374,-0.059679,0.002217,0.002228,1.7e-05,0.3
176,98,-4148,125,-7,54,0.846,-3.549,-0.048069,-0.0602,0.002217,0.002226,1.7e-05,0.3
260,87,-4090,98,-17,171,1.272,-3.463,-0.040624,-0.058701,0.002217,0.002233,1.7e-05,0.3
239,199,-4081,17,-23,256,1.377,-3.42,-0.038794,-0.057939,0.002217,0.002256,1.7e-05,0.3
187,127,-4136,-56,-18,310,1.275,-3.342,-0.040587,-0.056585,0.002217,0.002284,1.7e-05,0.3
288,157,-4126,-80,-27,337,1.065,-3.233,-0.04425,-0.054688,0.002217,0.002324,1.7e-05,0.3
246,143,-4117,-85,-17,379,0.852,-3.176,-0.047969,-0.053682,0.002217,0.002364,1.7e-05,0.3
223,152,-4132,-57,-33,382,0.682,-3.049,-0.050932,-0.051476,0.002217,0.002407,1.7e-05,0.3
263,169,-4085,-2,-23,323,0.628,-2.994,-0.051873,-0.050502,0.002217,0.002434,1.7e-05,0.3
262,178,-4075,54,-14,218,0.709,-2.972,-0.050455,-0.05013,0.002217,0.002441,1.7e-05,0.3
271,194,-4115,42,-6,131,0.848,-2.978,-0.04803,-0.050229,0.002217,0.002425,1.7e-05,0.3
253,190,-4111,63,15,34,0.977,-3.06,-0.045785,-0.051661,0.002217,0.002399,1.7e-05,0.3
296,140,-4117,55,-9,24,1.161,-3.113,-0.042571,-0.052587,0.002217,0.002373,1.7e-05,0.3
204,115,-4085,25,-8,51,1.312,-3.111,-0.039929,-0.052551,0.002217,0.002352,1.7e-05,0.3
255,182,-4266,-9,-13,105,1.28,-3.133,-0.040499,-0.052933,0.002217,0.002339,1.7e-05,0.3
273,144,-4260,-41,-4,137,1.265,-3.162,-0.040747,-0.053435,0.002217,0.002329,1.7e-05,0.3
235,136,-4078,-88,-22,181,1.122,-3.121,-0.043257,-0.052723,0.002217,0.002329,1.7e-05,0.3
240,134,-3987,-78,1,174,0.945,-3.1,-0.046338,-0.052355,0.002217,0.002331,1.7e-05,0.3
259,145,-4089,-68,-24,168,0.796,-3.093,-0.048946,-0.052241,0.002217,0.002331,1.7e-05,0.3
258,162,-4105,-52,-1,131,0.68,-3.101,-0.05097,-0.052375,0.002217,0.002327,1.7e-05,0.3
254,174,-4148,-35,-14,89,0.609,-3.105,-0.052197,-0.052452,0.002217,0.002319,1.7e-05,0.3
266,181,-4101,12,-3,17,0.618,-3.123,-0.052041,-0.052764,0.002217,0.002308,1.7e-05,0.3
263,180,-4112,30,1,-38,0.719,-3.19,-0.050285,-0.053926,0.002217,0.002295,1.7e-05,0.3
230,168,-4125,-13,-3,-18,0.776,-3.202,-0.049286,-0.054142,0.002217,0.002285,1.7e-05,0.3
247,168,-4111,-63,-9,0,0.707,-3.206,-0.050499,-0.054208,0.002217,0.002275,1.7e-05,0.3
247,175,-4097,-45,-3,-15,0.619,-3.242,-0.052025,-0.05484,0.002217,0.002267,1.7e-05,0.3
269,180,-4122,-39,-7,5,0.537,-3.27,-0.053466,-0.055336,0.002217,0.00226,1.7e-05,0.3
232,210,-4157,-37,-11,7,0.486,-3.28,-0.054343,-0.055498,0.002217,0.002254,1.7e-05,0.3
247,204,-4052,-69,9,19,0.373,-3.318,-0.056325,-0.056159,0.002217,0.002249,1.7e-05,0.3
306,211,-4100,-118,-31,19,0.169,-3.338,-0.059875,-0.056505,0.002217,0.002244,1.7e-05,0.3
223,256,-4266,-139,-11,0,-0.092,-3.314,-0.06444,-0.056088,0.002217,0.002241,1.7e-05,0.3
232,252,-4072,-131,-12,-32,-0.458,-3.287,-0.070826,-0.055627,0.002217,0.002238,1.7e-05,0.3
307,262,-4101,-84,-9,-58,-0.66,-3.332,-0.074345,-0.056416,0.002217,0.002236,1.7e-05,0.3
185,260,-4103,-48,10,-45,-0.759,-3.391,-0.076078,-0.057447,0.002217,0.002235,1.7e-05,0.3
218,212,-4120,-2,-6,57,-0.725,-3.348,-0.07548,-0.056684,0.002217,0.002233,1.7e-05,0.3
283,331,-4177,-57,-24,64,-0.741,-3.315,-0.075764,-0.056119,0.002217,0.002235,1.7e-05,0.3
258,379,-4075,-125,10,-41,-1.047,-3.343,-0.081109,-0.056593,0.002217,0.002233,1.7e-05,0.3
281,322,-4110,-133,2,-121,-1.343,-3.4,-0.086278,-0.057602,0.002217,0.002236,1.7e-05,0.3
206,320,-4008,-32,39,-199,-1.511,-3.53,-0.089197,-0.059871,0.002217,0.002249,1.7e-05,0.3
348,395,-4134,14,50,-275,-1.449,-3.685,-0.088122,-0.062566,0.002217,0.002271,1.7e-05,0.3
227,336,-4018,18,27,-322,-1.311,-3.909,-0.085706,-0.066473,0.002217,0.002313,1.7e-05,0.3
210,372,-4092,-67,17,-260,-1.303,-3.981,-0.085572,-0.067743,0.002217,0.002339,1.7e-05,0.3
261,377,-4226,-93,17,-209,-1.512,-4.025,-0.089221,-0.068505,0.002217,0.00235,1.7e-05,0.3
240,320,-3830,51,57,-168,-1.504,-4.119,-0.089074,-0.070151,0.002217,0.00235,1.7e-05,0.3
261,376,-4108,67,17,-145,-1.274,-4.158,-0.085074,-0.070831,0.002217,0.002346,1.7e-05,0.3
268,375,-4132,74,-58,-134,-1.02,-4.188,-0.080638,-0.071348,0.002217,0.002339,1.7e-05,0.3
232,370,-4138,38,5,-91,-0.868,-4.174,-0.077985,-0.071108,0.002217,0.002332,1.7e-05,0.3
142,389,-4060,-92,-67,-149,-0.99,-4.113,-0.080116,-0.070033,0.002217,0.002324,1.7e-05,0.3
285,402,-4000,-136,12,-140,-1.401,-4.135,-0.087287,-0.070425,0.002217,0.002319,1.7e-05,0.3
269,398,-4193,-10,6,-200,-1.588,-4.153,-0.090546,-0.070744,0.002217,0.002321,1.7e-05,0.3
266,355,-4009,70,13,-259,-1.458,-4.247,-0.088272,-0.072387,0.002217,0.00234,1.7e-05,0.3
216,393,-4039,54,35,-229,-1.293,-4.348,-0.085396,-0.07414,0.002217,0.002354,1.7e-05,0.3
224,387,-4136,5,7,-203,-1.25,-4.337,-0.084657,-0.073956,0.002217,0.002358,1.7e-05,0.3
155,303,-4092,56,37,-41,-1.159,-4.329,-0.083068,-0.073807,0.002217,0.002347,1.7e-05,0.3
360,432,-4198,37,-28,-107,-1.063,-4.282,-0.081392,-0.072987,0.002217,0.002331,1.7e-05,0.3
204,433,-4074,-43,49,-202,-1.157,-4.308,-0.083022,-0.073437,0.002217,0.002327,1.7e-05,0.3
234,411,-4037,-119,1,-200,-1.398,-4.317,-0.087235,-0.073595,0.002217,0.002336,1.7e-05,0.3
310,406,-4092,-86,22,-222,-1.702,-4.414,-0.092538,-0.075297,0.002217,0.002345,1.7e-05,0.3
177,370,-4081,69,20,-229,-1.652,-4.422,-0.091673,-0.075441,0.002217,0.002353,1.7e-05,0.3
277,469,-4060,112,30,-297,-1.368,-4.51,-0.086705,-0.076961,0.002217,0.002375,1.7e-05,0.3
235,449,-4116,43,27,-306,-1.258,-4.598,-0.08479,-0.078504,0.002217,0.002399,1.7e-05,0.3
206,435,-4091,-4,34,-346,-1.251,-4.62,-0.084671,-0.078894,0.002217,0.002422,1.7e-05,0.3
252,398,-4100,-5,29,-323,-1.29,-4.712,-0.08534,-0.080502,0.002217,0.00245,1.7e-05,0.3
190,351,-4058,47,28,-261,-1.201,-4.717,-0.08379,-0.080587,0.002217,0.002458,1.7e-05,0.3
235,394,-4124,27,14,-180,-1.095,-4.688,-0.081935,-0.08008,0.002217,0.002451,1.7e-05,0.3
199,434,-4149,-67,12,-119,-1.2,-4.633,-0.083783,-0.079114,0.002217,0.00243,1.7e-05,0.3
220,410,-4089,-82,1,-79,-1.449,-4.54,-0.088124,-0.077492,0.002217,0.002405,1.7e-05,0.3
226,433,-4054,-22,17,-100,-1.65,-4.503,-0.091631,-0.076854,0.002217,0.002383,1.7e-05,0.3
253,392,-4043,63,20,-147,-1.601,-4.526,-0.090767,-0.077245,0.002217,0.002372,1.7e-05,0.3
187,372,-4118,97,18,-45,-1.372,-4.474,-0.086786,-0.076338,0.002217,0.002355,1.7e-05,0.3
143,290,-4144,55,-15,246,-1.165,-4.292,-0.083164,-0.073171,0.002217,0.002348,1.7e-05,0.3
277,430,-4099,-8,-27,279,-1.227,-4.119,-0.084251,-0.070139,0.002217,0.002371,1.7e-05,0.3
286,449,-4095,17,-18,180,-1.373,-4.022,-0.086793,-0.06845,0.002217,0.002376,1.7e-05,0.3
303,451,-4113,28,-21,108,-1.405,-3.959,-0.087346,-0.067345,0.002217,0.002369,1.7e-05,0.3
251,418,-4079,36,8,28,-1.417,-3.935,-0.087569,-0.066938,0.002217,0.00235,1.7e-05,0.3
266,403,-4059,50,9,-27,-1.345,-3.952,-0.086302,-0.067234,0.002217,0.00233,1.7e-05,0.3
288,419,-4108,19,2,-85,-1.303,-3.965,-0.085577,-0.067451,0.002217,0.002317,1.7e-05,0.3
187,364,-4090,-30,13,4,-1.373,-3.948,-0.0868,-0.067159,0.002217,0.002305,1.7e-05,0.3
284,397,-4105,-21,-21,35,-1.47,-3.865,-0.08848,-0.065705,0.002217,0.002293,1.7e-05,0.3
219,312,-4046,70,6,33,-1.41,-3.848,-0.08744,-0.065418,0.002217,0.002282,1.7e-05,0.3
243,349,-4067,165,0,42,-1.085,-3.813,-0.081775,-0.064807,0.002217,0.002274,1.7e-05,0.3
262,398,-4158,114,8,48,-0.75,-3.789,-0.075915,-0.064378,0.002217,0.002267,1.7e-05,0.3
243,428,-4133,-31,0,76,-0.781,-3.79,-0.076457,-0.064399,0.002217,0.002262,1.7e-05,0.3
239,408,-4114,-154,-24,130,-1.109,-3.704,-0.082186,-0.062906,0.002217,0.002263,1.7e-05,0.3
271,408,-4093,-133,-14,96,-1.57,-3.635,-0.090238,-0.061703,0.002217,0.002264,1.7e-05,0.3
265,353,-4060,9,-16,85,-1.7,-3.624,-0.092504,-0.061498,0.002217,0.002261,1.7e-05,0.3
246,319,-4127,160,-4,217,-1.26,-3.521,-0.084828,-0.059704,0.002217,0.002274,1.7e-05,0.3
267,427,-4177,121,-25,262,-0.964,-3.455,-0.079657,-0.058548,0.002217,0.002293,1.7e-05,0.3
251,365,-4260,60,-67,333,-0.811,-3.275,-0.076983,-0.055421,0.002217,0.002332,1.7e-05,0.3
196,385,-3951,23,-38,264,-0.819,-3.142,-0.077131,-0.053086,0.002217,0.00236,1.7e-05,0.3
287,391,-3968,49,-41,88,-0.866,-3.136,-0.077943,-0.052982,0.002217,0.002357,1.7e-05,0.3
298,350,-4070,67,-12,-65,-0.805,-3.221,-0.076874,-0.05447,0.002217,0.002338,1.7e-05,0.3
222,303,-3871,79,13,-60,-0.613,-3.264,-0.073537,-0.055225,0.002217,0.002323,1.7e-05,0.3
222,307,-3947,53,-17,-54,-0.388,-3.267,-0.069609,-0.055273,0.002217,0.002311,1.7e-05,0.3
222,264,-3959,123,29,25,-0.1,-3.302,-0.064582,-0.055877,0.002217,0.002298,1.7e-05,0.3
254,219,-4225,212,-17,62,0.377,-3.321,-0.056256,-0.056217,0.002217,0.002287,1.7e-05,0.3
250,196,-4134,192,9,47,0.869,-3.336,-0.047666,-0.056474,0.002217,0.00228,1.7e-05,0.3
240,242,-4009,127,-9,39,1.183,-3.326,-0.04219,-0.056305,0.002217,0.002272,1.7e-05,0.3
272,159,-3976,65,-14,99,1.275,-3.285,-0.040576,-0.055595,0.002217,0.002268,1.7e-05,0.3
185,163,-4191,47,-6,78,1.405,-3.274,-0.038318,-0.055404,0.002217,0.002264,1.7e-05,0.3
340,140,-4369,-3,-24,140,1.458,-3.231,-0.037377,-0.054647,0.002217,0.002264,1.7e-05,0.3
230,194,-4208,-111,-27,217,1.196,-3.184,-0.041951,-0.053823,0.002217,0.00228,1.7e-05,0.3
232,195,-4127,-78,15,108,0.883,-3.124,-0.047427,-0.052786,0.002217,0.002282,1.7e-05,0.3
324,83,-4127,-13,-31,55,0.843,-3.149,-0.048123,-0.053217,0.002217,0.002276,1.7e-05,0.3
145,90,-4111,78,51,185,1.015,-3.11,-0.045125,-0.052527,0.002217,0.002277,1.7e-05,0.3
252,161,-4317,-54,12,143,1.082,-3.052,-0.043949,-0.051523,0.002217,0.002284,1.7e-05,0.3
378,125,-4164,-43,0,175,0.956,-3.091,-0.046153,-0.052204,0.002217,0.002291,1.7e-05,0.3
201,242,-4133,-90,4,81,0.843,-3.058,-0.048124,-0.051621,0.002217,0.002292,1.7e-05,0.3
330,135,-4121,-63,10,49,0.741,-3.041,-0.049893,-0.051325,0.002217,0.002285,1.7e-05,0.3
237,77,-4111,-51,-12,98,0.686,-3.074,-0.050864,-0.051907,0.002217,0.002279,1.7e-05,0.3
161,135,-4127,-14,-24,15,0.654,-3.04,-0.051409,-0.051318,0.002217,0.002271,1.7e-05,0.3
332,113,-4164,35,-5,-45,0.775,-3.135,-0.049307,-0.052968,0.002217,0.002265,1.7e-05,0.3
207,50,-4149,52,-3,21,0.995,-3.156,-0.045473,-0.053337,0.002217,0.002258,1.7e-05,0.3
212,67,-4100,35,-4,50,1.232,-3.122,-0.041332,-0.052745,0.002217,0.002254,1.7e-05,0.3
243,22,-4097,-19,-7,131,1.363,-3.104,-0.039041,-0.052422,0.002217,0.002254,1.7e-05,0.3
176,63,-4163,-82,-15,209,1.338,-3.069,-0.039484,-0.051825,0.002217,0.002265,1.7e-05,0.3
288,100,-4170,-108,-18,239,1.107,-3.003,-0.043514,-0.05066,0.002217,0.00229,1.7e-05,0.3
235,116,-4100,-103,-5,243,0.935,-2.981,-0.04652,-0.05029,0.002217,0.002311,1.7e-05,0.3
303,134,-4020,-93,-9,233,0.775,-2.959,-0.049314,-0.049894,0.002217,0.002329,1.7e-05,0.3
281,143,-4135,-73,-20,154,0.667,-2.971,-0.051185,-0.050109,0.002217,0.002333,1.7e-05,0.3
204,194,-4099,-51,18,140,0.585,-2.973,-0.052614,-0.050148,0.002217,0.00233,1.7e-05,0.3
311,181,-4197,-23,17,50,0.491,-3.038,-0.054268,-0.051276,0.002217,0.002317,1.7e-05,0.3
285,193,-4217,-37,6,42,0.486,-3.12,-0.054341,-0.052707,0.002217,0.002305,1.7e-05,0.3
285,176,-4283,-51,-44,47,0.432,-3.08,-0.055295,-0.052019,0.002217,0.002294,1.7e-05,0.3
218,198,-4130,-125,-1,21,0.305,-3.061,-0.057501,-0.051672,0.002217,0.002285,1.7e-05,0.3
250,291,-4100,-170,18,-40,-0.032,-3.102,-0.063384,-0.052399,0.002217,0.002276,1.7e-05,0.3
278,267,-4058,-230,-13,-76,-0.575,-3.185,-0.072868,-0.053836,0.002217,0.00227,1.7e-05,0.3
234,270,-3869,-120,-5,-59,-1.003,-3.23,-0.080339,-0.054632,0.002217,0.002265,1.7e-05,0.3
187,237,-4036,-74,14,-88,-1.108,-3.284,-0.082178,-0.055563,0.002217,0.002263,1.7e-05,0.3
219,290,-4105,-9,23,-55,-1.058,-3.322,-0.081304,-0.056228,0.002217,0.00226,1.7e-05,0.3
310,317,-4015,-90,-31,-55,-1.079,-3.384,-0.081672,-0.05731,0.002217,0.002255,1.7e-05,0.3
184,393,-4062,-159,-36,-98,-1.378,-3.342,-0.086878,-0.056591,0.002217,0.002253,1.7e-05,0.3
205,284,-4079,1,5,-58,-1.435,-3.365,-0.087872,-0.056982,0.002217,0.00225,1.7e-05,0.3
300,374,-4100,39,17,-158,-1.331,-3.456,-0.086057,-0.058571,0.002217,0.002254,1.7e-05,0.3
225,374,-4152,34,34,-122,-1.251,-3.514,-0.084661,-0.059587,0.002217,0.002257,1.7e-05,0.3
322,417,-4086,-6,44,-120,-1.231,-3.588,-0.084308,-0.060876,0.002217,0.002261,1.7e-05,0.3
201,387,-4131,-25,65,-62,-1.371,-3.615,-0.086759,-0.061355,0.002217,0.002263,1.7e-05,0.3
198,373,-4137,-87,1,-42,-1.465,-3.549,-0.088402,-0.060197,0.002217,0.002258,1.7e-05,0.3
240,343,-3958,2,59,15,-1.385,-3.643,-0.087001,-0.061831,0.002217,0.002253,1.7e-05,0.3
187,377,-4064,16,-8,94,-1.18,-3.614,-0.083434,-0.061325,0.002217,0.002251,1.7e-05,0.3
273,527,-4212,-82,-2,81,-1.409,-3.593,-0.087429,-0.060959,0.002217,0.002251,1.7e-05,0.3
307,429,-4252,-11,-2,12,-1.638,-3.642,-0.091428,-0.061819,0.002217,0.002247,1.7e-05,0.3
282,290,-3926,73,-3,28,-1.431,-3.63,-0.087805,-0.06161,0.002217,0.002244,1.7e-05,0.3
217,437,-4037,128,34,-10,-1.207,-3.639,-0.083892,-0.06176,0.002217,0.00224,1.7e-05,0.3
313,484,-4277,52,4,-44,-1.069,-3.647,-0.081491,-0.06191,0.002217,0.002238,1.7e-05,0.3
321,432,-4103,-57,-10,-49,-1.184,-3.681,-0.083504,-0.062508,0.002217,0.002237,1.7e-05,0.3
187,459,-4111,-80,8,-118,-1.466,-3.676,-0.088415,-0.062413,0.002217,0.002238,1.7e-05,0.3
283,442,-4095,-18,27,-220,-1.619,-3.735,-0.091085,-0.063448,0.002217,0.002252,1.7e-05,0.3
301,415,-4011,117,41,-325,-1.486,-3.956,-0.088768,-0.067303,0.002217,0.002291,1.7e-05,0.3
172,354,-4081,125,40,-187,-1.107,-4.034,-0.082148,-0.068665,0.002217,0.002314,1.7e-05,0.3
210,381,-4158,71,-5,7,-0.909,-3.986,-0.078697,-0.06783,0.002217,0.002305,1.7e-05,0.3
228,408,-4142,15,-36,150,-0.916,-3.859,-0.078823,-0.065605,0.002217,0.0023,1.7e-05,0.3
197,393,-4032,-11,-33,176,-1.051,-3.69,-0.081174,-0.062661,0.002217,0.002303,1.7e-05,0.3
319,429,-4093,55,-120,141,-1.122,-3.624,-0.082412,-0.061503,0.002217,0.002306,1.7e-05,0.3
284,468,-4224,47,-28,27,-1.195,-3.635,-0.083689,-0.061689,0.002217,0.002296,1.7e-05,0.3
275,384,-4135,54,-23,4,-1.131,-3.564,-0.082567,-0.060456,0.002217,0.002285,1.7e-05,0.3
224,343,-4092,81,11,-34,-0.959,-3.569,-0.07957,-0.06055,0.002217,0.002276,1.7e-05,0.3
157,305,-4275,105,4,53,-0.732,-3.533,-0.075601,-0.059925,0.002217,0.002268,1.7e-05,0.3
321,318,-4000,139,-25,100,-0.492,-3.451,-0.071424,-0.05849,0.002217,0.002265,1.7e-05,0.3
171,291,-3954,127,22,127,-0.313,-3.428,-0.06829,-0.058083,0.002217,0.002265,1.7e-05,0.3
311,286,-3976,188,-8,102,-0.03,-3.407,-0.063353,-0.057714,0.002217,0.002265,1.7e-05,0.3
290,246,-3970,265,-18,34,0.469,-3.467,-0.05464,-0.058764,0.002217,0.00226,1.7e-05,0.3
197,293,-4034,236,-14,4,0.958,-3.466,-0.046108,-0.058739,0.002217,0.002255,1.7e-05,0.3
349,246,-4435,59,-48,-15,1.307,-3.421,-0.040026,-0.057957,0.002217,0.002249,1.7e-05,0.3
183,187,-4193,63,6,22,1.301,-3.474,-0.040125,-0.058881,0.002217,0.002245,1.7e-05,0.3
235,211,-3997,0,-12,44,1.375,-3.392,-0.038826,-0.057455,0.002217,0.002242,1.7e-05,0.3
258,128,-4053,-140,0,45,1.1,-3.422,-0.043633,-0.057982,0.002217,0.002239,1.7e-05,0.3
104,186,-4020,-75,5,70,0.868,-3.383,-0.047677,-0.057291,0.002217,0.002238,1.7e-05,0.3
346,97,-4166,-16,-45,80,0.822,-3.3,-0.048479,-0.055859,0.002217,0.002238,1.7e-05,0.3
88,50,-4198,1,130,171,1.042,-3.27,-0.044652,-0.055333,0.002217,0.002243,1.7e-05,0.3
86,171,-4182,56,54,179,1.173,-3.182,-0.042359,-0.053798,0.002217,0.002257,1.7e-05,0.3
377,200,-4060,-127,17,147,0.884,-3.245,-0.047396,-0.05489,0.002217,0.002266,1.7e-05,0.3
283,141,-4222,-102,-56,114,0.65,-3.226,-0.051487,-0.054556,0.002217,0.002268,1.7e-05,0.3
131,61,-4243,-17,-38,140,0.634,-3.042,-0.051758,-0.051356,0.002217,0.002273,1.7e-05,0.3
284,49,-4198,18,-2,184,0.753,-3.093,-0.049698,-0.052246,0.002217,0.002282,1.7e-05,0.3
270,169,-4175,12,-31,85,0.746,-3.105,-0.049806,-0.052452,0.002217,0.002282,1.7e-05,0.3
233,95,-3912,-31,-12,-3,0.81,-3.068,-0.048692,-0.051801,0.002217,0.002274,1.7e-05,0.3
245,228,-4058,-47,26,-133,0.728,-3.182,-0.050126,-0.053791,0.002217,0.002271,1.7e-05,0.3
179,115,-4166,-52,6,-127,0.722,-3.197,-0.050223,-0.054046,0.002217,0.002273,1.7e-05,0.3
300,102,-4164,-58,1,-124,0.716,-3.266,-0.050334,-0.055259,0.002217,0.002274,1.7e-05,0.3
192,121,-4112,-59,17,-124,0.648,-3.319,-0.051522,-0.05619,0.002217,0.002275,1.7e-05,0.3
273,132,-4128,-46,2,-119,0.629,-3.331,-0.051857,-0.056387,0.002217,0.002273,1.7e-05,0.3
248,128,-4064,-19,9,-128,0.618,-3.429,-0.052047,-0.058107,0.002217,0.002276,1.7e-05,0.3
186,73,-4078,7,10,-28,0.771,-3.423,-0.04937,-0.057995,0.002217,0.002271,1.7e-05,0.3
325,174,-4256,-84,6,39,0.727,-3.448,-0.050145,-0.058425,0.002217,0.002263,1.7e-05,0.3
179,122,-3934,-111,11,61,0.613,-3.423,-0.05214,-0.057992,0.002217,0.00226,1.7e-05,0.3
249,209,-4254,-128,42,-17,0.387,-3.516,-0.056077,-0.05962,0.002217,0.002254,1.7e-05,0.3
385,245,-4187,-208,-6,-55,0.101,-3.624,-0.061065,-0.061503,0.002217,0.00225,1.7e-05,0.3
236,254,-4077,-256,-71,-61,-0.49,-3.57,-0.071392,-0.06056,0.002217,0.002247,1.7e-05,0.3
177,254,-4097,-273,26,-35,-1.051,-3.509,-0.081178,-0.05949,0.002217,0.002245,1.7e-05,0.3
339,304,-4046,-133,-74,-64,-1.471,-3.567,-0.08851,-0.060515,0.002217,0.002242,1.7e-05,0.3
254,332,-4238,-59,-74,-136,-1.672,-3.673,-0.092014,-0.062358,0.002217,0.002244,1.7e-05,0.3
220,242,-4110,40,-35,-104,-1.506,-3.646,-0.089112,-0.061889,0.002217,0.002245,1.7e-05,0.3
137,355,-3827,35,76,-95,-1.359,-3.67,-0.086554,-0.06231,0.002217,0.00225,1.7e-05,0.3
295,433,-3905,-15,27,-135,-1.392,-3.741,-0.087129,-0.063548,0.002217,0.002255,1.7e-05,0.3
250,435,-4342,-51,28,-99,-1.589,-3.869,-0.090561,-0.065774,0.002217,0.00226,1.7e-05,0.3
193,368,-4371,-43,29,-52,-1.66,-3.79,-0.091811,-0.064407,0.002217,0.002257,1.7e-05,0.3
238,319,-3970,16,26,-36,-1.607,-3.819,-0.090877,-0.064903,0.002217,0.002254,1.7e-05,0.3
205,388,-4238,-8,38,69,-1.438,-3.822,-0.087925,-0.064964,0.002217,0.002249,1.7e-05,0.3
249,435,-3918,-38,17,-6,-1.563,-3.752,-0.09012,-0.063731,0.002217,0.002246,1.7e-05,0.3
315,373,-3875,34,30,12,-1.553,-3.757,-0.089944,-0.06383,0.002217,0.002242,1.7e-05,0.3
201,402,-4126,84,34,-6,-1.431,-3.791,-0.087806,-0.06442,0.002217,0.002238,1.7e-05,0.3
250,480,-4286,-7,-16,-30,-1.413,-3.764,-0.087493,-0.063954,0.002217,0.002236,1.7e-05,0.3
357,507,-4096,-42,22,-125,-1.584,-3.81,-0.090484,-0.064757,0.002217,0.002236,1.7e-05,0.3
265,442,-4097,79,5,-243,-1.644,-3.95,-0.091522,-0.067191,0.002217,0.002257,1.7e-05,0.3
200,381,-4020,114,36,-105,-1.397,-4.019,-0.087207,-0.068393,0.002217,0.002269,1.7e-05,0.3
252,460,-4138,61,-10,-36,-1.241,-4.014,-0.084488,-0.068312,0.002217,0.002263,1.7e-05,0.3
221,481,-4083,-21,17,-94,-1.343,-3.973,-0.086279,-0.06759,0.002217,0.002259,1.7e-05,0.3
277,429,-4059,0,31,-162,-1.445,-4.039,-0.088046,-0.068756,0.002217,0.002263,1.7e-05,0.3
273,321,-4054,157,3,-150,-1.233,-4.108,-0.084358,-0.069956,0.002217,0.002275,1.7e-05,0.3
204,364,-3985,160,11,-163,-0.839,-4.11,-0.077469,-0.069984,0.002217,0.002282,1.7e-05,0.3
224,397,-4258,156,-14,-149,-0.541,-4.091,-0.07228,-0.06965,0.002217,0.002287,1.7e-05,0.3
252,322,-4052,127,8,-75,-0.215,-4.082,-0.06658,-0.06949,0.002217,0.002286,1.7e-05,0.3
232,420,-4103,39,26,-112,-0.167,-4.066,-0.065747,-0.069213,0.002217,0.00228,1.7e-05,0.3
214,369,-4093,-58,21,-54,-0.363,-4.012,-0.069172,-0.068284,0.002217,0.002275,1.7e-05,0.3
375,398,-4252,-93,-21,-62,-0.678,-3.991,-0.074668,-0.06791,0.002217,0.00227,1.7e-05,0.3
133,304,-4088,-33,11,-3,-0.884,-3.908,-0.078266,-0.066463,0.002217,0.002264,1.7e-05,0.3
290,369,-4174,35,-8,11,-0.909,-3.839,-0.078702,-0.065257,0.002217,0.002258,1.7e-05,0.3
267,370,-4218,49,-10,23,-0.884,-3.857,-0.078253,-0.065567,0.002217,0.002252,1.7e-05,0.3
189,346,-4112,59,-9,37,-0.857,-3.769,-0.077795,-0.064041,0.002217,0.002248,1.7e-05,0.3
302,350,-4158,2,-18,-11,-0.851,-3.768,-0.077691,-0.064012,0.002217,0.002244,1.7e-05,0.3
193,325,-4045,77,8,-2,-0.765,-3.747,-0.076188,-0.063647,0.002217,0.002239,1.7e-05,0.3
239,301,-3814,52,-17,18,-0.623,-3.697,-0.073705,-0.062784,0.002217,0.002237,1.7e-05,0.3
196,340,-3758,17,-2,-74,-0.572,-3.771,-0.072812,-0.064066,0.002217,0.002235,1.7e-05,0.3
195,272,-3934,17,2,-35,-0.506,-3.687,-0.071665,-0.0626,0.002217,0.002234,1.7e-05,0.3
284,271,-4095,45,8,-9,-0.392,-3.703,-0.069674,-0.062886,0.002217,0.002232,1.7e-05,0.3
216,320,-4186,57,-2,-7,-0.251,-3.671,-0.06722,-0.06233,0.002217,0.00223,1.7e-05,0.3
341,268,-4228,75,-18,34,-0.069,-3.617,-0.06404,-0.061386,0.002217,0.002228,1.7e-05,0.3
226,284,-4184,97,4,16,0.103,-3.623,-0.061027,-0.061488,0.002217,0.002227,1.7e-05,0.3
227,263,-4133,131,-17,-9,0.356,-3.598,-0.056616,-0.061058,0.002217,0.002226,1.7e-05,0.3
271,255,-4203,92,-19,16,0.569,-3.628,-0.052905,-0.061583,0.002217,0.002225,1.7e-05,0.3
196,232,-4122,46,-2,72,0.688,-3.581,-0.050821,-0.060755,0.002217,0.002225,1.7e-05,0.3
278,244,-4101,23,-19,58,0.701,-3.517,-0.050593,-0.059636,0.002217,0.002227,1.7e-05,0.3
260,191,-4100,71,7,28,0.797,-3.549,-0.048928,-0.060202,0.002217,0.002226,1.7e-05,0.3
227,124,-4132,139,-39,117,1.058,-3.498,-0.044367,-0.059307,0.002217,0.002227,1.7e-05,0.3
154,157,-3989,68,34,129,1.332,-3.45,-0.039588,-0.058463,0.002217,0.002235,1.7e-05,0.3
362,176,-4183,-54,-12,74,1.337,-3.434,-0.039493,-0.058189,0.002217,0.002238,1.7e-05,0.3
209,97,-4173,-43,-1,49,1.252,-3.491,-0.040988,-0.059191,0.002217,0.002236,1.7e-05,0.3
241,184,-4077,-73,-3,27,1.137,-3.457,-0.042989,-0.058597,0.002217,0.002235,1.7e-05,0.3
357,159,-4273,-81,-41,-10,0.98,-3.471,-0.045734,-0.058838,0.002217,0.002233,1.7e-05,0.3
133,142,-4004,-40,17,-15,0.909,-3.493,-0.046975,-0.059225,0.002217,0.002231,1.7e-05,0.3
296,225,-3878,13,2,-102,0.852,-3.481,-0.047966,-0.059002,0.002217,0.002232,1.7e-05,0.3
319,250,-3952,-43,24,-167,0.742,-3.608,-0.049876,-0.061217,0.002217,0.002242,1.7e-05,0.3
250,189,-4262,-37,-3,-225,0.639,-3.701,-0.051678,-0.062857,0.002217,0.002262,1.7e-05,0.3
309,169,-4223,28,-3,-203,0.748,-3.723,-0.049778,-0.063238,0.002217,0.002277,1.7e-05,0.3
181,173,-4141,26,32,-162,0.876,-3.812,-0.047547,-0.064791,0.002217,0.002288,1.7e-05,0.3
238,169,-4105,-6,-11,-54,0.949,-3.756,-0.046266,-0.063802,0.002217,0.002284,1.7e-05,0.3
230,165,-4057,-56,18,13,0.882,-3.743,-0.047444,-0.06358,0.002217,0.002275,1.7e-05,0.3
245,230,-4137,-90,1,-64,0.73,-3.758,-0.050096,-0.063848,0.002217,0.002268,1.7e-05,0.3
283,192,-4112,-126,-1,-126,0.374,-3.782,-0.056297,-0.064257,0.002217,0.002269,1.7e-05,0.3
210,214,-4113,-122,24,-132,0.129,-3.84,-0.060582,-0.065267,0.002217,0.002273,1.7e-05,0.3
225,245,-4136,-171,-1,-102,-0.172,-3.824,-0.065834,-0.065004,0.002217,0.002273,1.7e-05,0.3
245,227,-4131,-165,-3,-43,-0.515,-3.797,-0.071822,-0.06452,0.002217,0.002268,1.7e-05,0.3
231,208,-4101,-90,-2,25,-0.759,-3.768,-0.076082,-0.06401,0.002217,0.002261,1.7e-05,0.3
212,232,-4094,-21,-12,87,-0.781,-3.684,-0.07646,-0.062546,0.002217,0.002258,1.7e-05,0.3
262,306,-4108,-31,-6,78,-0.807,-3.638,-0.076914,-0.061749,0.002217,0.002257,1.7e-05,0.3
254,343,-4130,-77,-4,9,-0.976,-3.62,-0.079873,-0.061431,0.002217,0.002252,1.7e-05,0.3
290,353,-4112,-119,5,-54,-1.231,-3.65,-0.08432,-0.061964,0.002217,0.002248,1.7e-05,0.3
263,333,-4131,-79,24,-65,-1.414,-3.688,-0.087517,-0.062618,0.002217,0.002246,1.7e-05,0.3
259,327,-4087,-52,51,-64,-1.498,-3.745,-0.088984,-0.063621,0.002217,0.002246,1.7e-05,0.3
292,351,-3990,44,-1,-130,-1.423,-3.844,-0.087669,-0.065339,0.002217,0.00225,1.7e-05,0.3
317,386,-4185,6,-22,-176,-1.305,-3.913,-0.085604,-0.066546,0.002217,0.002257,1.7e-05,0.3
198,378,-4193,-60,30,-256,-1.375,-3.964,-0.086825,-0.06744,0.002217,0.002275,1.7e-05,0.3
277,347,-3919,-88,56,-380,-1.465,-4.129,-0.088408,-0.070327,0.002217,0.002316,1.7e-05,0.3
305,366,-4000,-2,78,-480,-1.473,-4.355,-0.088548,-0.074264,0.002217,0.002369,1.7e-05,0.3
250,413,-4186,-20,55,-496,-1.419,-4.587,-0.087594,-0.078314,0.002217,0.002436,1.7e-05,0.3
204,443,-4199,-45,94,-554,-1.453,-4.824,-0.088198,-0.082452,0.002217,0.002496,1.7e-05,0.3
197,380,-3936,-64,49,-534,-1.526,-5.082,-0.089471,-0.086946,0.002217,0.002559,1.7e-05,0.3
269,357,-3868,-5,72,-436,-1.538,-5.264,-0.089678,-0.090125,0.002217,0.002597,1.7e-05,0.3
192,375,-4001,20,54,-368,-1.371,-5.407,-0.086768,-0.092629,0.002217,0.002618,1.7e-05,0.3
216,354,-4060,51,52,-248,-1.214,-5.382,-0.08402,-0.092185,0.002217,0.002605,1.7e-05,0.3
266,452,-4020,-68,46,-211,-1.271,-5.337,-0.08502,-0.091396,0.002217,0.002582,1.7e-05,0.3
195,529,-4267,-125,34,-264,-1.598,-5.338,-0.090729,-0.091417,0.002217,0.002565,1.7e-05,0.3
327,446,-3999,-23,24,-287,-1.852,-5.323,-0.095153,-0.091157,0.002217,0.002556,1.7e-05,0.3
246,379,-4183,75,43,-162,-1.721,-5.397,-0.092871,-0.092456,0.002217,0.002543,1.7e-05,0.3
186,491,-4037,82,24,-106,-1.606,-5.261,-0.090864,-0.090081,0.002217,0.002498,1.7e-05,0.3
344,466,-4289,13,14,-88,-1.51,-5.162,-0.089179,-0.088348,0.002217,0.00246,1.7e-05,0.3
309,434,-4052,-27,4,-123,-1.547,-5.169,-0.089832,-0.08847,0.002217,0.00243,1.7e-05,0.3
230,467,-4088,-34,31,-157,-1.714,-5.112,-0.092748,-0.087477,0.002217,0.002417,1.7e-05,0.3
216,376,-3935,50,19,-103,-1.786,-5.004,-0.094001,-0.085594,0.002217,0.002398,1.7e-05,0.3
317,434,-4103,109,6,-131,-1.571,-5.008,-0.090259,-0.085663,0.002217,0.002385,1.7e-05,0.3
191,525,-4231,21,17,-129,-1.552,-5.039,-0.089913,-0.086209,0.002217,0.002371,1.7e-05,0.3
264,474,-4188,19,11,-122,-1.621,-4.973,-0.091129,-0.085057,0.002217,0.002357,1.7e-05,0.3
310,472,-4030,81,12,-127,-1.552,-4.987,-0.089928,-0.0853,0.002217,0.002347,1.7e-05,0.3
145,411,-3975,65,29,-116,-1.47,-4.929,-0.088495,-0.084281,0.002217,0.00234,1.7e-05,0.3
232,426,-4058,43,50,-115,-1.452,-4.856,-0.088175,-0.083014,0.002217,0.002333,1.7e-05,0.3
210,377,-4043,52,17,-16,-1.396,-4.861,-0.087202,-0.083089,0.002217,0.002323,1.7e-05,0.3
283,519,-3999,20,20,-51,-1.392,-4.755,-0.087124,-0.081244,0.002217,0.002307,1.7e-05,0.3
372,473,-4312,21,-19,-85,-1.498,-4.726,-0.088971,-0.080742,0.002217,0.002299,1.7e-05,0.3
180,441,-4012,98,30,-122,-1.412,-4.72,-0.087475,-0.080629,0.002217,0.002294,1.7e-05,0.3
153,427,-4183,106,18,-60,-1.254,-4.646,-0.084714,-0.079339,0.002217,0.002289,1.7e-05,0.3
299,439,-3987,72,4,-71,-1.157,-4.601,-0.083028,-0.07856,0.002217,0.002281,1.7e-05,0.3
239,448,-4119,66,14,-49,-1.122,-4.622,-0.082422,-0.078929,0.002217,0.002276,1.7e-05,0.3
225,362,-4027,63,-21,-13,-1.005,-4.469,-0.08037,-0.076255,0.002217,0.002267,1.7e-05,0.3
278,339,-3974,103,12,16,-0.838,-4.422,-0.077453,-0.075434,0.002217,0.002261,1.7e-05,0.3
300,460,-4207,83,-15,-151,-0.718,-4.43,-0.075359,-0.075566,0.002217,0.002261,1.7e-05,0.3
316,473,-4163,12,15,-292,-0.704,-4.451,-0.075111,-0.075938,0.002217,0.002282,1.7e-05,0.3
265,442,-4046,-33,29,-305,-0.839,-4.543,-0.077474,-0.077545,0.002217,0.002315,1.7e-05,0.3
176,406,-4099,-14,35,-287,-0.966,-4.578,-0.07969,-0.078161,0.002217,0.002344,1.7e-05,0.3
384,436,-4117,12,2,-286,-1.025,-4.625,-0.080714,-0.078974,0.002217,0.002372,1.7e-05,0.3
197,401,-4056,76,33,-279,-0.933,-4.658,-0.079112,-0.079556,0.002217,0.002387,1.7e-05,0.3
219,375,-4128,88,63,-268,-0.66,-4.728,-0.074356,-0.080776,0.002217,0.002407,1.7e-05,0.3
338,412,-4249,16,-12,-224,-0.634,-4.773,-0.073889,-0.081565,0.002217,0.002411,1.7e-05,0.3
150,344,-4080,-28,-9,-66,-0.741,-4.664,-0.075762,-0.079649,0.002217,0.002395,1.7e-05,0.3
236,355,-4233,-64,2,26,-0.946,-4.527,-0.079337,-0.077271,0.002217,0.002371,1.7e-05,0.3
281,351,-4053,-30,-60,57,-1.133,-4.44,-0.082608,-0.075744,0.002217,0.002351,1.7e-05,0.3
303,375,-3953,52,50,81,-1.117,-4.311,-0.082332,-0.073499,0.002217,0.002336,1.7e-05,0.3
184,354,-4067,52,-2,48,-1.019,-4.138,-0.080613,-0.070485,0.002217,0.002322,1.7e-05,0.3
253,384,-4182,18,-3,41,-0.966,-4.067,-0.079699,-0.069243,0.002217,0.002308,1.7e-05,0.3
276,371,-4112,-13,-8,35,-1.02,-4.051,-0.080633,-0.068966,0.002217,0.002296,1.7e-05,0.3
167,319,-3984,22,16,22,-1.033,-4.03,-0.080859,-0.068599,0.002217,0.002286,1.7e-05,0.3
369,371,-4238,4,-20,2,-0.999,-4.045,-0.080272,-0.068854,0.002217,0.002276,1.7e-05,0.3
262,351,-4129,33,-7,8,-0.969,-4.057,-0.079752,-0.069065,0.002217,0.002268,1.7e-05,0.3
264,357,-4204,27,-24,-16,-0.943,-3.977,-0.079282,-0.067659,0.002217,0.002261,1.7e-05,0.3
212,334,-4002,34,16,5,-0.89,-3.966,-0.078361,-0.067475,0.002217,0.002255,1.7e-05,0.3
266,333,-4074,26,-30,8,-0.836,-3.907,-0.077424,-0.066439,0.002217,0.002249,1.7e-05,0.3
261,337,-4108,26,1,-3,-0.796,-3.896,-0.076727,-0.066251,0.002217,0.002245,1.7e-05,0.3
214,328,-4172,33,6,-12,-0.73,-3.879,-0.075573,-0.065952,0.002217,0.002241,1.7e-05,0.3
285,311,-4114,33,-6,2,-0.654,-3.837,-0.074238,-0.065225,0.002217,0.002238,1.7e-05,0.3
245,304,-4102,44,1,16,-0.561,-3.848,-0.072631,-0.06541,0.002217,0.002235,1.7e-05,0.3
239,316,-4108,34,-5,2,-0.479,-3.798,-0.071192,-0.064543,0.002217,0.002232,1.7e-05,0.3
276,306,-4109,14,3,-9,-0.456,-3.799,-0.070792,-0.064561,0.002217,0.00223,1.7e-05,0.3
261,297,-4124,35,-20,-22,-0.403,-3.774,-0.06987,-0.064128,0.002217,0.002228,1.7e-05,0.3
270,266,-4134,61,-18,-18,-0.266,-3.739,-0.067476,-0.063515,0.002217,0.002227,1.7e-05,0.3
219,262,-4091,96,7,-18,-0.059,-3.706,-0.063854,-0.062938,0.002217,0.002226,1.7e-05,0.3
213,252,-4115,134,12,-9,0.218,-3.692,-0.059024,-0.062687,0.002217,0.002225,1.7e-05,0.3
271,259,-4071,121,-1,12,0.532,-3.704,-0.053555,-0.062895,0.002217,0.002223,1.7e-05,0.3
231,242,-4063,58,-7,66,0.668,-3.699,-0.051166,-0.06282,0.002217,0.002224,1.7e-05,0.3
246,271,-4120,22,-2,50,0.721,-3.659,-0.050251,-0.062113,0.002217,0.002225,1.7e-05,0.3
263,277,-4095,0,30,-70,0.648,-3.69,-0.051515,-0.062651,0.002217,0.002224,1.7e-05,0.3
340,230,-4155,-15,-7,-130,0.641,-3.726,-0.051644,-0.063288,0.002217,0.002229,1.7e-05,0.3
250,221,-4194,2,1,-196,0.67,-3.806,-0.051137,-0.06468,0.002217,0.002241,1.7e-05,0.3
263,136,-4029,-18,11,-204,0.699,-3.827,-0.050635,-0.06504,0.002217,0.002263,1.7e-05,0.3
275,140,-3938,57,-23,-109,0.733,-3.836,-0.050037,-0.065211,0.002217,0.002271,1.7e-05,0.3
139,26,-4062,50,9,48,0.946,-3.787,-0.046323,-0.064351,0.002217,0.002265,1.7e-05,0.3
205,156,-4176,35,-32,143,1.09,-3.643,-0.04381,-0.061844,0.002217,0.002267,1.7e-05,0.3
309,181,-4286,-26,-12,163,1.024,-3.629,-0.044967,-0.061594,0.002217,0.002274,1.7e-05,0.3
175,123,-4045,-43,-3,118,0.957,-3.64,-0.046135,-0.061781,0.002217,0.002277,1.7e-05,0.3
355,189,-4100,-41,-44,44,0.83,-3.642,-0.048339,-0.061823,0.002217,0.002272,1.7e-05,0.3
278,175,-4061,3,20,-39,0.791,-3.695,-0.049029,-0.062749,0.002217,0.002264,1.7e-05,0.3
269,173,-4115,9,-23,-107,0.902,-3.68,-0.047097,-0.062491,0.002217,0.002261,1.7e-05,0.3
294,215,-4166,-56,24,-142,0.849,-3.727,-0.048012,-0.063303,0.002217,0.002266,1.7e-05,0.3
216,170,-4171,-97,-9,-137,0.726,-3.749,-0.050168,-0.063688,0.002217,0.002269,1.7e-05,0.3
295,171,-4111,-67,2,-179,0.621,-3.775,-0.051999,-0.064144,0.002217,0.002277,1.7e-05,0.3
237,158,-4108,-31,22,-149,0.618,-3.826,-0.052054,-0.065026,0.002217,0.002284,1.7e-05,0.3
261,186,-4149,-17,-5,-110,0.603,-3.826,-0.052299,-0.065024,0.002217,0.002283,1.7e-05,0.3
241,236,-4109,-18,10,-96,0.579,-3.84,-0.052722,-0.065283,0.002217,0.00228,1.7e-05,0.3
240,228,-4116,-74,8,-36,0.487,-3.821,-0.054324,-0.064945,0.002217,0.002274,1.7e-05,0.3
222,179,-4136,-158,3,25,0.236,-3.807,-0.058713,-0.064696,0.002217,0.002265,1.7e-05,0.3
309,245,-4189,-279,-13,34,-0.232,-3.825,-0.066883,-0.065009,0.002217,0.00226,1.7e-05,0.3
242,233,-4131,-260,12,-33,-0.861,-3.815,-0.077861,-0.064845,0.002217,0.002254,1.7e-05,0.3
329,372,-4099,-140,28,-98,-1.284,-3.845,-0.085236,-0.065364,0.002217,0.002253,1.7e-05,0.3
252,403,-4028,-8,29,-162,-1.449,-3.931,-0.088116,-0.066865,0.002217,0.002258,1.7e-05,0.3
219,410,-4054,88,35,-100,-1.31,-3.958,-0.085702,-0.067337,0.002217,0.002263,1.7e-05,0.3
242,522,-4162,12,-10,-110,-1.277,-3.981,-0.085116,-0.067741,0.002217,0.002261,1.7e-05,0.3
204,482,-4063,16,60,-106,-1.381,-4.042,-0.086931,-0.068802,0.002217,0.002263,1.7e-05,0.3
309,441,-3964,78,-5,-57,-1.342,-4.145,-0.086261,-0.070599,0.002217,0.00226,1.7e-05,0.3
206,404,-3985,142,37,24,-1.161,-4.126,-0.08309,-0.070262,0.002217,0.002255,1.7e-05,0.3
369,351,-4126,140,-3,5,-0.846,-4.084,-0.077603,-0.069534,0.002217,0.00225,1.7e-05,0.3
228,385,-4043,96,-14,49,-0.597,-3.996,-0.073253,-0.067989,0.002217,0.002246,1.7e-05,0.3
251,326,-4079,96,-5,13,-0.452,-3.972,-0.070726,-0.067584,0.002217,0.002243,1.7e-05,0.3
268,232,-4092,101,5,-6,-0.218,-3.922,-0.06663,-0.066713,0.002217,0.002239,1.7e-05,0.3
353,293,-4059,147,-17,-17,0.05,-3.96,-0.061951,-0.067367,0.002217,0.002236,1.7e-05,0.3
160,219,-4106,193,8,33,0.466,-3.94,-0.054699,-0.067016,0.002217,0.002234,1.7e-05,0.3
476,206,-4316,63,-141,3,0.792,-3.868,-0.049005,-0.065772,0.002217,0.002231,1.7e-05,0.3
200,193,-4187,-7,14,43,0.832,-3.924,-0.048306,-0.066734,0.002217,0.00223,1.7e-05,0.3
380,212,-4114,-34,-12,65,0.75,-3.86,-0.04974,-0.065618,0.002217,0.00223,1.7e-05,0.3
184,235,-4104,-12,-2,11,0.688,-3.895,-0.050831,-0.066239,0.002217,0.002229,1.7e-05,0.3
304,234,-4158,-43,-21,-22,0.572,-3.808,-0.052857,-0.064725,0.002217,0.002227,1.7e-05,0.3
257,188,-4070,-32,20,-52,0.5,-3.83,-0.054109,-0.065103,0.002217,0.002227,1.7e-05,0.3
278,201,-4104,22,-11,-49,0.522,-3.848,-0.053726,-0.06541,0.002217,0.002227,1.7e-05,0.3
256,189,-4096,54,-2,-11,0.635,-3.825,-0.051755,-0.065014,0.002217,0.002226,1.7e-05,0.3
224,219,-4092,88,-2,15,0.808,-3.796,-0.048724,-0.06451,0.002217,0.002225,1.7e-05,0.3
280,198,-4139,47,0,22,0.983,-3.766,-0.045673,-0.063978,0.002217,0.002224,1.7e-05,0.3
243,180,-4131,-7,-8,57,1.013,-3.76,-0.045157,-0.063887,0.002217,0.002224,1.7e-05,0.3
232,176,-4120,9,-4,70,1.009,-3.709,-0.045222,-0.062997,0.002217,0.002225,1.7e-05,0.3
278,217,-4114,-24,0,0,0.978,-3.727,-0.045756,-0.063304,0.002217,0.002225,1.7e-05,0.3
292,166,-4119,-17,0,-79,0.935,-3.751,-0.046518,-0.063719,0.002217,0.002225,1.7e-05,0.3
273,154,-4085,54,12,-127,1.046,-3.806,-0.044573,-0.064674,0.002217,0.002231,1.7e-05,0.3
249,161,-4112,69,4,-101,1.257,-3.819,-0.040886,-0.064903,0.002217,0.002236,1.7e-05,0.3
260,175,-4125,26,7,-70,1.366,-3.826,-0.03899,-0.065024,0.002217,0.002237,1.7e-05,0.3
263,197,-4150,-50,-7,-53,1.322,-3.84,-0.039754,-0.065282,0.002217,0.002237,1.7e-05,0.3
231,208,-4150,-121,1,-30,1.083,-3.809,-0.043927,-0.064731,0.002217,0.002235,1.7e-05,0.3
288,167,-4086,-57,9,-56,0.847,-3.828,-0.048056,-0.06507,0.002217,0.002233,1.7e-05,0.3
271,185,-4088,10,10,-114,0.834,-3.878,-0.04828,-0.065933,0.002217,0.002235,1.7e-05,0.3
301,255,-4113,-8,9,-228,0.858,-3.931,-0.047862,-0.066871,0.002217,0.002247,1.7e-05,0.3
272,194,-4113,-29,10,-260,0.796,-4.007,-0.048938,-0.068197,0.002217,0.002277,1.7e-05,0.3
237,161,-4108,-2,15,-192,0.859,-4.033,-0.047832,-0.068651,0.002217,0.002295,1.7e-05,0.3
236,149,-4125,13,0,-85,0.969,-4.008,-0.045913,-0.068212,0.002217,0.002294,1.7e-05,0.3
234,169,-4111,6,3,-7,1.021,-3.971,-0.045016,-0.067558,0.002217,0.002284,1.7e-05,0.3
258,180,-4119,8,-4,16,1.042,-3.938,-0.044648,-0.066991,0.002217,0.002274,1.7e-05,0.3
260,191,-4102,12,2,16,1.05,-3.917,-0.0445,-0.066628,0.002217,0.002267,1.7e-05,0.3
270,204,-4119,0,-3,0,1.045,-3.908,-0.044601,-0.066455,0.002217,0.00226,1.7e-05,0.3
269,204,-4116,-16,3,-9,1.007,-3.9,-0.045249,-0.066316,0.002217,0.002254,1.7e-05,0.3
255,202,-4119,-26,-3,-5,0.938,-3.884,-0.046455,-0.066049,0.002217,0.002249,1.7e-05,0.3
267,203,-4110,-26,-2,0,0.874,-3.87,-0.047583,-0.065793,0.002217,0.002245,1.7e-05,0.3
267,219,-4119,-42,-4,0,0.78,-3.862,-0.049217,-0.065663,0.002217,0.002241,1.7e-05,0.3
256,231,-4117,-59,-2,-9,0.622,-3.84,-0.051981,-0.065267,0.002217,0.002237,1.7e-05,0.3
272,237,-4109,-55,-3,-16,0.467,-3.84,-0.054675,-0.065277,0.002217,0.002234,1.7e-05,0.3
251,221,-4093,-16,-2,5,0.403,-3.823,-0.055797,-0.064973,0.002217,0.002232,1.7e-05,0.3
267,245,-4106,-5,-6,20,0.372,-3.805,-0.056339,-0.064671,0.002217,0.00223,1.7e-05,0.3
262,256,-4104,0,-5,15,0.35,-3.779,-0.056724,-0.064204,0.002217,0.002229,1.7e-05,0.3
282,296,-4115,-11,-2,-32,0.308,-3.777,-0.057448,-0.064181,0.002217,0.002227,1.7e-05,0.3
263,296,-4121,-53,1,-79,0.181,-3.801,-0.059678,-0.064592,0.002217,0.002228,1.7e-05,0.3
253,267,-4115,-96,4,-64,-0.061,-3.816,-0.063902,-0.064854,0.002217,0.00223,1.7e-05,0.3
243,271,-4112,-121,1,-19,-0.321,-3.798,-0.068442,-0.064546,0.002217,0.002229,1.7e-05,0.3
263,275,-4100,-93,-4,-7,-0.555,-3.78,-0.072524,-0.064236,0.002217,0.002227,1.7e-05,0.3
288,323,-4088,-56,5,-58,-0.71,-3.8,-0.075231,-0.064585,0.002217,0.002227,1.7e-05,0.3
290,337,-4092,-21,13,-152,-0.79,-3.854,-0.076613,-0.065528,0.002217,0.002232,1.7e-05,0.3
251,328,-4123,-41,16,-179,-0.831,-3.932,-0.077343,-0.066885,0.002217,0.002246,1.7e-05,0.3
258,328,-4095,-69,17,-174,-0.979,-3.979,-0.079917,-0.067704,0.002217,0.002258,1.7e-05,0.3
269,323,-4091,-45,12,-174,-1.073,-4.022,-0.081556,-0.068455,0.002217,0.002269,1.7e-05,0.3
244,336,-4115,-49,15,-133,-1.136,-4.079,-0.082658,-0.06944,0.002217,0.002276,1.7e-05,0.3
235,345,-4103,-76,13,-95,-1.268,-4.065,-0.084961,-0.069206,0.002217,0.002274,1.7e-05,0.3
283,372,-4097,-91,10,-134,-1.437,-4.093,-0.08792,-0.069689,0.002217,0.002274,1.7e-05,0.3
256,378,-4074,-33,26,-228,-1.624,-4.175,-0.091183,-0.071125,0.002217,0.002286,1.7e-05,0.3
252,343,-4097,79,34,-239,-1.518,-4.266,-0.089319,-0.072718,0.002217,0.002303,1.7e-05,0.3
238,333,-4101,92,28,-216,-1.242,-4.35,-0.084501,-0.07417,0.002217,0.002318,1.7e-05,0.3
233,345,-4135,-23,14,-110,-1.148,-4.366,-0.082872,-0.074456,0.002217,0.002319,1.7e-05,0.3
231,358,-4129,-84,-3,-20,-1.298,-4.296,-0.085487,-0.073229,0.002217,0.002306,1.7e-05,0.3
260,367,-4076,-36,14,-47,-1.436,-4.264,-0.087892,-0.072678,0.002217,0.002294,1.7e-05,0.3
282,366,-4110,13,-4,-46,-1.447,-4.251,-0.088082,-0.072453,0.002217,0.002285,1.7e-05,0.3
247,414,-4084,35,36,-68,-1.428,-4.272,-0.087749,-0.072815,0.002217,0.002278,1.7e-05,0.3
260,377,-4125,-34,7,-62,-1.437,-4.261,-0.087918,-0.072626,0.002217,0.002271,1.7e-05,0.3
257,357,-4092,-66,8,3,-1.584,-4.267,-0.090478,-0.072729,0.002217,0.002265,1.7e-05,0.3
274,369,-4136,-6,-8,30,-1.699,-4.214,-0.092478,-0.071803,0.002217,0.002258,1.7e-05,0.3
285,364,-4088,61,7,-81,-1.598,-4.169,-0.090727,-0.071009,0.002217,0.002254,1.7e-05,0.3
306,478,-4146,-32,32,-225,-1.635,-4.299,-0.091363,-0.073278,0.002217,0.002266,1.7e-05,0.3
281,442,-4091,-99,13,-217,-1.871,-4.397,-0.095488,-0.074997,0.002217,0.002283,1.7e-05,0.3
217,342,-3999,14,32,-211,-1.905,-4.419,-0.096079,-0.075378,0.002217,0.0023,1.7e-05,0.3
305,347,-4151,131,-12,-240,-1.604,-4.457,-0.090826,-0.076048,0.002217,0.002311,1.7e-05,0.3
298,413,-4144,77,25,-332,-1.311,-4.575,-0.085716,-0.078109,0.002217,0.002337,1.7e-05,0.3
194,438,-4085,-38,41,-366,-1.281,-4.623,-0.085192,-0.078948,0.002217,0.002375,1.7e-05,0.3
276,412,-4096,-155,43,-332,-1.532,-4.757,-0.089567,-0.081272,0.002217,0.00241,1.7e-05,0.3
201,341,-4108,-34,-2,-249,-1.715,-4.8,-0.092764,-0.082032,0.002217,0.002424,1.7e-05,0.3
265,454,-4089,-11,38,-308,-1.698,-4.834,-0.092472,-0.08263,0.002217,0.002436,1.7e-05,0.3
285,528,-4125,-89,42,-388,-1.944,-4.98,-0.096764,-0.085171,0.002217,0.002468,1.7e-05,0.3
231,459,-4044,-63,77,-438,-2.152,-5.133,-0.100387,-0.087847,0.002217,0.002508,1.7e-05,0.3
153,418,-4047,13,41,-341,-2.157,-5.214,-0.100471,-0.089253,0.002217,0.002531,1.7e-05,0.3
286,469,-4061,52,50,-356,-2.019,-5.296,-0.098067,-0.090693,0.002217,0.002543,1.7e-05,0.3
157,400,-4141,-7,57,-227,-1.973,-5.444,-0.097269,-0.093271,0.002217,0.002551,1.7e-05,0.3
236,417,-4208,-17,40,-122,-1.857,-5.314,-0.095235,-0.090993,0.002217,0.002514,1.7e-05,0.3
392,476,-4058,-102,16,-136,-2.106,-5.329,-0.099595,-0.091255,0.002217,0.002477,1.7e-05,0.3
147,430,-4045,-45,31,-139,-2.279,-5.327,-0.10261,-0.091225,0.002217,0.002454,1.7e-05,0.3
247,424,-4077,-21,22,-107,-2.314,-5.203,-0.103225,-0.089073,0.002217,0.002429,1.7e-05,0.3
321,478,-4115,0,32,-138,-2.26,-5.232,-0.10227,-0.089563,0.002217,0.002406,1.7e-05,0.3
223,423,-4151,-13,15,-162,-2.301,-5.226,-0.102988,-0.089467,0.002217,0.002394,1.7e-05,0.3
347,589,-4084,-65,31,-275,-2.443,-5.245,-0.105464,-0.089792,0.002217,0.002397,1.7e-05,0.3
236,413,-4065,-20,0,-371,-2.581,-5.323,-0.107872,-0.091151,0.002217,0.002426,1.7e-05,0.3
140,444,-4228,46,45,-397,-2.44,-5.408,-0.105411,-0.09265,0.002217,0.002467,1.7e-05,0.3
252,453,-4079,-9,75,-383,-2.298,-5.529,-0.102947,-0.094749,0.002217,0.002504,1.7e-05,0.3
190,485,-4085,-69,51,-366,-2.426,-5.67,-0.10517,-0.097216,0.002217,0.00253,1.7e-05,0.3
160,505,-3986,-75,78,-359,-2.651,-5.767,-0.109102,-0.098905,0.002217,0.002552,1.7e-05,0.3
309,470,-3993,-48,61,-345,-2.758,-5.93,-0.110976,-0.101757,0.002217,0.002564,1.7e-05,0.3
206,520,-4293,-37,28,-435,-2.678,-6.0,-0.109565,-0.102983,0.002217,0.002591,1.7e-05,0.3
97,432,-3995,-62,156,-377,-2.679,-6.114,-0.109582,-0.104967,0.002217,0.002618,1.7e-05,0.3
244,525,-4041,-72,67,-341,-2.829,-6.226,-0.112199,-0.106915,0.002217,0.002623,1.7e-05,0.3
357,573,-4269,-92,35,-401,-3.128,-6.351,-0.117431,-0.109099,0.002217,0.002638,1.7e-05,0.3
226,474,-4082,-46,115,-430,-3.26,-6.528,-0.119721,-0.112185,0.002217,0.002662,1.7e-05,0.3
319,575,-4130,-33,68,-498,-3.313,-6.582,-0.120646,-0.113136,0.002217,0.002687,1.7e-05,0.3
11,486,-3883,0,130,-372,-3.298,-6.723,-0.120399,-0.1156,0.002217,0.002709,1.7e-05,0.3
243,622,-4418,-16,-42,-401,-3.292,-6.693,-0.120296,-0.115067,0.002217,0.002713,1.7e-05,0.3
251,475,-3955,-111,117,-403,-3.382,-6.948,-0.121865,-0.119526,0.002217,0.002722,1.7e-05,0.3
22,551,-3944,-151,92,-373,-3.603,-6.853,-0.125719,-0.117856,0.002217,0.002725,1.7e-05,0.3
183,557,-3940,-124,160,-375,-3.878,-7.005,-0.130522,-0.120522,0.002217,0.002735,1.7e-05,0.3
336,580,-3926,-44,150,-451,-3.907,-7.211,-0.131015,-0.124104,0.002217,0.002754,1.7e-05,0.3
347,1612,-3736,2609,-161,-147,-3.041,-7.022,-0.115908,-0.120812,0.002217,0.002758,1.7e-05,0.3
-165,1518,-3278,2068,-91,137,1.802,-6.279,-0.031373,-0.107848,0.002217,0.002698,1.7e-05,0.3
-50,3197,-5166,716,-248,635,3.819,-5.93,0.003819,-0.101758,0.002217,0.00273,1.7e-05,0.3
232,1426,-3807,-392,-71,874,2.303,-5.407,-0.022641,-0.092625,0.002217,0.002823,1.7e-05,0.3
63,698,-4166,-279,-1,519,0.206,-5.295,-0.059239,-0.090677,0.002217,0.002875,1.7e-05,0.3
258,-100,-4154,-221,8,404,-0.407,-5.142,-0.069929,-0.087995,0.002217,0.002878,1.7e-05,0.3
227,43,-3966,55,101,257,-0.368,-5.091,-0.069251,-0.087112,0.002217,0.002855,1.7e-05,0.3
87,110,-3996,282,112,121,0.26,-5.014,-0.058291,-0.085765,0.002217,0.002782,1.7e-05,0.3
250,75,-3984,360,258,98,1.271,-5.337,-0.040655,-0.091408,0.002217,0.002698,1.7e-05,0.3
127,-59,-4152,105,244,180,1.852,-5.471,-0.030517,-0.093747,0.002217,0.002645,1.7e-05,0.3
317,116,-4275,96,-31,176,2.33,-5.115,-0.02216,-0.087526,0.002217,0.00261,1.7e-05,0.3
281,332,-4128,-18,-59,178,2.151,-4.848,-0.025292,-0.082873,0.002217,0.002572,1.7e-05,0.3
256,-96,-4178,-53,77,156,2.146,-4.795,-0.025379,-0.081939,0.002217,0.002544,1.7e-05,0.3
171,106,-4001,31,11,190,2.029,-4.72,-0.02742,-0.080631,0.002217,0.002516,1.7e-05,0.3
259,-72,-4062,2,17,223,2.346,-4.62,-0.021886,-0.078881,0.002217,0.002497,1.7e-05,0.3
250,269,-4110,86,-8,235,2.182,-4.477,-0.024753,-0.076394,0.002217,0.00249,1.7e-05,0.3
221,-18,-4080,-14,-21,270,2.198,-4.401,-0.024471,-0.075063,0.002217,0.002483,1.7e-05,0.3
216,-19,-3994,24,-13,317,2.328,-4.255,-0.022193,-0.072515,0.002217,0.002487,1.7e-05,0.3
117,23,-4122,83,-2,285,2.5,-4.108,-0.019193,-0.06995,0.002217,0.002486,1.7e-05,0.3
258,125,-4198,89,69,183,2.639,-4.076,-0.016778,-0.069399,0.002217,0.002481,1.7e-05,0.3
372,-53,-4256,51,-30,276,2.786,-4.056,-0.014206,-0.069037,0.002217,0.002471,1.7e-05,0.3
32,78,-4007,-17,25,238,2.851,-3.939,-0.013069,-0.066995,0.002217,0.002479,1.7e-05,0.3
190,33,-4276,-2,78,166,2.742,-3.841,-0.014973,-0.065285,0.002217,0.002464,1.7e-05,0.3
390,20,-3916,9,54,251,2.76,-3.951,-0.014669,-0.067214,0.002217,0.002457,1.7e-05,0.3
104,-42,-4074,43,-21,245,2.845,-3.954,-0.013171,-0.067258,0.002217,0.002458,1.7e-05,0.3
219,2,-4186,33,-15,295,2.996,-3.756,-0.010541,-0.063815,0.002217,0.002463,1.7e-05,0.3
131,17,-4289,48,21,263,3.122,-3.713,-0.008351,-0.063059,0.002217,0.002477,1.7e-05,0.3
226,-30,-4264,36,56,239,3.233,-3.673,-0.00641,-0.062363,0.002217,0.002482,1.7e-05,0.3
150,-32,-3759,-8,-1,353,3.297,-3.654,-0.005284,-0.062038,0.002217,0.002486,1.7e-05,0.3
187,-47,-3918,32,-18,343,3.324,-3.525,-0.004814,-0.05978,0.002217,0.002503,1.7e-05,0.3
-2,66,-3931,84,59,304,3.384,-3.517,-0.003776,-0.059633,0.002217,0.002514,1.7e-05,0.3
304,-11,-3878,74,69,310,3.668,-3.596,0.001182,-0.06102,0.002217,0.002514,1.7e-05,0.3
262,53,-4340,57,-125,346,3.76,-3.622,0.002788,-0.061472,0.002217,0.002518,1.7e-05,0.3
-18,-6,-3590,-17,38,333,3.801,-3.561,0.003504,-0.060408,0.002217,0.002533,1.7e-05,0.3
137,16,-4682,2,57,311,3.726,-3.497,0.002198,-0.059285,0.002217,0.002529,1.7e-05,0.3
413,-30,-4452,132,-4,353,3.909,-3.67,0.005388,-0.0623,0.002217,0.002541,1.7e-05,0.3
-70,-106,-3466,162,-34,350,4.208,-3.632,0.010606,-0.061651,0.002217,0.002558,1.7e-05,0.3
67,-55,-3609,72,-40,453,4.332,-3.436,0.012777,-0.058232,0.002217,0.002586,1.7e-05,0.3
83,-74,-4375,39,82,408,4.406,-3.5,0.014064,-0.05934,0.002217,0.002612,1.7e-05,0.3
181,-118,-4258,27,19,347,4.504,-3.499,0.015778,-0.059323,0.002217,0.002615,1.7e-05,0.3
247,-45,-3849,37,-206,483,4.592,-3.567,0.017309,-0.06051,0.002217,0.002641,1.7e-05,0.3
-170,24,-3781,10,-55,482,4.657,-3.659,0.018451,-0.062111,0.002217,0.002658,1.7e-05,0.3
60,-7,-4343,84,165,403,4.835,-3.671,0.021555,-0.062319,0.002217,0.00266,1.7e-05,0.3
481,-135,-4157,74,40,465,5.083,-3.974,0.025891,-0.067614,0.002217,0.002674,1.7e-05,0.3
-168,-158,-4431,52,86,482,5.216,-3.816,0.028211,-0.064858,0.002217,0.002715,1.7e-05,0.3
177,-1157,-3567,-150,129,428,5.718,-3.888,0.036966,-0.066121,0.002217,0.002763,1.7e-05,0.3
383,-1238,-4203,-535,-79,406,5.74,-3.988,0.03735,-0.067854,0.002217,0.002761,1.7e-05,0.3
-95,-1465,-4096,-672,-174,424,5.386,-3.341,0.031176,-0.056558,0.002217,0.002782,1.7e-05,0.3
-103,-1348,-4588,-856,237,237,4.651,-2.727,0.018335,-0.04585,0.002217,0.002765,1.7e-05,0.3
433,-1060,-4472,-921,121,222,3.744,-3.184,0.002514,-0.053833,0.002217,0.002723,1.7e-05,0.3
212,-986,-4108,-820,-181,388,2.325,-3.113,-0.022258,-0.052595,0.002217,0.002707,1.7e-05,0.3
-18,-574,-3921,-565,-2,492,1.355,-2.64,-0.039176,-0.044329,0.002217,0.002739,1.7e-05,0.3
117,-482,-4088,-411,117,469,0.976,-2.543,-0.045799,-0.042647,0.002217,0.00276,1.7e-05,0.3
340,-202,-4212,-217,-12,668,0.759,-2.508,-0.049579,-0.042025,0.002217,0.002814,1.7e-05,0.3
252,124,-4106,-86,-93,628,0.553,-2.247,-0.05318,-0.03748,0.002217,0.00288,1.7e-05,0.3
151,136,-4107,-61,-79,473,0.476,-1.99,-0.054518,-0.032979,0.002217,0.002908,1.7e-05,0.3
222,323,-4103,-104,-30,376,0.243,-1.851,-0.058595,-0.030557,0.002217,0.0029,1.7e-05,0.3
283,221,-4118,-142,-43,340,-0.115,-1.841,-0.06484,-0.030387,0.002217,0.002878,1.7e-05,0.3
187,305,-4135,-153,-67,272,-0.495,-1.75,-0.071473,-0.028805,0.002217,0.002837,1.7e-05,0.3
309,275,-4109,-200,-32,192,-0.916,-1.713,-0.078825,-0.028147,0.002217,0.002782,1.7e-05,0.3
213,336,-4069,-204,-10,93,-1.365,-1.807,-0.086648,-0.0298,0.002217,0.002717,1.7e-05,0.3
277,599,-4035,-31,-60,78,-1.69,-1.831,-0.09232,-0.03022,0.002217,0.002645,1.7e-05,0.3
104,634,-4038,144,-51,222,-1.485,-1.819,-0.08875,-0.030011,0.002217,0.002612,1.7e-05,0.3
69,784,-4082,97,0,112,-1.556,-1.724,-0.089981,-0.028342,0.002217,0.002578,1.7e-05,0.3
452,575,-4031,240,42,9,-1.403,-1.928,-0.087319,-0.03191,0.002217,0.00253,1.7e-05,0.3
168,388,-4177,92,1,-32,-1.121,-2.212,-0.082392,-0.036865,0.002217,0.002485,1.7e-05,0.3
210,464,-4133,74,-21,-25,-1.078,-2.214,-0.081655,-0.036888,0.002217,0.002451,1.7e-05,0.3
251,343,-4088,-5,-6,-6,-1.093,-2.282,-0.081905,-0.038092,0.002217,0.002414,1.7e-05,0.3
182,314,-4123,-44,-12,67,-1.143,-2.347,-0.082783,-0.039223,0.002217,0.002387,1.7e-05,0.3
192,351,-4118,-60,-18,91,-1.255,-2.316,-0.08474,-0.03867,0.002217,0.00237,1.7e-05,0.3
242,387,-4082,-42,-2,47,-1.428,-2.366,-0.087753,-0.039558,0.002217,0.002351,1.7e-05,0.3
250,448,-4072,-41,14,-128,-1.61,-2.512,-0.090923,-0.042105,0.002217,0.002334,1.7e-05,0.3
247,396,-4048,56,19,-207,-1.645,-2.661,-0.09154,-0.044705,0.002217,0.002335,1.7e-05,0.3
237,391,-4100,66,20,-209,-1.51,-2.81,-0.089183,-0.047291,0.002217,0.002344,1.7e-05,0.3
181,514,-4045,168,13,-69,-1.296,-2.868,-0.085456,-0.048315,0.002217,0.002334,1.7e-05,0.3
169,550,-4047,165,8,34,-1.084,-2.842,-0.081752,-0.047857,0.002217,0.002318,1.7e-05,0.3
202,460,-4101,121,-28,191,-0.897,-2.798,-0.078496,-0.047094,0.002217,0.002315,1.7e-05,0.3
208,479,-4097,76,-21,195,-0.838,-2.735,-0.07745,-0.04599,0.002217,0.002325,1.7e-05,0.3
253,526,-4098,83,-8,98,-0.896,-2.71,-0.078473,-0.045561,0.002217,0.002321,1.7e-05,0.3
265,451,-4068,151,-3,37,-0.739,-2.764,-0.075734,-0.046492,0.002217,0.002309,1.7e-05,0.3
197,403,-4090,205,-4,-4,-0.383,-2.779,-0.069517,-0.046757,0.002217,0.002295,1.7e-05,0.3
247,300,-4095,236,0,-7,0.1,-2.815,-0.061094,-0.047387,0.002217,0.002284,1.7e-05,0.3
219,232,-4126,185,-1,14,0.596,-2.857,-0.052428,-0.048126,0.002217,0.002275,1.7e-05,0.3
211,248,-4127,104,-8,10,0.926,-2.847,-0.046678,-0.047941,0.002217,0.002267,1.7e-05,0.3
252,242,-4132,35,-2,6,1.01,-2.888,-0.045208,-0.04866,0.002217,0.00226,1.7e-05,0.3
201,153,-4124,23,-7,25,1.077,-2.891,-0.044031,-0.048718,0.002217,0.002254,1.7e-05,0.3
234,203,-4114,23,-2,2,1.096,-2.905,-0.043702,-0.048959,0.002217,0.002249,1.7e-05,0.3
210,117,-4093,46,-3,43,1.235,-2.918,-0.041269,-0.049185,0.002217,0.002245,1.7e-05,0.3
196,180,-4146,-15,-2,115,1.292,-2.89,-0.040285,-0.048698,0.002217,0.002246,1.7e-05,0.3
245,184,-4116,-37,-9,84,1.18,-2.896,-0.042243,-0.048796,0.002217,0.002249,1.7e-05,0.3
225,179,-4114,-31,-7,41,1.072,-2.935,-0.044128,-0.049477,0.002217,0.002245,1.7e-05,0.3
218,181,-4121,-38,-4,53,0.981,-2.924,-0.045717,-0.049291,0.002217,0.002243,1.7e-05,0.3
250,163,-4125,-42,-5,46,0.933,-2.95,-0.046549,-0.04975,0.002217,0.002241,1.7e-05,0.3
219,199,-4106,-20,-11,29,0.763,-2.942,-0.049513,-0.049604,0.002217,0.002238,1.7e-05,0.3
219,138,-4063,72,1,45,0.87,-2.934,-0.047655,-0.049456,0.002217,0.002236,1.7e-05,0.3
218,116,-4099,161,-9,88,1.283,-2.949,-0.040441,-0.049717,0.002217,0.002236,1.7e-05,0.3
186,175,-4155,78,-5,151,1.565,-2.901,-0.03551,-0.048883,0.002217,0.002243,1.7e-05,0.3
233,223,-4146,-42,-1,165,1.452,-2.889,-0.037498,-0.048674,0.002217,0.002253,1.7e-05,0.3
184,126,-4104,-72,-8,254,1.263,-2.834,-0.04078,-0.047712,0.002217,0.002273,1.7e-05,0.3
246,168,-4093,-26,-14,246,1.12,-2.794,-0.043293,-0.04702,0.002217,0.002296,1.7e-05,0.3
277,238,-4122,-11,-15,127,1.06,-2.805,-0.044327,-0.047203,0.002217,0.002304,1.7e-05,0.3
205,134,-4108,19,-10,96,1.061,-2.84,-0.044308,-0.04782,0.002217,0.002295,1.7e-05,0.3
236,184,-4135,15,-12,85,1.12,-2.829,-0.043286,-0.047631,0.002217,0.002288,1.7e-05,0.3
183,134,-4107,13,-12,108,1.143,-2.815,-0.042881,-0.04739,0.002217,0.002282,1.7e-05,0.3
207,156,-4097,5,-8,199,1.187,-2.755,-0.042107,-0.046345,0.002217,0.002292,1.7e-05,0.3
219,134,-4087,27,-29,241,1.213,-2.703,-0.041663,-0.045433,0.002217,0.002308,1.7e-05,0.3
178,88,-4100,102,-13,236,1.41,-2.688,-0.038217,-0.045162,0.002217,0.002322,1.7e-05,0.3
238,110,-4132,95,-13,328,1.773,-2.635,-0.031894,-0.044241,0.002217,0.002354,1.7e-05,0.3
176,252,-4194,-66,-13,344,1.698,-2.609,-0.033198,-0.043794,0.002217,0.002384,1.7e-05,0.3
234,172,-4060,-92,-14,326,1.318,-2.546,-0.039825,-0.042693,0.002217,0.002417,1.7e-05,0.3
264,186,-4127,-62,-15,199,1.129,-2.562,-0.043123,-0.04297,0.002217,0.002424,1.7e-05,0.3
242,228,-4053,-26,-9,126,1.004,-2.584,-0.045303,-0.043362,0.002217,0.002408,1.7e-05,0.3
242,161,-4089,28,-16,177,1.054,-2.558,-0.04443,-0.042906,0.002217,0.002395,1.7e-05,0.3
233,140,-4096,115,-7,176,1.267,-2.561,-0.04071,-0.042957,0.002217,0.002392,1.7e-05,0.3
246,249,-4156,73,-4,69,1.378,-2.617,-0.038779,-0.043926,0.002217,0.002373,1.7e-05,0.3
222,136,-4182,21,-11,78,1.394,-2.609,-0.038507,-0.043788,0.002217,0.002355,1.7e-05,0.3
216,96,-4094,47,-8,84,1.489,-2.644,-0.036841,-0.044408,0.002217,0.002342,1.7e-05,0.3
194,66,-4018,88,-9,162,1.752,-2.606,-0.032253,-0.043745,0.002217,0.002337,1.7e-05,0.3
199,96,-4092,-32,-1,171,1.86,-2.6,-0.030373,-0.043634,0.002217,0.002339,1.7e-05,0.3
236,249,-4133,-28,-5,100,1.644,-2.64,-0.034144,-0.044329,0.002217,0.002331,1.7e-05,0.3
195,6,-3989,34,21,108,1.752,-2.667,-0.032254,-0.044808,0.002217,0.002321,1.7e-05,0.3
253,154,-4085,41,17,55,1.813,-2.728,-0.03119,-0.045864,0.002217,0.002311,1.7e-05,0.3
218,145,-4202,-38,-32,61,1.854,-2.753,-0.030473,-0.0463,0.002217,0.002297,1.7e-05,0.3
233,123,-4251,-47,-37,214,1.747,-2.683,-0.032349,-0.045078,0.002217,0.002299,1.7e-05,0.3
239,8,-4077,23,-27,274,1.784,-2.637,-0.031693,-0.044279,0.002217,0.002314,1.7e-05,0.3
46,80,-4061,58,-47,391,1.921,-2.426,-0.029304,-0.0406,0.002217,0.002356,1.7e-05,0.3
267,210,-4131,26,16,290,1.941,-2.415,-0.028962,-0.040404,0.002217,0.002386,1.7e-05,0.3
155,152,-4104,-18,3,264,1.822,-2.48,-0.03104,-0.041542,0.002217,0.002401,1.7e-05,0.3
185,104,-4073,-15,7,214,1.74,-2.408,-0.032465,-0.040274,0.002217,0.002399,1.7e-05,0.3
339,165,-4107,48,12,112,1.755,-2.599,-0.032205,-0.04362,0.002217,0.002386,1.7e-05,0.3
123,33,-4113,63,10,97,2.067,-2.636,-0.026762,-0.044267,0.002217,0.002371,1.7e-05,0.3
289,167,-4115,45,-9,112,2.133,-2.669,-0.025602,-0.044845,0.002217,0.002356,1.7e-05,0.3
242,95,-4158,-7,35,162,2.13,-2.771,-0.025664,-0.046622,0.002217,0.002349,1.7e-05,0.3
234,93,-4185,19,-33,188,2.074,-2.792,-0.026632,-0.04698,0.002217,0.002342,1.7e-05,0.3
218,75,-4108,51,1,240,2.22,-2.685,-0.024077,-0.045123,0.002217,0.002351,1.7e-05,0.3
158,103,-4135,39,26,255,2.258,-2.721,-0.02342,-0.045752,0.002217,0.002363,1.7e-05,0.3
221,84,-4156,-9,-11,299,2.271,-2.691,-0.023196,-0.04523,0.002217,0.002379,1.7e-05,0.3
205,48,-4096,10,-11,312,2.301,-2.612,-0.022671,-0.043844,0.002217,0.002412,1.7e-05,0.3
146,53,-4074,8,-16,356,2.308,-2.563,-0.022553,-0.04298,0.002217,0.002439,1.7e-05,0.3
177,108,-4107,22,-30,381,2.302,-2.442,-0.022663,-0.040884,0.002217,0.002471,1.7e-05,0.3
76,39,-4055,42,35,412,2.383,-2.357,-0.021242,-0.039391,0.002217,0.002518,1.7e-05,0.3
123,-7,-4029,71,0,516,2.454,-2.245,-0.020008,-0.037432,0.002217,0.002559,1.7e-05,0.3
252,132,-3912,36,45,366,2.56,-2.357,-0.018156,-0.039391,0.002217,0.002583,1.7e-05,0.3
217,91,-4619,-25,-60,361,2.516,-2.359,-0.018917,-0.039428,0.002217,0.002595,1.7e-05,0.3
276,-20,-4141,-22,-61,414,2.491,-2.297,-0.019352,-0.038345,0.002217,0.002622,1.7e-05,0.3
-30,-6,-4024,49,-8,460,2.589,-2.238,-0.017652,-0.037316,0.002217,0.002646,1.7e-05,0.3
140,68,-4177,79,65,332,2.745,-2.159,-0.014923,-0.035931,0.002217,0.002653,1.7e-05,0.3
175,9,-3718,74,-4,384,2.982,-2.25,-0.010786,-0.037516,0.002217,0.002655,1.7e-05,0.3
22,124,-4341,7,19,268,2.951,-2.238,-0.011333,-0.037319,0.002217,0.002648,1.7e-05,0.3
341,73,-4126,29,25,279,2.877,-2.26,-0.012621,-0.03769,0.002217,0.002628,1.7e-05,0.3
135,24,-4066,26,23,295,2.872,-2.419,-0.012701,-0.040482,0.002217,0.002616,1.7e-05,0.3
138,44,-4285,93,-43,341,2.961,-2.34,-0.011154,-0.039087,0.002217,0.002611,1.7e-05,0.3
126,8,-4291,59,7,406,3.18,-2.179,-0.007327,-0.036288,0.002217,0.002624,1.7e-05,0.3
4,-1071,-4464,-888,-18,327,2.812,-2.16,-0.013759,-0.035946,0.002217,0.002641,1.7e-05,0.3
218,-1188,-4816,-1497,-28,209,0.569,-2.06,-0.052894,-0.034216,0.002217,0.002631,1.7e-05,0.3
184,-679,-3616,-639,35,154,-0.817,-1.973,-0.077093,-0.032685,0.002217,0.002593,1.7e-05,0.3
257,-700,-4026,53,44,97,0.023,-2.175,-0.062428,-0.036221,0.002217,0.002539,1.7e-05,0.3
247,-86,-4391,-125,-17,10,0.375,-2.214,-0.05628,-0.036892,0.002217,0.002499,1.7e-05,0.3
176,250,-4034,-36,16,0,-0.004,-2.224,-0.062909,-0.037071,0.002217,0.002458,1.7e-05,0.3
207,365,-4047,232,7,33,0.267,-2.23,-0.058177,-0.037169,0.002217,0.002421,1.7e-05,0.3
198,191,-4182,130,-2,32,0.69,-2.259,-0.050794,-0.03768,0.002217,0.002392,1.7e-05,0.3
219,382,-4131,0,-1,-78,0.77,-2.32,-0.049393,-0.038742,0.002217,0.00237,1.7e-05,0.3
208,351,-4106,-122,-1,-82,0.435,-2.423,-0.055246,-0.040538,0.002217,0.002353,1.7e-05,0.3
193,325,-4114,-95,13,-112,0.046,-2.48,-0.062025,-0.041547,0.002217,0.00234,1.7e-05,0.3
197,208,-4072,0,4,-64,-0.038,-2.53,-0.063494,-0.042403,0.002217,0.002327,1.7e-05,0.3
165,197,-4053,107,-3,-6,0.16,-2.538,-0.06004,-0.042558,0.002217,0.002313,1.7e-05,0.3
189,-65,-4235,-136,-8,1,0.314,-2.541,-0.057355,-0.0426,0.002217,0.002299,1.7e-05,0.3
184,103,-4178,-294,-13,75,-0.068,-2.507,-0.064027,-0.042011,0.002217,0.002289,1.7e-05,0.3
180,189,-4089,-228,-16,69,-0.602,-2.478,-0.07333,-0.041504,0.002217,0.002283,1.7e-05,0.3
231,165,-4167,-354,1,-26,-1.08,-2.495,-0.081688,-0.041805,0.002217,0.002275,1.7e-05,0.3
178,338,-4028,-191,59,-94,-1.856,-2.584,-0.09523,-0.043347,0.002217,0.00227,1.7e-05,0.3
249,337,-4112,14,58,-161,-1.841,-2.731,-0.094957,-0.045916,0.002217,0.002272,1.7e-05,0.3
177,466,-4141,-94,54,-201,-1.97,-2.836,-0.097217,-0.047745,0.002217,0.002281,1.7e-05,0.3
195,523,-4125,-26,24,-311,-2.131,-3.002,-0.100019,-0.050658,0.002217,0.00231,1.7e-05,0.3
210,414,-4041,23,33,-258,-2.115,-3.178,-0.099745,-0.053726,0.002217,0.002339,1.7e-05,0.3
114,443,-3988,-2,52,-243,-2.06,-3.265,-0.09878,-0.055232,0.002217,0.002348,1.7e-05,0.3
170,400,-4071,6,51,-204,-2.069,-3.393,-0.098951,-0.057468,0.002217,0.002364,1.7e-05,0.3
249,469,-4207,12,-9,-153,-2.093,-3.502,-0.099361,-0.059374,0.002217,0.002358,1.7e-05,0.3
215,448,-4144,25,6,-296,-2.062,-3.581,-0.098814,-0.060758,0.002217,0.002364,1.7e-05,0.3
161,422,-4055,18,40,-292,-2.01,-3.672,-0.097916,-0.062347,0.002217,0.002391,1.7e-05,0.3
207,484,-4111,-60,54,-317,-2.044,-3.809,-0.098511,-0.064728,0.002217,0.002413,1.7e-05,0.3
129,411,-4234,-63,34,-290,-2.212,-3.902,-0.101431,-0.06635,0.002217,0.002433,1.7e-05,0.3
166,455,-4093,-71,73,-261,-2.354,-3.965,-0.103923,-0.067456,0.002217,0.002438,1.7e-05,0.3
135,383,-4020,-9,78,-134,-2.388,-4.067,-0.104506,-0.069244,0.002217,0.002433,1.7e-05,0.3
219,452,-3974,12,23,-179,-2.409,-4.13,-0.104881,-0.070329,0.002217,0.00242,1.7e-05,0.3
149,454,-4078,-41,77,-162,-2.44,-4.184,-0.105421,-0.071276,0.002217,0.002407,1.7e-05,0.3
255,498,-4182,-67,37,-137,-2.53,-4.197,-0.106983,-0.071507,0.002217,0.00239,1.7e-05,0.3
245,483,-4088,-51,-4,-223,-2.735,-4.251,-0.11057,-0.072457,0.002217,0.002394,1.7e-05,0.3
113,472,-4038,-43,25,-273,-2.815,-4.296,-0.111963,-0.073237,0.002217,0.002405,1.7e-05,0.3
343,573,-4254,-65,2,-319,-2.832,-4.318,-0.112265,-0.073615,0.002217,0.002418,1.7e-05,0.3
27,392,-3928,-29,29,-369,-2.887,-4.414,-0.113218,-0.075301,0.002217,0.002446,1.7e-05,0.3
87,507,-4299,-26,49,-257,-2.821,-4.299,-0.112069,-0.073283,0.002217,0.002455,1.7e-05,0.3
248,530,-4083,-62,117,-198,-2.949,-4.428,-0.114301,-0.075539,0.002217,0.002451,1.7e-05,0.3
55,504,-4168,-71,149,-206,-3.064,-4.601,-0.116313,-0.078556,0.002217,0.002444,1.7e-05,0.3
367,507,-3630,-27,23,-313,-3.248,-4.62,-0.119522,-0.078881,0.002217,0.002439,1.7e-05,0.3
197,522,-4126,-39,-13,-305,-3.346,-4.776,-0.121227,-0.081614,0.002217,0.002452,1.7e-05,0.3
76,459,-3860,-45,76,-287,-3.349,-4.897,-0.121287,-0.083729,0.002217,0.002462,1.7e-05,0.3
93,455,-3659,-43,103,-256,-3.427,-5.019,-0.122641,-0.085846,0.002217,0.002465,1.7e-05,0.3
239,580,-4368,-38,55,-288,-3.509,-5.186,-0.124079,-0.088761,0.002217,0.002472,1.7e-05,0.3
91,463,-4046,-39,51,-288,-3.567,-5.278,-0.125085,-0.090371,0.002217,0.002474,1.7e-05,0.3
258,583,-4024,-51,-15,-395,-3.708,-5.331,-0.12754,-0.09129,0.002217,0.002495,1.7e-05,0.3
242,597,-4386,-121,31,-442,-3.821,-5.408,-0.129517,-0.092644,0.002217,0.002533,1.7e-05,0.3
-539,339,-3217,-73,47,-316,-3.903,-5.066,-0.130948,-0.086677,0.002217,0.002541,1.7e-05,0.3
355,634,-3804,46,133,-279,-4.071,-5.342,-0.133876,-0.091482,0.002217,0.002544,1.7e-05,0.3
490,752,-5600,-214,41,-453,-4.219,-5.745,-0.136461,-0.098523,0.002217,0.002562,1.7e-05,0.3
-80,556,-3763,-102,21,-403,-4.358,-5.799,-0.138893,-0.099471,0.002217,0.002584,1.7e-05,0.3
-44,471,-3342,-25,100,-373,-4.404,-5.896,-0.139696,-0.101155,0.002217,0.002597,1.7e-05,0.3
178,708,-4213,149,39,-359,-4.426,-6.169,-0.140088,-0.105922,0.002217,0.002614,1.7e-05,0.3
218,2495,-3669,1952,34,-224,-2.554,-6.091,-0.107412,-0.104569,0.002217,0.002601,1.7e-05,0.3
81,1944,-3670,1860,6,90,0.835,-5.812,-0.048255,-0.09969,0.002217,0.002546,1.7e-05,0.3
203,1530,-4378,750,49,469,2.308,-5.503,-0.02255,-0.094294,0.002217,0.002563,1.7e-05,0.3
191,1840,-4216,-69,61,661,1.231,-5.38,-0.041353,-0.092159,0.002217,0.002629,1.7e-05,0.3
288,954,-4343,-61,-75,717,-0.159,-5.182,-0.065606,-0.088704,0.002217,0.002711,1.7e-05,0.3
343,166,-4126,-84,-13,613,-0.559,-5.012,-0.072585,-0.085729,0.002217,0.002782,1.7e-05,0.3
247,201,-4114,-64,-35,474,-0.73,-4.84,-0.075573,-0.082721,0.002217,0.002816,1.7e-05,0.3
374,214,-4023,126,-16,235,-0.615,-4.666,-0.073568,-0.079684,0.002217,0.002798,1.7e-05,0.3
308,225,-4052,304,9,-63,0.051,-4.742,-0.061949,-0.081019,0.002217,0.002707,1.7e-05,0.3
216,73,-4122,304,-4,-72,0.873,-4.64,-0.047603,-0.079242,0.002217,0.002647,1.7e-05,0.3
238,121,-4139,232,0,34,1.641,-4.507,-0.034198,-0.076911,0.002217,0.002577,1.7e-05,0.3
198,14,-4180,136,-14,69,2.138,-4.382,-0.025523,-0.074732,0.002217,0.002525,1.7e-05,0.3
255,97,-4177,39,-15,88,2.322,-4.281,-0.022305,-0.072972,0.002217,0.002484,1.7e-05,0.3
194,-20,-4129,-72,-29,284,2.288,-4.16,-0.02289,-0.07086,0.002217,0.002466,1.7e-05,0.3
181,3,-4032,-56,3,334,2.174,-4.033,-0.024882,-0.068637,0.002217,0.002489,1.7e-05,0.3
146,11,-4036,19,-27,304,2.186,-3.929,-0.024686,-0.066822,0.002217,0.002499,1.7e-05,0.3
209,4,-4125,44,10,395,2.334,-3.78,-0.02209,-0.064231,0.002217,0.002523,1.7e-05,0.3
165,71,-4163,-6,47,258,2.341,-3.821,-0.021977,-0.064947,0.002217,0.002527,1.7e-05,0.3
243,76,-4173,-18,35,174,2.25,-3.782,-0.023564,-0.064264,0.002217,0.002508,1.7e-05,0.3
357,40,-4100,1,25,101,2.302,-3.891,-0.022649,-0.066159,0.002217,0.002476,1.7e-05,0.3
120,-84,-4068,64,-5,160,2.463,-3.879,-0.01985,-0.065951,0.002217,0.002456,1.7e-05,0.3
225,78,-4045,48,14,153,2.613,-3.767,-0.017227,-0.063995,0.002217,0.002438,1.7e-05,0.3
302,-7,-4220,11,4,197,2.68,-3.837,-0.016059,-0.065215,0.002217,0.002423,1.7e-05,0.3
142,-116,-4101,11,-39,268,2.747,-3.772,-0.014881,-0.064082,0.002217,0.002421,1.7e-05,0.3
190,2,-4081,4,0,307,2.844,-3.638,-0.013199,-0.061757,0.002217,0.002433,1.7e-05,0.3
202,-15,-4199,0,31,302,2.874,-3.584,-0.012665,-0.0608,0.002217,0.002453,1.7e-05,0.3
197,-24,-4138,20,-37,372,2.959,-3.491,-0.011186,-0.059178,0.002217,0.002485,1.7e-05,0.3
110,-24,-4100,3,9,411,3.007,-3.397,-0.010351,-0.05755,0.002217,0.002519,1.7e-05,0.3
152,-62,-3997,16,40,389,3.094,-3.343,-0.008835,-0.0566,0.002217,0.002549,1.7e-05,0.3
178,-8,-4242,72,60,387,3.247,-3.379,-0.006164,-0.057232,0.002217,0.002572,1.7e-05,0.3
166,59,-3727,2,-17,404,3.231,-3.424,-0.006438,-0.058016,0.002217,0.002583,1.7e-05,0.3
380,-94,-4392,29,-27,439,3.283,-3.304,-0.00553,-0.055929,0.002217,0.002608,1.7e-05,0.3
66,-45,-4344,44,14,384,3.404,-3.25,-0.003417,-0.054986,0.002217,0.002629,1.7e-05,0.3
161,-45,-4232,66,-41,341,3.606,-3.146,9.7e-05,-0.053164,0.002217,0.002632,1.7e-05,0.3
75,34,-3368,39,135,305,3.691,-3.337,0.001584,-0.056489,0.002217,0.002636,1.7e-05,0.3
250,-491,-4690,-1069,-483,237,3.385,-3.077,-0.00376,-0.051958,0.002217,0.002628,1.7e-05,0.3
103,-2007,-4382,-2008,-97,69,-0.695,-2.945,-0.074955,-0.049663,0.002217,0.00259,1.7e-05,0.3
167,-1059,-3943,-175,75,305,-2.63,-3.018,-0.108738,-0.050928,0.002217,0.002559,1.7e-05,0.3
183,-1755,-3401,732,-158,252,0.554,-3.051,-0.053164,-0.051512,0.002217,0.002557,1.7e-05,0.3
139,115,-5562,-26,-119,55,1.211,-2.88,-0.041688,-0.048521,0.002217,0.002514,1.7e-05,0.3
379,776,-3416,412,165,52,1.534,-3.537,-0.036058,-0.05999,0.002217,0.002475,1.7e-05,0.3
115,70,-4388,-229,98,75,1.243,-3.658,-0.041142,-0.062095,0.002217,0.002442,1.7e-05,0.3
114,98,-4137,-199,-99,185,0.701,-3.203,-0.050593,-0.054165,0.002217,0.002426,1.7e-05,0.3
377,218,-4154,-178,-33,202,0.235,-3.161,-0.058725,-0.053429,0.002217,0.002417,1.7e-05,0.3
118,260,-4089,-122,-21,179,-0.13,-3.153,-0.065107,-0.053293,0.002217,0.00241,1.7e-05,0.3
223,305,-4059,-97,-11,157,-0.46,-3.066,-0.070858,-0.051762,0.002217,0.0024,1.7e-05,0.3
323,270,-4073,-19,-28,118,-0.59,-3.127,-0.073134,-0.05283,0.002217,0.002385,1.7e-05,0.3
162,281,-4091,24,2,92,-0.552,-3.059,-0.072462,-0.05164,0.002217,0.002368,1.7e-05,0.3
251,322,-4135,-2,-11,90,-0.543,-3.051,-0.072309,-0.051499,0.002217,0.002353,1.7e-05,0.3
250,334,-4132,-73,-21,116,-0.712,-3.04,-0.075256,-0.051311,0.002217,0.002339,1.7e-05,0.3
192,347,-4112,-104,-2,109,-0.975,-2.981,-0.079855,-0.050287,0.002217,0.00233,1.7e-05,0.3
275,361,-4108,-103,-10,52,-1.265,-2.983,-0.084914,-0.050312,0.002217,0.002317,1.7e-05,0.3
242,340,-4063,-35,9,-2,-1.412,-3.045,-0.087473,-0.0514,0.002217,0.002304,1.7e-05,0.3
206,295,-4088,65,9,-9,-1.289,-3.068,-0.085323,-0.051793,0.002217,0.002291,1.7e-05,0.3
290,374,-4103,65,12,-80,-1.074,-3.117,-0.081574,-0.052656,0.002217,0.002283,1.7e-05,0.3
219,357,-4109,37,12,-51,-1.037,-3.2,-0.080937,-0.054112,0.002217,0.002276,1.7e-05,0.3
223,319,-4108,35,2,3,-0.959,-3.219,-0.079567,-0.054437,0.002217,0.002268,1.7e-05,0.3
238,340,-4085,19,-7,24,-0.905,-3.219,-0.078635,-0.054437,0.002217,0.002262,1.7e-05,0.3
204,258,-4121,9,-5,109,-0.794,-3.184,-0.076685,-0.053818,0.002217,0.002259,1.7e-05,0.3
272,393,-4120,-100,-17,81,-0.935,-3.158,-0.079153,-0.053376,0.002217,0.002258,1.7e-05,0.3
281,429,-4123,-170,3,-33,-1.358,-3.188,-0.086526,-0.053903,0.002217,0.002254,1.7e-05,0.3
269,374,-4062,-103,-3,-137,-1.713,-3.266,-0.092726,-0.055253,0.002217,0.002255,1.7e-05,0.3
239,326,-4081,44,21,-232,-1.665,-3.382,-0.091898,-0.057288,0.002217,0.002272,1.7e-05,0.3
240,335,-4131,125,24,-241,-1.329,-3.504,-0.086024,-0.059414,0.002217,0.002292,1.7e-05,0.3
194,333,-4115,58,17,-104,-1.033,-3.569,-0.080867,-0.060548,0.002217,0.002299,1.7e-05,0.3
209,343,-4023,-24,-5,-59,-1.002,-3.539,-0.080321,-0.060025,0.002217,0.002291,1.7e-05,0.3
260,389,-4157,-77,13,-104,-1.21,-3.542,-0.083942,-0.060079,0.002217,0.002285,1.7e-05,0.3
273,391,-4133,-56,9,-198,-1.388,-3.617,-0.08705,-0.061383,0.002217,0.002289,1.7e-05,0.3
206,336,-4116,-35,22,-199,-1.439,-3.703,-0.087956,-0.062893,0.002217,0.002304,1.7e-05,0.3
167,311,-4020,20,9,-103,-1.457,-3.71,-0.088267,-0.063005,0.002217,0.002308,1.7e-05,0.3
273,296,-4190,28,10,-128,-1.299,-3.707,-0.085496,-0.062953,0.002217,0.002301,1.7e-05,0.3
211,420,-4143,-68,12,-150,-1.378,-3.788,-0.086889,-0.064374,0.002217,0.002301,1.7e-05,0.3
291,453,-4087,-107,-2,-243,-1.633,-3.811,-0.091326,-0.06477,0.002217,0.002311,1.7e-05,0.3
229,427,-4031,-34,40,-307,-1.85,-3.929,-0.095125,-0.06683,0.002217,0.002336,1.7e-05,0.3
181,356,-4124,32,22,-280,-1.789,-4.01,-0.09405,-0.068245,0.002217,0.002367,1.7e-05,0.3
221,364,-4083,58,38,-261,-1.614,-4.041,-0.091008,-0.06878,0.002217,0.002379,1.7e-05,0.3
231,393,-4051,-3,24,-256,-1.566,-4.151,-0.09016,-0.07071,0.002217,0.002394,1.7e-05,0.3
139,265,-4107,28,1,-150,-1.449,-4.107,-0.088129,-0.069942,0.002217,0.002393,1.7e-05,0.3
243,420,-4186,-14,32,-164,-1.357,-4.08,-0.086514,-0.069458,0.002217,0.002381,1.7e-05,0.3
271,409,-4176,-100,4,-135,-1.583,-4.134,-0.09046,-0.070408,0.002217,0.002369,1.7e-05,0.3
170,395,-4125,-113,36,-146,-1.864,-4.099,-0.095363,-0.069794,0.002217,0.002361,1.7e-05,0.3
219,370,-4126,-67,14,-120,-2.056,-4.07,-0.098717,-0.069295,0.002217,0.002349,1.7e-05,0.3
212,351,-4066,-2,22,-109,-2.019,-4.108,-0.098067,-0.06995,0.002217,0.002337,1.7e-05,0.3
211,414,-4029,-11,17,-72,-2.031,-4.125,-0.098273,-0.070253,0.002217,0.002324,1.7e-05,0.3
251,433,-4087,-36,40,-42,-2.065,-4.192,-0.098869,-0.071416,0.002217,0.002313,1.7e-05,0.3
364,514,-4361,-23,13,-197,-2.213,-4.266,-0.101455,-0.072702,0.002217,0.002308,1.7e-05,0.3
239,420,-4049,-34,-32,-401,-2.301,-4.297,-0.102998,-0.073247,0.002217,0.002342,1.7e-05,0.3
127,383,-4175,6,20,-351,-2.19,-4.345,-0.101051,-0.074089,0.002217,0.002387,1.7e-05,0.3
215,469,-4196,-15,99,-368,-2.146,-4.504,-0.100282,-0.076857,0.002217,0.002418,1.7e-05,0.3
170,369,-4033,-72,41,-312,-2.187,-4.66,-0.101004,-0.079591,0.002217,0.002439,1.7e-05,0.3
154,435,-4005,-52,57,-232,-2.327,-4.722,-0.10344,-0.080676,0.002217,0.002441,1.7e-05,0.3
250,430,-4102,-34,35,-224,-2.349,-4.8,-0.103823,-0.08203,0.002217,0.002441,1.7e-05,0.3
198,435,-4107,-92,53,-224,-2.423,-4.84,-0.105115,-0.082734,0.002217,0.002438,1.7e-05,0.3
204,396,-4147,-80,57,-204,-2.526,-4.856,-0.106917,-0.083013,0.002217,0.002432,1.7e-05,0.3
263,430,-4069,-77,33,-215,-2.653,-4.909,-0.109142,-0.083929,0.002217,0.002425,1.7e-05,0.3
272,821,-4003,223,-36,-251,-2.716,-4.961,-0.110241,-0.084835,0.002217,0.002433,1.7e-05,0.3
230,1076,-3879,905,-131,-222,-1.866,-4.678,-0.095395,-0.079895,0.002217,0.002433,1.7e-05,0.3
11,897,-4092,678,177,-167,-0.217,-4.532,-0.066622,-0.07735,0.002217,0.002425,1.7e-05,0.3
186,936,-4396,207,-8,-29,0.172,-4.609,-0.059837,-0.078705,0.002217,0.002401,1.7e-05,0.3
162,555,-3992,28,10,171,-0.143,-4.398,-0.06532,-0.075018,0.002217,0.002381,1.7e-05,0.3
263,456,-4063,-36,0,165,-0.409,-4.311,-0.069972,-0.073497,0.002217,0.002375,1.7e-05,0.3
250,409,-4178,-221,-21,167,-0.852,-4.239,-0.077698,-0.07224,0.002217,0.002369,1.7e-05,0.3
250,335,-4075,-228,-19,167,-1.552,-4.079,-0.089913,-0.069447,0.002217,0.002364,1.7e-05,0.3
264,302,-4047,-90,-4,87,-1.846,-4.004,-0.095058,-0.06813,0.002217,0.002352,1.7e-05,0.3
214,402,-3984,195,-4,7,-1.614,-3.95,-0.090993,-0.067193,0.002217,0.002334,1.7e-05,0.3
238,333,-4161,229,33,1,-1.048,-3.964,-0.081121,-0.067446,0.002217,0.002318,1.7e-05,0.3
178,433,-4121,171,-9,200,-0.635,-3.895,-0.073913,-0.066233,0.002217,0.002313,1.7e-05,0.3
185,521,-4068,219,0,228,-0.382,-3.778,-0.069496,-0.064186,0.002217,0.002326,1.7e-05,0.3
292,450,-4071,269,16,182,-0.022,-3.772,-0.06322,-0.06409,0.002217,0.002332,1.7e-05,0.3
260,292,-4172,204,-55,197,0.405,-3.714,-0.055758,-0.063068,0.002217,0.002335,1.7e-05,0.3
247,284,-4117,113,-18,141,0.681,-3.587,-0.050951,-0.060854,0.002217,0.002335,1.7e-05,0.3
236,212,-4142,55,3,158,0.786,-3.542,-0.049109,-0.060073,0.002217,0.002329,1.7e-05,0.3
238,145,-4107,71,-33,229,0.967,-3.458,-0.04596,-0.058603,0.002217,0.002335,1.7e-05,0.3
216,179,-4101,40,-6,213,1.118,-3.363,-0.043315,-0.056949,0.002217,0.002346,1.7e-05,0.3
283,201,-4159,61,-17,89,1.196,-3.352,-0.041964,-0.056756,0.002217,0.002337,1.7e-05,0.3
280,182,-4097,80,-2,1,1.353,-3.389,-0.039224,-0.057403,0.002217,0.00232,1.7e-05,0.3
177,68,-4107,68,-9,120,1.59,-3.326,-0.035085,-0.056307,0.002217,0.002309,1.7e-05,0.3
170,93,-4148,17,-11,268,1.75,-3.214,-0.032287,-0.054349,0.002217,0.002324,1.7e-05,0.3
247,140,-4119,-12,-9,207,1.718,-3.189,-0.032845,-0.053906,0.002217,0.002341,1.7e-05,0.3
234,116,-4076,-15,-7,124,1.61,-3.165,-0.034729,-0.053499,0.002217,0.002342,1.7e-05,0.3
223,86,-4151,-27,-22,171,1.574,-3.137,-0.035367,-0.053002,0.002217,0.002338,1.7e-05,0.3
207,103,-4057,63,-18,142,1.707,-3.1,-0.033034,-0.052351,0.002217,0.002335,1.7e-05,0.3
210,35,-4156,55,-12,246,1.924,-3.033,-0.029244,-0.051197,0.002217,0.00234,1.7e-05,0.3
188,81,-4082,62,17,209,2.095,-3.061,-0.026267,-0.051672,0.002217,0.002349,1.7e-05,0.3
198,94,-4152,-2,0,108,2.241,-3.002,-0.023724,-0.050649,0.002217,0.002348,1.7e-05,0.3
308,206,-4113,-56,41,24,2.037,-3.211,-0.027282,-0.054291,0.002217,0.002331,1.7e-05,0.3
174,79,-4190,-46,-18,34,1.883,-3.249,-0.029964,-0.054966,0.002217,0.002317,1.7e-05,0.3
345,103,-4004,53,16,-3,1.917,-3.34,-0.029366,-0.05655,0.002217,0.002302,1.7e-05,0.3
158,32,-4120,46,31,62,2.185,-3.376,-0.024698,-0.057179,0.002217,0.002291,1.7e-05,0.3
248,91,-4048,-1,7,62,2.251,-3.354,-0.023549,-0.056791,0.002217,0.002283,1.7e-05,0.3
309,90,-4152,-43,-7,83,2.251,-3.419,-0.023541,-0.05792,0.002217,0.00228,1.7e-05,0.3
149,-32,-4084,-34,-51,246,2.261,-3.3,-0.023371,-0.055855,0.002217,0.002288,1.7e-05,0.3
176,57,-4105,19,-18,238,2.317,-3.188,-0.022388,-0.053902,0.002217,0.002305,1.7e-05,0.3
253,67,-4089,12,-32,254,2.421,-3.184,-0.020569,-0.053829,0.002217,0.002322,1.7e-05,0.3
194,21,-4128,-6,-49,339,2.415,-3.082,-0.020687,-0.052044,0.002217,0.002352,1.7e-05,0.3
89,46,-4103,24,-1,351,2.434,-2.959,-0.020346,-0.049893,0.002217,0.002389,1.7e-05,0.3
210,74,-4135,15,-16,318,2.501,-2.903,-0.019185,-0.048915,0.002217,0.002419,1.7e-05,0.3
244,19,-4093,32,52,273,2.612,-3.0,-0.017245,-0.050621,0.002217,0.002437,1.7e-05,0.3
109,-29,-4119,-21,-79,384,2.629,-2.959,-0.016953,-0.049907,0.002217,0.002454,1.7e-05,0.3
229,100,-3865,-11,36,346,2.546,-2.885,-0.018389,-0.048612,0.002217,0.002476,1.7e-05,0.3
214,13,-4312,15,-33,340,2.531,-2.923,-0.018654,-0.049263,0.002217,0.002489,1.7e-05,0.3
169,-415,-4473,-300,-6,292,2.602,-2.807,-0.01742,-0.047246,0.002217,0.002507,1.7e-05,0.3
237,-752,-4182,-1075,-19,132,1.393,-2.664,-0.038513,-0.044744,0.002217,0.002488,1.7e-05,0.3
436,-307,-3975,-709,-6,119,-0.268,-2.837,-0.067505,-0.047774,0.002217,0.002458,1.7e-05,0.3
153,-411,-4149,-104,4,39,-0.136,-3.002,-0.065201,-0.050648,0.002217,0.002429,1.7e-05,0.3
324,-77,-4007,38,17,-77,0.477,-2.957,-0.05451,-0.049871,0.002217,0.002399,1.7e-05,0.3
264,135,-4077,-39,30,-179,0.606,-3.174,-0.052248,-0.053651,0.002217,0.002391,1.7e-05,0.3
195,146,-4125,-26,20,-172,0.63,-3.3,-0.051833,-0.055845,0.002217,0.002384,1.7e-05,0.3
312,228,-4162,81,-7,-148,0.761,-3.388,-0.049548,-0.057382,0.002217,0.002378,1.7e-05,0.3
197,169,-4150,30,-5,-98,0.889,-3.431,-0.04731,-0.058139,0.002217,0.002365,1.7e-05,0.3
211,90,-4128,16,13,18,1.054,-3.386,-0.044428,-0.05736,0.002217,0.002346,1.7e-05,0.3
281,201,-4144,-77,6,22,1.018,-3.416,-0.045072,-0.057872,0.002217,0.002328,1.7e-05,0.3
206,184,-4113,-152,-11,24,0.683,-3.411,-0.050913,-0.057791,0.002217,0.002312,1.7e-05,0.3
235,235,-4103,-126,-1,19,0.342,-3.371,-0.056859,-0.057098,0.002217,0.002299,1.7e-05,0.3
250,286,-4123,-119,-7,3,0.055,-3.38,-0.061873,-0.057244,0.002217,0.002289,1.7e-05,0.3
216,278,-4108,-128,-9,33,-0.288,-3.346,-0.067853,-0.056659,0.002217,0.002279,1.7e-05,0.3
242,269,-4072,-44,-5,61,-0.525,-3.334,-0.071994,-0.056444,0.002217,0.002271,1.7e-05,0.3
241,231,-4091,54,-14,107,-0.442,-3.291,-0.070549,-0.055691,0.002217,0.002268,1.7e-05,0.3
240,316,-4095,57,-2,44,-0.297,-3.277,-0.068007,-0.055453,0.002217,0.002265,1.7e-05,0.3
276,356,-4132,-21,-3,-29,-0.318,-3.305,-0.068388,-0.055934,0.002217,0.002258,1.7e-05,0.3
254,335,-4125,-105,0,-47,-0.52,-3.34,-0.071903,-0.056542,0.002217,0.002254,1.7e-05,0.3
213,285,-4104,-91,-5,-6,-0.798,-3.332,-0.076763,-0.056406,0.002217,0.002249,1.7e-05,0.3
246,318,-4097,-69,1,-8,-0.972,-3.332,-0.079796,-0.05641,0.002217,0.002244,1.7e-05,0.3
253,358,-4107,-74,0,-37,-1.145,-3.36,-0.082817,-0.056904,0.002217,0.002241,1.7e-05,0.3
244,376,-4092,-67,8,-86,-1.353,-3.4,-0.086447,-0.057598,0.002217,0.002241,1.7e-05,0.3
234,369,-4110,-38,16,-66,-1.499,-3.445,-0.089,-0.058378,0.002217,0.002242,1.7e-05,0.3
234,303,-4105,25,-6,-5,-1.465,-3.438,-0.088404,-0.058257,0.002217,0.002239,1.7e-05,0.3
257,386,-4069,50,27,-82,-1.342,-3.485,-0.086254,-0.059073,0.002217,0.002238,1.7e-05,0.3
253,363,-4104,24,8,-100,-1.256,-3.527,-0.084745,-0.059816,0.002217,0.002239,1.7e-05,0.3
267,355,-4104,-6,9,-130,-1.193,-3.575,-0.083659,-0.060653,0.002217,0.002244,1.7e-05,0.3
183,302,-4085,27,3,-63,-1.141,-3.592,-0.082754,-0.060951,0.002217,0.002248,1.7e-05,0.3
254,424,-4134,-37,0,-49,-1.113,-3.56,-0.082254,-0.060389,0.002217,0.002245,1.7e-05,0.3
254,411,-4139,-142,0,-78,-1.44,-3.592,-0.087967,-0.060947,0.002217,0.002243,1.7e-05,0.3
267,425,-4069,-85,15,-186,-1.803,-3.653,-0.094303,-0.06201,0.002217,0.00225,1.7e-05,0.3
270,371,-4093,19,23,-276,-1.794,-3.78,-0.094146,-0.064227,0.002217,0.002278,1.7e-05,0.3
243,436,-4087,44,34,-327,-1.696,-3.907,-0.092425,-0.066453,0.002217,0.00231,1.7e-05,0.3
178,383,-4117,32,11,-309,-1.574,-3.99,-0.090307,-0.067895,0.002217,0.002344,1.7e-05,0.3
227,378,-4095,37,28,-266,-1.42,-4.027,-0.087607,-0.06854,0.002217,0.002367,1.7e-05,0.3
216,412,-4156,-72,29,-205,-1.458,-4.084,-0.088277,-0.069535,0.002217,0.002373,1.7e-05,0.3
203,363,-4069,-73,24,-201,-1.677,-4.118,-0.092106,-0.07012,0.002217,0.002378,1.7e-05,0.3
175,226,-4078,33,11,-67,-1.634,-4.109,-0.091358,-0.069977,0.002217,0.00237,1.7e-05,0.3
238,404,-4076,61,7,-106,-1.405,-4.071,-0.087351,-0.069303,0.002217,0.002353,1.7e-05,0.3
278,428,-4121,-35,5,-180,-1.439,-4.089,-0.087956,-0.069622,0.002217,0.002349,1.7e-05,0.3
136,415,-4156,-117,7,-143,-1.675,-4.063,-0.09207,-0.069168,0.002217,0.002343,1.7e-05,0.3
231,369,-4102,-95,34,-155,-1.916,-4.063,-0.09628,-0.069176,0.002217,0.00234,1.7e-05,0.3
166,352,-3949,-1,52,-52,-2.04,-4.074,-0.098432,-0.069366,0.002217,0.002327,1.7e-05,0.3
254,447,-4032,1,26,-133,-2.045,-4.075,-0.098519,-0.069377,0.002217,0.002318,1.7e-05,0.3
264,451,-4109,6,11,-78,-2.022,-4.145,-0.098122,-0.070605,0.002217,0.002308,1.7e-05,0.3
241,511,-4019,-82,20,-174,-2.157,-4.225,-0.100478,-0.072001,0.002217,0.002309,1.7e-05,0.3
247,383,-4074,-21,37,-222,-2.329,-4.251,-0.103487,-0.072441,0.002217,0.002318,1.7e-05,0.3
278,437,-3900,39,-2,-355,-2.268,-4.34,-0.102419,-0.074009,0.002217,0.002349,1.7e-05,0.3
185,404,-4090,17,85,-343,-2.107,-4.477,-0.09961,-0.0764,0.002217,0.002393,1.7e-05,0.3
145,398,-4012,-12,42,-348,-2.112,-4.584,-0.099695,-0.078265,0.002217,0.002428,1.7e-05,0.3
137,396,-4242,-58,59,-307,-2.191,-4.638,-0.101075,-0.079202,0.002217,0.002445,1.7e-05,0.3
156,381,-4053,-73,67,-252,-2.376,-4.725,-0.104308,-0.080727,0.002217,0.002447,1.7e-05,0.3
324,618,-4041,277,-72,-173,-2.297,-4.747,-0.10292,-0.081103,0.002217,0.002447,1.7e-05,0.3
92,954,-3917,654,-39,-97,-1.417,-4.458,-0.087569,-0.076066,0.002217,0.002428,1.7e-05,0.3
57,667,-3915,349,233,-36,-0.31,-4.597,-0.068251,-0.078479,0.002217,0.002396,1.7e-05,0.3
319,773,-4272,119,-68,64,-0.215,-4.631,-0.066593,-0.079073,0.002217,0.002377,1.7e-05,0.3
281,609,-4121,-101,1,-21,-0.713,-4.616,-0.075284,-0.078824,0.002217,0.002353,1.7e-05,0.3
254,412,-4094,-133,-44,-19,-1.103,-4.457,-0.082085,-0.076047,0.002217,0.002335,1.7e-05,0.3
229,417,-4076,-222,-2,-150,-1.614,-4.334,-0.091001,-0.073892,0.002217,0.002325,1.7e-05,0.3
234,354,-4094,-125,0,-148,-2.085,-4.382,-0.099227,-0.074734,0.002217,0.002325,1.7e-05,0.3
253,250,-4008,116,-16,-146,-1.795,-4.398,-0.094166,-0.075022,0.002217,0.002321,1.7e-05,0.3
305,390,-4275,-86,-6,-326,-1.729,-4.456,-0.093009,-0.076021,0.002217,0.002338,1.7e-05,0.3
183,556,-3888,88,28,-388,-1.728,-4.515,-0.092986,-0.077053,0.002217,0.002376,1.7e-05,0.3
83,324,-4117,-66,56,-318,-1.626,-4.454,-0.091219,-0.075993,0.002217,0.002404,1.7e-05,0.3
218,385,-4194,-151,79,-292,-1.9,-4.603,-0.095997,-0.078584,0.002217,0.002429,1.7e-05,0.3
51,162,-3898,-338,169,-189,-2.189,-4.557,-0.101045,-0.07779,0.002217,0.002417,1.7e-05,0.3
407,1216,-3764,466,49,-50,-2.669,-4.405,-0.109409,-0.075143,0.002217,0.002399,1.7e-05,0.3
9,568,-4222,385,-11,38,-2.188,-4.083,-0.101014,-0.069515,0.002217,0.002371,1.7e-05,0.3
191,940,-4049,483,161,72,-1.697,-3.897,-0.092451,-0.066264,0.002217,0.002351,1.7e-05,0.3
444,645,-4354,258,20,223,-1.176,-4.099,-0.083357,-0.069801,0.002217,0.002351,1.7e-05,0.3
139,830,-3928,359,-82,75,-0.905,-3.996,-0.078627,-0.068004,0.002217,0.002347,1.7e-05,0.3
321,326,-4050,213,-39,-92,-0.475,-4.008,-0.071115,-0.068207,0.002217,0.002331,1.7e-05,0.3
224,185,-4006,207,37,-176,0.142,-4.105,-0.060348,-0.069899,0.002217,0.002327,1.7e-05,0.3
284,86,-4247,-34,24,-387,0.5,-4.139,-0.054107,-0.070487,0.002217,0.002354,1.7e-05,0.3
390,-29,-4220,-240,14,-480,0.402,-4.23,-0.055817,-0.072075,0.002217,0.002406,1.7e-05,0.3
186,72,-4137,-320,41,-465,-0.042,-4.379,-0.063566,-0.07468,0.002217,0.002466,1.7e-05,0.3
220,91,-4095,-186,14,-388,-0.341,-4.396,-0.068778,-0.074983,0.002217,0.002503,1.7e-05,0.3
203,123,-4051,-86,9,-295,-0.396,-4.406,-0.069748,-0.075148,0.002217,0.002518,1.7e-05,0.3
167,159,-4100,38,11,-59,-0.183,-4.358,-0.066029,-0.074315,0.002217,0.002491,1.7e-05,0.3
208,300,-4106,55,-20,80,-0.045,-4.21,-0.063613,-0.071729,0.002217,0.002457,1.7e-05,0.3
258,348,-4059,132,-4,52,0.103,-4.107,-0.061042,-0.069944,0.002217,0.002425,1.7e-05,0.3
241,305,-4101,185,12,4,0.475,-4.091,-0.054547,-0.069654,0.002217,0.002393,1.7e-05,0.3
235,296,-4141,149,-13,8,0.79,-3.998,-0.049046,-0.068037,0.002217,0.002368,1.7e-05,0.3
238,199,-4122,89,-1,52,0.995,-3.931,-0.045467,-0.06686,0.002217,0.00235,1.7e-05,0.3
279,229,-4142,-28,-3,-9,1.011,-3.892,-0.045185,-0.066177,0.002217,0.00233,1.7e-05,0.3
197,130,-4143,-33,-14,9,0.913,-3.833,-0.046888,-0.065152,0.002217,0.002314,1.7e-05,0.3
190,174,-4120,-27,-4,87,0.882,-3.735,-0.047435,-0.06345,0.002217,0.002302,1.7e-05,0.3
245,219,-4132,-16,-18,111,0.836,-3.632,-0.048234,-0.061642,0.002217,0.002297,1.7e-05,0.3
302,253,-4072,12,1,-57,0.777,-3.628,-0.049269,-0.061576,0.002217,0.002288,1.7e-05,0.3
237,211,-4126,-19,3,-137,0.763,-3.687,-0.049514,-0.062605,0.002217,0.002286,1.7e-05,0.3
193,170,-4125,-28,-3,-97,0.734,-3.656,-0.050017,-0.06206,0.002217,0.002285,1.7e-05,0.3
263,145,-4118,12,16,-70,0.789,-3.641,-0.049064,-0.061805,0.002217,0.002277,1.7e-05,0.3
259,162,-4122,19,1,-104,0.893,-3.68,-0.047252,-0.06248,0.002217,0.002275,1.7e-05,0.3
163,78,-4136,-14,2,19,0.988,-3.614,-0.045581,-0.061322,0.002217,0.002267,1.7e-05,0.3
249,113,-4136,-43,-2,34,0.954,-3.576,-0.046188,-0.060669,0.002217,0.002262,1.7e-05,0.3
239,191,-4089,-13,1,-50,0.924,-3.586,-0.046696,-0.060846,0.002217,0.002256,1.7e-05,0.3
248,259,-4133,-53,5,-100,0.817,-3.598,-0.048569,-0.061051,0.002217,0.002254,1.7e-05,0.3
242,204,-4129,-98,10,-116,0.601,-3.629,-0.052341,-0.061597,0.002217,0.002257,1.7e-05,0.3
221,147,-4109,-55,-3,-74,0.504,-3.613,-0.054041,-0.061311,0.002217,0.002256,1.7e-05,0.3
225,214,-4096,-23,8,-19,0.455,-3.609,-0.054898,-0.061252,0.002217,0.002252,1.7e-05,0.3
208,198,-4109,9,-5,30,0.473,-3.559,-0.054577,-0.060372,0.002217,0.002248,1.7e-05,0.3
245,248,-4103,21,1,20,0.521,-3.529,-0.053746,-0.05985,0.002217,0.002244,1.7e-05,0.3
248,269,-4116,17,-2,0,0.505,-3.534,-0.05402,-0.059934,0.002217,0.00224,1.7e-05,0.3
219,228,-4118,-9,-3,0,0.495,-3.514,-0.054189,-0.059581,0.002217,0.002237,1.7e-05,0.3
225,250,-4121,-31,-2,5,0.416,-3.481,-0.055568,-0.059002,0.002217,0.002234,1.7e-05,0.3
233,231,-4110,-1,-4,17,0.376,-3.453,-0.056272,-0.058525,0.002217,0.002232,1.7e-05,0.3
246,245,-4112,31,0,3,0.401,-3.457,-0.055842,-0.058584,0.002217,0.00223,1.7e-05,0.3
235,223,-4092,37,-3,0,0.482,-3.456,-0.054415,-0.058581,0.002217,0.002228,1.7e-05,0.3
239,215,-4119,0,-3,0,0.499,-3.444,-0.054129,-0.058359,0.002217,0.002227,1.7e-05,0.3
221,245,-4103,-10,-3,0,0.45,-3.422,-0.054976,-0.057988,0.002217,0.002225,1.7e-05,0.3
238,251,-4095,18,-5,0,0.42,-3.408,-0.055505,-0.057735,0.002217,0.002224,1.7e-05,0.3
228,270,-4109,24,0,-10,0.476,-3.39,-0.054516,-0.057416,0.002217,0.002223,1.7e-05,0.3
249,284,-4108,2,1,-20,0.428,-3.412,-0.055356,-0.057797,0.002217,0.002222,1.7e-05,0.3
216,282,-4108,1,-1,-31,0.362,-3.414,-0.056517,-0.057842,0.002217,0.002222,1.7e-05,0.3
227,190,-4098,50,-6,22,0.444,-3.385,-0.055077,-0.057341,0.002217,0.002221,1.7e-05,0.3
213,218,-4131,31,-2,68,0.539,-3.38,-0.05342,-0.057242,0.002217,0.002222,1.7e-05,0.3
237,216,-4135,10,-18,81,0.591,-3.317,-0.052516,-0.056144,0.002217,0.002225,1.7e-05,0.3
227,232,-4085,-3,2,59,0.58,-3.29,-0.052713,-0.055675,0.002217,0.002227,1.7e-05,0.3
263,239,-4111,-1,-8,11,0.53,-3.292,-0.05358,-0.055716,0.002217,0.002226,1.7e-05,0.3
235,236,-4103,16,8,-61,0.544,-3.319,-0.053339,-0.056185,0.002217,0.002226,1.7e-05,0.3
254,251,-4129,13,0,-103,0.569,-3.347,-0.052908,-0.056667,0.002217,0.002229,1.7e-05,0.3
236,249,-4103,10,9,-140,0.58,-3.39,-0.052706,-0.057415,0.002217,0.002237,1.7e-05,0.3
205,158,-4113,34,-1,-74,0.664,-3.397,-0.05125,-0.05755,0.002217,0.00224,1.7e-05,0.3
204,154,-4100,40,-3,18,0.804,-3.361,-0.0488,-0.056914,0.002217,0.002238,1.7e-05,0.3
233,200,-4118,19,-4,60,0.879,-3.347,-0.047484,-0.05667,0.002217,0.002236,1.7e-05,0.3
231,207,-4108,35,-10,44,0.921,-3.31,-0.046761,-0.056023,0.002217,0.002235,1.7e-05,0.3
237,177,-4120,51,-3,54,1.027,-3.303,-0.044912,-0.055906,0.002217,0.002233,1.7e-05,0.3
204,170,-4121,54,-13,111,1.145,-3.271,-0.042847,-0.055337,0.002217,0.002235,1.7e-05,0.3
225,178,-4123,45,-6,154,1.26,-3.214,-0.040848,-0.054347,0.002217,0.002243,1.7e-05,0.3
220,168,-4130,-2,-14,212,1.274,-3.176,-0.040596,-0.053683,0.002217,0.002257,1.7e-05,0.3
193,153,-4123,-24,-17,274,1.219,-3.103,-0.041556,-0.052416,0.002217,0.00228,1.7e-05,0.3
235,143,-4094,-20,-13,326,1.133,-3.026,-0.043062,-0.051074,0.002217,0.002314,1.7e-05,0.3
227,148,-4112,35,-17,319,1.159,-2.978,-0.042603,-0.05023,0.002217,0.002348,1.7e-05,0.3
228,173,-4121,50,-9,294,1.259,-2.93,-0.04086,-0.049394,0.002217,0.002374,1.7e-05,0.3
263,181,-4109,54,-16,256,1.341,-2.919,-0.039433,-0.049207,0.002217,0.002392,1.7e-05,0.3
205,149,-4127,31,-4,287,1.401,-2.891,-0.03838,-0.048711,0.002217,0.002405,1.7e-05,0.3
221,131,-4086,49,-9,263,1.479,-2.878,-0.037024,-0.048478,0.002217,0.002419,1.7e-05,0.3
263,115,-4113,43,-11,272,1.589,-2.868,-0.035107,-0.048306,0.002217,0.002424,1.7e-05,0.3
219,104,-4113,15,-1,312,1.661,-2.873,-0.033849,-0.048396,0.002217,0.00244,1.7e-05,0.3
188,101,-4181,-47,-17,374,1.605,-2.821,-0.034815,-0.047493,0.002217,0.002462,1.7e-05,0.3
288,187,-4128,-67,-9,267,1.354,-2.829,-0.039194,-0.04763,0.002217,0.00248,1.7e-05,0.3
260,157,-4115,-54,-16,187,1.175,-2.834,-0.042327,-0.047711,0.002217,0.002473,1.7e-05,0.3
212,156,-4084,-38,6,161,1.01,-2.848,-0.045206,-0.047961,0.002217,0.002457,1.7e-05,0.3
286,219,-4089,0,-10,53,0.938,-2.892,-0.04646,-0.04873,0.002217,0.002429,1.7e-05,0.3
271,190,-4094,72,8,-37,1.047,-2.982,-0.044554,-0.050303,0.002217,0.002399,1.7e-05,0.3
232,99,-4165,75,3,-27,1.408,-3.047,-0.03826,-0.051433,0.002217,0.002371,1.7e-05,0.3
199,105,-4089,56,13,43,1.604,-3.059,-0.034842,-0.051647,0.002217,0.00235,1.7e-05,0.3
261,170,-4157,-25,6,47,1.631,-3.102,-0.034374,-0.052397,0.002217,0.002332,1.7e-05,0.3
273,170,-4204,-101,-15,0,1.408,-3.141,-0.038255,-0.053073,0.002217,0.002318,1.7e-05,0.3
223,54,-4133,-13,-13,38,1.29,-3.134,-0.04031,-0.052949,0.002217,0.002304,1.7e-05,0.3
211,24,-4035,65,4,202,1.591,-3.069,-0.035056,-0.051825,0.002217,0.002304,1.7e-05,0.3
201,129,-4066,41,-10,201,1.694,-3.049,-0.033265,-0.05147,0.002217,0.002311,1.7e-05,0.3
248,154,-4136,-18,-22,193,1.658,-3.016,-0.033892,-0.050888,0.002217,0.002314,1.7e-05,0.3
240,131,-4177,-53,-11,226,1.556,-2.995,-0.03568,-0.050531,0.002217,0.002325,1.7e-05,0.3
193,101,-4148,-7,-20,261,1.499,-2.896,-0.036664,-0.048799,0.002217,0.002345,1.7e-05,0.3
280,103,-4109,44,8,185,1.602,-2.911,-0.034875,-0.049055,0.002217,0.002353,1.7e-05,0.3
222,138,-4149,32,-22,228,1.603,-2.917,-0.034854,-0.049162,0.002217,0.002354,1.7e-05,0.3
209,95,-4106,60,-5,226,1.778,-2.862,-0.031803,-0.048198,0.002217,0.002366,1.7e-05,0.3
229,80,-4136,-9,-37,275,1.822,-2.815,-0.031025,-0.04738,0.002217,0.002374,1.7e-05,0.3
219,110,-4049,-39,-12,321,1.757,-2.713,-0.032173,-0.045613,0.002217,0.002403,1.7e-05,0.3
172,97,-4073,18,0,327,1.777,-2.657,-0.03182,-0.044636,0.002217,0.00243,1.7e-05,0.3
246,127,-4162,1,-14,238,1.817,-2.66,-0.031116,-0.044686,0.002217,0.00244,1.7e-05,0.3
192,31,-4163,44,-8,323,1.937,-2.644,-0.029027,-0.0444,0.002217,0.002451,1.7e-05,0.3
269,164,-4123,27,44,179,2.019,-2.735,-0.027598,-0.045986,0.002217,0.002452,1.7e-05,0.3
214,47,-4117,10,-12,182,2.021,-2.806,-0.027558,-0.047235,0.002217,0.002436,1.7e-05,0.3
233,136,-4181,-13,-34,230,2.077,-2.788,-0.026575,-0.046921,0.002217,0.002431,1.7e-05,0.3
182,112,-4045,22,-7,235,1.952,-2.757,-0.028757,-0.046375,0.002217,0.002432,1.7e-05,0.3
220,170,-4017,22,-7,239,1.919,-2.782,-0.029346,-0.046811,0.002217,0.002431,1.7e-05,0.3
245,-7,-4001,75,-50,271,2.077,-2.78,-0.026584,-0.046779,0.002217,0.002433,1.7e-05,0.3
174,136,-4194,93,-18,249,2.293,-2.711,-0.022818,-0.045578,0.002217,0.002443,1.7e-05,0.3
243,131,-4245,42,28,212,2.447,-2.706,-0.020128,-0.045486,0.002217,0.00245,1.7e-05,0.3
284,130,-4067,-8,44,154,2.457,-2.886,-0.019958,-0.048623,0.002217,0.002434,1.7e-05,0.3
321,-25,-4069,-12,-36,251,2.478,-2.819,-0.019581,-0.047448,0.002217,0.002426,1.7e-05,0.3
82,68,-3922,-9,-17,183,2.551,-2.807,-0.018305,-0.047255,0.002217,0.002428,1.7e-05,0.3
84,141,-4053,1,49,152,2.47,-2.808,-0.01972,-0.047272,0.002217,0.002413,1.7e-05,0.3
393,75,-4118,53,4,212,2.424,-2.965,-0.02053,-0.05001,0.002217,0.002402,1.7e-05,0.3
172,-25,-4213,57,-50,222,2.533,-2.963,-0.018622,-0.049961,0.002217,0.002404,1.7e-05,0.3
173,28,-4079,38,-16,186,2.671,-2.924,-0.016215,-0.049296,0.002217,0.002402,1.7e-05,0.3
313,-10,-4084,14,-44,327,2.777,-2.933,-0.014363,-0.049437,0.002217,0.00242,1.7e-05,0.3
21,57,-4145,20,-28,341,2.779,-2.795,-0.014327,-0.047031,0.002217,0.002447,1.7e-05,0.3
178,-22,-4050,36,31,352,2.861,-2.715,-0.012894,-0.045632,0.002217,0.002472,1.7e-05,0.3
243,-16,-4049,0,-68,374,3.012,-2.861,-0.010255,-0.048197,0.002217,0.002496,1.7e-05,0.3
101,77,-4451,-33,-45,424,2.995,-2.72,-0.010563,-0.045721,0.002217,0.00253,1.7e-05,0.3
213,0,-3994,0,-5,479,3.021,-2.699,-0.010105,-0.045363,0.002217,0.002566,1.7e-05,0.3
-48,65,-3887,32,74,332,3.061,-2.712,-0.009414,-0.045583,0.002217,0.002588,1.7e-05,0.3
353,-40,-4173,24,13,322,3.214,-2.765,-0.006734,-0.046514,0.002217,0.00259,1.7e-05,0.3
242,26,-4352,15,-10,322,3.288,-2.856,-0.00544,-0.048108,0.002217,0.0026,1.7e-05,0.3
239,-95,-4404,42,-50,385,3.4,-2.682,-0.003485,-0.045059,0.002217,0.002611,1.7e-05,0.3
-35,112,-4137,57,44,328,3.317,-2.657,-0.004944,-0.044632,0.002217,0.002621,1.7e-05,0.3
220,-75,-3539,36,47,370,3.39,-2.7,-0.00367,-0.045384,0.002217,0.002622,1.7e-05,0.3
267,-168,-4327,50,59,328,3.536,-2.752,-0.001111,-0.046278,0.002217,0.002635,1.7e-05,0.3
221,-621,-4440,-100,25,-18,3.895,-2.943,0.00514,-0.049618,0.002217,0.002588,1.7e-05,0.3
535,-855,-4395,-409,-189,-203,3.957,-2.807,0.006232,-0.047252,0.002217,0.002545,1.7e-05,0.3
-17,-782,-3726,-489,-31,-163,3.709,-2.619,0.001902,-0.043963,0.002217,0.002523,1.7e-05,0.3
121,-697,-4181,-543,100,-54,3.243,-2.515,-0.006224,-0.042155,0.002217,0.002488,1.7e-05,0.3
304,-571,-4286,-671,14,34,2.417,-2.77,-0.020642,-0.046604,0.002217,0.002446,1.7e-05,0.3
131,-453,-4097,-686,18,85,1.377,-2.705,-0.038798,-0.045471,0.002217,0.002417,1.7e-05,0.3
307,-301,-4068,-440,-18,63,0.594,-2.811,-0.052469,-0.047324,0.002217,0.00239,1.7e-05,0.3
157,-202,-4070,-243,-30,94,0.37,-2.787,-0.056374,-0.046895,0.002217,0.002374,1.7e-05,0.3
235,20,-4070,-99,8,66,0.326,-2.733,-0.05714,-0.045951,0.002217,0.002355,1.7e-05,0.3
255,271,-4124,-50,-1,-7,0.279,-2.8,-0.057969,-0.047126,0.002217,0.002337,1.7e-05,0.3
230,280,-4119,-34,12,-40,0.149,-2.856,-0.06024,-0.048093,0.002217,0.002319,1.7e-05,0.3
224,418,-4104,-53,22,-194,-0.032,-2.972,-0.063385,-0.050124,0.002217,0.002314,1.7e-05,0.3
289,426,-4091,-94,35,-386,-0.327,-3.113,-0.06854,-0.052587,0.002217,0.002342,1.7e-05,0.3
220,364,-4097,-113,54,-503,-0.642,-3.331,-0.074039,-0.056386,0.002217,0.002403,1.7e-05,0.3
238,377,-4091,-52,54,-585,-0.826,-3.583,-0.077254,-0.060788,0.002217,0.002476,1.7e-05,0.3
153,322,-4063,55,68,-576,-0.791,-3.796,-0.076641,-0.064505,0.002217,0.002544,1.7e-05,0.3
161,348,-4059,127,61,-445,-0.432,-3.963,-0.070371,-0.067428,0.002217,0.002596,1.7e-05,0.3
99,353,-4197,68,73,-391,-0.192,-4.112,-0.066185,-0.070016,0.002217,0.002626,1.7e-05,0.3
143,413,-4034,33,54,-290,-0.154,-4.171,-0.065527,-0.071056,0.002217,0.002627,1.7e-05,0.3
96,367,-4074,2,46,-176,-0.144,-4.2,-0.065345,-0.071552,0.002217,0.002601,1.7e-05,0.3
184,407,-4140,-1,54,-103,-0.208,-4.151,-0.066468,-0.070696,0.002217,0.002563,1.7e-05,0.3
227,399,-4147,-89,17,45,-0.421,-4.224,-0.070179,-0.071983,0.002217,0.002508,1.7e-05,0.3
255,348,-4113,37,-123,-5,-0.621,-4.063,-0.07367,-0.069164,0.002217,0.002467,1.7e-05,0.3
237,417,-4144,138,65,-56,-0.484,-4.002,-0.071287,-0.068104,0.002217,0.002435,1.7e-05,0.3
207,367,-4095,96,93,-46,-0.237,-4.032,-0.066962,-0.068619,0.002217,0.002404,1.7e-05,0.3
233,477,-4142,111,4,-138,-0.138,-4.068,-0.065245,-0.069261,0.002217,0.002383,1.7e-05,0.3
35,376,-3963,134,58,-148,0.015,-4.057,-0.062568,-0.069059,0.002217,0.002372,1.7e-05,0.3
358,449,-4044,174,10,-247,0.224,-4.159,-0.05892,-0.070839,0.002217,0.002362,1.7e-05,0.3
269,434,-4054,108,-31,-314,0.366,-4.322,-0.056435,-0.073694,0.002217,0.002388,1.7e-05,0.3
84,385,-4193,-26,32,-354,0.311,-4.361,-0.0574,-0.074367,0.002217,0.002421,1.7e-05,0.3
246,364,-4059,-38,59,-441,0.201,-4.424,-0.059322,-0.075471,0.002217,0.002456,1.7e-05,0.3
306,559,-4176,33,30,-443,0.046,-4.514,-0.062028,-0.07704,0.002217,0.002496,1.7e-05,0.3
89,388,-4098,85,36,-377,0.077,-4.507,-0.061488,-0.076918,0.002217,0.002525,1.7e-05,0.3
66,268,-3968,205,33,-224,0.409,-4.5,-0.0557,-0.076795,0.002217,0.002525,1.7e-05,0.3
382,470,-4161,246,-31,-221,0.815,-4.484,-0.048606,-0.07652,0.002217,0.002512,1.7e-05,0.3
162,501,-4109,178,10,-252,1.16,-4.421,-0.042585,-0.075423,0.002217,0.002507,1.7e-05,0.3
96,403,-4133,92,48,-178,1.233,-4.259,-0.041304,-0.072591,0.002217,0.002488,1.7e-05,0.3
187,435,-4139,46,25,-126,1.028,-4.244,-0.044893,-0.072322,0.002217,0.002467,1.7e-05,0.3
238,270,-4031,17,-21,-83,1.026,-4.244,-0.044923,-0.072328,0.002217,0.002435,1.7e-05,0.3
193,491,-4025,34,-18,-89,0.84,-4.211,-0.048164,-0.071747,0.002217,0.00241,1.7e-05,0.3
218,325,-4234,9,27,32,0.829,-4.065,-0.048356,-0.069201,0.002217,0.002384,1.7e-05,0.3
194,485,-4055,127,31,179,0.652,-3.991,-0.051456,-0.067909,0.002217,0.002368,1.7e-05,0.3
150,271,-3937,270,-34,271,0.999,-3.839,-0.0454,-0.065263,0.002217,0.00238,1.7e-05,0.3
322,396,-4141,293,-37,224,1.499,-3.753,-0.036668,-0.063761,0.002217,0.002391,1.7e-05,0.3
295,457,-4186,307,-2,235,1.902,-3.728,-0.029627,-0.063319,0.002217,0.002401,1.7e-05,0.3
363,461,-4306,-85,13,0,1.857,-3.785,-0.030428,-0.064308,0.002217,0.002391,1.7e-05,0.3
212,246,-4242,-267,-1,-213,1.173,-3.808,-0.042357,-0.064709,0.002217,0.002376,1.7e-05,0.3
234,196,-4085,-270,6,-259,0.531,-3.777,-0.053558,-0.064178,0.002217,0.002389,1.7e-05,0.3
229,171,-4090,-228,6,-122,0.021,-3.796,-0.062457,-0.064499,0.002217,0.002385,1.7e-05,0.3
176,291,-4051,-150,0,0,-0.369,-3.735,-0.069279,-0.063447,0.002217,0.002365,1.7e-05,0.3
260,339,-4060,-39,-1,6,-0.612,-3.678,-0.073507,-0.06244,0.002217,0.002344,1.7e-05,0.3
238,350,-4067,84,0,10,-0.579,-3.669,-0.072933,-0.062287,0.002217,0.002324,1.7e-05,0.3
220,330,-4125,114,-7,43,-0.373,-3.637,-0.069345,-0.061728,0.002217,0.00231,1.7e-05,0.3
226,285,-4101,95,-6,20,-0.157,-3.575,-0.065576,-0.06065,0.002217,0.002297,1.7e-05,0.3
243,252,-4109,92,3,-8,0.055,-3.566,-0.061872,-0.060486,0.002217,0.002286,1.7e-05,0.3
230,212,-4115,114,-2,9,0.323,-3.547,-0.057201,-0.060166,0.002217,0.002276,1.7e-05,0.3
207,171,-4139,96,-4,44,0.639,-3.503,-0.051686,-0.059397,0.002217,0.002269,1.7e-05,0.3
234,202,-4119,65,-10,92,0.827,-3.439,-0.048398,-0.058284,0.002217,0.002265,1.7e-05,0.3
230,195,-4108,49,0,79,0.943,-3.409,-0.046378,-0.057747,0.002217,0.002263,1.7e-05,0.3
279,240,-4114,21,-2,-35,1.002,-3.409,-0.045338,-0.057752,0.002217,0.002258,1.7e-05,0.3
261,141,-4094,31,-1,-129,1.039,-3.459,-0.044696,-0.058619,0.002217,0.002259,1.7e-05,0.3
195,82,-4110,102,6,-61,1.314,-3.472,-0.039895,-0.058851,0.002217,0.002258,1.7e-05,0.3
199,65,-4120,98,-6,14,1.626,-3.431,-0.034447,-0.058137,0.002217,0.002253,1.7e-05,0.3
228,86,-4139,9,3,75,1.831,-3.391,-0.030878,-0.057441,0.002217,0.00225,1.7e-05,0.3
250,142,-4137,-72,-2,62,1.736,-3.393,-0.032526,-0.057472,0.002217,0.002248,1.7e-05,0.3
246,83,-4113,-71,-2,46,1.586,-3.386,-0.035146,-0.057345,0.002217,0.002245,1.7e-05,0.3
212,71,-4132,-92,-3,92,1.486,-3.355,-0.036903,-0.056808,0.002217,0.002245,1.7e-05,0.3
229,68,-4103,-71,1,97,1.331,-3.345,-0.039604,-0.05664,0.002217,0.002246,1.7e-05,0.3
267,117,-4104,-61,-2,20,1.254,-3.356,-0.040953,-0.056831,0.002217,0.002245,1.7e-05,0.3
264,177,-4131,-88,-2,-39,1.049,-3.386,-0.044532,-0.057344,0.002217,0.002241,1.7e-05,0.3
241,134,-4088,-15,4,-58,0.94,-3.409,-0.046422,-0.057754,0.002217,0.002239,1.7e-05,0.3
244,142,-4102,32,4,-84,1.039,-3.427,-0.0447,-0.058062,0.002217,0.002239,1.7e-05,0.3
241,164,-4122,17,-2,-80,1.118,-3.443,-0.043313,-0.058341,0.002217,0.00224,1.7e-05,0.3
228,168,-4118,-21,-1,-61,1.115,-3.45,-0.043366,-0.058471,0.002217,0.002239,1.7e-05,0.3
220,170,-4121,-25,-2,-52,1.073,-3.437,-0.044113,-0.058237,0.002217,0.002238,1.7e-05,0.3
234,155,-4108,-6,2,-25,1.067,-3.428,-0.044217,-0.058088,0.002217,0.002236,1.7e-05,0.3
217,142,-4111,14,-2,25,1.122,-3.409,-0.043256,-0.057745,0.002217,0.002234,1.7e-05,0.3
212,153,-4117,19,-3,61,1.184,-3.378,-0.042173,-0.057208,0.002217,0.002233,1.7e-05,0.3
252,165,-4124,6,-5,51,1.216,-3.364,-0.041617,-0.056966,0.002217,0.002233,1.7e-05,0.3
235,164,-4117,-24,-8,50,1.193,-3.353,-0.042002,-0.056779,0.002217,0.002231,1.7e-05,0.3
213,162,-4127,-45,-6,93,1.093,-3.311,-0.043747,-0.056034,0.002217,0.002233,1.7e-05,0.3
227,171,-4112,-45,-10,130,0.972,-3.273,-0.045869,-0.055379,0.002217,0.002238,1.7e-05,0.3
258,200,-4087,13,-7,77,0.931,-3.254,-0.04658,-0.055047,0.002217,0.002242,1.7e-05,0.3
255,217,-4104,39,-3,17,0.984,-3.27,-0.045657,-0.055332,0.002217,0.00224,1.7e-05,0.3
241,199,-4118,28,-1,-3,1.051,-3.291,-0.04448,-0.055693,0.002217,0.002236,1.7e-05,0.3
224,177,-4125,10,-5,27,1.084,-3.276,-0.043913,-0.055424,0.002217,0.002234,1.7e-05,0.3
217,176,-4125,-17,-8,74,1.066,-3.237,-0.044231,-0.054751,0.002217,0.002233,1.7e-05,0.3
223,185,-4116,-24,-10,109,1.0,-3.201,-0.045373,-0.054116,0.002217,0.002237,1.7e-05,0.3
229,191,-4117,-27,-9,139,0.926,-3.171,-0.046664,-0.053596,0.002217,0.002243,1.7e-05,0.3
232,197,-4115,-24,-13,154,0.84,-3.135,-0.048169,-0.052976,0.002217,0.002252,1.7e-05,0.3
226,192,-4114,-15,-20,178,0.793,-3.092,-0.048989,-0.052224,0.002217,0.002261,1.7e-05,0.3
232,194,-4109,-2,-13,198,0.754,-3.052,-0.04967,-0.051525,0.002217,0.002274,1.7e-05,0.3
225,189,-4095,40,-16,190,0.778,-3.001,-0.049248,-0.050639,0.002217,0.002286,1.7e-05,0.3
266,176,-4097,115,-1,103,0.994,-3.01,-0.045483,-0.050784,0.002217,0.002287,1.7e-05,0.3
223,176,-4151,72,-12,83,1.227,-3.015,-0.041411,-0.050884,0.002217,0.002282,1.7e-05,0.3
250,152,-4121,38,-7,75,1.317,-3.011,-0.039851,-0.050805,0.002217,0.002277,1.7e-05,0.3
204,112,-4105,64,-8,90,1.468,-3.018,-0.037216,-0.050933,0.002217,0.002272,1.7e-05,0.3
240,185,-4144,5,-8,107,1.566,-2.995,-0.035503,-0.050519,0.002217,0.002271,1.7e-05,0.3
207,121,-4129,-68,-13,175,1.416,-2.976,-0.038111,-0.050193,0.002217,0.002274,1.7e-05,0.3
147,57,-4095,-46,-16,351,1.317,-2.908,-0.039846,-0.049002,0.002217,0.002301,1.7e-05,0.3
211,129,-4086,28,-25,439,1.334,-2.793,-0.039542,-0.047008,0.002217,0.002356,1.7e-05,0.3
248,146,-4142,61,-14,447,1.443,-2.732,-0.037641,-0.045941,0.002217,0.002411,1.7e-05,0.3
227,149,-4098,42,-10,420,1.528,-2.698,-0.036168,-0.045345,0.002217,0.002454,1.7e-05,0.3
246,102,-4094,24,-15,400,1.553,-2.65,-0.035735,-0.044505,0.002217,0.002497,1.7e-05,0.3
238,122,-4133,24,-21,406,1.629,-2.619,-0.034394,-0.043971,0.002217,0.002525,1.7e-05,0.3
207,136,-4146,-56,-10,439,1.594,-2.566,-0.035011,-0.043033,0.002217,0.00256,1.7e-05,0.3
267,218,-4142,-65,-26,365,1.303,-2.534,-0.040087,-0.042482,0.002217,0.002591,1.7e-05,0.3
267,109,-4098,39,-2,256,1.332,-2.572,-0.039591,-0.04315,0.002217,0.002587,1.7e-05,0.3
191,123,-4094,30,-5,232,1.485,-2.577,-0.036905,-0.04324,0.002217,0.002567,1.7e-05,0.3
284,219,-4119,-21,4,107,1.435,-2.651,-0.037784,-0.044524,0.002217,0.002531,1.7e-05,0.3
270,206,-4146,-18,18,-31,1.303,-2.77,-0.040096,-0.046609,0.002217,0.00249,1.7e-05,0.3
248,71,-4161,85,19,-96,1.461,-2.866,-0.037341,-0.048284,0.002217,0.002453,1.7e-05,0.3
285,83,-4051,112,2,-124,1.781,-2.983,-0.031746,-0.05032,0.002217,0.002427,1.7e-05,0.3
216,196,-4100,-9,15,-176,1.778,-3.106,-0.031804,-0.052467,0.002217,0.002417,1.7e-05,0.3
258,71,-4156,-77,-18,-69,1.658,-3.139,-0.033888,-0.053041,0.002217,0.002401,1.7e-05,0.3
220,38,-4025,10,10,-7,1.676,-3.161,-0.033576,-0.053428,0.002217,0.002375,1.7e-05,0.3
193,63,-4172,26,-14,50,1.831,-3.133,-0.030879,-0.052928,0.002217,0.002356,1.7e-05,0.3
279,209,-4183,-33,-6,61,1.688,-3.146,-0.033376,-0.053166,0.002217,0.002337,1.7e-05,0.3
209,9,-4024,13,-9,98,1.719,-3.145,-0.032827,-0.05314,0.002217,0.002324,1.7e-05,0.3
236,128,-4153,6,-13,61,1.81,-3.131,-0.031236,-0.052898,0.002217,0.002315,1.7e-05,0.3
258,121,-4185,-71,-21,119,1.725,-3.124,-0.032727,-0.052776,0.002217,0.002307,1.7e-05,0.3
268,81,-4026,-7,-3,98,1.66,-3.142,-0.033863,-0.053087,0.002217,0.002299,1.7e-05,0.3
187,88,-4201,17,-22,204,1.694,-3.08,-0.033274,-0.052015,0.002217,0.002298,1.7e-05,0.3
259,63,-4042,48,-45,266,1.805,-2.988,-0.031327,-0.050406,0.002217,0.002318,1.7e-05,0.3
122,96,-4102,37,-21,340,1.931,-2.904,-0.029128,-0.048932,0.002217,0.002347,1.7e-05,0.3
209,170,-4130,-41,-2,284,1.904,-2.788,-0.029595,-0.046917,0.002217,0.002381,1.7e-05,0.3
264,130,-4079,-57,25,186,1.712,-2.918,-0.032953,-0.049183,0.002217,0.002384,1.7e-05,0.3
193,166,-4174,-17,-1,109,1.568,-2.955,-0.035472,-0.049836,0.002217,0.002372,1.7e-05,0.3
370,93,-4108,38,-17,74,1.647,-2.979,-0.034091,-0.050243,0.002217,0.002357,1.7e-05,0.3
132,67,-4141,45,0,149,1.697,-3.027,-0.03322,-0.051083,0.002217,0.002342,1.7e-05,0.3
252,97,-4163,59,-42,193,1.923,-2.918,-0.029263,-0.049178,0.002217,0.002344,1.7e-05,0.3
223,101,-4095,25,3,204,1.959,-2.935,-0.028642,-0.049478,0.002217,0.002348,1.7e-05,0.3
133,121,-4207,-11,6,192,1.965,-2.93,-0.028543,-0.049397,0.002217,0.002355,1.7e-05,0.3
367,155,-4157,23,-2,145,1.899,-2.942,-0.029697,-0.049607,0.002217,0.002353,1.7e-05,0.3
184,8,-4034,61,38,181,2.093,-3.069,-0.026295,-0.051822,0.002217,0.002352,1.7e-05,0.3
129,61,-4027,38,-65,185,2.286,-2.975,-0.022932,-0.050173,0.002217,0.002347,1.7e-05,0.3
412,79,-4247,-16,-76,338,2.22,-2.811,-0.02409,-0.047316,0.002217,0.002372,1.7e-05,0.3
46,5,-4138,13,-11,419,2.158,-2.817,-0.025176,-0.047428,0.002217,0.00241,1.7e-05,0.3
156,-21,-4190,19,-66,382,2.286,-2.644,-0.022928,-0.0444,0.002217,0.002452,1.7e-05,0.3
392,-204,-4092,-42,43,256,2.337,-2.714,-0.022045,-0.045625,0.002217,0.002473,1.7e-05,0.3
178,-323,-4226,-206,-8,59,2.341,-2.828,-0.021967,-0.047617,0.002217,0.002458,1.7e-05,0.3
318,-322,-3906,-180,12,-126,2.325,-2.849,-0.022252,-0.047983,0.002217,0.002423,1.7e-05,0.3
289,-172,-4082,-220,15,-256,2.257,-3.041,-0.023437,-0.051334,0.002217,0.002421,1.7e-05,0.3
243,-194,-4112,-248,-21,-205,2.036,-3.076,-0.027292,-0.051949,0.002217,0.002422,1.7e-05,0.3
156,-137,-4207,-287,27,-86,1.768,-3.03,-0.031969,-0.051135,0.002217,0.0024,1.7e-05,0.3
217,-66,-4078,-299,8,-22,1.306,-3.026,-0.040039,-0.051068,0.002217,0.002375,1.7e-05,0.3
268,-6,-4179,-266,-24,19,0.888,-3.026,-0.04734,-0.051065,0.002217,0.002355,1.7e-05,0.3
253,20,-4140,-248,-46,83,0.427,-3.015,-0.055384,-0.050881,0.002217,0.002335,1.7e-05,0.3
201,283,-4153,-142,-93,85,0.03,-2.813,-0.062312,-0.047355,0.002217,0.002324,1.7e-05,0.3
254,283,-4089,-174,-34,34,-0.46,-2.716,-0.070863,-0.045656,0.002217,0.002311,1.7e-05,0.3
234,284,-4100,-133,-3,1,-0.847,-2.779,-0.077613,-0.04675,0.002217,0.002298,1.7e-05,0.3
252,193,-4084,-89,-26,-59,-1.036,-2.752,-0.080916,-0.046278,0.002217,0.00229,1.7e-05,0.3
166,195,-4088,19,-4,15,-1.057,-2.691,-0.081288,-0.045229,0.002217,0.00228,1.7e-05,0.3
114,388,-4053,56,-5,4,-0.948,-2.641,-0.079377,-0.044349,0.002217,0.002271,1.7e-05,0.3
297,371,-4119,66,-2,-22,-0.883,-2.72,-0.078234,-0.045721,0.002217,0.002264,1.7e-05,0.3
159,495,-4060,215,-29,32,-0.628,-2.699,-0.073795,-0.045362,0.002217,0.002258,1.7e-05,0.3
86,470,-4156,220,-92,160,-0.223,-2.571,-0.066731,-0.043127,0.002217,0.002265,1.7e-05,0.3
381,337,-4212,74,-23,210,-0.33,-2.456,-0.06859,-0.041121,0.002217,0.002275,1.7e-05,0.3
-50,393,-4189,137,30,146,-0.126,-2.432,-0.065026,-0.040693,0.002217,0.002281,1.7e-05,0.3
225,375,-4008,199,82,68,0.177,-2.466,-0.059746,-0.041292,0.002217,0.002275,1.7e-05,0.3
298,435,-4173,220,25,101,0.492,-2.735,-0.054248,-0.045988,0.002217,0.002273,1.7e-05,0.3
127,370,-4174,222,-50,122,0.88,-2.709,-0.047478,-0.045531,0.002217,0.002274,1.7e-05,0.3
263,356,-4227,162,51,61,1.206,-2.751,-0.041788,-0.046273,0.002217,0.002271,1.7e-05,0.3
192,351,-4114,31,60,-63,1.232,-2.904,-0.041333,-0.04894,0.002217,0.002265,1.7e-05,0.3
268,271,-4121,-38,-14,-33,0.978,-3.078,-0.045767,-0.051972,0.002217,0.002261,1.7e-05,0.3
246,131,-4019,16,-55,42,0.931,-3.132,-0.046583,-0.052921,0.002217,0.002256,1.7e-05,0.3
158,108,-3906,83,-37,98,1.071,-3.05,-0.044133,-0.051496,0.002217,0.002253,1.7e-05,0.3
258,210,-4087,102,29,126,1.319,-3.016,-0.039803,-0.050887,0.002217,0.002257,1.7e-05,0.3
234,221,-4316,51,-36,173,1.37,-2.992,-0.038925,-0.050467,0.002217,0.002263,1.7e-05,0.3
193,201,-4248,-12,-9,147,1.264,-2.979,-0.040778,-0.050254,0.002217,0.002268,1.7e-05,0.3
315,115,-3887,-22,-17,138,1.222,-2.985,-0.041501,-0.050358,0.002217,0.002272,1.7e-05,0.3
166,66,-4168,-38,-1,196,1.271,-2.965,-0.040657,-0.050007,0.002217,0.00228,1.7e-05,0.3
294,134,-4190,26,-29,114,1.21,-2.944,-0.041708,-0.049637,0.002217,0.002285,1.7e-05,0.3
270,80,-3930,29,-15,93,1.302,-2.994,-0.040115,-0.050511,0.002217,0.002283,1.7e-05,0.3
207,62,-4139,7,-2,54,1.406,-2.975,-0.038287,-0.050186,0.002217,0.002278,1.7e-05,0.3
280,83,-3993,-50,10,12,1.418,-3.001,-0.038081,-0.050635,0.002217,0.002271,1.7e-05,0.3
217,78,-4109,-108,13,-24,1.28,-3.078,-0.040494,-0.051985,0.002217,0.002263,1.7e-05,0.3
233,122,-4096,-124,-11,-25,1.077,-3.094,-0.044029,-0.05225,0.002217,0.002257,1.7e-05,0.3
215,167,-4112,-149,14,-26,0.833,-3.109,-0.048287,-0.052524,0.002217,0.002252,1.7e-05,0.3
220,189,-4137,-159,-12,-11,0.476,-3.116,-0.054529,-0.052633,0.002217,0.002247,1.7e-05,0.3
206,229,-4109,-175,6,12,0.125,-3.112,-0.060657,-0.052563,0.002217,0.002243,1.7e-05,0.3
231,245,-4143,-210,-4,44,-0.367,-3.105,-0.069239,-0.052441,0.002217,0.00224,1.7e-05,0.3
228,237,-4093,-151,-9,95,-0.738,-3.065,-0.075708,-0.05175,0.002217,0.002241,1.7e-05,0.3
232,291,-4095,-91,2,48,-0.94,-3.058,-0.079236,-0.051628,0.002217,0.002241,1.7e-05,0.3
252,307,-4077,-94,28,-7,-1.108,-3.117,-0.082169,-0.052649,0.002217,0.002238,1.7e-05,0.3
248,361,-4228,-152,-5,-46,-1.426,-3.207,-0.087726,-0.05422,0.002217,0.002235,1.7e-05,0.3
295,323,-4232,-7,20,-8,-1.608,-3.228,-0.090891,-0.05459,0.002217,0.002233,1.7e-05,0.3
269,255,-3993,123,20,-38,-1.354,-3.271,-0.086461,-0.055341,0.002217,0.002232,1.7e-05,0.3
219,366,-4052,96,59,-52,-1.125,-3.367,-0.08247,-0.057018,0.002217,0.002233,1.7e-05,0.3
299,306,-4265,58,12,-22,-0.834,-3.419,-0.077396,-0.05793,0.002217,0.002233,1.7e-05,0.3
229,417,-4001,-80,1,0,-0.89,-3.51,-0.078365,-0.059519,0.002217,0.002232,1.7e-05,0.3
213,334,-3871,-94,-13,61,-1.135,-3.464,-0.082635,-0.05872,0.002217,0.002231,1.7e-05,0.3
279,308,-4216,-33,16,131,-1.197,-3.458,-0.083718,-0.058609,0.002217,0.002234,1.7e-05,0.3
266,285,-4018,109,10,173,-0.984,-3.424,-0.079998,-0.058018,0.002217,0.00224,1.7e-05,0.3
275,470,-4359,9,-7,114,-0.915,-3.38,-0.078807,-0.05725,0.002217,0.002248,1.7e-05,0.3
293,414,-4228,-106,-4,174,-1.142,-3.373,-0.082755,-0.057121,0.002217,0.002257,1.7e-05,0.3
275,382,-4055,-42,-52,202,-1.486,-3.287,-0.088771,-0.055622,0.002217,0.002273,1.7e-05,0.3
265,321,-3904,78,-41,150,-1.404,-3.233,-0.087342,-0.054687,0.002217,0.002281,1.7e-05,0.3
227,406,-4168,127,-9,89,-1.111,-3.179,-0.08223,-0.053741,0.002217,0.002281,1.7e-05,0.3
347,401,-4075,163,8,-104,-0.818,-3.291,-0.077115,-0.055689,0.002217,0.002274,1.7e-05,0.3
272,355,-4091,140,2,-193,-0.53,-3.395,-0.072075,-0.057509,0.002217,0.002283,1.7e-05,0.3
220,341,-4125,70,-3,-179,-0.31,-3.397,-0.068238,-0.057549,0.002217,0.002293,1.7e-05,0.3
249,320,-4167,28,18,-188,-0.217,-3.432,-0.066622,-0.058153,0.002217,0.0023,1.7e-05,0.3
251,291,-4138,8,-5,-179,-0.191,-3.51,-0.066167,-0.05952,0.002217,0.00231,1.7e-05,0.3
200,238,-4062,28,-8,-52,-0.132,-3.466,-0.065132,-0.058747,0.002217,0.002305,1.7e-05,0.3
225,301,-4076,70,-11,31,-0.023,-3.422,-0.063239,-0.057976,0.002217,0.002292,1.7e-05,0.3
199,295,-4175,68,10,27,0.104,-3.394,-0.061023,-0.057488,0.002217,0.002283,1.7e-05,0.3
319,317,-4227,35,-13,-8,0.161,-3.449,-0.060028,-0.05845,0.002217,0.002274,1.7e-05,0.3
239,284,-4101,66,-17,-34,0.201,-3.454,-0.059329,-0.058542,0.002217,0.002266,1.7e-05,0.3
257,265,-4025,113,-20,-27,0.367,-3.442,-0.056419,-0.058331,0.002217,0.00226,1.7e-05,0.3
198,252,-3927,39,-4,-32,0.514,-3.442,-0.053866,-0.058338,0.002217,0.002256,1.7e-05,0.3
206,216,-4039,42,-6,28,0.61,-3.373,-0.052178,-0.057124,0.002217,0.002251,1.7e-05,0.3
278,248,-4333,89,-10,20,0.721,-3.34,-0.050243,-0.056554,0.002217,0.002246,1.7e-05,0.3
153,162,-4164,128,18,103,0.933,-3.342,-0.046545,-0.056582,0.002217,0.002245,1.7e-05,0.3
257,153,-3993,139,27,89,1.247,-3.311,-0.041063,-0.056043,0.002217,0.002245,1.7e-05,0.3
265,157,-4082,74,-11,105,1.594,-3.333,-0.035007,-0.056426,0.002217,0.002245,1.7e-05,0.3
185,145,-4082,-5,19,132,1.65,-3.315,-0.034026,-0.056112,0.002217,0.002248,1.7e-05,0.3
258,118,-4056,-55,25,136,1.609,-3.269,-0.034754,-0.055305,0.002217,0.002254,1.7e-05,0.3
291,189,-4320,-122,-3,95,1.376,-3.299,-0.038818,-0.05583,0.002217,0.002253,1.7e-05,0.3
300,166,-4230,-105,-8,-10,1.026,-3.319,-0.044933,-0.056187,0.002217,0.00225,1.7e-05,0.3
216,155,-4041,-3,-5,-125,0.941,-3.367,-0.046409,-0.057014,0.002217,0.002249,1.7e-05,0.3
314,143,-3952,66,66,-241,1.04,-3.449,-0.044687,-0.05845,0.002217,0.002267,1.7e-05,0.3
272,120,-4215,82,54,-281,1.331,-3.588,-0.039604,-0.060875,0.002217,0.00229,1.7e-05,0.3
282,105,-4316,-49,-27,-224,1.456,-3.585,-0.037424,-0.060821,0.002217,0.002315,1.7e-05,0.3
112,108,-4095,-117,42,-144,1.391,-3.603,-0.038554,-0.061147,0.002217,0.002317,1.7e-05,0.3
315,145,-4021,-149,29,-229,1.094,-3.654,-0.04374,-0.062029,0.002217,0.002328,1.7e-05,0.3
382,161,-4175,-178,-4,-236,0.794,-3.756,-0.048977,-0.063807,0.002217,0.00234,1.7e-05,0.3
139,82,-4125,-141,9,-145,0.533,-3.733,-0.053535,-0.063415,0.002217,0.002345,1.7e-05,0.3
255,92,-4129,-113,-9,-9,0.373,-3.663,-0.05632,-0.062182,0.002217,0.00233,1.7e-05,0.3
241,111,-4110,-59,-7,123,0.319,-3.626,-0.057256,-0.061549,0.002217,0.002318,1.7e-05,0.3
168,171,-4131,-62,-17,205,0.282,-3.517,-0.057901,-0.059634,0.002217,0.002322,1.7e-05,0.3
258,248,-4163,-135,-7,205,0.018,-3.443,-0.062519,-0.058351,0.002217,0.002332,1.7e-05,0.3
278,284,-4111,-213,-36,148,-0.514,-3.411,-0.071799,-0.057782,0.002217,0.002334,1.7e-05,0.3
237,271,-4061,-192,-4,84,-1.052,-3.38,-0.081195,-0.057246,0.002217,0.002326,1.7e-05,0.3
286,276,-4024,-124,12,-2,-1.336,-3.424,-0.086142,-0.058023,0.002217,0.002311,1.7e-05,0.3
216,328,-4076,-86,21,-35,-1.455,-3.457,-0.088231,-0.058591,0.002217,0.002299,1.7e-05,0.3
306,332,-4043,-81,-9,-97,-1.555,-3.532,-0.089968,-0.0599,0.002217,0.00229,1.7e-05,0.3
244,389,-4074,24,56,-249,-1.603,-3.699,-0.090818,-0.062814,0.002217,0.002299,1.7e-05,0.3
316,346,-4259,33,-32,-362,-1.51,-3.793,-0.089186,-0.064451,0.002217,0.002326,1.7e-05,0.3
286,384,-4260,79,-20,-446,-1.306,-4.002,-0.085625,-0.068104,0.002217,0.002383,1.7e-05,0.3
207,329,-4053,39,66,-414,-1.06,-4.157,-0.081339,-0.070815,0.002217,0.002427,1.7e-05,0.3
257,338,-3988,-5,52,-328,-0.929,-4.323,-0.079045,-0.0737,0.002217,0.002458,1.7e-05,0.3
254,379,-4313,-80,18,-313,-0.95,-4.425,-0.079411,-0.075485,0.002217,0.002472,1.7e-05,0.3
199,409,-4106,-128,47,-303,-1.209,-4.475,-0.083931,-0.076356,0.002217,0.002478,1.7e-05,0.3
227,353,-3940,-114,15,-315,-1.457,-4.543,-0.088265,-0.077549,0.002217,0.00249,1.7e-05,0.3
163,363,-4130,-29,68,-277,-1.526,-4.617,-0.089469,-0.078845,0.002217,0.0025,1.7e-05,0.3
249,368,-3979,47,28,-108,-1.501,-4.571,-0.089037,-0.078042,0.002217,0.002482,1.7e-05,0.3
353,502,-4330,83,54,-187,-1.372,-4.527,-0.086784,-0.077264,0.002217,0.002455,1.7e-05,0.3
194,473,-4199,-17,-12,-192,-1.394,-4.472,-0.087165,-0.076305,0.002217,0.002444,1.7e-05,0.3
288,510,-4002,-91,28,-200,-1.668,-4.505,-0.091937,-0.076882,0.002217,0.002427,1.7e-05,0.3
187,459,-4046,41,46,-213,-1.842,-4.612,-0.094982,-0.078749,0.002217,0.002423,1.7e-05,0.3
234,415,-4056,110,25,-195,-1.584,-4.592,-0.090475,-0.078397,0.002217,0.002415,1.7e-05,0.3
327,467,-4169,74,12,-209,-1.417,-4.642,-0.087556,-0.079274,0.002217,0.002411,1.7e-05,0.3
39,326,-4019,44,119,-57,-1.258,-4.619,-0.084787,-0.07887,0.002217,0.002402,1.7e-05,0.3
200,385,-4011,36,-8,97,-1.165,-4.398,-0.083158,-0.07501,0.002217,0.002378,1.7e-05,0.3
416,471,-4200,19,-36,72,-1.238,-4.361,-0.084437,-0.074374,0.002217,0.002357,1.7e-05,0.3
156,443,-4148,50,-17,38,-1.202,-4.281,-0.083805,-0.072975,0.002217,0.002341,1.7e-05,0.3
297,475,-4075,29,-34,34,-1.205,-4.148,-0.083858,-0.070658,0.002217,0.002325,1.7e-05,0.3
285,399,-4138,60,-29,52,-1.206,-4.147,-0.083888,-0.070638,0.002217,0.002312,1.7e-05,0.3
215,405,-4035,95,-22,106,-1.029,-4.046,-0.080789,-0.068866,0.002217,0.002304,1.7e-05,0.3
220,419,-3959,59,13,98,-0.998,-3.972,-0.080242,-0.067576,0.002217,0.002297,1.7e-05,0.3
302,400,-4195,122,-27,140,-0.866,-3.925,-0.077953,-0.066767,0.002217,0.002293,1.7e-05,0.3
279,463,-4124,97,-11,42,-0.689,-3.913,-0.07485,-0.066557,0.002217,0.002286,1.7e-05,0.3
266,443,-4138,20,-5,0,-0.697,-3.887,-0.075001,-0.066091,0.002217,0.002278,1.7e-05,0.3
243,395,-4096,14,-6,-19,-0.838,-3.848,-0.077456,-0.065416,0.002217,0.002269,1.7e-05,0.3
254,445,-4077,83,0,-68,-0.794,-3.846,-0.076689,-0.065375,0.002217,0.002263,1.7e-05,0.3
277,425,-4026,84,-10,-137,-0.699,-3.847,-0.07504,-0.065397,0.002217,0.002263,1.7e-05,0.3
282,407,-4136,76,8,-232,-0.641,-3.908,-0.074011,-0.066469,0.002217,0.002275,1.7e-05,0.3
247,433,-4108,36,-4,-343,-0.61,-3.99,-0.073484,-0.067899,0.002217,0.002304,1.7e-05,0.3
243,370,-4109,117,-43,-422,-0.484,-4.047,-0.071284,-0.06889,0.002217,0.002348,1.7e-05,0.3
266,330,-4033,142,30,-406,-0.215,-4.144,-0.066586,-0.070587,0.002217,0.002402,1.7e-05,0.3
137,278,-4045,158,36,-316,0.156,-4.187,-0.060102,-0.071339,0.002217,0.002439,1.7e-05,0.3
258,288,-4289,79,54,-215,0.432,-4.213,-0.055284,-0.071779,0.002217,0.002447,1.7e-05,0.3
229,269,-4085,9,-23,-108,0.552,-4.187,-0.053206,-0.071325,0.002217,0.002433,1.7e-05,0.3
171,287,-4200,-42,-4,-25,0.448,-4.055,-0.055014,-0.069026,0.002217,0.002402,1.7e-05,0.3
211,245,-4093,9,13,40,0.323,-3.95,-0.057195,-0.067199,0.002217,0.002376,1.7e-05,0.3
209,256,-4049,3,20,82,0.293,-3.889,-0.057722,-0.06613,0.002217,0.002357,1.7e-05,0.3
225,238,-3953,99,-28,58,0.377,-3.842,-0.056259,-0.065307,0.002217,0.002338,1.7e-05,0.3
283,310,-3895,45,42,17,0.434,-3.833,-0.055264,-0.065148,0.002217,0.002321,1.7e-05,0.3
195,243,-4110,1,3,12,0.512,-3.752,-0.053892,-0.063739,0.002217,0.002307,1.7e-05,0.3
277,209,-4257,-33,5,32,0.495,-3.711,-0.054199,-0.063032,0.002217,0.002295,1.7e-05,0.3
157,202,-4139,-5,10,-10,0.565,-3.715,-0.052979,-0.063102,0.002217,0.002285,1.7e-05,0.3
224,258,-4058,33,50,14,0.64,-3.684,-0.051663,-0.06256,0.002217,0.002276,1.7e-05,0.3
276,244,-3833,-6,-28,7,0.579,-3.72,-0.052734,-0.063186,0.002217,0.002268,1.7e-05,0.3
284,234,-4272,-37,-24,-22,0.483,-3.7,-0.054401,-0.062825,0.002217,0.002261,1.7e-05,0.3
188,157,-4177,8,19,-62,0.489,-3.621,-0.054301,-0.061446,0.002217,0.002255,1.7e-05,0.3
279,194,-3963,13,-16,-56,0.586,-3.64,-0.0526,-0.061785,0.002217,0.002252,1.7e-05,0.3
182,198,-4151,-23,19,-32,0.601,-3.63,-0.052344,-0.061612,0.002217,0.002248,1.7e-05,0.3
215,220,-4129,-43,1,-70,0.559,-3.589,-0.053071,-0.060902,0.002217,0.002245,1.7e-05,0.3
312,183,-4066,-38,-12,-85,0.457,-3.63,-0.054862,-0.061602,0.002217,0.002244,1.7e-05,0.3
179,200,-4093,-19,6,-74,0.418,-3.62,-0.055531,-0.061437,0.002217,0.002244,1.7e-05,0.3
212,207,-4116,-37,-3,-32,0.369,-3.566,-0.056385,-0.060485,0.002217,0.002242,1.7e-05,0.3
240,208,-4105,-58,1,14,0.275,-3.547,-0.058025,-0.06017,0.002217,0.002238,1.7e-05,0.3
204,249,-4121,-73,-3,1,0.122,-3.508,-0.060709,-0.059487,0.002217,0.002235,1.7e-05,0.3
241,261,-4111,-96,1,-18,-0.087,-3.484,-0.064348,-0.059067,0.002217,0.002233,1.7e-05,0.3
222,266,-4128,-130,0,-18,-0.351,-3.483,-0.068952,-0.059046,0.002217,0.002231,1.7e-05,0.3
221,265,-4099,-117,-2,-26,-0.622,-3.444,-0.073686,-0.058369,0.002217,0.002229,1.7e-05,0.3
240,305,-4107,-116,1,-44,-0.871,-3.447,-0.078035,-0.058423,0.002217,0.002228,1.7e-05,0.3
224,317,-4106,-120,-1,-63,-1.106,-3.451,-0.082141,-0.058483,0.002217,0.002228,1.7e-05,0.3
244,334,-4095,-85,14,-124,-1.349,-3.483,-0.086376,-0.05905,0.002217,0.002232,1.7e-05,0.3
232,327,-4093,-40,12,-154,-1.436,-3.543,-0.087895,-0.060097,0.002217,0.00224,1.7e-05,0.3
198,302,-4083,18,28,-159,-1.372,-3.592,-0.086772,-0.06094,0.002217,0.002253,1.7e-05,0.3
279,323,-4088,30,6,-204,-1.188,-3.686,-0.083571,-0.062592,0.002217,0.002267,1.7e-05,0.3
170,260,-4070,27,32,-91,-1.003,-3.728,-0.080343,-0.063325,0.002217,0.002268,1.7e-05,0.3
171,352,-4059,-62,-26,-17,-1.078,-3.686,-0.081653,-0.062588,0.002217,0.002262,1.7e-05,0.3
340,304,-4167,-23,-9,58,-1.152,-3.685,-0.08294,-0.062571,0.002217,0.002259,1.7e-05,0.3
238,410,-4182,15,23,20,-1.165,-3.771,-0.083164,-0.064066,0.002217,0.002253,1.7e-05,0.3
233,380,-4006,-34,16,-69,-1.245,-3.745,-0.084565,-0.063622,0.002217,0.002249,1.7e-05,0.3
286,314,-3946,-32,-20,-83,-1.311,-3.81,-0.085714,-0.064746,0.002217,0.002251,1.7e-05,0.3
147,330,-4172,-29,-8,7,-1.346,-3.778,-0.086326,-0.064192,0.002217,0.002248,1.7e-05,0.3
218,319,-3915,-47,32,33,-1.292,-3.686,-0.085373,-0.062584,0.002217,0.002244,1.7e-05,0.3
289,471,-3835,-6,31,-90,-1.278,-3.771,-0.085133,-0.064072,0.002217,0.002243,1.7e-05,0.3
215,433,-4063,-78,-13,31,-1.364,-3.749,-0.086642,-0.063685,0.002217,0.002241,1.7e-05,0.3
226,392,-4172,-26,5,140,-1.481,-3.64,-0.088682,-0.061777,0.002217,0.002245,1.7e-05,0.3
276,434,-4337,81,-6,146,-1.446,-3.584,-0.088068,-0.060815,0.002217,0.002251,1.7e-05,0.3
341,401,-4151,138,-24,54,-1.18,-3.598,-0.083431,-0.06106,0.002217,0.00225,1.7e-05,0.3
236,349,-3997,175,-5,19,-0.8,-3.589,-0.076788,-0.060899,0.002217,0.002245,1.7e-05,0.3
294,422,-4169,141,2,-91,-0.537,-3.582,-0.072196,-0.060777,0.002217,0.002243,1.7e-05,0.3
176,367,-3890,57,25,-145,-0.474,-3.666,-0.071102,-0.062237,0.002217,0.00225,1.7e-05,0.3
225,361,-3770,-17,11,-119,-0.549,-3.694,-0.072417,-0.062725,0.002217,0.002256,1.7e-05,0.3
233,356,-4188,-25,2,-10,-0.696,-3.682,-0.074974,-0.062513,0.002217,0.002254,1.7e-05,0.3
186,341,-4264,-7,11,5,-0.758,-3.62,-0.076056,-0.061439,0.002217,0.002249,1.7e-05,0.3
299,350,-4026,30,-6,-14,-0.765,-3.623,-0.076187,-0.061488,0.002217,0.002244,1.7e-05,0.3
252,353,-4066,58,7,-3,-0.737,-3.683,-0.075703,-0.062528,0.002217,0.002241,1.7e-05,0.3
173,339,-4077,55,9,81,-0.597,-3.587,-0.073252,-0.060858,0.002217,0.00224,1.7e-05,0.3
260,313,-4141,36,-17,171,-0.495,-3.542,-0.071475,-0.060071,0.002217,0.002245,1.7e-05,0.3
295,392,-4146,2,-5,126,-0.541,-3.517,-0.072281,-0.059647,0.002217,0.002256,1.7e-05,0.3
289,420,-4108,-45,-31,53,-0.747,-3.494,-0.075877,-0.059233,0.002217,0.002255,1.7e-05,0.3
290,385,-4173,4,5,-78,-0.905,-3.516,-0.078632,-0.059622,0.002217,0.00225,1.7e-05,0.3
234,318,-4165,91,23,-145,-0.831,-3.624,-0.077339,-0.061508,0.002217,0.002253,1.7e-05,0.3
264,334,-4035,80,18,-121,-0.678,-3.644,-0.074669,-0.061852,0.002217,0.002258,1.7e-05,0.3
142,355,-3757,7,16,-117,-0.767,-3.662,-0.076211,-0.062177,0.002217,0.002264,1.7e-05,0.3
169,317,-4083,11,9,-57,-0.784,-3.57,-0.076518,-0.060571,0.002217,0.002262,1.7e-05,0.3
316,326,-4194,22,-16,27,-0.758,-3.611,-0.076068,-0.061287,0.002217,0.002256,1.7e-05,0.3
143,319,-4108,-3,-22,62,-0.757,-3.532,-0.076043,-0.059897,0.002217,0.002251,1.7e-05,0.3
273,297,-4017,34,-22,44,-0.722,-3.455,-0.075429,-0.058557,0.002217,0.002248,1.7e-05,0.3
221,311,-4009,71,19,26,-0.606,-3.515,-0.073413,-0.059601,0.002217,0.002244,1.7e-05,0.3
211,354,-3986,36,18,-43,-0.552,-3.527,-0.072474,-0.05982,0.002217,0.002241,1.7e-05,0.3
301,250,-4008,10,-6,-68,-0.477,-3.527,-0.071152,-0.059807,0.002217,0.002239,1.7e-05,0.3
182,248,-4149,18,2,-4,-0.308,-3.566,-0.068216,-0.06049,0.002217,0.002236,1.7e-05,0.3
258,267,-4077,49,0,34,-0.192,-3.508,-0.066178,-0.059487,0.002217,0.002234,1.7e-05,0.3
274,256,-4060,69,-3,40,-0.041,-3.559,-0.063552,-0.060364,0.002217,0.002232,1.7e-05,0.3
271,263,-4254,105,-42,49,0.157,-3.55,-0.0601,-0.060211,0.002217,0.002231,1.7e-05,0.3
177,248,-4141,105,6,10,0.352,-3.502,-0.056697,-0.059384,0.002217,0.00223,1.7e-05,0.3
181,239,-3996,69,14,15,0.53,-3.457,-0.053577,-0.058587,0.002217,0.002228,1.7e-05,0.3
325,251,-4151,44,17,-28,0.618,-3.503,-0.052046,-0.059394,0.002217,0.002226,1.7e-05,0.3
326,197,-4060,52,-12,-65,0.729,-3.594,-0.050109,-0.06098,0.002217,0.002226,1.7e-05,0.3
200,227,-4048,31,18,-156,0.817,-3.633,-0.048565,-0.061654,0.002217,0.002233,1.7e-05,0.3
325,153,-4156,51,-32,-132,0.919,-3.626,-0.046794,-0.061536,0.002217,0.002246,1.7e-05,0.3
172,108,-4060,37,14,-56,1.027,-3.665,-0.044904,-0.062225,0.002217,0.002249,1.7e-05,0.3
179,85,-4144,26,-49,48,1.189,-3.559,-0.042075,-0.060367,0.002217,0.002245,1.7e-05,0.3
204,117,-4169,52,-29,203,1.351,-3.455,-0.039247,-0.058548,0.002217,0.002255,1.7e-05,0.3
219,79,-4085,-20,-35,307,1.42,-3.351,-0.038043,-0.056735,0.002217,0.002282,1.7e-05,0.3
176,145,-4083,-53,0,414,1.309,-3.246,-0.039988,-0.054903,0.002217,0.002328,1.7e-05,0.3
240,131,-4125,0,-57,416,1.219,-3.155,-0.04156,-0.05332,0.002217,0.002383,1.7e-05,0.3
252,145,-4054,-6,-12,345,1.198,-3.126,-0.041931,-0.052808,0.002217,0.002417,1.7e-05,0.3
216,151,-4134,-2,-40,299,1.169,-3.123,-0.042437,-0.052765,0.002217,0.002437,1.7e-05,0.3
343,117,-4159,3,-43,274,1.147,-3.067,-0.04282,-0.051778,0.002217,0.002449,1.7e-05,0.3
159,118,-4047,33,9,227,1.234,-3.039,-0.041296,-0.051288,0.002217,0.002451,1.7e-05,0.3
265,138,-4131,27,-14,225,1.311,-3.017,-0.039949,-0.050917,0.002217,0.002447,1.7e-05,0.3
253,107,-4097,-9,-4,287,1.34,-3.015,-0.039445,-0.050869,0.002217,0.002451,1.7e-05,0.3
193,85,-4145,-25,-8,325,1.318,-2.98,-0.039823,-0.050265,0.002217,0.002463,1.7e-05,0.3
257,98,-4118,-6,-23,320,1.299,-2.907,-0.040168,-0.048984,0.002217,0.002483,1.7e-05,0.3
263,120,-4082,44,-4,246,1.366,-2.922,-0.038999,-0.049261,0.002217,0.002488,1.7e-05,0.3
254,134,-4140,39,-6,187,1.47,-2.92,-0.037169,-0.049226,0.002217,0.002475,1.7e-05,0.3
259,88,-4120,20,3,160,1.559,-2.973,-0.035626,-0.050149,0.002217,0.002455,1.7e-05,0.3
248,80,-4117,18,-3,113,1.658,-2.997,-0.033894,-0.050563,0.002217,0.002431,1.7e-05,0.3
237,91,-4145,-69,-5,131,1.651,-3.009,-0.034008,-0.050765,0.002217,0.002412,1.7e-05,0.3
268,136,-4147,-112,-5,85,1.431,-3.048,-0.037858,-0.051454,0.002217,0.002391,1.7e-05,0.3
250,90,-4074,-59,0,43,1.241,-3.08,-0.041175,-0.052011,0.002217,0.002369,1.7e-05,0.3
258,138,-4118,-32,-3,-12,1.204,-3.127,-0.041821,-0.052838,0.002217,0.002347,1.7e-05,0.3
247,97,-4109,-14,-2,-33,1.22,-3.165,-0.041543,-0.053491,0.002217,0.002329,1.7e-05,0.3
229,94,-4117,2,5,-14,1.331,-3.186,-0.039597,-0.053858,0.002217,0.002312,1.7e-05,0.3
256,158,-4147,-66,1,-55,1.254,-3.216,-0.040942,-0.054392,0.002217,0.002299,1.7e-05,0.3
269,112,-4120,-71,-4,-79,1.111,-3.254,-0.043442,-0.055053,0.002217,0.002291,1.7e-05,0.3
230,125,-4110,-58,8,-83,1.036,-3.285,-0.044743,-0.055589,0.002217,0.002284,1.7e-05,0.3
225,90,-4109,-29,-6,-47,1.03,-3.282,-0.044863,-0.055534,0.002217,0.002277,1.7e-05,0.3
237,104,-4112,-26,1,14,1.06,-3.284,-0.044336,-0.055579,0.002217,0.00227,1.7e-05,0.3
217,132,-4128,-50,-4,52,1.032,-3.275,-0.044815,-0.055408,0.002217,0.002263,1.7e-05,0.3
271,160,-4107,-84,-3,54,0.898,-3.26,-0.047156,-0.055158,0.002217,0.002258,1.7e-05,0.3
259,178,-4127,-83,11,-6,0.705,-3.298,-0.05052,-0.055812,0.002217,0.002253,1.7e-05,0.3
277,194,-4074,-53,-9,-94,0.569,-3.345,-0.052895,-0.056633,0.002217,0.00225,1.7e-05,0.3
241,196,-4111,-37,22,-89,0.499,-3.404,-0.054121,-0.057663,0.002217,0.00225,1.7e-05,0.3
273,225,-4197,-69,-21,-72,0.405,-3.45,-0.055771,-0.058476,0.002217,0.002249,1.7e-05,0.3
219,228,-4060,-169,2,-52,0.084,-3.444,-0.061361,-0.058369,0.002217,0.002246,1.7e-05,0.3
288,284,-4225,-238,0,-82,-0.329,-3.476,-0.068566,-0.058916,0.002217,0.002244,1.7e-05,0.3
211,221,-4108,-164,20,-81,-0.781,-3.557,-0.076471,-0.060329,0.002217,0.002244,1.7e-05,0.3
278,213,-3957,-42,0,-84,-0.92,-3.606,-0.078891,-0.061198,0.002217,0.002244,1.7e-05,0.3
246,316,-4026,-56,17,-172,-0.926,-3.672,-0.078987,-0.062344,0.002217,0.00225,1.7e-05,0.3
200,274,-4070,-68,33,-180,-1.037,-3.751,-0.08094,-0.063717,0.002217,0.002267,1.7e-05,0.3
272,259,-4144,-83,14,-126,-1.09,-3.795,-0.081855,-0.064487,0.002217,0.002273,1.7e-05,0.3
206,276,-4246,5,-11,-92,-1.133,-3.853,-0.082615,-0.065495,0.002217,0.002276,1.7e-05,0.3
203,277,-4070,-43,23,-69,-1.111,-3.831,-0.082219,-0.065116,0.002217,0.00227,1.7e-05,0.3
265,463,-4163,-99,-27,-210,-1.378,-3.915,-0.086891,-0.066577,0.002217,0.00227,1.7e-05,0.3
419,459,-4216,-46,8,-265,-1.669,-3.981,-0.091955,-0.06773,0.002217,0.002294,1.7e-05,0.3
204,363,-4255,84,-6,-305,-1.493,-4.114,-0.088891,-0.070052,0.002217,0.002323,1.7e-05,0.3
108,296,-3706,46,0,-235,-1.309,-4.105,-0.08568,-0.069908,0.002217,0.002335,1.7e-05,0.3
257,390,-4013,45,14,-179,-1.155,-4.255,-0.08299,-0.072526,0.002217,0.002336,1.7e-05,0.3
318,471,-4440,-31,-4,-141,-1.213,-4.314,-0.083999,-0.073552,0.002217,0.002336,1.7e-05,0.3
202,366,-3937,-51,51,-109,-1.351,-4.272,-0.086415,-0.072813,0.002217,0.002327,1.7e-05,0.3
228,314,-3931,73,37,-31,-1.28,-4.226,-0.08517,-0.072007,0.002217,0.002314,1.7e-05,0.3
334,523,-4285,59,-2,-139,-1.219,-4.256,-0.084114,-0.072544,0.002217,0.002307,1.7e-05,0.3
241,432,-4114,21,-9,-150,-1.268,-4.232,-0.084959,-0.072113,0.002217,0.002308,1.7e-05,0.3
260,494,-4022,-2,-52,-265,-1.377,-4.232,-0.086858,-0.072123,0.002217,0.002318,1.7e-05,0.3
287,418,-4065,36,33,-322,-1.343,-4.36,-0.086278,-0.074346,0.002217,0.002347,1.7e-05,0.3
134,366,-4122,13,13,-187,-1.312,-4.384,-0.085739,-0.074773,0.002217,0.002361,1.7e-05,0.3
250,414,-4142,26,12,-156,-1.272,-4.315,-0.085037,-0.073568,0.002217,0.002356,1.7e-05,0.3
265,419,-4124,57,33,-198,-1.229,-4.369,-0.084282,-0.074504,0.002217,0.002354,1.7e-05,0.3
231,426,-4087,47,9,-201,-1.16,-4.385,-0.083078,-0.074795,0.002217,0.002357,1.7e-05,0.3
196,370,-4042,51,7,-61,-1.087,-4.333,-0.081806,-0.073885,0.002217,0.002348,1.7e-05,0.3
198,327,-4092,55,1,79,-0.934,-4.222,-0.079126,-0.071935,0.002217,0.002331,1.7e-05,0.3
207,315,-4141,105,3,137,-0.764,-4.09,-0.076173,-0.06963,0.002217,0.002323,1.7e-05,0.3
330,424,-4103,36,-15,105,-0.703,-4.062,-0.075093,-0.069149,0.002217,0.002316,1.7e-05,0.3
210,435,-4130,0,-16,99,-0.827,-3.997,-0.077266,-0.068009,0.002217,0.002307,1.7e-05,0.3
230,400,-4087,7,-13,125,-0.897,-3.854,-0.078493,-0.065517,0.002217,0.002304,1.7e-05,0.3
323,404,-4087,55,-13,59,-0.92,-3.838,-0.078882,-0.065237,0.002217,0.002297,1.7e-05,0.3
214,401,-4028,28,-1,-44,-0.946,-3.826,-0.079338,-0.065034,0.002217,0.002285,1.7e-05,0.3
258,364,-4049,97,-1,-95,-0.836,-3.796,-0.077425,-0.0645,0.002217,0.002279,1.7e-05,0.3
236,372,-4174,123,32,-82,-0.607,-3.838,-0.07343,-0.065233,0.002217,0.002277,1.7e-05,0.3
235,310,-4036,51,-12,42,-0.42,-3.795,-0.070161,-0.064483,0.002217,0.002269,1.7e-05,0.3
191,310,-3858,-10,-20,171,-0.394,-3.655,-0.069706,-0.062048,0.002217,0.002271,1.7e-05,0.3
230,357,-4167,-13,-6,203,-0.543,-3.567,-0.072313,-0.060507,0.002217,0.002282,1.7e-05,0.3
289,400,-4134,-18,10,102,-0.751,-3.528,-0.075946,-0.059833,0.002217,0.002282,1.7e-05,0.3
315,393,-4188,0,17,-10,-0.871,-3.56,-0.078038,-0.060382,0.002217,0.002273,1.7e-05,0.3
280,378,-4160,-6,12,-99,-0.946,-3.635,-0.079349,-0.061698,0.002217,0.002268,1.7e-05,0.3
214,326,-4178,-4,-5,-146,-0.958,-3.661,-0.079544,-0.062155,0.002217,0.002272,1.7e-05,0.3
131,234,-3869,33,51,-88,-0.842,-3.677,-0.077527,-0.062431,0.002217,0.002273,1.7e-05,0.3
315,317,-4155,33,-17,-13,-0.666,-3.664,-0.074449,-0.06221,0.002217,0.002266,1.7e-05,0.3
204,341,-3928,12,-45,31,-0.635,-3.663,-0.073922,-0.062185,0.002217,0.00226,1.7e-05,0.3
179,351,-3975,-25,0,0,-0.734,-3.585,-0.075635,-0.060822,0.002217,0.002254,1.7e-05,0.3
267,324,-4019,-7,0,-22,-0.816,-3.578,-0.077077,-0.060703,0.002217,0.002249,1.7e-05,0.3
227,300,-4171,6,-7,-10,-0.806,-3.611,-0.076904,-0.061285,0.002217,0.002245,1.7e-05,0.3
256,281,-3967,45,-2,10,-0.755,-3.608,-0.076014,-0.061234,0.002217,0.002241,1.7e-05,0.3
227,307,-4219,-20,19,19,-0.754,-3.624,-0.075988,-0.061506,0.002217,0.002238,1.7e-05,0.3
208,331,-4054,7,2,1,-0.768,-3.575,-0.076234,-0.060643,0.002217,0.002235,1.7e-05,0.3
282,311,-4100,-14,-4,-16,-0.774,-3.584,-0.076341,-0.060808,0.002217,0.002233,1.7e-05,0.3
201,322,-4186,-23,2,7,-0.786,-3.563,-0.076551,-0.060438,0.002217,0.00223,1.7e-05,0.3
290,330,-4174,-25,-17,-10,-0.837,-3.525,-0.077444,-0.059777,0.002217,0.002228,1.7e-05,0.3
232,319,-4179,-28,15,-17,-0.866,-3.541,-0.077942,-0.060049,0.002217,0.002227,1.7e-05,0.3
222,319,-4182,-34,-5,-19,-0.924,-3.505,-0.078963,-0.05943,0.002217,0.002226,1.7e-05,0.3
279,313,-4135,-28,5,-13,-0.991,-3.522,-0.080127,-0.059724,0.002217,0.002225,1.7e-05,0.3
229,324,-4087,-29,-2,-37,-1.043,-3.528,-0.081029,-0.059829,0.002217,0.002224,1.7e-05,0.3
264,341,-4089,12,10,-100,-1.06,-3.543,-0.081328,-0.060094,0.002217,0.002226,1.7e-05,0.3
276,334,-4090,26,19,-174,-0.96,-3.656,-0.07958,-0.062071,0.002217,0.002238,1.7e-05,0.3
226,330,-4117,-11,14,-177,-0.905,-3.702,-0.078631,-0.06287,0.002217,0.002251,1.7e-05,0.3
246,309,-4123,-39,8,-149,-0.951,-3.737,-0.079431,-0.063473,0.002217,0.002261,1.7e-05,0.3
219,302,-4112,-54,8,-110,-1.04,-3.748,-0.080977,-0.063674,0.002217,0.002263,1.7e-05,0.3
250,333,-4104,-40,2,-151,-1.111,-3.764,-0.082229,-0.063953,0.002217,0.002265,1.7e-05,0.3
235,325,-4102,-46,14,-168,-1.172,-3.817,-0.083293,-0.06488,0.002217,0.002274,1.7e-05,0.3
247,324,-4085,-32,13,-183,-1.226,-3.858,-0.084227,-0.065594,0.002217,0.002283,1.7e-05,0.3
214,317,-4074,28,30,-225,-1.181,-3.903,-0.083443,-0.066369,0.002217,0.002294,1.7e-05,0.3
287,360,-4085,21,20,-312,-1.047,-4.002,-0.081103,-0.0681,0.002217,0.002318,1.7e-05,0.3
217,349,-4183,-16,41,-322,-1.032,-4.117,-0.08085,-0.070106,0.002217,0.002352,1.7e-05,0.3
230,239,-4135,32,12,-225,-0.889,-4.163,-0.078342,-0.070911,0.002217,0.002369,1.7e-05,0.3
251,257,-3997,-32,-18,-121,-0.802,-4.124,-0.076828,-0.070235,0.002217,0.002364,1.7e-05,0.3
56,302,-3901,-75,65,-23,-0.979,-4.072,-0.079923,-0.069321,0.002217,0.002346,1.7e-05,0.3
350,363,-4265,-98,-25,-15,-1.138,-4.062,-0.082699,-0.069154,0.002217,0.002328,1.7e-05,0.3
344,405,-4248,-54,6,-110,-1.321,-4.198,-0.085883,-0.071523,0.002217,0.002316,1.7e-05,0.3
121,629,-3897,2,13,-179,-1.566,-4.169,-0.09016,-0.071019,0.002217,0.002318,1.7e-05,0.3
219,543,-4011,50,-11,-36,-1.745,-4.113,-0.093288,-0.070035,0.002217,0.002309,1.7e-05,0.3
196,529,-4125,125,-24,37,-1.685,-4.006,-0.092233,-0.068169,0.002217,0.002297,1.7e-05,0.3
187,431,-4053,151,-42,148,-1.473,-3.798,-0.088538,-0.064546,0.002217,0.002293,1.7e-05,0.3
214,390,-4077,139,43,179,-1.132,-3.678,-0.082594,-0.062447,0.002217,0.002304,1.7e-05,0.3
294,400,-4184,25,3,102,-1.011,-3.667,-0.080475,-0.062262,0.002217,0.002304,1.7e-05,0.3
379,543,-4098,-29,-3,-96,-1.164,-3.73,-0.083149,-0.063349,0.002217,0.002294,1.7e-05,0.3
220,452,-4076,32,37,-113,-1.357,-3.867,-0.086509,-0.065744,0.002217,0.002294,1.7e-05,0.3
212,361,-4060,147,16,-49,-1.054,-3.783,-0.08123,-0.064282,0.002217,0.002286,1.7e-05,0.3
334,265,-4186,31,51,67,-0.846,-3.69,-0.0776,-0.062655,0.002217,0.002281,1.7e-05,0.3
218,-462,-4098,-123,5,58,9.172,-2.728,0.097249,-0.045861,0.13044,0.132096,1.7e-05,0.3
184,-454,-4080,-97,8,34,9.391,-2.711,0.101069,-0.045568,0.09092,0.091841,1.7e-05,0.3
-75,-421,-4417,-1278,420,47,9.673,-3.433,0.105999,-0.058172,0.007656,0.007846,1.7e-05,0.3
526,1059,-5607,-2330,-53,-231,4.454,-3.181,0.014897,-0.053769,0.006346,0.006532,1.7e-05,0.3
410,163,-3148,-1519,101,-808,-0.816,-3.434,-0.077077,-0.058189,0.005294,0.006074,1.7e-05,0.3
-3,-1139,-3918,-648,114,-951,-1.503,-3.565,-0.089061,-0.060471,0.004639,0.00595,1.7e-05,0.3
210,-458,-3691,109,-7,-211,0.022,-3.621,-0.06244,-0.061452,0.004201,0.005453,1.7e-05,0.3
-132,96,-4931,-605,8,328,-0.782,-2.826,-0.076489,-0.047572,0.003829,0.00485,1.7e-05,0.3
190,1196,-3878,-258,127,305,-2.665,-2.626,-0.109341,-0.044086,0.003515,0.004469,1.7e-05,0.3
300,258,-4165,-294,63,117,-3.365,-2.967,-0.12156,-0.050047,0.003293,0.004103,1.7e-05,0.3
486,569,-3675,204,-30,56,-3.371,-3.194,-0.121673,-0.053998,0.003115,0.003761,1.7e-05,0.3
89,656,-4336,199,-90,106,-2.84,-3.058,-0.112391,-0.051619,0.002983,0.003531,1.7e-05,0.3
60,682,-3553,306,-128,103,-2.371,-2.728,-0.104206,-0.045865,0.002851,0.003347,1.7e-05,0.3
283,759,-3792,218,57,1,-2.192,-3.065,-0.101091,-0.051753,0.002753,0.003168,1.7e-05,0.3
352,641,-4185,184,-175,-120,-1.758,-3.055,-0.093523,-0.051566,0.002672,0.003017,1.7e-05,0.3
154,634,-3606,195,41,-209,-1.567,-3.34,-0.090183,-0.056548,0.00261,0.002926,1.7e-05,0.3
196,492,-4390,116,-47,-109,-1.361,-3.336,-0.086584,-0.056474,0.002551,0.002832,1.7e-05,0.3
330,485,-4242,57,-6,-79,-1.306,-3.296,-0.085629,-0.055785,0.002502,0.002739,1.7e-05,0.3
155,370,-3947,88,29,-38,-1.165,-3.393,-0.083161,-0.057477,0.002457,0.002654,1.7e-05,0.3
308,499,-4202,95,5,-134,-1.078,-3.449,-0.081651,-0.058449,0.002422,0.002599,1.7e-05,0.3
264,455,-4138,65,8,-131,-1.029,-3.541,-0.080783,-0.060049,0.002396,0.002559,1.7e-05,0.3
206,453,-4088,42,15,-170,-0.984,-3.537,-0.080007,-0.059992,0.002368,0.002523,1.7e-05,0.3
241,393,-3882,43,26,-113,-0.984,-3.546,-0.080007,-0.060148,0.002348,0.002495,1.7e-05,0.3
233,305,-4152,20,-25,-55,-0.909,-3.48,-0.07869,-0.058986,0.002328,0.002456,1.7e-05,0.3
199,307,-4029,36,-3,-26,-0.841,-3.465,-0.077501,-0.058735,0.002314,0.002425,1.7e-05,0.3
287,313,-4177,-6,-21,22,-0.739,-3.488,-0.075731,-0.059126,0.002299,0.002393,1.7e-05,0.3
167,324,-4063,73,26,46,-0.673,-3.425,-0.074583,-0.058039,0.002288,0.002371,1.7e-05,0.3
314,330,-4171,15,-30,26,-0.687,-3.401,-0.074818,-0.057612,0.002277,0.002348,1.7e-05,0.3
226,368,-4162,21,-33,0,-0.749,-3.423,-0.075908,-0.058,0.00227,0.002331,1.7e-05,0.3
249,330,-4153,12,1,-18,-0.761,-3.409,-0.07612,-0.057745,0.002262,0.002314,1.7e-05,0.3
229,341,-4216,23,10,3,-0.719,-3.403,-0.075386,-0.057644,0.002256,0.002302,1.7e-05,0.3
240,345,-3998,61,-17,-1,-0.628,-3.383,-0.0738,-0.057304,0.00225,0.002289,1.7e-05,0.3
217,300,-3930,67,-8,6,-0.508,-3.404,-0.071694,-0.057664,0.002245,0.002279,1.7e-05,0.3
262,279,-4035,37,9,-34,-0.396,-3.418,-0.069751,-0.057904,0.002241,0.002271,1.7e-05,0.3
231,245,-4084,35,10,-30,-0.274,-3.44,-0.067612,-0.058302,0.002238,0.002264,1.7e-05,0.3
242,176,-4108,22,-19,20,-0.145,-3.426,-0.065368,-0.058052,0.002235,0.002258,1.7e-05,0.3
189,183,-4195,-21,0,83,-0.055,-3.382,-0.063783,-0.057286,0.002233,0.002254,1.7e-05,0.3
223,353,-4150,-26,-30,90,-0.135,-3.296,-0.065185,-0.055776,0.00223,0.002255,1.7e-05,0.3
274,352,-4058,0,-3,42,-0.279,-3.26,-0.067702,-0.055147,0.002229,0.002252,1.7e-05,0.3
206,285,-4071,53,9,2,-0.233,-3.303,-0.0669,-0.055899,0.002227,0.002247,1.7e-05,0.3
273,260,-4164,85,34,-66,-0.044,-3.322,-0.063606,-0.056229,0.002225,0.002244,1.7e-05,0.3
313,199,-4018,125,-20,-21,0.21,-3.39,-0.059174,-0.057422,0.002224,0.002242,1.7e-05,0.3
94,205,-4085,114,-9,40,0.612,-3.365,-0.052153,-0.056982,0.002223,0.002239,1.7e-05,0.3
275,218,-4135,56,4,49,0.794,-3.282,-0.048975,-0.055534,0.002222,0.002237,1.7e-05,0.3
260,199,-4171,32,-12,73,0.874,-3.329,-0.047575,-0.056353,0.002221,0.002236,1.7e-05,0.3
173,186,-4072,55,-2,54,0.962,-3.286,-0.046046,-0.055604,0.002221,0.002236,1.7e-05,0.3
255,176,-4098,66,-9,42,1.126,-3.264,-0.043171,-0.055222,0.00222,0.002234,1.7e-05,0.3
224,175,-4104,42,0,55,1.269,-3.273,-0.040681,-0.055378,0.00222,0.002234,1.7e-05,0.3
217,178,-4172,19,-10,54,1.343,-3.23,-0.039394,-0.054637,0.002219,0.002233,1.7e-05,0.3
291,167,-4128,1,-12,55,1.336,-3.242,-0.03951,-0.054841,0.002219,0.002232,1.7e-05,0.3
178,146,-4198,-25,-4,92,1.269,-3.192,-0.04068,-0.053973,0.002219,0.002235,1.7e-05,0.3
257,95,-4183,-36,-52,148,1.257,-3.133,-0.040892,-0.052928,0.002218,0.00224,1.7e-05,0.3
197,138,-3997,-49,-4,183,1.162,-3.09,-0.04255,-0.052186,0.002218,0.002252,1.7e-05,0.3
253,155,-4032,-17,-12,172,1.093,-3.02,-0.043752,-0.050964,0.002218,0.002266,1.7e-05,0.3
190,133,-4185,17,1,138,1.13,-3.031,-0.043113,-0.05115,0.002218,0.00227,1.7e-05,0.3
300,162,-4305,31,-6,92,1.198,-3.035,-0.041927,-0.051226,0.002218,0.002269,1.7e-05,0.3
232,163,-4187,8,12,31,1.23,-3.068,-0.04137,-0.0518,0.002217,0.002265,1.7e-05,0.3
270,169,-4058,-41,-11,-68,1.169,-3.106,-0.042435,-0.052468,0.002217,0.002258,1.7e-05,0.3
258,221,-4028,-59,14,-204,1.018,-3.183,-0.045073,-0.053812,0.002217,0.002264,1.7e-05,0.3
224,106,-4072,-9,-2,-208,1.012,-3.229,-0.045172,-0.054617,0.002217,0.002283,1.7e-05,0.3
198,137,-4106,-1,16,-144,1.117,-3.265,-0.04333,-0.055231,0.002217,0.002291,1.7e-05,0.3
199,157,-4156,-35,-3,-83,1.121,-3.254,-0.043268,-0.055055,0.002217,0.002287,1.7e-05,0.3
253,207,-4122,-66,13,-145,0.987,-3.284,-0.045598,-0.055567,0.002217,0.002284,1.7e-05,0.3
238,174,-4109,-45,0,-171,0.867,-3.342,-0.047699,-0.056585,0.002217,0.00229,1.7e-05,0.3
222,154,-4088,-9,11,-138,0.897,-3.367,-0.047174,-0.057023,0.002217,0.002294,1.7e-05,0.3
201,143,-4118,-21,0,-41,0.924,-3.368,-0.046706,-0.057037,0.002217,0.002288,1.7e-05,0.3
198,155,-4120,-34,-5,35,0.895,-3.314,-0.047219,-0.056091,0.002217,0.002278,1.7e-05,0.3
246,213,-4124,-32,-6,9,0.829,-3.297,-0.048359,-0.055795,0.002217,0.002271,1.7e-05,0.3
243,228,-4122,-51,3,-37,0.703,-3.317,-0.050562,-0.05615,0.002217,0.002263,1.7e-05,0.3
228,202,-4125,-71,-8,-25,0.578,-3.317,-0.05274,-0.056154,0.002217,0.002258,1.7e-05,0.3
221,203,-4097,-77,2,-3,0.405,-3.304,-0.055763,-0.055925,0.002217,0.002252,1.7e-05,0.3
231,249,-4136,-101,-6,-10,0.216,-3.292,-0.059056,-0.055714,0.002217,0.002247,1.7e-05,0.3
232,262,-4125,-165,-5,-14,-0.141,-3.296,-0.065295,-0.055779,0.002217,0.002243,1.7e-05,0.3
204,264,-4107,-165,2,-6,-0.53,-3.304,-0.072082,-0.055927,0.002217,0.002239,1.7e-05,0.3
262,305,-4106,-125,0,-36,-0.854,-3.304,-0.077737,-0.055914,0.002217,0.002237,1.7e-05,0.3
253,321,-4127,-89,9,-68,-1.109,-3.352,-0.082185,-0.056763,0.002217,0.002236,1.7e-05,0.3
238,326,-4098,-43,9,-131,-1.212,-3.388,-0.083992,-0.057385,0.002217,0.002239,1.7e-05,0.3
239,340,-4123,-34,10,-137,-1.209,-3.436,-0.083934,-0.058224,0.002217,0.002244,1.7e-05,0.3
210,306,-4178,-24,6,-31,-1.242,-3.459,-0.084513,-0.058621,0.002217,0.002243,1.7e-05,0.3
157,321,-3922,-7,17,-30,-1.278,-3.465,-0.085139,-0.058738,0.002217,0.002241,1.7e-05,0.3
281,310,-4204,-3,68,-17,-1.294,-3.55,-0.085422,-0.060215,0.002217,0.002238,1.7e-05,0.3
251,286,-4127,55,4,34,-1.107,-3.606,-0.082158,-0.061192,0.002217,0.002236,1.7e-05,0.3
187,395,-3932,-69,-2,20,-1.136,-3.585,-0.082666,-0.060832,0.002217,0.002234,1.7e-05,0.3
382,386,-4096,-97,-22,-71,-1.473,-3.581,-0.088536,-0.060752,0.002217,0.002232,1.7e-05,0.3
177,315,-4158,53,2,-24,-1.531,-3.646,-0.089553,-0.061896,0.002217,0.002233,1.7e-05,0.3
130,333,-4035,111,31,9,-1.26,-3.586,-0.084826,-0.060835,0.002217,0.002231,1.7e-05,0.3
286,395,-4157,94,37,-12,-1.097,-3.634,-0.081981,-0.061682,0.002217,0.002229,1.7e-05,0.3
359,451,-4063,-51,-19,-72,-1.22,-3.675,-0.084118,-0.06239,0.002217,0.002228,1.7e-05,0.3
218,479,-4040,-85,18,-242,-1.524,-3.697,-0.089431,-0.062771,0.002217,0.002238,1.7e-05,0.3
242,317,-4093,50,61,-289,-1.545,-3.873,-0.089801,-0.065856,0.002217,0.00228,1.7e-05,0.3
305,350,-4055,78,38,-98,-1.33,-3.988,-0.086042,-0.067857,0.002217,0.002289,1.7e-05,0.3
189,388,-4116,63,0,-40,-1.115,-3.926,-0.082294,-0.066781,0.002217,0.00228,1.7e-05,0.3
237,483,-4075,37,31,-160,-1.134,-3.917,-0.082617,-0.066621,0.002217,0.002277,1.7e-05,0.3
364,435,-4220,42,18,-291,-1.108,-4.085,-0.082167,-0.069551,0.002217,0.0023,1.7e-05,0.3
204,324,-4073,85,8,-295,-0.914,-4.141,-0.07878,-0.070523,0.002217,0.002329,1.7e-05,0.3
220,349,-4079,99,27,-331,-0.646,-4.175,-0.0741,-0.07113,0.002217,0.002356,1.7e-05,0.3
231,346,-4091,76,-9,-232,-0.457,-4.206,-0.0708,-0.071659,0.002217,0.002377,1.7e-05,0.3
165,334,-4069,32,34,-125,-0.331,-4.171,-0.068616,-0.071055,0.002217,0.002371,1.7e-05,0.3
233,414,-4190,-80,-21,-111,-0.465,-4.116,-0.070943,-0.070096,0.002217,0.00236,1.7e-05,0.3
241,403,-4155,-133,9,-86,-0.862,-4.057,-0.077871,-0.06906,0.002217,0.002344,1.7e-05,0.3
224,375,-4024,-91,12,-139,-1.161,-4.067,-0.083087,-0.069241,0.002217,0.002334,1.7e-05,0.3
252,385,-4053,-9,4,-169,-1.34,-4.068,-0.086212,-0.06926,0.002217,0.002333,1.7e-05,0.3
244,365,-4038,93,13,-185,-1.231,-4.118,-0.084312,-0.07013,0.002217,0.002338,1.7e-05,0.3
219,399,-4059,97,18,-208,-1.027,-4.122,-0.08075,-0.0702,0.002217,0.002342,1.7e-05,0.3
184,353,-4164,69,27,-117,-0.807,-4.116,-0.076918,-0.070097,0.002217,0.00234,1.7e-05,0.3
206,316,-4058,26,-2,16,-0.666,-4.062,-0.074454,-0.069155,0.002217,0.002323,1.7e-05,0.3
231,367,-4112,15,-11,72,-0.66,-3.995,-0.074346,-0.067984,0.002217,0.002309,1.7e-05,0.3
199,397,-4114,-21,-6,94,-0.707,-3.88,-0.075177,-0.065981,0.002217,0.002302,1.7e-05,0.3
273,440,-4110,-48,1,-10,-0.889,-3.851,-0.07834,-0.065473,0.002217,0.002292,1.7e-05,0.3
252,375,-4086,4,-6,-60,-1.015,-3.874,-0.080539,-0.065877,0.002217,0.002282,1.7e-05,0.3
202,386,-4113,-28,-13,-24,-1.101,-3.836,-0.082053,-0.065211,0.002217,0.002274,1.7e-05,0.3
207,314,-4048,-3,3,51,-1.138,-3.746,-0.082702,-0.063626,0.002217,0.002266,1.7e-05,0.3
193,346,-4079,9,1,135,-1.124,-3.654,-0.082451,-0.062021,0.002217,0.002265,1.7e-05,0.3
210,356,-4158,29,-25,176,-1.118,-3.54,-0.082352,-0.060041,0.002217,0.002272,1.7e-05,0.3
251,328,-4135,42,-28,264,-1.017,-3.428,-0.080587,-0.058089,0.002217,0.002292,1.7e-05,0.3
244,331,-4124,23,-69,328,-0.986,-3.289,-0.080048,-0.055652,0.002217,0.002322,1.7e-05,0.3
123,284,-3855,-2,6,366,-1.046,-3.097,-0.081085,-0.0523,0.002217,0.002363,1.7e-05,0.3
291,375,-4036,-2,-25,310,-1.081,-2.983,-0.081696,-0.050314,0.002217,0.002395,1.7e-05,0.3
300,327,-4179,22,-66,263,-1.095,-2.905,-0.081937,-0.04896,0.002217,0.002411,1.7e-05,0.3
157,355,-4187,55,-8,255,-1.015,-2.823,-0.080546,-0.047519,0.002217,0.002421,1.7e-05,0.3
285,337,-4174,36,-30,260,-0.967,-2.757,-0.079703,-0.046369,0.002217,0.002427,1.7e-05,0.3
229,300,-4022,88,-47,320,-0.828,-2.675,-0.077286,-0.044938,0.002217,0.002446,1.7e-05,0.3
216,341,-4050,70,-11,296,-0.653,-2.595,-0.074233,-0.043544,0.002217,0.002465,1.7e-05,0.3
260,353,-4101,27,5,198,-0.584,-2.576,-0.073031,-0.043215,0.002217,0.002463,1.7e-05,0.3
331,376,-4088,-3,-14,26,-0.664,-2.688,-0.074427,-0.045176,0.002217,0.002434,1.7e-05,0.3
200,298,-4002,29,26,-78,-0.693,-2.791,-0.074922,-0.046967,0.002217,0.002408,1.7e-05,0.3
257,257,-4145,72,-41,-62,-0.549,-2.82,-0.07241,-0.047472,0.002217,0.002385,1.7e-05,0.3
261,277,-4297,83,-6,47,-0.276,-2.882,-0.067656,-0.048548,0.002217,0.002359,1.7e-05,0.3
181,234,-4081,89,7,34,-0.06,-2.877,-0.063871,-0.048464,0.002217,0.002339,1.7e-05,0.3
305,230,-4124,131,23,16,0.26,-2.912,-0.058292,-0.049086,0.002217,0.002323,1.7e-05,0.3
285,215,-4042,124,-13,-6,0.597,-2.979,-0.052412,-0.05025,0.002217,0.002309,1.7e-05,0.3
217,259,-4128,92,5,2,0.854,-3.007,-0.047926,-0.050731,0.002217,0.002295,1.7e-05,0.3
226,187,-4043,23,-7,83,1.007,-2.989,-0.045262,-0.050414,0.002217,0.002286,1.7e-05,0.3
229,165,-4203,-26,-31,179,0.982,-2.932,-0.045689,-0.049423,0.002217,0.002289,1.7e-05,0.3
176,139,-3935,109,-7,206,1.094,-2.884,-0.043735,-0.048592,0.002217,0.002303,1.7e-05,0.3
200,161,-3941,139,2,200,1.314,-2.848,-0.039904,-0.047967,0.002217,0.002311,1.7e-05,0.3
252,142,-4304,83,-27,230,1.468,-2.824,-0.037206,-0.04755,0.002217,0.002319,1.7e-05,0.3
253,84,-4229,-14,-25,328,1.516,-2.796,-0.036372,-0.047057,0.002217,0.002337,1.7e-05,0.3
161,152,-4120,-46,-15,287,1.418,-2.751,-0.038089,-0.046272,0.002217,0.002362,1.7e-05,0.3
281,205,-4204,-16,-25,184,1.317,-2.761,-0.039848,-0.046435,0.002217,0.002371,1.7e-05,0.3
302,141,-4279,2,-67,134,1.239,-2.839,-0.041207,-0.047803,0.002217,0.002357,1.7e-05,0.3
200,92,-4120,9,0,82,1.262,-2.831,-0.040802,-0.047672,0.002217,0.002344,1.7e-05,0.3
192,50,-3973,-15,-4,127,1.308,-2.786,-0.039999,-0.046888,0.002217,0.002334,1.7e-05,0.3
117,81,-3837,-45,34,211,1.302,-2.814,-0.040101,-0.047371,0.002217,0.00234,1.7e-05,0.3
301,114,-4112,-52,8,162,1.196,-2.852,-0.041962,-0.048032,0.002217,0.002341,1.7e-05,0.3
284,98,-4286,13,6,129,1.187,-2.925,-0.042114,-0.049314,0.002217,0.002332,1.7e-05,0.3
207,113,-4254,28,9,73,1.286,-2.938,-0.040385,-0.049531,0.002217,0.002324,1.7e-05,0.3
336,76,-4189,-37,-11,33,1.34,-2.997,-0.039447,-0.050561,0.002217,0.002311,1.7e-05,0.3
215,108,-4082,-110,7,-31,1.147,-3.065,-0.042808,-0.051758,0.002217,0.002297,1.7e-05,0.3
255,98,-4082,-93,2,-95,0.997,-3.073,-0.045428,-0.051892,0.002217,0.002289,1.7e-05,0.3
291,157,-4141,-73,1,-168,0.826,-3.219,-0.048422,-0.054436,0.002217,0.002293,1.7e-05,0.3
217,64,-4104,8,2,-139,0.916,-3.246,-0.046842,-0.054903,0.002217,0.002296,1.7e-05,0.3
230,71,-4126,60,11,-75,1.184,-3.273,-0.042174,-0.055383,0.002217,0.00229,1.7e-05,0.3
234,125,-4136,-15,-3,-18,1.291,-3.292,-0.040302,-0.055719,0.002217,0.002282,1.7e-05,0.3
222,135,-4097,-86,0,36,1.144,-3.281,-0.042868,-0.055527,0.002217,0.002272,1.7e-05,0.3
258,116,-4103,-95,-3,69,0.99,-3.302,-0.04556,-0.055891,0.002217,0.002266,1.7e-05,0.3
265,154,-4270,-32,-17,71,0.92,-3.308,-0.046773,-0.055999,0.002217,0.002262,1.7e-05,0.3
278,201,-4327,-34,-24,40,0.854,-3.295,-0.047932,-0.055768,0.002217,0.002259,1.7e-05,0.3
249,189,-4021,-53,-7,-11,0.736,-3.317,-0.049995,-0.056147,0.002217,0.002254,1.7e-05,0.3
286,206,-4044,-34,15,-74,0.624,-3.376,-0.05194,-0.057183,0.002217,0.00225,1.7e-05,0.3
262,199,-4060,-67,6,-142,0.555,-3.445,-0.053143,-0.058381,0.002217,0.002253,1.7e-05,0.3
223,186,-4096,-77,30,-138,0.475,-3.517,-0.054541,-0.059637,0.002217,0.00226,1.7e-05,0.3
239,150,-4150,-121,14,-92,0.322,-3.538,-0.057208,-0.060011,0.002217,0.002259,1.7e-05,0.3
215,214,-4008,-167,-11,-85,0.032,-3.506,-0.062277,-0.059447,0.002217,0.002257,1.7e-05,0.3
200,244,-3994,-212,2,-50,-0.352,-3.475,-0.06898,-0.058909,0.002217,0.002255,1.7e-05,0.3
288,262,-4063,-147,-23,-39,-0.733,-3.457,-0.075624,-0.058586,0.002217,0.00225,1.7e-05,0.3
232,285,-4099,0,-7,-67,-0.886,-3.502,-0.078295,-0.059368,0.002217,0.002248,1.7e-05,0.3
262,332,-4256,-22,0,-80,-0.821,-3.509,-0.077161,-0.059501,0.002217,0.002246,1.7e-05,0.3
328,358,-4058,-75,-4,-149,-0.913,-3.577,-0.07876,-0.060688,0.002217,0.002249,1.7e-05,0.3
157,369,-4181,-202,43,-215,-1.293,-3.657,-0.085403,-0.06209,0.002217,0.002267,1.7e-05,0.3
358,277,-4217,-56,70,-274,-1.449,-3.765,-0.088115,-0.063962,0.002217,0.002293,1.7e-05,0.3
271,362,-4145,17,36,-264,-1.489,-3.94,-0.088826,-0.067013,0.002217,0.002318,1.7e-05,0.3
199,273,-4102,44,9,-168,-1.388,-3.923,-0.087064,-0.066732,0.002217,0.002321,1.7e-05,0.3
271,370,-4011,98,-5,-126,-1.111,-3.96,-0.08223,-0.067376,0.002217,0.002317,1.7e-05,0.3
194,420,-4261,30,11,-113,-1.048,-3.964,-0.081123,-0.067433,0.002217,0.002315,1.7e-05,0.3
219,396,-4282,-50,4,-74,-1.129,-3.907,-0.082531,-0.066444,0.002217,0.002305,1.7e-05,0.3
335,354,-3897,-107,-3,-51,-1.303,-3.89,-0.08557,-0.06615,0.002217,0.002295,1.7e-05,0.3
91,352,-3791,-28,11,25,-1.337,-3.83,-0.086171,-0.065103,0.002217,0.002283,1.7e-05,0.3
324,505,-4204,-46,-25,19,-1.554,-3.784,-0.089947,-0.064303,0.002217,0.002274,1.7e-05,0.3
243,404,-4238,30,49,0,-1.656,-3.831,-0.091728,-0.065119,0.002217,0.002267,1.7e-05,0.3
255,362,-4055,152,19,-27,-1.395,-3.745,-0.087176,-0.063609,0.002217,0.00226,1.7e-05,0.3
292,397,-3982,71,7,-72,-1.157,-3.803,-0.083017,-0.064623,0.002217,0.002255,1.7e-05,0.3
150,407,-4075,70,12,-6,-1.042,-3.812,-0.081022,-0.064783,0.002217,0.00225,1.7e-05,0.3
237,356,-4138,112,-4,86,-0.881,-3.728,-0.07821,-0.063315,0.002217,0.002247,1.7e-05,0.3
362,422,-4141,34,-12,63,-0.805,-3.767,-0.076875,-0.064007,0.002217,0.002246,1.7e-05,0.3
173,438,-4265,-65,17,51,-0.997,-3.73,-0.080231,-0.06335,0.002217,0.002243,1.7e-05,0.3
236,403,-3921,-34,-3,24,-1.216,-3.691,-0.084063,-0.062683,0.002217,0.00224,1.7e-05,0.3
366,404,-4034,74,0,-8,-1.221,-3.771,-0.084147,-0.064078,0.002217,0.002237,1.7e-05,0.3
213,438,-4152,102,4,-75,-1.042,-3.769,-0.081023,-0.064031,0.002217,0.002235,1.7e-05,0.3
273,446,-4149,75,7,-141,-0.926,-3.773,-0.079,-0.064103,0.002217,0.00224,1.7e-05,0.3
262,370,-4017,53,1,-97,-0.837,-3.835,-0.077446,-0.065194,0.002217,0.002243,1.7e-05,0.3
217,388,-4108,61,-3,-87,-0.763,-3.823,-0.076146,-0.064984,0.002217,0.002244,1.7e-05,0.3
228,299,-4024,122,-1,-10,-0.507,-3.762,-0.07168,-0.06392,0.002217,0.002241,1.7e-05,0.3
261,402,-4134,121,16,-44,-0.279,-3.791,-0.067706,-0.064426,0.002217,0.002237,1.7e-05,0.3
280,400,-3979,76,-69,-68,-0.215,-3.751,-0.066581,-0.063718,0.002217,0.002235,1.7e-05,0.3
234,406,-4252,-73,-25,-78,-0.371,-3.707,-0.069316,-0.062959,0.002217,0.002235,1.7e-05,0.3
183,373,-4206,-63,31,-88,-0.617,-3.702,-0.073607,-0.062868,0.002217,0.002236,1.7e-05,0.3
330,297,-4131,-42,-21,-80,-0.77,-3.697,-0.076277,-0.062776,0.002217,0.002237,1.7e-05,0.3
180,265,-3961,13,31,-48,-0.728,-3.738,-0.07553,-0.063494,0.002217,0.002237,1.7e-05,0.3
279,258,-3994,62,-31,24,-0.58,-3.652,-0.072962,-0.061994,0.002217,0.002236,1.7e-05,0.3
250,354,-4159,16,0,58,-0.484,-3.616,-0.071278,-0.061363,0.002217,0.002234,1.7e-05,0.3
119,313,-4098,19,32,35,-0.493,-3.54,-0.07143,-0.060042,0.002217,0.002232,1.7e-05,0.3
371,296,-4100,20,-7,38,-0.464,-3.545,-0.070938,-0.060134,0.002217,0.002231,1.7e-05,0.3
285,280,-4333,33,-42,33,-0.392,-3.625,-0.069673,-0.061526,0.002217,0.002231,1.7e-05,0.3
213,285,-4333,80,-2,16,-0.291,-3.553,-0.067907,-0.060274,0.002217,0.00223,1.7e-05,0.3
355,251,-4042,40,-5,-7,-0.198,-3.557,-0.066287,-0.060332,0.002217,0.002228,1.7e-05,0.3
181,222,-3863,80,-9,-7,-0.035,-3.612,-0.063448,-0.06129,0.002217,0.002227,1.7e-05,0.3
270,258,-4162,103,-3,0,0.194,-3.555,-0.059452,-0.060302,0.002217,0.002226,1.7e-05,0.3
248,216,-4128,84,-4,24,0.441,-3.573,-0.055136,-0.060617,0.002217,0.002224,1.7e-05,0.3
226,260,-4149,56,-1,11,0.587,-3.551,-0.052592,-0.060237,0.002217,0.002224,1.7e-05,0.3
330,237,-4140,20,-26,-46,0.64,-3.528,-0.051654,-0.059834,0.002217,0.002223,1.7e-05,0.3
227,223,-4059,27,22,-71,0.699,-3.565,-0.050635,-0.060479,0.002217,0.002224,1.7e-05,0.3
268,167,-4137,46,-13,-53,0.827,-3.547,-0.048395,-0.060168,0.002217,0.002226,1.7e-05,0.3
238,133,-4171,48,12,79,1.021,-3.563,-0.045011,-0.060448,0.002217,0.002226,1.7e-05,0.3
207,156,-4290,27,-32,198,1.099,-3.494,-0.043654,-0.059232,0.002217,0.002239,1.7e-05,0.3
280,163,-3972,25,-40,172,1.153,-3.41,-0.042707,-0.057777,0.002217,0.002256,1.7e-05,0.3
169,158,-3916,64,31,140,1.261,-3.417,-0.040818,-0.057896,0.002217,0.002265,1.7e-05,0.3
264,168,-4133,29,-10,132,1.369,-3.4,-0.038938,-0.057589,0.002217,0.002266,1.7e-05,0.3
331,165,-4262,8,-14,165,1.408,-3.388,-0.038265,-0.057389,0.002217,0.002273,1.7e-05,0.3
150,120,-4085,-25,-23,247,1.371,-3.273,-0.038908,-0.055384,0.002217,0.002291,1.7e-05,0.3
241,144,-4095,-62,-36,293,1.218,-3.184,-0.041573,-0.053827,0.002217,0.002321,1.7e-05,0.3
253,192,-4052,-57,-9,204,1.022,-3.187,-0.044986,-0.053873,0.002217,0.002338,1.7e-05,0.3
275,142,-3996,-20,-12,83,0.926,-3.167,-0.046666,-0.053522,0.002217,0.002332,1.7e-05,0.3
300,212,-4303,8,7,-8,0.91,-3.207,-0.046954,-0.054227,0.002217,0.002317,1.7e-05,0.3
299,154,-4342,-11,-26,-48,0.913,-3.268,-0.046902,-0.055291,0.002217,0.002304,1.7e-05,0.3
173,147,-3967,-39,21,-72,0.89,-3.29,-0.04729,-0.055682,0.002217,0.002293,1.7e-05,0.3
279,154,-3937,-32,-44,-36,0.789,-3.325,-0.049061,-0.056291,0.002217,0.002285,1.7e-05,0.3
186,93,-4029,-32,14,65,0.758,-3.293,-0.049597,-0.055723,0.002217,0.002275,1.7e-05,0.3
183,130,-4212,-40,-22,163,0.761,-3.193,-0.049547,-0.053976,0.002217,0.002275,1.7e-05,0.3
328,177,-4174,-29,-25,138,0.674,-3.177,-0.05107,-0.053704,0.002217,0.002281,1.7e-05,0.3
194,140,-4100,44,7,134,0.774,-3.187,-0.049327,-0.053875,0.002217,0.002283,1.7e-05,0.3
258,146,-4120,78,-30,151,0.977,-3.137,-0.045783,-0.053013,0.002217,0.002286,1.7e-05,0.3
254,159,-4078,92,8,106,1.199,-3.166,-0.041913,-0.053517,0.002217,0.002286,1.7e-05,0.3
225,164,-4132,16,-13,76,1.333,-3.168,-0.03957,-0.053546,0.002217,0.00228,1.7e-05,0.3
259,187,-4102,-58,6,47,1.233,-3.174,-0.04132,-0.053652,0.002217,0.002274,1.7e-05,0.3
266,210,-4175,-97,6,-30,1.021,-3.247,-0.045012,-0.054927,0.002217,0.002266,1.7e-05,0.3
269,175,-4112,-138,0,-92,0.711,-3.293,-0.05043,-0.055729,0.002217,0.002263,1.7e-05,0.3
252,159,-4083,-100,20,-154,0.513,-3.366,-0.053875,-0.057007,0.002217,0.002265,1.7e-05,0.3
228,148,-4105,-67,-5,-150,0.407,-3.413,-0.055721,-0.057825,0.002217,0.002274,1.7e-05,0.3
213,136,-4115,-52,14,-70,0.391,-3.417,-0.056005,-0.057894,0.002217,0.002273,1.7e-05,0.3
210,131,-4131,-33,-10,43,0.391,-3.393,-0.056014,-0.05747,0.002217,0.002265,1.7e-05,0.3
228,153,-4105,-9,-2,100,0.426,-3.341,-0.05539,-0.056574,0.002217,0.002262,1.7e-05,0.3
261,202,-4118,-15,-13,80,0.438,-3.323,-0.055188,-0.056254,0.002217,0.002261,1.7e-05,0.3
233,229,-4111,-49,13,15,0.359,-3.338,-0.056571,-0.056507,0.002217,0.002256,1.7e-05,0.3
259,230,-4031,-111,3,-38,0.186,-3.365,-0.059591,-0.056981,0.002217,0.002251,1.7e-05,0.3
231,202,-4142,-179,50,-14,-0.041,-3.424,-0.063541,-0.05801,0.002217,0.002248,1.7e-05,0.3
297,236,-4181,-183,-19,17,-0.456,-3.431,-0.070794,-0.058129,0.002217,0.002243,1.7e-05,0.3
211,272,-4102,-120,21,-43,-0.765,-3.466,-0.07618,-0.058746,0.002217,0.00224,1.7e-05,0.3
320,310,-4115,-98,-3,-102,-0.971,-3.502,-0.079779,-0.059378,0.002217,0.00224,1.7e-05,0.3
238,302,-4072,-120,20,-83,-1.143,-3.583,-0.082779,-0.060793,0.002217,0.002241,1.7e-05,0.3
268,329,-3917,-68,-39,-108,-1.365,-3.607,-0.086649,-0.061206,0.002217,0.002243,1.7e-05,0.3
330,414,-4073,-50,8,-205,-1.521,-3.675,-0.089378,-0.062394,0.002217,0.002253,1.7e-05,0.3
174,353,-4267,13,28,-293,-1.564,-3.819,-0.09013,-0.064915,0.002217,0.00228,1.7e-05,0.3
230,362,-4189,44,17,-332,-1.424,-3.97,-0.087681,-0.067544,0.002217,0.002309,1.7e-05,0.3
303,365,-4153,-57,-45,-234,-1.37,-4.152,-0.08675,-0.070722,0.002217,0.002332,1.7e-05,0.3
167,348,-3928,37,61,-142,-1.31,-4.183,-0.085698,-0.071265,0.002217,0.00233,1.7e-05,0.3
241,379,-4136,44,-21,-151,-1.265,-4.112,-0.084906,-0.07003,0.002217,0.002325,1.7e-05,0.3
341,403,-4155,10,-16,-227,-1.246,-4.25,-0.084576,-0.072432,0.002217,0.00233,1.7e-05,0.3
192,388,-4142,-80,22,-187,-1.339,-4.242,-0.086197,-0.072284,0.002217,0.002335,1.7e-05,0.3
214,390,-4068,-64,52,-135,-1.578,-4.206,-0.090375,-0.071671,0.002217,0.00233,1.7e-05,0.3
333,374,-4019,127,30,-163,-1.463,-4.321,-0.088374,-0.07367,0.002217,0.002334,1.7e-05,0.3
253,373,-4395,89,21,-124,-1.097,-4.289,-0.081975,-0.073111,0.002217,0.002329,1.7e-05,0.3
322,497,-4191,6,-23,-202,-1.046,-4.259,-0.081092,-0.072588,0.002217,0.002331,1.7e-05,0.3
244,466,-4136,-46,23,-257,-1.184,-4.354,-0.083496,-0.074247,0.002217,0.002343,1.7e-05,0.3
185,509,-4107,-49,26,-343,-1.356,-4.424,-0.086493,-0.07546,0.002217,0.002367,1.7e-05,0.3
327,468,-4003,-51,13,-348,-1.595,-4.542,-0.090664,-0.077528,0.002217,0.002401,1.7e-05,0.3
206,459,-4016,49,68,-422,-1.606,-4.68,-0.090868,-0.079943,0.002217,0.002439,1.7e-05,0.3
185,373,-4047,113,16,-379,-1.361,-4.747,-0.086585,-0.081099,0.002217,0.002476,1.7e-05,0.3
258,402,-4117,104,23,-329,-1.077,-4.795,-0.081635,-0.081944,0.002217,0.002496,1.7e-05,0.3
171,424,-4080,66,15,-341,-0.914,-4.825,-0.078785,-0.082472,0.002217,0.002513,1.7e-05,0.3
268,415,-4123,13,33,-357,-0.822,-4.873,-0.077177,-0.083299,0.002217,0.002534,1.7e-05,0.3
183,441,-4182,-79,49,-325,-0.945,-4.939,-0.079318,-0.084459,0.002217,0.002546,1.7e-05,0.3
210,422,-4170,-119,14,-270,-1.315,-4.903,-0.085782,-0.083821,0.002217,0.002545,1.7e-05,0.3
245,377,-4029,-37,32,-210,-1.463,-4.914,-0.088365,-0.084015,0.002217,0.002532,1.7e-05,0.3
135,279,-3952,103,24,-84,-1.267,-4.858,-0.08495,-0.083051,0.002217,0.002502,1.7e-05,0.3
166,389,-4140,46,-3,58,-1.063,-4.669,-0.081387,-0.079748,0.002217,0.002461,1.7e-05,0.3
282,421,-4169,-17,-8,118,-1.141,-4.542,-0.082752,-0.077528,0.002217,0.002435,1.7e-05,0.3
220,402,-4113,-24,-10,101,-1.3,-4.448,-0.085515,-0.075887,0.002217,0.002411,1.7e-05,0.3
253,436,-4090,-2,-18,76,-1.432,-4.305,-0.08782,-0.073385,0.002217,0.002388,1.7e-05,0.3
260,450,-4075,37,20,19,-1.455,-4.254,-0.088224,-0.072505,0.002217,0.002365,1.7e-05,0.3
258,462,-4058,43,-3,-57,-1.437,-4.222,-0.087909,-0.071937,0.002217,0.002346,1.7e-05,0.3
194,379,-4082,22,12,17,-1.439,-4.154,-0.087954,-0.070763,0.002217,0.002327,1.7e-05,0.3
256,436,-4126,29,-11,11,-1.454,-4.096,-0.088212,-0.069736,0.002217,0.002314,1.7e-05,0.3
228,393,-4042,132,3,62,-1.317,-3.995,-0.085825,-0.067979,0.002217,0.0023,1.7e-05,0.3
226,438,-4145,115,8,45,-1.057,-3.962,-0.081273,-0.067413,0.002217,0.002291,1.7e-05,0.3
269,429,-4106,3,-4,61,-1.005,-3.943,-0.08038,-0.067065,0.002217,0.002282,1.7e-05,0.3
200,403,-4110,-89,-20,142,-1.305,-3.86,-0.085607,-0.065625,0.002217,0.002279,1.7e-05,0.3
219,375,-4056,-12,-29,241,-1.456,-3.676,-0.088247,-0.062418,0.002217,0.002297,1.7e-05,0.3
284,384,-4076,126,-19,229,-1.353,-3.563,-0.086442,-0.060436,0.002217,0.002313,1.7e-05,0.3
199,410,-3994,133,-9,243,-1.07,-3.479,-0.08151,-0.05898,0.002217,0.002331,1.7e-05,0.3
314,405,-4107,37,-61,231,-0.965,-3.378,-0.079677,-0.057218,0.002217,0.002346,1.7e-05,0.3
282,454,-3995,-12,-20,177,-1.059,-3.343,-0.081322,-0.056592,0.002217,0.002348,1.7e-05,0.3
267,445,-4145,-4,-7,44,-1.199,-3.299,-0.08376,-0.055842,0.002217,0.002335,1.7e-05,0.3
346,396,-4106,29,-3,-28,-1.216,-3.332,-0.084051,-0.056418,0.002217,0.00232,1.7e-05,0.3
254,315,-4073,59,1,-83,-1.108,-3.378,-0.082178,-0.05722,0.002217,0.002309,1.7e-05,0.3
245,361,-4177,102,19,-62,-0.839,-3.411,-0.077478,-0.057787,0.002217,0.002299,1.7e-05,0.3
299,343,-4264,138,-25,-21,-0.562,-3.406,-0.072648,-0.057694,0.002217,0.00229,1.7e-05,0.3
147,295,-4090,94,0,8,-0.367,-3.398,-0.069231,-0.057554,0.002217,0.002281,1.7e-05,0.3
279,261,-4115,82,-14,70,-0.198,-3.369,-0.066293,-0.057056,0.002217,0.002273,1.7e-05,0.3
230,245,-4050,100,-3,87,-0.036,-3.41,-0.06346,-0.057763,0.002217,0.002269,1.7e-05,0.3
232,265,-4163,87,3,132,0.212,-3.299,-0.059132,-0.055837,0.002217,0.002268,1.7e-05,0.3
301,204,-4046,103,-34,150,0.568,-3.284,-0.052914,-0.055572,0.002217,0.002271,1.7e-05,0.3
126,226,-4171,86,-37,213,0.827,-3.153,-0.048398,-0.053289,0.002217,0.002281,1.7e-05,0.3
256,234,-3971,55,-21,207,0.949,-3.08,-0.046274,-0.052018,0.002217,0.0023,1.7e-05,0.3
247,215,-3793,86,34,174,1.062,-3.08,-0.044302,-0.052014,0.002217,0.002309,1.7e-05,0.3
181,199,-3895,79,-2,111,1.233,-3.006,-0.041306,-0.050712,0.002217,0.002305,1.7e-05,0.3
314,138,-3994,-18,0,142,1.312,-2.988,-0.039939,-0.050412,0.002217,0.002302,1.7e-05,0.3
114,144,-4161,-45,-15,237,1.222,-2.916,-0.041496,-0.049147,0.002217,0.002312,1.7e-05,0.3
253,107,-4210,-20,-3,213,1.167,-2.859,-0.042461,-0.048156,0.002217,0.002327,1.7e-05,0.3
387,208,-4168,-75,-8,99,1.008,-2.898,-0.045237,-0.048832,0.002217,0.002324,1.7e-05,0.3
122,159,-4186,-87,20,44,0.872,-2.887,-0.047609,-0.048635,0.002217,0.002311,1.7e-05,0.3
250,76,-4056,-25,-42,89,0.871,-2.94,-0.047632,-0.049563,0.002217,0.002301,1.7e-05,0.3
246,70,-3910,-5,-14,155,0.9,-3.049,-0.047129,-0.051474,0.002217,0.002298,1.7e-05,0.3
166,207,-4132,37,-19,104,0.93,-3.005,-0.046598,-0.050696,0.002217,0.002293,1.7e-05,0.3
326,115,-4297,0,-14,82,1.01,-3.021,-0.045212,-0.050982,0.002217,0.002286,1.7e-05,0.3
289,181,-4238,-75,-15,0,0.929,-3.087,-0.046623,-0.052138,0.002217,0.002278,1.7e-05,0.3
200,95,-4065,-88,0,-6,0.746,-3.017,-0.049808,-0.050906,0.002217,0.002269,1.7e-05,0.3
267,97,-4059,-30,1,13,0.698,-3.074,-0.050648,-0.051913,0.002217,0.002261,1.7e-05,0.3
220,155,-4082,29,14,-82,0.794,-3.125,-0.04897,-0.052796,0.002217,0.002256,1.7e-05,0.3
247,121,-4159,12,1,-80,0.94,-3.158,-0.046421,-0.053378,0.002217,0.002256,1.7e-05,0.3
258,130,-4136,-29,9,-87,1.002,-3.217,-0.045343,-0.054409,0.002217,0.002255,1.7e-05,0.3
202,90,-4097,-36,-5,-80,0.993,-3.223,-0.045497,-0.054503,0.002217,0.002253,1.7e-05,0.3
221,41,-4090,-25,7,-22,1.05,-3.213,-0.0445,-0.054336,0.002217,0.00225,1.7e-05,0.3
220,97,-4191,-59,4,43,1.092,-3.23,-0.043773,-0.054627,0.002217,0.002246,1.7e-05,0.3
219,105,-4189,-129,35,31,0.953,-3.218,-0.046196,-0.054421,0.002217,0.002243,1.7e-05,0.3
277,85,-4140,-93,-2,11,0.804,-3.259,-0.048798,-0.055135,0.002217,0.00224,1.7e-05,0.3
265,165,-4127,-129,-44,-36,0.631,-3.279,-0.051821,-0.055479,0.002217,0.002237,1.7e-05,0.3
231,164,-4108,-134,-10,-49,0.433,-3.278,-0.055274,-0.055462,0.002217,0.002235,1.7e-05,0.3
270,203,-4135,-217,-24,-20,0.103,-3.258,-0.061041,-0.055114,0.002217,0.002234,1.7e-05,0.3
132,249,-4184,-315,15,-46,-0.573,-3.294,-0.072838,-0.055738,0.002217,0.002231,1.7e-05,0.3
373,254,-4263,-180,-38,-108,-1.024,-3.312,-0.080696,-0.056057,0.002217,0.002231,1.7e-05,0.3
238,306,-4148,-111,-21,-129,-1.235,-3.41,-0.084384,-0.057778,0.002217,0.002236,1.7e-05,0.3
134,349,-4197,-119,-32,-178,-1.415,-3.453,-0.08752,-0.058514,0.002217,0.002243,1.7e-05,0.3
240,302,-4256,-29,-17,-156,-1.497,-3.523,-0.088951,-0.059739,0.002217,0.002256,1.7e-05,0.3
129,381,-4015,-64,59,-106,-1.52,-3.58,-0.089355,-0.06073,0.002217,0.00226,1.7e-05,0.3
290,440,-4148,-48,-11,-120,-1.642,-3.631,-0.091494,-0.061619,0.002217,0.002259,1.7e-05,0.3
319,390,-3857,3,24,-162,-1.634,-3.776,-0.091356,-0.064164,0.002217,0.002265,1.7e-05,0.3
185,417,-4348,1,1,-86,-1.657,-3.832,-0.091745,-0.06514,0.002217,0.002265,1.7e-05,0.3
278,370,-4167,74,-30,-60,-1.543,-3.816,-0.089756,-0.064852,0.002217,0.002262,1.7e-05,0.3
210,382,-3796,29,20,-65,-1.407,-3.818,-0.087387,-0.064889,0.002217,0.002257,1.7e-05,0.3
182,471,-3904,-38,-30,-95,-1.564,-3.809,-0.090132,-0.064738,0.002217,0.002255,1.7e-05,0.3
273,367,-4070,-4,85,15,-1.614,-3.872,-0.090998,-0.065827,0.002217,0.002251,1.7e-05,0.3
361,478,-4257,74,24,-51,-1.467,-3.896,-0.088429,-0.066245,0.002217,0.002246,1.7e-05,0.3
261,500,-4209,-3,10,0,-1.448,-3.859,-0.088106,-0.065609,0.002217,0.002243,1.7e-05,0.3
271,547,-4073,-20,17,-13,-1.735,-3.851,-0.093105,-0.065471,0.002217,0.00224,1.7e-05,0.3
206,403,-4049,123,1,-23,-1.672,-3.774,-0.092022,-0.064119,0.002217,0.002237,1.7e-05,0.3
331,489,-4162,175,6,-180,-1.337,-3.821,-0.086174,-0.064946,0.002217,0.002241,1.7e-05,0.3
242,476,-4087,120,34,-339,-1.139,-3.955,-0.082714,-0.067282,0.002217,0.002272,1.7e-05,0.3
216,348,-4027,112,12,-343,-0.855,-4.036,-0.077754,-0.068696,0.002217,0.002319,1.7e-05,0.3
206,365,-4078,72,42,-267,-0.629,-4.125,-0.073814,-0.070245,0.002217,0.00235,1.7e-05,0.3
116,302,-4155,24,-12,-42,-0.54,-4.056,-0.072264,-0.069041,0.002217,0.002349,1.7e-05,0.3
232,389,-4117,-25,1,35,-0.579,-3.944,-0.072946,-0.067083,0.002217,0.002331,1.7e-05,0.3
275,453,-4091,-54,-13,-36,-0.853,-3.939,-0.077713,-0.067002,0.002217,0.002316,1.7e-05,0.3
235,440,-4028,-25,25,-161,-1.077,-3.94,-0.081632,-0.067019,0.002217,0.00231,1.7e-05,0.3
254,445,-4068,-28,7,-261,-1.195,-4.023,-0.083695,-0.06847,0.002217,0.002325,1.7e-05,0.3
200,388,-4003,32,53,-285,-1.167,-4.088,-0.083197,-0.0696,0.002217,0.002348,1.7e-05,0.3
255,410,-4124,55,10,-261,-1.109,-4.164,-0.082196,-0.070931,0.002217,0.002372,1.7e-05,0.3
193,405,-3945,9,47,-208,-1.107,-4.233,-0.08216,-0.072132,0.002217,0.002378,1.7e-05,0.3
199,338,-3920,-18,27,-140,-1.124,-4.206,-0.082446,-0.071655,0.002217,0.00237,1.7e-05,0.3
245,397,-4136,40,-29,-69,-1.203,-4.166,-0.083831,-0.070971,0.002217,0.002358,1.7e-05,0.3
235,399,-4179,39,13,-113,-1.148,-4.149,-0.082862,-0.070673,0.002217,0.002344,1.7e-05,0.3
180,413,-4285,8,30,-120,-1.12,-4.118,-0.082372,-0.070134,0.002217,0.002334,1.7e-05,0.3
330,322,-3974,-5,2,-79,-1.182,-4.099,-0.083467,-0.0698,0.002217,0.002322,1.7e-05,0.3
187,358,-3993,43,45,-95,-1.177,-4.12,-0.083371,-0.070163,0.002217,0.002309,1.7e-05,0.3
244,372,-4025,70,16,-124,-1.064,-4.064,-0.081406,-0.069191,0.002217,0.002303,1.7e-05,0.3
326,369,-4083,58,9,-172,-0.953,-4.118,-0.07946,-0.07013,0.002217,0.002305,1.7e-05,0.3
95,319,-4078,29,58,-151,-0.858,-4.189,-0.077814,-0.071361,0.002217,0.002308,1.7e-05,0.3
313,325,-4152,-16,5,-83,-0.804,-4.134,-0.076866,-0.070415,0.002217,0.002303,1.7e-05,0.3
221,321,-4063,-38,-2,26,-0.878,-4.119,-0.078162,-0.070144,0.002217,0.002292,1.7e-05,0.3
193,350,-4148,-11,-8,24,-0.964,-3.983,-0.079662,-0.067779,0.002217,0.002281,1.7e-05,0.3
351,361,-4219,25,-11,0,-0.951,-3.931,-0.079426,-0.06686,0.002217,0.002273,1.7e-05,0.3
123,354,-4231,-11,30,-19,-0.969,-3.949,-0.079748,-0.067182,0.002217,0.002265,1.7e-05,0.3
338,343,-4108,-27,-14,-13,-1.035,-3.855,-0.080896,-0.065538,0.002217,0.002258,1.7e-05,0.3
263,315,-4036,-2,-3,6,-1.057,-3.869,-0.081286,-0.065785,0.002217,0.002252,1.7e-05,0.3
166,355,-4067,9,-11,9,-1.05,-3.788,-0.081157,-0.064363,0.002217,0.002248,1.7e-05,0.3
301,352,-4026,-17,8,-4,-1.106,-3.743,-0.082139,-0.063589,0.002217,0.002243,1.7e-05,0.3
211,343,-4103,-15,-2,-11,-1.157,-3.779,-0.083034,-0.064209,0.002217,0.00224,1.7e-05,0.3
193,350,-4085,-9,-4,-18,-1.183,-3.71,-0.083476,-0.063006,0.002217,0.002237,1.7e-05,0.3
308,347,-4071,-12,-7,-28,-1.204,-3.709,-0.083849,-0.062992,0.002217,0.002234,1.7e-05,0.3
176,340,-4045,-18,10,-14,-1.24,-3.683,-0.084469,-0.062536,0.002217,0.002232,1.7e-05,0.3
242,352,-4106,-23,-7,-18,-1.292,-3.631,-0.085381,-0.06162,0.002217,0.00223,1.7e-05,0.3
241,348,-4087,-15,9,-13,-1.338,-3.651,-0.086193,-0.061973,0.002217,0.002228,1.7e-05,0.3
218,367,-4123,-19,-8,-21,-1.378,-3.603,-0.086883,-0.061146,0.002217,0.002227,1.7e-05,0.3
248,367,-4098,-15,9,-31,-1.418,-3.612,-0.087575,-0.061295,0.002217,0.002226,1.7e-05,0.3
234,364,-4115,-9,-2,-41,-1.447,-3.612,-0.088083,-0.061295,0.002217,0.002225,1.7e-05,0.3
232,370,-4092,-3,10,-56,-1.455,-3.616,-0.088223,-0.06136,0.002217,0.002226,1.7e-05,0.3
242,375,-4106,-15,3,-50,-1.474,-3.627,-0.088552,-0.061557,0.002217,0.002226,1.7e-05,0.3
219,366,-4097,-30,6,-30,-1.521,-3.617,-0.089377,-0.061379,0.002217,0.002226,1.7e-05,0.3
233,372,-4104,-24,-2,-8,-1.596,-3.595,-0.09068,-0.061005,0.002217,0.002225,1.7e-05,0.3
231,372,-4092,0,-1,2,-1.616,-3.571,-0.091044,-0.060579,0.002217,0.002223,1.7e-05,0.3
235,372,-4092,30,-2,0,-1.58,-3.551,-0.090412,-0.06023,0.002217,0.002223,1.7e-05,0.3
230,378,-4095,46,-1,-9,-1.484,-3.537,-0.088736,-0.059994,0.002217,0.002222,1.7e-05,0.3
233,386,-4107,18,0,-30,-1.423,-3.527,-0.087664,-0.059818,0.002217,0.002221,1.7e-05,0.3
246,387,-4115,-34,11,-46,-1.468,-3.547,-0.088455,-0.060159,0.002217,0.002222,1.7e-05,0.3
231,374,-4129,-20,6,-69,-1.546,-3.57,-0.089823,-0.060557,0.002217,0.002223,1.7e-05,0.3
267,370,-4075,44,17,-123,-1.535,-3.606,-0.089616,-0.061194,0.002217,0.002227,1.7e-05,0.3
228,370,-4066,93,24,-176,-1.344,-3.688,-0.086294,-0.06263,0.002217,0.002238,1.7e-05,0.3
233,379,-4105,49,22,-159,-1.16,-3.744,-0.083081,-0.063603,0.002217,0.002251,1.7e-05,0.3
212,357,-4105,-10,16,-106,-1.123,-3.765,-0.082433,-0.063964,0.002217,0.002255,1.7e-05,0.3
236,357,-4079,-12,15,-84,-1.166,-3.772,-0.083184,-0.064091,0.002217,0.002254,1.7e-05,0.3
237,347,-4090,9,6,-56,-1.149,-3.784,-0.082891,-0.064307,0.002217,0.002252,1.7e-05,0.3
231,351,-4103,-2,-1,-23,-1.133,-3.766,-0.082603,-0.063991,0.002217,0.002249,1.7e-05,0.3
239,371,-4106,-1,-2,-27,-1.159,-3.734,-0.083053,-0.063418,0.002217,0.002244,1.7e-05,0.3
245,371,-4092,7,6,-56,-1.175,-3.727,-0.083341,-0.063305,0.002217,0.002241,1.7e-05,0.3
232,358,-4102,13,9,-60,-1.159,-3.734,-0.083057,-0.06343,0.002217,0.00224,1.7e-05,0.3
237,353,-4102,21,5,-54,-1.129,-3.718,-0.082535,-0.063154,0.002217,0.002238,1.7e-05,0.3
245,318,-4083,87,3,-34,-0.966,-3.71,-0.079687,-0.063005,0.002217,0.002236,1.7e-05,0.3
227,365,-4131,18,-2,-26,-0.826,-3.696,-0.077253,-0.062767,0.002217,0.002234,1.7e-05,0.3
238,349,-4122,-58,-9,4,-0.942,-3.661,-0.079266,-0.062143,0.002217,0.002232,1.7e-05,0.3
220,320,-4097,-60,-4,45,-1.09,-3.623,-0.081854,-0.061486,0.002217,0.00223,1.7e-05,0.3
226,343,-4099,-50,-8,50,-1.243,-3.57,-0.084525,-0.060562,0.002217,0.002229,1.7e-05,0.3
245,333,-4088,7,-11,75,-1.286,-3.51,-0.085278,-0.059508,0.002217,0.00223,1.7e-05,0.3
240,378,-4106,25,-7,44,-1.226,-3.473,-0.084224,-0.058865,0.002217,0.00223,1.7e-05,0.3
242,378,-4112,-9,-6,3,-1.242,-3.453,-0.084506,-0.058528,0.002217,0.002229,1.7e-05,0.3
255,375,-4105,-35,6,-40,-1.331,-3.47,-0.08606,-0.058811,0.002217,0.002227,1.7e-05,0.3
245,368,-4105,-25,10,-82,-1.414,-3.502,-0.087505,-0.059369,0.002217,0.002228,1.7e-05,0.3
253,362,-4090,8,12,-130,-1.415,-3.552,-0.087522,-0.060252,0.002217,0.002234,1.7e-05,0.3
242,374,-4108,-6,15,-139,-1.387,-3.622,-0.087037,-0.061473,0.002217,0.002242,1.7e-05,0.3
244,386,-4106,-5,17,-183,-1.412,-3.681,-0.087477,-0.062492,0.002217,0.002253,1.7e-05,0.3
249,369,-4093,10,27,-227,-1.389,-3.761,-0.087081,-0.063904,0.002217,0.002269,1.7e-05,0.3
252,378,-4077,36,39,-287,-1.294,-3.897,-0.085419,-0.066271,0.002217,0.002297,1.7e-05,0.3
240,380,-4092,36,36,-318,-1.171,-4.019,-0.083262,-0.068405,0.002217,0.00233,1.7e-05,0.3
212,348,-4121,-19,31,-241,-1.13,-4.116,-0.08255,-0.070085,0.002217,0.002352,1.7e-05,0.3
209,342,-4143,-90,1,-98,-1.236,-4.101,-0.084401,-0.069836,0.002217,0.002349,1.7e-05,0.3
238,370,-4125,-117,0,-36,-1.493,-4.049,-0.088889,-0.068915,0.002217,0.002332,1.7e-05,0.3
248,385,-4077,-67,-1,-49,-1.739,-4.009,-0.09319,-0.068217,0.002217,0.002316,1.7e-05,0.3
255,384,-4070,-3,14,-75,-1.797,-4.011,-0.094193,-0.068252,0.002217,0.002306,1.7e-05,0.3
226,364,-4087,38,-2,-28,-1.719,-3.994,-0.092827,-0.06796,0.002217,0.002295,1.7e-05,0.3
260,393,-4078,88,10,-75,-1.54,-3.969,-0.089719,-0.067528,0.002217,0.002286,1.7e-05,0.3
230,350,-4118,63,12,-65,-1.339,-3.995,-0.086209,-0.067975,0.002217,0.002279,1.7e-05,0.3
225,403,-4066,45,26,-81,-1.232,-4.005,-0.08434,-0.068164,0.002217,0.002273,1.7e-05,0.3
334,400,-4128,7,-39,-143,-1.17,-4.07,-0.083254,-0.06929,0.002217,0.002274,1.7e-05,0.3
216,340,-4049,0,58,-109,-1.082,-4.122,-0.081708,-0.07019,0.002217,0.002276,1.7e-05,0.3
162,355,-3942,-10,25,-31,-1.042,-4.04,-0.081018,-0.068767,0.002217,0.002272,1.7e-05,0.3
390,435,-4128,-79,-3,-82,-1.222,-4.119,-0.084167,-0.070139,0.002217,0.002266,1.7e-05,0.3
169,332,-4241,-17,-14,24,-1.381,-4.114,-0.086939,-0.070058,0.002217,0.002259,1.7e-05,0.3
261,374,-4082,33,1,17,-1.32,-3.99,-0.085875,-0.067893,0.002217,0.002254,1.7e-05,0.3
333,361,-3970,63,8,-66,-1.279,-4.052,-0.085162,-0.068968,0.002217,0.002251,1.7e-05,0.3
211,378,-4158,52,2,-62,-1.136,-4.016,-0.082665,-0.068349,0.002217,0.002248,1.7e-05,0.3
289,366,-4151,2,-32,-17,-1.143,-3.975,-0.082775,-0.067639,0.002217,0.002245,1.7e-05,0.3
238,358,-4080,-4,-8,59,-1.158,-3.933,-0.083042,-0.066902,0.002217,0.002243,1.7e-05,0.3
311,436,-4083,-12,-29,-72,-1.243,-3.918,-0.084521,-0.066637,0.002217,0.00224,1.7e-05,0.3
290,456,-4167,-56,19,-190,-1.447,-4.005,-0.088082,-0.068148,0.002217,0.00225,1.7e-05,0.3
231,358,-4023,7,7,-219,-1.535,-4.064,-0.089631,-0.069186,0.002217,0.002267,1.7e-05,0.3
271,353,-4000,122,29,-218,-1.345,-4.131,-0.08631,-0.070362,0.002217,0.002286,1.7e-05,0.3
265,414,-4273,84,-35,-156,-1.077,-4.155,-0.081625,-0.070775,0.002217,0.002293,1.7e-05,0.3
98,351,-3969,33,24,-104,-0.985,-4.119,-0.080031,-0.070148,0.002217,0.00229,1.7e-05,0.3
386,357,-4191,25,-69,-112,-0.916,-4.102,-0.078817,-0.069845,0.002217,0.002285,1.7e-05,0.3
243,372,-3994,-18,-7,-74,-0.912,-4.187,-0.07875,-0.07133,0.002217,0.00228,1.7e-05,0.3
154,379,-4037,-64,17,-90,-1.049,-4.115,-0.081139,-0.070075,0.002217,0.002276,1.7e-05,0.3
358,395,-4065,-82,8,-150,-1.245,-4.133,-0.08456,-0.070393,0.002217,0.002277,1.7e-05,0.3
222,309,-4098,27,10,-202,-1.264,-4.244,-0.084891,-0.072333,0.002217,0.00229,1.7e-05,0.3
207,345,-4175,84,25,-180,-1.037,-4.242,-0.080926,-0.072296,0.002217,0.0023,1.7e-05,0.3
250,252,-4053,119,-6,-77,-0.757,-4.236,-0.076045,-0.072182,0.002217,0.002302,1.7e-05,0.3
181,395,-4054,15,0,-5,-0.581,-4.18,-0.072974,-0.071215,0.002217,0.00229,1.7e-05,0.3
284,457,-4138,-123,4,-90,-0.834,-4.08,-0.077396,-0.069461,0.002217,0.002281,1.7e-05,0.3
284,432,-4141,-164,37,-188,-1.27,-4.16,-0.085004,-0.070864,0.002217,0.002285,1.7e-05,0.3
283,400,-4063,-52,35,-319,-1.567,-4.288,-0.09018,-0.073098,0.002217,0.002308,1.7e-05,0.3
246,376,-4032,52,32,-301,-1.527,-4.397,-0.089484,-0.074997,0.002217,0.002339,1.7e-05,0.3
244,406,-4094,56,27,-253,-1.331,-4.48,-0.086063,-0.076452,0.002217,0.002361,1.7e-05,0.3
233,375,-4111,92,24,-237,-1.126,-4.498,-0.082485,-0.076761,0.002217,0.002372,1.7e-05,0.3
224,383,-4099,68,14,-195,-0.963,-4.502,-0.079643,-0.076833,0.002217,0.002373,1.7e-05,0.3
235,374,-4097,35,17,-151,-0.846,-4.488,-0.077603,-0.07659,0.002217,0.002368,1.7e-05,0.3
226,439,-4110,-61,15,-133,-0.971,-4.465,-0.079773,-0.076183,0.002217,0.002358,1.7e-05,0.3
219,421,-4120,-139,9,-74,-1.329,-4.406,-0.086033,-0.075162,0.002217,0.002345,1.7e-05,0.3
260,412,-4084,-89,-3,-74,-1.679,-4.368,-0.092134,-0.074483,0.002217,0.00233,1.7e-05,0.3
268,373,-4038,52,15,-124,-1.685,-4.345,-0.092248,-0.074085,0.002217,0.00232,1.7e-05,0.3
242,401,-4023,151,26,-189,-1.444,-4.379,-0.088036,-0.074683,0.002217,0.002318,1.7e-05,0.3
247,411,-4179,107,28,-179,-1.08,-4.436,-0.081682,-0.07568,0.002217,0.002326,1.7e-05,0.3
171,353,-4141,29,-2,52,-0.981,-4.375,-0.079957,-0.074612,0.002217,0.002315,1.7e-05,0.3
198,401,-4118,-60,-24,174,-1.09,-4.149,-0.081848,-0.070661,0.002217,0.002316,1.7e-05,0.3
285,450,-4068,-69,-18,91,-1.426,-4.041,-0.087726,-0.068781,0.002217,0.002312,1.7e-05,0.3
286,442,-4058,0,15,-55,-1.575,-4.058,-0.090329,-0.06908,0.002217,0.002299,1.7e-05,0.3
269,424,-4076,43,20,-142,-1.562,-4.109,-0.090096,-0.06997,0.002217,0.002295,1.7e-05,0.3
289,420,-4098,87,28,-252,-1.398,-4.202,-0.087229,-0.071593,0.002217,0.002308,1.7e-05,0.3
305,398,-4089,117,22,-313,-1.155,-4.315,-0.082988,-0.07357,0.002217,0.002336,1.7e-05,0.3
249,402,-4080,103,34,-383,-0.839,-4.427,-0.077478,-0.07552,0.002217,0.002376,1.7e-05,0.3
248,414,-4186,13,41,-467,-0.756,-4.551,-0.076031,-0.077692,0.002217,0.002427,1.7e-05,0.3
271,339,-4136,25,27,-471,-0.705,-4.678,-0.075142,-0.079903,0.002217,0.002476,1.7e-05,0.3
246,330,-4243,0,6,-347,-0.601,-4.712,-0.073313,-0.080501,0.002217,0.002507,1.7e-05,0.3
147,339,-4079,2,35,-222,-0.563,-4.67,-0.072664,-0.07976,0.002217,0.002503,1.7e-05,0.3
314,343,-4114,-106,-27,-87,-0.724,-4.582,-0.075462,-0.078226,0.002217,0.002476,1.7e-05,0.3
128,384,-3965,-79,51,0,-0.986,-4.483,-0.080046,-0.076493,0.002217,0.002443,1.7e-05,0.3
250,419,-4059,-48,0,21,-1.26,-4.295,-0.084819,-0.073212,0.002217,0.002408,1.7e-05,0.3
288,396,-3929,-5,7,-2,-1.37,-4.29,-0.086747,-0.07313,0.002217,0.002381,1.7e-05,0.3
168,426,-3970,27,1,-43,-1.395,-4.213,-0.087174,-0.071793,0.002217,0.00236,1.7e-05,0.3
307,440,-4094,17,-11,-33,-1.421,-4.146,-0.087624,-0.070609,0.002217,0.002339,1.7e-05,0.3
203,449,-4114,-30,-2,-29,-1.529,-4.158,-0.089526,-0.070819,0.002217,0.002324,1.7e-05,0.3
243,431,-4243,-2,-7,-16,-1.647,-4.065,-0.091581,-0.069208,0.002217,0.002307,1.7e-05,0.3
265,433,-4181,29,32,-42,-1.674,-4.088,-0.092041,-0.069602,0.002217,0.002296,1.7e-05,0.3
235,427,-4095,55,-20,0,-1.555,-4.005,-0.089963,-0.06816,0.002217,0.002284,1.7e-05,0.3
229,445,-4142,20,17,-22,-1.559,-3.946,-0.090042,-0.06713,0.002217,0.002275,1.7e-05,0.3
250,410,-4167,20,-1,-17,-1.563,-3.937,-0.090111,-0.066963,0.002217,0.002267,1.7e-05,0.3
267,391,-4015,66,-31,7,-1.463,-3.853,-0.088373,-0.065509,0.002217,0.00226,1.7e-05,0.3
181,389,-4097,62,6,11,-1.38,-3.825,-0.086911,-0.065009,0.002217,0.002255,1.7e-05,0.3
263,403,-4076,64,-18,17,-1.237,-3.744,-0.084425,-0.063594,0.002217,0.00225,1.7e-05,0.3
242,376,-4076,74,18,28,-1.124,-3.733,-0.082455,-0.063401,0.002217,0.002245,1.7e-05,0.3
255,376,-4195,72,-8,10,-0.963,-3.71,-0.079638,-0.062998,0.002217,0.002242,1.7e-05,0.3
275,366,-4154,55,-4,-21,-0.83,-3.693,-0.07731,-0.062707,0.002217,0.002238,1.7e-05,0.3
218,335,-4095,72,-15,-33,-0.696,-3.669,-0.074972,-0.062289,0.002217,0.002236,1.7e-05,0.3
264,351,-4099,53,15,-91,-0.572,-3.681,-0.072819,-0.0625,0.002217,0.002236,1.7e-05,0.3
226,282,-4031,45,-2,-48,-0.425,-3.694,-0.070254,-0.062719,0.002217,0.002235,1.7e-05,0.3
204,257,-4050,63,17,0,-0.288,-3.689,-0.067862,-0.062648,0.002217,0.002233,1.7e-05,0.3
271,255,-4071,47,-19,20,-0.158,-3.649,-0.065592,-0.061937,0.002217,0.002231,1.7e-05,0.3
166,248,-4197,50,-5,48,-0.055,-3.584,-0.063791,-0.060808,0.002217,0.00223,1.7e-05,0.3
297,273,-4185,35,-14,29,0.015,-3.559,-0.062573,-0.060371,0.002217,0.002229,1.7e-05,0.3
195,246,-4064,58,29,19,0.112,-3.562,-0.060878,-0.060422,0.002217,0.002228,1.7e-05,0.3
298,258,-4181,76,-4,-23,0.272,-3.575,-0.058083,-0.060645,0.002217,0.002226,1.7e-05,0.3
249,228,-4127,49,6,-5,0.463,-3.599,-0.054746,-0.061072,0.002217,0.002225,1.7e-05,0.3
204,258,-4137,12,-6,-15,0.507,-3.544,-0.053987,-0.060101,0.002217,0.002224,1.7e-05,0.3
286,260,-4114,-8,2,-58,0.48,-3.559,-0.054452,-0.060365,0.002217,0.002224,1.7e-05,0.3
226,212,-4096,28,3,-64,0.507,-3.583,-0.053988,-0.060798,0.002217,0.002225,1.7e-05,0.3
233,210,-4097,45,0,-63,0.614,-3.561,-0.052113,-0.060414,0.002217,0.002226,1.7e-05,0.3
246,219,-4115,38,0,-63,0.696,-3.594,-0.050691,-0.060982,0.002217,0.002227,1.7e-05,0.3
228,213,-4117,26,2,-44,0.771,-3.576,-0.049378,-0.06067,0.002217,0.002227,1.7e-05,0.3
235,190,-4119,17,0,-9,0.823,-3.565,-0.048462,-0.060479,0.002217,0.002226,1.7e-05,0.3
230,207,-4119,-5,-8,11,0.823,-3.536,-0.048468,-0.059969,0.002217,0.002225,1.7e-05,0.3
273,211,-4077,12,-3,19,0.804,-3.516,-0.048804,-0.059616,0.002217,0.002224,1.7e-05,0.3
216,162,-4174,51,-13,20,0.913,-3.461,-0.046903,-0.058667,0.002217,0.002223,1.7e-05,0.3
233,156,-4096,54,1,42,1.045,-3.447,-0.044586,-0.058423,0.002217,0.002223,1.7e-05,0.3
245,166,-4116,23,0,59,1.142,-3.445,-0.042906,-0.058373,0.002217,0.002224,1.7e-05,0.3
269,172,-4126,19,-5,25,1.171,-3.456,-0.042393,-0.05857,0.002217,0.002224,1.7e-05,0.3
248,176,-4124,32,0,-26,1.235,-3.468,-0.041281,-0.058789,0.002217,0.002223,1.7e-05,0.3
239,160,-4135,22,-3,-46,1.32,-3.477,-0.039787,-0.058936,0.002217,0.002223,1.7e-05,0.3
241,140,-4123,3,-1,-25,1.366,-3.47,-0.038996,-0.058815,0.002217,0.002223,1.7e-05,0.3
226,139,-4122,1,-1,-6,1.392,-3.466,-0.038544,-0.05875,0.002217,0.002222,1.7e-05,0.3
236,139,-4105,2,-2,15,1.417,-3.443,-0.038106,-0.058348,0.002217,0.002222,1.7e-05,0.3
241,151,-4119,-2,-5,21,1.43,-3.437,-0.037873,-0.05825,0.002217,0.002221,1.7e-05,0.3
229,147,-4124,-13,-2,15,1.415,-3.428,-0.038142,-0.058092,0.002217,0.002221,1.7e-05,0.3
224,156,-4138,-66,-2,69,1.291,-3.402,-0.040292,-0.057626,0.002217,0.002222,1.7e-05,0.3
253,158,-4107,-83,-11,102,1.096,-3.376,-0.043701,-0.05717,0.002217,0.002226,1.7e-05,0.3
242,196,-4090,-63,-3,70,0.904,-3.358,-0.047061,-0.056862,0.002217,0.002229,1.7e-05,0.3
273,211,-4096,-36,-3,-11,0.796,-3.37,-0.048947,-0.057079,0.002217,0.002228,1.7e-05,0.3
242,199,-4103,-26,2,-51,0.727,-3.41,-0.050149,-0.057775,0.002217,0.002227,1.7e-05,0.3
233,193,-4118,-29,-3,-44,0.68,-3.409,-0.050968,-0.057748,0.002217,0.002227,1.7e-05,0.3
252,213,-4103,-32,0,-44,0.62,-3.412,-0.052017,-0.057813,0.002217,0.002227,1.7e-05,0.3
257,225,-4103,3,0,-105,0.595,-3.445,-0.052448,-0.058389,0.002217,0.002229,1.7e-05,0.3
229,221,-4119,-7,6,-105,0.614,-3.482,-0.052123,-0.059023,0.002217,0.002235,1.7e-05,0.3
227,213,-4126,-55,1,-73,0.564,-3.484,-0.052981,-0.059056,0.002217,0.002236,1.7e-05,0.3
239,219,-4131,-87,-12,23,0.371,-3.465,-0.056355,-0.058739,0.002217,0.002234,1.7e-05,0.3
239,221,-4094,-100,-8,50,0.161,-3.43,-0.060022,-0.058112,0.002217,0.002233,1.7e-05,0.3
234,279,-4102,-110,-2,20,-0.11,-3.414,-0.064747,-0.057835,0.002217,0.002231,1.7e-05,0.3
262,296,-4091,-135,-2,-21,-0.414,-3.422,-0.070056,-0.057975,0.002217,0.002229,1.7e-05,0.3
233,269,-4090,-95,-5,-1,-0.704,-3.426,-0.075121,-0.058053,0.002217,0.002228,1.7e-05,0.3
222,261,-4082,-61,-9,40,-0.808,-3.381,-0.076928,-0.057263,0.002217,0.002227,1.7e-05,0.3
241,342,-4100,-83,-3,-2,-0.994,-3.374,-0.080189,-0.057145,0.002217,0.002226,1.7e-05,0.3
264,372,-4110,-83,6,-106,-1.231,-3.401,-0.084318,-0.057614,0.002217,0.002226,1.7e-05,0.3
247,359,-4094,-5,30,-198,-1.371,-3.539,-0.086761,-0.060022,0.002217,0.00224,1.7e-05,0.3
273,337,-4104,10,-7,-204,-1.298,-3.654,-0.085482,-0.06203,0.002217,0.00226,1.7e-05,0.3
184,343,-4109,-42,56,-97,-1.299,-3.718,-0.085508,-0.063153,0.002217,0.002268,1.7e-05,0.3
257,338,-4105,-117,-18,42,-1.476,-3.662,-0.0886,-0.062177,0.002217,0.002262,1.7e-05,0.3
231,417,-4175,-71,-45,33,-1.673,-3.66,-0.092031,-0.062136,0.002217,0.002257,1.7e-05,0.3
232,400,-4008,-23,-8,14,-1.751,-3.598,-0.093385,-0.061051,0.002217,0.002252,1.7e-05,0.3
269,444,-4032,46,11,-107,-1.779,-3.646,-0.09388,-0.061886,0.002217,0.002249,1.7e-05,0.3
305,387,-4113,111,-7,-188,-1.527,-3.73,-0.089475,-0.063363,0.002217,0.002259,1.7e-05,0.3
195,441,-4127,87,64,-329,-1.347,-3.864,-0.086333,-0.0657,0.002217,0.002285,1.7e-05,0.3
295,418,-3981,31,36,-440,-1.28,-4.026,-0.085171,-0.068527,0.002217,0.002331,1.7e-05,0.3
213,378,-4022,21,77,-480,-1.163,-4.285,-0.083136,-0.073044,0.002217,0.002393,1.7e-05,0.3
220,407,-4163,-22,41,-413,-1.116,-4.474,-0.082316,-0.076342,0.002217,0.002451,1.7e-05,0.3
215,312,-4188,-15,32,-257,-1.082,-4.556,-0.081724,-0.077778,0.002217,0.00247,1.7e-05,0.3
284,380,-4117,-33,22,-219,-1.1,-4.583,-0.082037,-0.078243,0.002217,0.002463,1.7e-05,0.3
201,415,-4078,-66,31,-225,-1.292,-4.595,-0.085384,-0.078444,0.002217,0.002455,1.7e-05,0.3
282,395,-4062,-7,23,-263,-1.386,-4.651,-0.087026,-0.079422,0.002217,0.002457,1.7e-05,0.3
261,422,-4065,32,45,-301,-1.32,-4.746,-0.085865,-0.081092,0.002217,0.002466,1.7e-05,0.3
209,401,-4101,-25,28,-249,-1.328,-4.783,-0.086014,-0.081741,0.002217,0.002472,1.7e-05,0.3
269,414,-4106,-63,24,-190,-1.446,-4.788,-0.08807,-0.081824,0.002217,0.002461,1.7e-05,0.3
231,414,-4102,-46,23,-191,-1.582,-4.815,-0.090449,-0.08229,0.002217,0.002448,1.7e-05,0.3
282,431,-4109,-13,18,-231,-1.657,-4.787,-0.091749,-0.081798,0.002217,0.00244,1.7e-05,0.3
261,429,-4061,50,54,-311,-1.589,-4.898,-0.090572,-0.083747,0.002217,0.002449,1.7e-05,0.3
242,448,-4084,46,47,-374,-1.458,-5.021,-0.088273,-0.085888,0.002217,0.002475,1.7e-05,0.3
285,442,-4068,23,54,-416,-1.398,-5.166,-0.087223,-0.088417,0.002217,0.00251,1.7e-05,0.3
244,425,-4078,25,50,-434,-1.34,-5.296,-0.086216,-0.090681,0.002217,0.002543,1.7e-05,0.3
228,411,-4122,-3,51,-412,-1.258,-5.434,-0.084781,-0.093098,0.002217,0.002582,1.7e-05,0.3
238,399,-4089,-56,48,-367,-1.327,-5.513,-0.085993,-0.094481,0.002217,0.002601,1.7e-05,0.3
262,419,-4085,-62,37,-339,-1.46,-5.547,-0.088318,-0.095071,0.002217,0.002606,1.7e-05,0.3
271,460,-4062,-15,66,-413,-1.532,-5.641,-0.089578,-0.096711,0.002217,0.00262,1.7e-05,0.3
261,465,-4120,0,70,-487,-1.496,-5.826,-0.088934,-0.099933,0.002217,0.002656,1.7e-05,0.3
234,468,-4101,-71,67,-463,-1.577,-5.983,-0.090352,-0.102673,0.002217,0.002691,1.7e-05,0.3
248,456,-3999,-74,58,-431,-1.79,-6.088,-0.094071,-0.104516,0.002217,0.002713,1.7e-05,0.3
279,450,-4138,-25,83,-462,-1.848,-6.226,-0.095083,-0.106916,0.002217,0.002735,1.7e-05,0.3
326,469,-4014,57,81,-535,-1.711,-6.46,-0.0927,-0.111002,0.002217,0.002769,1.7e-05,0.3
221,492,-4115,15,79,-578,-1.59,-6.645,-0.09058,-0.114232,0.002217,0.002816,1.7e-05,0.3
197,479,-4198,-39,57,-509,-1.62,-6.752,-0.091101,-0.116104,0.002217,0.00285,1.7e-05,0.3
244,491,-4121,-46,33,-529,-1.724,-6.823,-0.092919,-0.117347,0.002217,0.002873,1.7e-05,0.3
255,458,-4099,-4,59,-538,-1.748,-7.033,-0.093344,-0.121011,0.002217,0.002908,1.7e-05,0.3
195,445,-4059,2,62,-512,-1.679,-7.076,-0.092137,-0.121748,0.002217,0.002923,1.7e-05,0.3
236,457,-3997,-23,91,-465,-1.681,-7.147,-0.092163,-0.122994,0.002217,0.002928,1.7e-05,0.3
266,491,-4071,-75,50,-462,-1.779,-7.243,-0.093876,-0.124666,0.002217,0.002932,1.7e-05,0.3
178,471,-4087,-69,71,-381,-1.948,-7.231,-0.096825,-0.124462,0.002217,0.002924,1.7e-05,0.3
214,351,-3973,37,61,-240,-1.848,-7.145,-0.09509,-0.122962,0.002217,0.00289,1.7e-05,0.3
271,478,-4157,22,43,-238,-1.599,-6.991,-0.090738,-0.120274,0.002217,0.002824,1.7e-05,0.3
249,645,-4071,-46,13,-296,-1.75,-6.912,-0.093372,-0.118891,0.002217,0.002796,1.7e-05,0.3
203,598,-4340,-59,50,-302,-1.977,-6.843,-0.097341,-0.117691,0.002217,0.002762,1.7e-05,0.3
233,468,-3856,-58,22,-257,-2.194,-6.719,-0.101124,-0.115516,0.002217,0.00273,1.7e-05,0.3
275,487,-3972,101,75,-186,-2.138,-6.616,-0.10014,-0.113717,0.002217,0.002691,1.7e-05,0.3
125,548,-4129,37,34,-153,-2.103,-6.352,-0.099545,-0.109117,0.002217,0.002636,1.7e-05,0.3
253,555,-3893,34,91,-132,-2.155,-6.259,-0.100441,-0.107491,0.002217,0.002593,1.7e-05,0.3
362,734,-4281,24,2,-213,-2.353,-6.285,-0.103898,-0.107944,0.002217,0.002547,1.7e-05,0.3
350,582,-4309,105,-94,-277,-2.301,-6.181,-0.102992,-0.106141,0.002217,0.002538,1.7e-05,0.3
75,534,-3689,148,107,-307,-2.049,-6.21,-0.0986,-0.10664,0.002217,0.002552,1.7e-05,0.3
196,528,-4011,131,75,-252,-1.758,-6.104,-0.093507,-0.104792,0.002217,0.00254,1.7e-05,0.3
283,568,-4203,53,-2,-270,-1.699,-6.184,-0.092482,-0.106187,0.002217,0.002534,1.7e-05,0.3
152,610,-4178,32,52,-165,-1.677,-6.073,-0.092103,-0.104255,0.002217,0.00251,1.7e-05,0.3
263,565,-3993,39,36,-136,-1.764,-5.976,-0.093628,-0.102552,0.002217,0.002488,1.7e-05,0.3
301,591,-4125,70,29,-107,-1.772,-5.946,-0.093762,-0.10203,0.002217,0.002451,1.7e-05,0.3
206,531,-4029,189,-4,-97,-1.635,-5.829,-0.091372,-0.099993,0.002217,0.002426,1.7e-05,0.3
258,586,-4066,134,48,-53,-1.401,-5.692,-0.087285,-0.097596,0.002217,0.002398,1.7e-05,0.3
286,515,-4038,167,-6,-39,-1.263,-5.603,-0.084868,-0.09604,0.002217,0.002373,1.7e-05,0.3
231,547,-4097,130,18,-34,-1.08,-5.471,-0.081675,-0.093742,0.002217,0.002352,1.7e-05,0.3
232,444,-4084,182,27,69,-0.863,-5.334,-0.077895,-0.091358,0.002217,0.002333,1.7e-05,0.3
279,535,-4097,123,2,99,-0.683,-5.209,-0.074759,-0.089168,0.002217,0.002321,1.7e-05,0.3
285,521,-4108,103,-23,82,-0.721,-5.081,-0.075417,-0.086932,0.002217,0.00231,1.7e-05,0.3
263,506,-4047,123,-26,28,-0.654,-4.943,-0.074243,-0.084532,0.002217,0.002299,1.7e-05,0.3
292,534,-4179,88,-8,-24,-0.683,-4.855,-0.074752,-0.082993,0.002217,0.002289,1.7e-05,0.3
284,464,-4252,85,-4,11,-0.687,-4.744,-0.074823,-0.081045,0.002217,0.002278,1.7e-05,0.3
42,339,-3767,186,60,89,-0.504,-4.606,-0.071626,-0.078643,0.002217,0.002271,1.7e-05,0.3
168,405,-3883,161,14,118,-0.252,-4.348,-0.067227,-0.074142,0.002217,0.002272,1.7e-05,0.3
362,395,-4107,171,-34,112,-0.089,-4.323,-0.064386,-0.073712,0.002217,0.002271,1.7e-05,0.3
211,421,-4003,137,15,71,0.07,-4.385,-0.061611,-0.074792,0.002217,0.002268,1.7e-05,0.3
249,427,-3956,76,29,-1,0.145,-4.317,-0.0603,-0.073602,0.002217,0.002261,1.7e-05,0.3
258,338,-3847,116,23,-49,0.232,-4.309,-0.058789,-0.073467,0.002217,0.002255,1.7e-05,0.3
119,277,-4070,121,41,-43,0.499,-4.225,-0.054123,-0.071988,0.002217,0.002253,1.7e-05,0.3
280,216,-4275,100,26,-25,0.771,-4.169,-0.049383,-0.071016,0.002217,0.002249,1.7e-05,0.3
369,186,-3867,138,-43,47,1.154,-4.204,-0.042686,-0.071636,0.002217,0.002245,1.7e-05,0.3
261,132,-4027,149,-47,173,1.526,-4.14,-0.0362,-0.070516,0.002217,0.002251,1.7e-05,0.3
65,110,-4154,109,-32,328,1.769,-3.919,-0.031965,-0.066662,0.002217,0.00228,1.7e-05,0.3
226,135,-4018,-58,63,360,1.768,-3.952,-0.031976,-0.067227,0.002217,0.002327,1.7e-05,0.3
430,190,-4145,-84,-81,293,1.479,-3.918,-0.037021,-0.066641,0.002217,0.002359,1.7e-05,0.3
226,107,-4129,-92,-35,226,1.271,-3.79,-0.040641,-0.064409,0.002217,0.002374,1.7e-05,0.3
149,135,-3973,-32,24,231,1.109,-3.598,-0.043477,-0.06105,0.002217,0.002378,1.7e-05,0.3
304,81,-3813,45,48,233,1.198,-3.644,-0.041918,-0.06186,0.002217,0.002384,1.7e-05,0.3
227,95,-4250,33,55,185,1.357,-3.664,-0.039154,-0.06221,0.002217,0.002387,1.7e-05,0.3
311,151,-4079,-82,-17,118,1.24,-3.625,-0.041198,-0.06153,0.002217,0.002382,1.7e-05,0.3
273,114,-4153,5,-21,39,1.13,-3.74,-0.043114,-0.063523,0.002217,0.002361,1.7e-05,0.3
189,-52,-4038,-25,-34,148,1.261,-3.572,-0.040823,-0.0606,0.002217,0.002349,1.7e-05,0.3
226,111,-4005,-70,44,288,1.225,-3.528,-0.041457,-0.059823,0.002217,0.002357,1.7e-05,0.3
337,105,-4069,-83,-27,234,1.151,-3.494,-0.042744,-0.059239,0.002217,0.002372,1.7e-05,0.3
208,31,-4148,-39,-38,276,1.104,-3.374,-0.043555,-0.057141,0.002217,0.002381,1.7e-05,0.3
197,95,-3946,-67,36,228,1.047,-3.328,-0.044565,-0.056341,0.002217,0.00239,1.7e-05,0.3
279,53,-4048,-39,-7,170,1.056,-3.325,-0.044407,-0.05629,0.002217,0.002387,1.7e-05,0.3
344,113,-4175,-72,-19,120,0.983,-3.369,-0.045684,-0.057051,0.002217,0.002373,1.7e-05,0.3
239,143,-4180,-179,3,65,0.758,-3.379,-0.049595,-0.057232,0.002217,0.002357,1.7e-05,0.3
247,79,-4160,-190,-35,88,0.407,-3.312,-0.055731,-0.056058,0.002217,0.002342,1.7e-05,0.3
277,60,-4040,-73,-13,156,0.25,-3.292,-0.058469,-0.055705,0.002217,0.002334,1.7e-05,0.3
227,90,-4044,-1,-27,201,0.343,-3.222,-0.05685,-0.054491,0.002217,0.002338,1.7e-05,0.3
219,90,-4124,19,-20,225,0.471,-3.14,-0.054611,-0.053061,0.002217,0.002344,1.7e-05,0.3
263,67,-4193,-5,-26,251,0.639,-3.098,-0.051682,-0.052327,0.002217,0.002354,1.7e-05,0.3
233,86,-4098,-31,-43,269,0.686,-3.064,-0.050855,-0.051734,0.002217,0.002372,1.7e-05,0.3
273,171,-4194,-92,-6,186,0.6,-3.079,-0.052365,-0.051997,0.002217,0.002384,1.7e-05,0.3
357,150,-4304,-64,-67,63,0.474,-3.141,-0.054559,-0.053082,0.002217,0.002374,1.7e-05,0.3
183,136,-4083,-90,23,-19,0.349,-3.18,-0.056747,-0.053756,0.002217,0.00235,1.7e-05,0.3
284,167,-4197,-84,12,-57,0.294,-3.206,-0.057698,-0.054206,0.002217,0.002332,1.7e-05,0.3
344,216,-4234,-120,15,-84,0.127,-3.333,-0.060612,-0.056427,0.002217,0.002318,1.7e-05,0.3
193,151,-3998,-222,0,-57,-0.156,-3.351,-0.06555,-0.056736,0.002217,0.002305,1.7e-05,0.3
229,175,-3841,-177,-1,-15,-0.469,-3.345,-0.071016,-0.056637,0.002217,0.002294,1.7e-05,0.3
330,240,-4068,-165,-30,-35,-0.812,-3.403,-0.077011,-0.05764,0.002217,0.002283,1.7e-05,0.3
203,277,-4091,-74,-44,-32,-1.006,-3.394,-0.080385,-0.057499,0.002217,0.002275,1.7e-05,0.3
207,283,-4330,-45,-14,33,-1.054,-3.34,-0.081226,-0.056549,0.002217,0.002267,1.7e-05,0.3
306,291,-3908,-47,14,62,-1.113,-3.315,-0.08226,-0.056111,0.002217,0.002262,1.7e-05,0.3
204,427,-4060,-95,29,-32,-1.386,-3.355,-0.087025,-0.056812,0.002217,0.002256,1.7e-05,0.3
270,386,-4158,-103,30,-161,-1.658,-3.449,-0.091772,-0.058454,0.002217,0.002258,1.7e-05,0.3
297,334,-4097,44,43,-245,-1.769,-3.684,-0.0937,-0.062547,0.002217,0.002277,1.7e-05,0.3
168,319,-4073,73,-14,-120,-1.49,-3.761,-0.088836,-0.063894,0.002217,0.002287,1.7e-05,0.3
231,364,-4051,79,64,-15,-1.289,-3.774,-0.085332,-0.06412,0.002217,0.002279,1.7e-05,0.3
395,383,-4087,59,2,0,-1.154,-3.774,-0.08298,-0.064129,0.002217,0.002272,1.7e-05,0.3
241,395,-4041,42,-12,-23,-1.039,-3.821,-0.080966,-0.064936,0.002217,0.002264,1.7e-05,0.3
184,368,-4072,7,-5,-51,-1.023,-3.82,-0.080688,-0.064928,0.002217,0.002259,1.7e-05,0.3
357,403,-4104,-6,-19,-4,-1.11,-3.914,-0.08221,-0.066568,0.002217,0.002255,1.7e-05,0.3
225,314,-4076,-11,-21,63,-1.135,-3.878,-0.082634,-0.065945,0.002217,0.002251,1.7e-05,0.3
230,278,-3840,42,-25,135,-1.045,-3.714,-0.081069,-0.063071,0.002217,0.002256,1.7e-05,0.3
289,480,-4166,28,2,-23,-1.03,-3.716,-0.080813,-0.063115,0.002217,0.002254,1.7e-05,0.3
310,439,-4191,-17,-5,-129,-1.095,-3.798,-0.081948,-0.064536,0.002217,0.002254,1.7e-05,0.3
281,387,-4096,-42,2,-112,-1.214,-3.854,-0.08402,-0.06552,0.002217,0.002258,1.7e-05,0.3
204,381,-4056,-41,-3,-51,-1.354,-3.873,-0.086471,-0.065848,0.002217,0.002256,1.7e-05,0.3
276,345,-4057,73,-6,-40,-1.291,-3.831,-0.085371,-0.06512,0.002217,0.002252,1.7e-05,0.3
289,437,-4102,87,8,-77,-1.118,-3.876,-0.082338,-0.065898,0.002217,0.002249,1.7e-05,0.3
258,451,-4112,88,17,-209,-1.019,-3.917,-0.080617,-0.066611,0.002217,0.002256,1.7e-05,0.3
298,466,-4118,41,35,-328,-0.991,-4.047,-0.080132,-0.068886,0.002217,0.002285,1.7e-05,0.3
285,425,-4099,-15,36,-371,-1.005,-4.203,-0.08038,-0.071608,0.002217,0.002331,1.7e-05,0.3
200,373,-4082,-14,38,-316,-1.06,-4.315,-0.081328,-0.073565,0.002217,0.00237,1.7e-05,0.3
276,377,-4120,-2,25,-252,-1.029,-4.403,-0.080785,-0.075093,0.002217,0.002388,1.7e-05,0.3
293,384,-4209,-2,16,-215,-1.053,-4.517,-0.081218,-0.07709,0.002217,0.002395,1.7e-05,0.3
261,383,-4062,25,-11,-173,-1.029,-4.515,-0.080791,-0.077064,0.002217,0.00239,1.7e-05,0.3
303,393,-4165,60,-10,-206,-0.914,-4.52,-0.078779,-0.077151,0.002217,0.002385,1.7e-05,0.3
258,378,-4193,55,8,-155,-0.746,-4.553,-0.075856,-0.077724,0.002217,0.00238,1.7e-05,0.3
299,340,-4259,30,-27,-127,-0.633,-4.491,-0.07388,-0.076636,0.002217,0.002369,1.7e-05,0.3
212,322,-4282,13,16,-64,-0.612,-4.453,-0.073512,-0.07597,0.002217,0.002351,1.7e-05,0.3
228,286,-3965,30,-3,21,-0.58,-4.4,-0.072953,-0.075049,0.002217,0.002333,1.7e-05,0.3
271,304,-3921,45,1,42,-0.532,-4.339,-0.072119,-0.07398,0.002217,0.002317,1.7e-05,0.3
269,344,-4010,55,-9,30,-0.505,-4.263,-0.071642,-0.072652,0.002217,0.002304,1.7e-05,0.3
273,345,-4280,97,-10,19,-0.372,-4.259,-0.069331,-0.072588,0.002217,0.002291,1.7e-05,0.3
315,299,-4151,109,-14,6,-0.203,-4.266,-0.066374,-0.072715,0.002217,0.002281,1.7e-05,0.3
210,301,-4108,149,-18,8,0.041,-4.223,-0.062114,-0.071953,0.002217,0.002272,1.7e-05,0.3
276,245,-3994,144,3,0,0.359,-4.139,-0.05657,-0.070485,0.002217,0.002264,1.7e-05,0.3
235,251,-3996,130,9,28,0.669,-4.123,-0.05115,-0.070213,0.002217,0.002258,1.7e-05,0.3
245,247,-4107,96,-8,56,0.874,-4.072,-0.047577,-0.069321,0.002217,0.002254,1.7e-05,0.3
280,256,-4139,41,-3,79,0.96,-4.005,-0.046076,-0.068154,0.002217,0.002252,1.7e-05,0.3
251,223,-4164,-24,-16,45,0.886,-3.999,-0.04737,-0.068048,0.002217,0.002247,1.7e-05,0.3
116,107,-3918,7,16,134,0.875,-3.947,-0.047553,-0.067137,0.002217,0.002248,1.7e-05,0.3
320,211,-4227,43,11,164,0.96,-3.844,-0.046073,-0.065351,0.002217,0.002257,1.7e-05,0.3
343,252,-4191,17,-47,89,0.982,-3.845,-0.045691,-0.065363,0.002217,0.002261,1.7e-05,0.3
115,157,-3898,-9,45,-15,0.937,-3.825,-0.046483,-0.065018,0.002217,0.002256,1.7e-05,0.3
387,220,-4242,-10,6,-105,0.937,-3.776,-0.046473,-0.064163,0.002217,0.002252,1.7e-05,0.3
423,196,-4044,-20,-17,-94,0.84,-3.899,-0.048168,-0.066314,0.002217,0.002255,1.7e-05,0.3
155,112,-4208,-6,-34,-2,0.843,-3.857,-0.048112,-0.065564,0.002217,0.002252,1.7e-05,0.3
169,59,-4152,36,-13,157,0.988,-3.694,-0.045587,-0.062734,0.002217,0.002253,1.7e-05,0.3
300,82,-4186,-5,-45,330,1.128,-3.622,-0.043147,-0.06147,0.002217,0.002278,1.7e-05,0.3
129,125,-4079,-54,-7,416,1.066,-3.53,-0.044233,-0.05987,0.002217,0.002335,1.7e-05,0.3
346,161,-4174,-38,-34,365,0.929,-3.45,-0.046618,-0.058469,0.002217,0.002377,1.7e-05,0.3
290,144,-4100,-5,-13,291,0.854,-3.446,-0.047932,-0.058403,0.002217,0.002405,1.7e-05,0.3
220,144,-4124,23,-18,229,0.88,-3.364,-0.047476,-0.056969,0.002217,0.002413,1.7e-05,0.3
312,138,-4104,0,-11,215,0.939,-3.356,-0.046435,-0.05683,0.002217,0.002411,1.7e-05,0.3
259,148,-4109,-4,-19,202,0.945,-3.339,-0.046341,-0.05653,0.002217,0.002411,1.7e-05,0.3
242,150,-4146,-19,-16,224,0.947,-3.275,-0.0463,-0.055423,0.002217,0.00241,1.7e-05,0.3
272,142,-4103,-19,2,226,0.923,-3.277,-0.046718,-0.055448,0.002217,0.002411,1.7e-05,0.3
275,162,-4070,6,-14,168,0.937,-3.258,-0.046486,-0.055123,0.002217,0.002408,1.7e-05,0.3
271,143,-4033,16,10,127,1.016,-3.311,-0.045103,-0.056043,0.002217,0.002395,1.7e-05,0.3
251,153,-4088,-5,-19,129,1.048,-3.299,-0.044532,-0.055835,0.002217,0.002378,1.7e-05,0.3
249,153,-4129,-15,8,149,1.035,-3.308,-0.044766,-0.055998,0.002217,0.002368,1.7e-05,0.3
297,166,-4165,-47,-21,144,0.971,-3.314,-0.045891,-0.056088,0.002217,0.00236,1.7e-05,0.3
287,166,-4039,-19,-18,81,0.876,-3.323,-0.047537,-0.056259,0.002217,0.002346,1.7e-05,0.3
238,164,-4047,-22,6,100,0.882,-3.316,-0.047437,-0.056123,0.002217,0.002332,1.7e-05,0.3
279,168,-4150,-27,-17,89,0.841,-3.309,-0.048149,-0.056,0.002217,0.002322,1.7e-05,0.3
269,159,-4137,-9,-3,64,0.848,-3.33,-0.048036,-0.056377,0.002217,0.002311,1.7e-05,0.3
249,166,-4192,-10,-3,66,0.852,-3.335,-0.047968,-0.05646,0.002217,0.002299,1.7e-05,0.3
259,160,-4076,-36,-7,93,0.81,-3.347,-0.048697,-0.056663,0.002217,0.002292,1.7e-05,0.3
266,151,-4056,-26,-11,113,0.774,-3.346,-0.049317,-0.056657,0.002217,0.002288,1.7e-05,0.3
240,166,-4093,-58,-5,152,0.716,-3.324,-0.050341,-0.056277,0.002217,0.002288,1.7e-05,0.3
243,187,-4116,-64,-17,199,0.525,-3.258,-0.053668,-0.055119,0.002217,0.002298,1.7e-05,0.3
248,186,-3991,-31,-13,180,0.453,-3.244,-0.05492,-0.054867,0.002217,0.002307,1.7e-05,0.3
231,216,-4065,4,-3,133,0.434,-3.229,-0.055264,-0.054604,0.002217,0.002307,1.7e-05,0.3
299,211,-4134,39,-4,66,0.478,-3.254,-0.054488,-0.055052,0.002217,0.002301,1.7e-05,0.3
287,246,-4117,21,-3,13,0.565,-3.326,-0.052976,-0.056304,0.002217,0.00229,1.7e-05,0.3
229,191,-4113,-7,-2,5,0.547,-3.347,-0.053282,-0.056666,0.002217,0.00228,1.7e-05,0.3
277,177,-4099,-15,-16,13,0.588,-3.339,-0.052571,-0.056539,0.002217,0.002271,1.7e-05,0.3
246,166,-4147,11,-1,30,0.669,-3.372,-0.051149,-0.057102,0.002217,0.002263,1.7e-05,0.3
284,186,-4163,1,-19,34,0.708,-3.371,-0.050472,-0.057097,0.002217,0.002257,1.7e-05,0.3
228,186,-4119,-17,-4,69,0.691,-3.365,-0.050765,-0.056982,0.002217,0.002254,1.7e-05,0.3
245,189,-4116,-6,-9,79,0.661,-3.341,-0.051302,-0.056562,0.002217,0.002252,1.7e-05,0.3
282,203,-4085,57,-1,45,0.764,-3.33,-0.049504,-0.05637,0.002217,0.00225,1.7e-05,0.3
273,213,-4108,73,-2,-22,0.916,-3.378,-0.046841,-0.05721,0.002217,0.002246,1.7e-05,0.3
261,191,-4111,41,-2,-52,1.033,-3.407,-0.044808,-0.05772,0.002217,0.002243,1.7e-05,0.3
241,158,-4121,10,-6,-36,1.101,-3.429,-0.04362,-0.058103,0.002217,0.00224,1.7e-05,0.3
230,148,-4120,6,-8,6,1.133,-3.412,-0.043058,-0.057797,0.002217,0.002238,1.7e-05,0.3
225,102,-4104,12,-6,100,1.211,-3.376,-0.041696,-0.05717,0.002217,0.002238,1.7e-05,0.3
231,136,-4113,-15,-15,154,1.221,-3.331,-0.041521,-0.056395,0.002217,0.002245,1.7e-05,0.3
240,146,-4125,-52,-13,188,1.14,-3.294,-0.042933,-0.055744,0.002217,0.002257,1.7e-05,0.3
241,158,-4113,-70,-15,183,0.969,-3.249,-0.045914,-0.054961,0.002217,0.002271,1.7e-05,0.3
252,165,-4124,-101,-13,204,0.765,-3.212,-0.049485,-0.054319,0.002217,0.002283,1.7e-05,0.3
285,192,-4126,-86,-5,146,0.556,-3.21,-0.053119,-0.054276,0.002217,0.002288,1.7e-05,0.3
251,174,-4112,-42,-11,88,0.42,-3.207,-0.055504,-0.054223,0.002217,0.002286,1.7e-05,0.3
285,191,-4087,9,-3,-7,0.411,-3.239,-0.055655,-0.054778,0.002217,0.002278,1.7e-05,0.3
262,182,-4099,26,1,-49,0.531,-3.304,-0.053569,-0.055921,0.002217,0.00227,1.7e-05,0.3
239,195,-4131,-14,-1,-36,0.584,-3.319,-0.052632,-0.056182,0.002217,0.002264,1.7e-05,0.3
246,178,-4123,-45,0,-4,0.535,-3.33,-0.05349,-0.056377,0.002217,0.002257,1.7e-05,0.3
229,171,-4098,-27,-1,0,0.5,-3.335,-0.054108,-0.056453,0.002217,0.002252,1.7e-05,0.3
268,204,-4114,-24,-2,-11,0.496,-3.357,-0.054177,-0.056845,0.002217,0.002247,1.7e-05,0.3
247,218,-4110,-69,2,-13,0.393,-3.387,-0.055975,-0.05737,0.002217,0.002243,1.7e-05,0.3
253,212,-4160,-87,-3,-5,0.206,-3.394,-0.05923,-0.057495,0.002217,0.002239,1.7e-05,0.3
241,223,-4112,-97,0,11,0.004,-3.403,-0.062761,-0.057645,0.002217,0.002236,1.7e-05,0.3
257,254,-4118,-124,-4,2,-0.244,-3.406,-0.067085,-0.057704,0.002217,0.002233,1.7e-05,0.3
268,268,-4113,-119,-1,-18,-0.544,-3.426,-0.072324,-0.058048,0.002217,0.002231,1.7e-05,0.3
278,276,-4105,-84,-8,-75,-0.718,-3.435,-0.075368,-0.058209,0.002217,0.00223,1.7e-05,0.3
164,298,-4068,-97,34,-51,-0.928,-3.467,-0.079035,-0.05877,0.002217,0.00223,1.7e-05,0.3
331,314,-4143,-102,-8,-78,-1.168,-3.546,-0.083226,-0.060137,0.002217,0.002231,1.7e-05,0.3
217,278,-4086,-56,-2,-71,-1.283,-3.606,-0.085218,-0.061188,0.002217,0.002233,1.7e-05,0.3
208,254,-4146,30,24,-9,-1.166,-3.567,-0.083188,-0.060504,0.002217,0.00223,1.7e-05,0.3
297,313,-4053,7,-3,27,-1.102,-3.614,-0.08206,-0.061326,0.002217,0.002229,1.7e-05,0.3
129,240,-3939,18,17,97,-1.014,-3.632,-0.080537,-0.061653,0.002217,0.002232,1.7e-05,0.3
325,452,-4197,-64,-19,61,-1.164,-3.629,-0.083149,-0.061594,0.002217,0.002233,1.7e-05,0.3
292,412,-4115,-162,25,-11,-1.585,-3.707,-0.090493,-0.062954,0.002217,0.002231,1.7e-05,0.3
217,349,-4038,-45,11,-34,-1.815,-3.703,-0.094506,-0.062886,0.002217,0.002229,1.7e-05,0.3
297,357,-3791,95,17,-50,-1.77,-3.687,-0.093732,-0.062603,0.002217,0.002229,1.7e-05,0.3
265,372,-4154,161,-36,-112,-1.388,-3.764,-0.087049,-0.06395,0.002217,0.002233,1.7e-05,0.3
257,376,-4204,183,-2,-63,-0.994,-3.773,-0.080188,-0.064106,0.002217,0.002233,1.7e-05,0.3
296,360,-4124,109,0,-46,-0.674,-3.81,-0.074595,-0.064752,0.002217,0.002233,1.7e-05,0.3
235,457,-4136,-102,54,-125,-0.784,-3.84,-0.076522,-0.065272,0.002217,0.002237,1.7e-05,0.3
253,351,-4064,-116,29,-144,-1.109,-3.847,-0.082179,-0.065399,0.002217,0.002246,1.7e-05,0.3
325,354,-4105,-50,17,-184,-1.278,-3.922,-0.085136,-0.066698,0.002217,0.002258,1.7e-05,0.3
240,372,-4086,30,29,-243,-1.289,-4.035,-0.085324,-0.068679,0.002217,0.002277,1.7e-05,0.3
270,364,-4086,90,20,-268,-1.127,-4.067,-0.082508,-0.069239,0.002217,0.002297,1.7e-05,0.3
271,350,-4075,76,34,-300,-0.86,-4.219,-0.077836,-0.071897,0.002217,0.002329,1.7e-05,0.3
194,323,-4117,-2,18,-207,-0.76,-4.27,-0.07609,-0.072776,0.002217,0.002345,1.7e-05,0.3
200,334,-4107,-58,7,-91,-0.829,-4.227,-0.077304,-0.072021,0.002217,0.002338,1.7e-05,0.3
260,339,-4135,-76,-30,56,-1.052,-4.142,-0.081201,-0.07055,0.002217,0.00232,1.7e-05,0.3
199,353,-4066,-85,1,103,-1.341,-4.032,-0.086234,-0.068623,0.002217,0.002309,1.7e-05,0.3
244,416,-4129,20,-4,124,-1.377,-3.911,-0.086862,-0.066523,0.002217,0.002304,1.7e-05,0.3
326,437,-3991,77,-63,112,-1.262,-3.818,-0.084856,-0.064885,0.002217,0.002296,1.7e-05,0.3
199,444,-4121,157,-110,384,-1.091,-3.631,-0.081865,-0.061626,0.002217,0.002319,1.7e-05,0.3
8,360,-3928,140,-54,456,-0.848,-3.257,-0.077637,-0.055104,0.002217,0.002376,1.7e-05,0.3
374,418,-4062,204,42,265,-0.446,-3.402,-0.070624,-0.057634,0.002217,0.002402,1.7e-05,0.3
368,412,-4335,246,13,36,-0.105,-3.597,-0.06466,-0.061037,0.002217,0.002387,1.7e-05,0.3
177,290,-3936,210,-3,-78,0.399,-3.508,-0.055867,-0.059475,0.002217,0.002363,1.7e-05,0.3
350,206,-4064,109,10,31,0.805,-3.596,-0.048788,-0.061023,0.002217,0.002344,1.7e-05,0.3
244,118,-4347,16,-31,228,1.01,-3.515,-0.045197,-0.059605,0.002217,0.002339,1.7e-05,0.3
78,39,-4429,-18,27,188,1.036,-3.306,-0.044755,-0.055953,0.002217,0.002345,1.7e-05,0.3
638,77,-4286,-178,37,-11,0.842,-3.515,-0.048142,-0.059601,0.002217,0.002333,1.7e-05,0.3
141,11,-4091,-330,-44,0,0.414,-3.578,-0.055603,-0.060701,0.002217,0.002318,1.7e-05,0.3
89,160,-3987,-405,35,74,-0.453,-3.277,-0.070746,-0.055457,0.002217,0.002304,1.7e-05,0.3
411,400,-4009,-80,76,153,-1.312,-3.483,-0.085729,-0.059052,0.002217,0.002301,1.7e-05,0.3
200,320,-4246,60,16,167,-1.044,-3.379,-0.081052,-0.057224,0.002217,0.0023,1.7e-05,0.3
